img_id,hsv_mean_h,hsv_mean_s,hsv_mean_v,hsv_std_h,hsv_std_s,hsv_std_v,sp_hsv_std_h,sp_hsv_std_s,sp_hsv_std_v,rel_hsv_diff_h,rel_hsv_diff_s,rel_hsv_diff_v,symmetry,border,diameter,processing_status,error_message
PAT_1516_1765_530.png,0.5968127045336761,0.7217105462283143,0.5622224566134242,0.006292024332341812,0.07453033634388569,0.049363749400124286,0.006275389277669048,0.08192732622901942,0.049157019465723914,0.009938153615975567,0.18858429382982178,0.08368806698880604,0.738506036996911,0.7769824067007008,0.859504132231405,success,
PAT_46_881_939.png,0.7441467884130661,0.14389423030042467,0.699153741166566,0.05432022277996895,0.03504463785784587,0.03450043881202196,0.05020549062680097,0.032392556958638685,0.03263570555359792,0.060344752002124365,0.02576111588505034,0.013930436305857552,0.734335796442402,0.5791518460394469,0.9602739726027397,success,
PAT_1545_1867_547.png,0.7053894712891807,0.16925677468877467,0.9195233253987373,0.035140696086725376,0.018431174071983154,0.06916359882131815,0.03467279625814224,0.01903399593294269,0.06828706071904299,0.008901720193773993,0.01612559426271376,0.025333853784175075,0.680112040578572,0.6251634324426469,1.0,success,
PAT_1989_4061_934.png,0.646455017402229,0.21499030535128205,0.6087482927624708,0.027248235439209977,0.06470233892818349,0.02972775123347092,0.026081288747987433,0.06380693995965475,0.030373753320538377,0.034894583400616436,0.020770318600901033,0.0006742536972703661,0.6909980365115314,0.7793220040033234,0.9790940766550522,success,
PAT_684_1302_588.png,0.6699128358449986,0.3968903856166184,0.5271579303685346,0.01513823097833382,0.05892451161591495,0.036768209253351,0.015137262306350412,0.0594027412721115,0.03345677362698108,0.02712807530440655,0.050079508526435335,0.010655257994801826,0.8812807115563794,0.832369890317704,1.0,success,
PAT_1549_1882_230.png,0.5670219233565068,0.17200667693748478,0.46247555699262477,0.049824589387289606,0.0643683373919046,0.06937015334409354,0.04102029722705685,0.057510326147664055,0.06576364539017332,0.029978023982920217,0.0028623681534757917,0.07554560815213351,0.9060159509323997,0.8571223543161426,1.0,success,
PAT_778_1471_835.png,0.6065384865668235,0.42058105585602834,0.8255396544297133,0.007944680044067965,0.047343981507340975,0.04694022059073068,0.006948889977237474,0.04154051086093425,0.03578364371152076,0.009581774598958266,0.0761586426960078,0.0443582672857894,0.8407485218576722,0.8420324196666232,1.0,success,
PAT_705_4015_413.png,0.7039475404136586,0.13890822981191678,0.6499379607849087,0.05324689265218642,0.04082123379042863,0.0403435140989036,0.04580534587001896,0.03749753436032395,0.0351892035337232,0.033216336700942706,0.005088897688789146,0.007455565427238242,0.5617824371767137,0.49632210579364133,0.9802414928649835,success,
PAT_2140_4726_141.png,0.6537887798682954,0.4062297731991018,0.8646098474848968,0.017822984117558012,0.09102227710449658,0.04223238466945926,0.01526481556604261,0.07876485667620978,0.029736775949109263,0.01655892625777674,0.06879477893608738,0.016869067234972945,0.6260470109738987,0.6761869323030152,0.9571865443425076,success,
PAT_967_1827_247.png,0.7139503062107172,0.5213604025681069,0.8603466558698208,0.014522796952397386,0.15727100614634493,0.10914543160791634,0.011794447798436596,0.1519878660248826,0.09951592361478998,0.005534497962954138,0.10447140074707612,0.05813045419666796,0.7964053730213786,0.7298131104285577,0.975,success,
PAT_2088_4524_465.png,0.5965427900090489,0.5354207934109039,0.602242503386987,0.01174026467804747,0.0890634100545545,0.11253026115203063,0.0110705252927041,0.06843401051777491,0.100153714294226,0.010895158001608726,0.07349639877644598,0.12989655164272473,0.8930624268629338,0.8480816251096084,1.0,success,
PAT_636_1204_521.png,0.62560424207731,0.4222141382611595,0.40225777209292773,0.02951331555757306,0.116403989386697,0.09204427739161339,0.023351264290146317,0.09486051403595896,0.07953875936974372,0.027359401838524474,0.10949830565946211,0.0063033124275438945,0.7243801781214705,0.5625637678344998,1.0,success,
PAT_38_54_234.png,0.6485171306997866,0.169306361261684,0.8583854664439899,0.020642457348246882,0.013087296641975948,0.06321320625168893,0.023283504530040623,0.017326015709964997,0.07393556091408691,0.004080154599706907,0.002429316386850927,0.007271573866797332,0.8935878379463373,0.8587766128008161,0.9704510108864697,success,
PAT_741_1401_619.png,0.6611215451069111,0.25155728079586775,0.6044594202949325,0.033099464260354386,0.09191839768566444,0.0867144972816158,0.016812953425070037,0.08025419950386058,0.08294855350366385,0.018673989758498207,0.024507901975740237,0.0076317683347078,0.6552574552499082,0.76950604049994,0.9345417925478349,success,
PAT_380_1540_959.png,0.6488986926207303,0.35555826601605367,0.5991915892655632,0.025575679028100595,0.0875501789696278,0.05000306841790095,0.022785550610020328,0.08369596385864893,0.048791521643869205,0.032140152976126754,0.010719975432492757,0.02614832168158021,0.8778521020916796,0.8406062910192906,0.9761215629522432,success,
PAT_1783_3414_120.png,0.6205776036293369,0.1827509090478007,0.5522504251563217,0.06482844427563195,0.0725159690930769,0.06540165135339643,0.06950983975360217,0.06446915680438572,0.0593067071162264,0.01061401188187282,0.008734082357531259,0.06258385062241656,0.7793464854603888,0.7231158997062825,0.9571639586410635,success,
PAT_759_1538_566.png,0.6511596017610993,0.5240654844299815,0.7115484461115895,0.0067144408266859934,0.09526171752056779,0.03691714681371606,0.0058126146907840695,0.09295638867869074,0.03467334198435468,0.007911271145760108,0.009305767704931078,0.015251341035994015,0.8889708226892996,0.8606827875893152,1.0,success,
PAT_821_1547_77.png,0.6382655344294537,0.3436505520808446,0.7594765241544233,0.008464842710032828,0.03922895916369332,0.024318665920037275,0.007488143700444079,0.03800629150562933,0.020517278900059027,0.0067788609523904125,0.0012751952672749312,0.004339783556544852,0.7121417267988357,0.6592706408952151,1.0,success,
PAT_1693_3103_879.png,0.5977645624295357,0.27114188874058887,0.6199171239250935,0.020209741887489044,0.07132832918248187,0.0571765775843421,0.018554555439851225,0.06531992168063794,0.060234321226303705,0.02039436215960551,0.08203779931554323,0.04443828898324953,0.36056338028169016,0.26924267806088115,0.9574468085106383,success,
PAT_875_1668_588.png,0.702102819636061,0.38790314855790875,0.5007065576597028,0.022901093203234666,0.09325370604426006,0.04033305464454344,0.021091669609383634,0.08995003809409742,0.03931418035765184,0.014800518455878375,0.048258026617426564,0.011752779140329295,0.9298081389033777,0.8780910646097256,1.0,success,
PAT_1653_2916_346.png,0.5989704319733307,0.37640048712595686,0.6512545426428517,0.005676336700629845,0.0351033841081388,0.047024492215703866,0.004508582959444742,0.031397845093067075,0.0447521696094079,0.00557179856498201,0.038380254690236704,0.077771556599182,0.7481642756948996,0.7509311320574588,0.9915730337078652,success,
PAT_1790_3425_942.png,0.6731620796165501,0.21370748474739443,0.46720284902295556,0.0505705523864577,0.09073144413283986,0.14310039923525547,0.028587851844989815,0.08298714959777878,0.13183747454999584,0.03848778202322399,0.120465172876763,0.21663632180491804,0.8373492596485941,0.8074059096223782,0.9717514124293786,success,
PAT_106_159_325.png,0.6553559710508382,0.6148444452562374,0.5349853319167547,0.014695516227572937,0.12130676008159408,0.04519211081450456,0.012723926060602322,0.11114140185822173,0.03862375528124282,0.00046060591392781526,0.06070202466425889,0.026818507980884365,0.8042069481364184,0.698381113462523,1.0,success,
PAT_435_854_68.png,0.6427582172131783,0.26338552803734533,0.5814206281343557,0.040832253317505306,0.0898076705598863,0.059151090609242875,0.044302419294303376,0.09614707740378957,0.06698074502795807,0.007179489549011385,0.12585084582733147,0.08455855807315693,0.6682328399161623,0.5961074025915927,0.9807692307692307,success,
PAT_1902_3790_168.png,0.5989643086500894,0.1208129101702131,0.29529202914266894,0.1825426811000048,0.06814692280444552,0.04376325764640864,0.1297813938101563,0.06390587185990795,0.04141549075737947,0.007390380063114716,0.08984493620979427,0.05137820455169079,0.673122219882039,0.5152179302837949,0.8176470588235294,success,
PAT_42_58_13.png,0.6438009578000266,0.6110272935198021,0.5200087045393067,0.009217581876839753,0.07284805717105097,0.07009195639591953,0.00862615574461765,0.06259061165358555,0.06519970727934407,0.014382805476502369,0.03309812518708488,0.05990815639514013,0.9338400017030217,0.8722837358983424,1.0,success,
PAT_302_651_529.png,0.699569636437526,0.241440550184294,0.6212957592125987,0.03579799887631581,0.0850782890604015,0.10423580128839602,0.021924524591913745,0.06977912412756146,0.07627628642760387,0.008179099876535803,0.018977746177100685,0.0033806357256096486,0.9064204112274445,0.8552519982814673,1.0,success,
PAT_359_4450_86.png,0.6848051241665393,0.1592451736933429,0.7235982393296982,0.06308101986513517,0.02761986025146093,0.05054681757451729,0.046532301545246964,0.025885728530420232,0.04345966263653194,0.015473621283830378,0.007520974994154689,0.002945546317063452,0.7890527907184114,0.824524432636119,0.9975369458128078,success,
PAT_107_160_609.png,0.5424319628311333,0.2167001825456048,0.5481999970489163,0.08736365769551525,0.12357246897350811,0.058076387457246005,0.07846059583592631,0.11464869988280553,0.05084688736694237,0.09263540239783417,0.05336500760005411,0.012905761718147168,0.8141624260234909,0.8313760565890584,0.9672619047619048,success,
PAT_134_201_587.png,0.6446978634350209,0.6590714088631366,0.5914460079689312,0.006872097036594667,0.0803606601406423,0.031072140112920813,0.006063325709663929,0.0712144822686271,0.01957939577476134,0.003804334932894054,0.004479142378073564,0.0011962797921927226,0.6284664590057825,0.6954256643867008,0.8548387096774194,success,
PAT_1453_1567_250.png,0.6065683653736751,0.725717177193458,0.6529310562934851,0.009313487748578517,0.10556893767259518,0.12835022714352928,0.008914767174181833,0.10369095104381824,0.12957001338199065,0.006425658334661617,0.0805462138363805,0.005598037992442517,0.9019673516439904,0.855880061649429,0.992,success,
PAT_79_120_532.png,0.624804320996754,0.5847918768805621,0.5800479363434449,0.005546396641442837,0.057682098682048204,0.032163886774837294,0.0051936856969643725,0.044055246128412474,0.01814647148833624,0.0007065604405457609,0.055126922123897915,0.008796356570590413,0.7003385070073573,0.44739481151309085,1.0,success,
PAT_1926_3871_371.png,0.6000428479099327,0.293003091281427,0.5360866138484504,0.022015748562338268,0.0953226371063318,0.08661528137045257,0.019936291668560313,0.09532873040614388,0.08418781637458225,0.02050406214225199,0.05991153381137182,0.015892020198072565,0.39098910119020475,0.33770923880777,0.7160493827160493,success,
PAT_724_1369_896.png,0.6076604803727425,0.4768584796257048,0.9784663371179146,0.017313809607574546,0.11034648616454172,0.022068547354963802,0.009595817910197856,0.10053866568484941,0.012422778284731725,0.007421991577321307,0.1355556965720081,0.013117475691964975,0.6958057790426821,0.7621378547414975,0.9788519637462235,success,
PAT_1582_2574_34.png,0.6450277059702474,0.3393036110649967,0.5865714865438179,0.014174026648694802,0.08853452069893913,0.13137735238083903,0.012411572120256594,0.07963509627240163,0.12391332416371834,0.010779787621315665,0.02833564622943302,0.19972556101083616,0.7067144955803033,0.7439271902095806,1.0,success,
PAT_1431_1495_511.png,0.6036341344933513,0.3781714198393944,0.5394073799059947,0.007810845410143616,0.06828555451003607,0.047633778057902955,0.007454011275822232,0.06261891496268113,0.03885058733032956,0.0014340747553609231,0.03846043916455827,0.02420364539177755,0.5672132780604311,0.31178313047360084,1.0,success,
PAT_944_1795_371.png,0.6538124879620061,0.30076804628154064,0.5499786621332956,0.03179964232419174,0.09096697442396734,0.057042456346311596,0.02759290612367173,0.08691057628981211,0.052810102792427746,0.0020013830036096653,0.09608695180160928,0.04419142081074101,0.7561562503986801,0.784611847519884,0.9581881533101045,success,
PAT_394_1562_579.png,0.6452491767894213,0.4817190525879575,0.6202742182289461,0.012766708169376565,0.0664303049490173,0.06522619755222951,0.012215115578264298,0.062235370385476885,0.06305008283402312,0.020400588974285466,0.04889083104663339,0.04135548780509202,0.9165640287257721,0.8692597148834812,0.9861751152073732,success,
PAT_1842_3615_850.png,0.06260530283316952,0.26723042670098246,0.3411594087969154,0.2559034789313742,0.11817577453764888,0.0681358412721325,0.3475180083906304,0.12721863070140754,0.0791126501942966,0.44952206304690673,0.21982317571443122,0.22022937377467278,0.8405518417650133,0.7746388542464374,0.9696969696969697,success,
PAT_621_1183_56.png,0.6619694850631455,0.17260633809058448,0.4035166809755017,0.0387519432453244,0.02271263329872204,0.1504851829367739,0.043409014662386974,0.020027459084257977,0.14675999912007964,0.034616152703798996,0.03947779425920009,0.14001871077629208,0.9579119201130839,0.8378122272804042,0.9907063197026023,success,
PAT_374_762_794.png,0.644402196839885,0.16990990558660013,0.7897536044874803,0.011134942319015299,0.009939515219638416,0.03319826367517261,0.009673200815835274,0.008356839085583875,0.03316904633746934,0.0006322040251779823,0.0002866723016131112,0.00834554601967652,0.803230238145229,0.7504648946405362,1.0,success,
PAT_265_406_276.png,0.661397091988769,0.39606130176145793,0.6236544356794226,0.019352716349191387,0.07299822764839596,0.08580647395020104,0.017030154414491953,0.06015820026151658,0.0676493362877949,0.012040494121811443,0.04045085354895822,0.063690015742902,0.9011549716275435,0.8762691928285641,1.0,success,
PAT_1074_322_662.png,0.6042721069693511,0.35777670710875564,0.33633697708420673,0.013532831338178467,0.06204725128057122,0.05859133982686909,0.012363514044213703,0.05156909619208778,0.05205901106605216,0.0020170045672563853,0.01709970554886764,0.03897258701093115,0.6417372334873338,0.6233396624462045,0.9609756097560975,success,
PAT_289_1399_481.png,0.7420971743864202,0.13557228575501581,0.706495896441855,0.07438584926630208,0.06327477739073266,0.08864747459725135,0.06777414885113459,0.05581648841670489,0.0727398018592606,0.0010647689034954055,0.019086852575362773,0.025150094301544468,0.9293655690887523,0.8954362392323676,1.0,success,
PAT_1803_3463_639.png,0.6553601353645573,0.3467675391282954,0.6883345133886177,0.013513727798541436,0.11446699358620067,0.07615071326801343,0.013473880920713189,0.1256684761310814,0.07412041166937151,0.0013729791892936464,0.26335080437884006,0.10640268704711209,0.7332371078292095,0.8106327261514945,0.9495145631067962,success,
PAT_1029_135_239.png,0.6528954473212892,0.3113919090998139,0.6984713603337309,0.011354746068870391,0.048552521498989344,0.057738526691190756,0.011329741546037402,0.04970034506134819,0.0565851623076331,0.018536168058261478,0.07447227077816398,0.008838408707484646,0.7663821478940391,0.7855946848171107,1.0,success,
PAT_2020_4174_799.png,0.6459883667960882,0.1661700912784823,0.6147189079689689,0.021547800233858046,0.029120150908328098,0.033245972110041815,0.017910747648041535,0.02589412552960603,0.028253374717260454,0.011429901092958359,0.00044658461515426073,0.0072423345866461375,0.5331557866814354,0.6528992460718556,0.9583333333333334,success,
PAT_682_1292_986.png,0.6556830957567752,0.5384351526651444,0.5409790686518313,0.01067557943255286,0.10187387867733237,0.05329278756929582,0.011208191705986331,0.09275831412542843,0.048574700679386455,0.025225031231725127,0.06981476487461724,0.008150767760410682,0.9459726171342162,0.8871690543980753,1.0,success,
PAT_805_1517_154.png,0.6089610171440184,0.442372243014853,0.7742697078831533,0.010047540421643046,0.07338077702271524,0.06592048147067922,0.00922547356092699,0.06974259221840347,0.058740655129163925,0.017153444653126668,0.020357100324113364,0.0002498028914535988,0.9126780626780626,0.8735689575212621,1.0,success,
PAT_680_1289_182.png,0.6381869312916011,0.21601153551780858,0.38801473231086697,0.0292854996701155,0.055801244803047,0.08820961232801001,0.028906899736827908,0.044680537493858745,0.09816870785195157,0.06525103384089219,0.013010052175185916,0.21686702788305873,0.750286683282912,0.6623447897582577,1.0,success,
PAT_53_1370_245.png,0.6544149088251275,0.24214474491272445,0.5146658149425586,0.03649217552519169,0.12426959869452793,0.03302616913230109,0.030542609100559864,0.11042192872473462,0.020631317328281572,0.02872940406469853,0.04883215292889262,0.00495418788072477,0.6834543875458846,0.6683695920379873,0.960352422907489,success,
PAT_868_1657_698.png,0.656074730567015,0.309919261822376,0.8605824682814301,0.015301951707769088,0.020321172124603493,0.023135983450594814,,,,0.01969149999133653,0.01797735136835482,0.0005583516829192892,0.7236842105263158,0.765048396993174,1.0,success,
PAT_183_283_495.png,0.9506571389075928,0.07530274174422365,0.5376357995855642,0.31892565321233846,0.040772889198830084,0.09055186145000532,0.32366759398005424,0.033263068122169545,0.08434722002251328,0.3352894587871838,0.062112603377459816,0.029679507680343775,0.7581160721621188,0.7448253087885173,0.9583333333333334,success,
PAT_479_919_97.png,0.7105583840072687,0.19165747561480362,0.6507459306169289,0.051238934266846434,0.04367743553904785,0.09833874166619576,0.048958140751439234,0.03843066133708988,0.0969624959948629,0.02966469384591406,0.013327734306515598,0.017034329722501074,0.8008238164853916,0.5917794143413327,0.9807073954983923,success,
PAT_333_1469_499.png,0.6425705076080787,0.3169327017316765,0.39747461912977416,0.12351289028248048,0.173750709712312,0.17895470384684284,0.09111557821853292,0.15383376481942235,0.17249990246240646,0.04065472276163844,0.16251755556590516,0.23511040002027134,0.8900438088724906,0.8288850637250565,1.0,success,
PAT_867_1650_901.png,0.7569722963141503,0.11149803323012172,0.6918049745554439,0.26916588846774403,0.061655275966313504,0.044054865155664424,0.23532818734528171,0.05892960762851763,0.039214565808942926,0.09471959945041933,0.01480459842722065,0.011956784899757933,0.8776288186592704,0.724395014596521,1.0,success,
PAT_620_1176_980.png,0.6549176947224089,0.37925678987565653,0.7285119819012836,0.015029741803402774,0.04672787565526141,0.03116903590529936,0.015115976136205822,0.05075738518260411,0.031513083382104616,0.026212522646513668,0.06443998412811819,0.004761623450343477,0.7860409276320183,0.7352431742718953,1.0,success,
PAT_26_37_865.png,0.5855176978837002,0.3359082091591128,0.48470671364479406,0.03787789852683159,0.1056347243599791,0.12797341377957927,0.03483056786461729,0.10039985486173804,0.11509194733263678,0.009608699869760704,0.09567717182872537,0.036772561609611454,0.8398641305596624,0.8297712935814315,1.0,success,
PAT_2051_4356_460.png,0.6504871379111724,0.17254100942489806,0.6594081058879433,0.01673137247107644,0.014001241588869347,0.02728360704270264,0.014525189311293003,0.01107929144983822,0.027017519137297337,0.009025742779228412,0.004487346298181899,0.004821136272178506,0.6586947879331198,0.6096233846096223,0.9971751412429378,success,
PAT_1381_1314_517.png,0.6696253980723815,0.1711194527486195,0.5965033387362503,0.030614477811336232,0.020373720583393706,0.055442478647506475,0.02335311648002542,0.01808385405604805,0.05350669979731743,0.010597723878469308,0.010146550144065902,0.05868265167313136,0.7539191461644981,0.8009754778109002,1.0,success,
PAT_544_3299_671.png,0.6172012746996702,0.4145921772858933,0.5001652401980144,0.004601885330330519,0.07128051487337127,0.054403440359259585,0.003117451802455058,0.08483092883343521,0.05833138748272766,0.0031214576482739174,0.16105881597142374,0.07185931882051622,0.8608520894685032,0.8526841957066459,0.9825870646766169,success,
PAT_814_1532_545.png,0.6261879915825777,0.4245805964062602,0.5820265811380566,0.03930860303059029,0.1461709507827894,0.08031935410813514,0.039343258400710485,0.12617033731823454,0.06996946280731116,0.06630839431330394,0.06942631065234944,0.04910465124968644,0.7639269204762551,0.566452171928293,0.956140350877193,success,
PAT_1014_86_861.png,0.6579175860574243,0.17783916569202202,0.7152531734490378,0.012879722585799343,0.020347498459820784,0.02357282298457159,0.009854153075217541,0.015871901644543707,0.020144806374066227,0.0043606602658190895,0.004327135810064331,0.004358086432828201,0.7269023416610412,0.7570508140738212,0.9277566539923955,success,
PAT_1984_4038_265.png,0.6041949388022563,0.16793227050367532,0.35694454302230083,0.1740963646929377,0.1143668900277831,0.13288380819676093,0.14250121760676362,0.12451845943859642,0.1470925630560492,0.0012368696813708545,0.16028905269887683,0.2755255072954068,0.8281726539547372,0.7972386680194022,0.9742647058823529,success,
PAT_838_1585_282.png,0.6754027744384694,0.5685092367666704,0.6424676021305891,0.00919782118903087,0.05720551658598798,0.03220999665133983,0.008224882092958904,0.05530206870754928,0.02875044654873675,0.010780868532030278,0.03410007288516814,0.010405136992761133,0.8046827594053398,0.6893409617565512,1.0,success,
PAT_1255_876_939.png,0.6066492949132044,0.2291557622431332,0.5988477115458166,0.027995536595182547,0.07669808080991816,0.04517641332832851,0.02149541593486642,0.06796408135342728,0.038005139022104284,0.0023165954001347208,0.003730092330050061,0.015682009122884977,0.671925114787336,0.5995078044132188,0.9895424836601308,success,
PAT_701_4056_457.png,0.06632115595441467,0.07209450409503107,0.3935082437684374,0.2817937071740892,0.05085340865346228,0.14875798727852566,0.3262390454956396,0.03579561102003601,0.10860130618622628,0.3717122913542235,0.002786327040530015,0.1649318242788924,0.8538051911898383,0.7941869668391717,0.9681818181818181,success,
PAT_411_815_692.png,0.60922193826768,0.5148418924491672,0.3891530632650269,0.010545273289654409,0.1090561498202986,0.11981840732571583,0.007570000977141024,0.09463621460311349,0.12401006093927926,0.001018620329911673,0.0028369199664872724,0.20190646861374767,0.7530441348127428,0.7484547121728128,1.0,success,
PAT_288_441_312.png,0.63472155732517,0.4208933729964139,0.6063283346401641,0.01611384977755077,0.09533349548740583,0.05100652420111363,0.01713055564087392,0.09629752276190995,0.05020018675500762,0.01348645882170274,0.08281186133299184,0.03661786424562097,0.9344158969299303,0.8933748396558351,0.9982300884955753,success,
PAT_692_1308_364.png,0.6742058593476313,0.3130194244721954,0.7199537075969297,0.014868650833519431,0.07073683036655082,0.06888064260238537,0.011323125377901554,0.06161838683755727,0.05797559388094457,0.0009189513956949706,0.023038529041932043,0.01352827188848571,0.6082488976937551,0.5529408382530107,1.0,success,
PAT_1278_965_701.png,0.607532768671027,0.16144712758904553,0.6835517202614505,0.028690466195728303,0.0318289406399594,0.06926427865527486,0.03451423895313094,0.026454080986673463,0.04440544396975689,0.02807320894135867,0.026002477644247207,0.005591770172693078,0.7369964068450323,0.6624271398355495,1.0,success,
PAT_645_4043_374.png,0.6625876075671068,0.3175102705131682,0.5927942992858487,0.02767671802333869,0.047720970329725214,0.022114992657509262,0.02813307602962396,0.03777448705094,0.01817315909222341,0.006588381670525539,0.034318027274939156,0.008990023563812288,0.5990658940134477,0.44239975456675956,0.9222846441947565,success,
PAT_963_1820_823.png,0.6635901843565435,0.3057360603928931,0.6512560111592084,0.01009660765452572,0.04903288859818339,0.01881949307831125,0.009350740215407601,0.0505366787757295,0.0157889623257454,0.008171349101985154,0.09210377180520812,0.022286271303799454,0.8744445136102438,0.7125378087722574,0.9888268156424581,success,
PAT_882_1677_789.png,0.6293995089173369,0.6001500940065932,0.4528235280928367,0.037671404051950935,0.30438301941858464,0.35513533739808245,0.03875687956003371,0.3015905808111452,0.356942991205692,0.007671397090968589,0.0867431341968874,0.041554331351272344,0.8358440447012859,0.7649903458575998,0.9805825242718447,success,
PAT_1725_3222_943.png,0.5563074020657497,0.08094451043659674,0.5953063305990999,0.07559826218130752,0.0344178012435687,0.04447204883274995,0.05100321270793412,0.027083936991123454,0.03833289357329358,0.05934231440753229,0.017983666792830005,0.07571692628673976,0.6763804715527513,0.6423453488747916,1.0,success,
PAT_98_152_562.png,0.669049989203464,0.15985968517070387,0.7251991475316102,0.08681403032206304,0.049095340452510516,0.030662064682363804,0.06825158767432488,0.05084534451671291,0.031853485172844344,0.007576106419494582,0.02967445487009726,0.024430738269022534,0.8803898333503555,0.7995352705566244,1.0,success,
PAT_1884_3730_813.png,0.5897528121018983,0.11763224181360202,0.7092754482145504,0.04988713660806253,0.0429441992292994,0.043114704838534676,0.04619970038301495,0.04246093417846827,0.04132522379581501,0.05343900603281213,0.0029705393582138834,0.028039630445306107,0.8454515981141696,0.8070626260036629,1.0,success,
PAT_369_755_391.png,0.6965541152099439,0.3624905787862132,0.6060531280716301,0.014694068250948293,0.06543725437410043,0.04163897729696562,0.010824457014860192,0.05740539417215819,0.03141457697843655,0.001094552455959293,0.05785972179055482,0.012398029419009582,0.7083068183471666,0.7113069434453115,1.0,success,
PAT_1276_957_406.png,0.6031131821126052,0.5612733302379117,0.5360809257414361,0.008293204684240494,0.12293124521597615,0.12587464422580305,0.004356643901606481,0.07426550010074096,0.11365675991934839,0.007415193205446416,0.0468384175451958,0.19398985390320234,0.859291124873538,0.8372562289850777,0.9975728155339806,success,
PAT_1070_305_907.png,0.6503900370467446,0.45791962954112864,0.6342743120500757,0.016108932925674238,0.04153957560640674,0.03933579480869815,0.013523243159063615,0.03530940841012285,0.03295303000167747,0.011979513325471598,0.0020067936393621255,0.014338726975979599,0.904762139673285,0.7728179190033924,1.0,success,
PAT_1688_3066_491.png,0.7283324533967986,0.21572031040738593,0.6226371963285556,0.13491844250386018,0.09567263327188105,0.09921487673625105,0.07308401957731858,0.07388979608720139,0.08477526489226371,0.07442469821252876,0.0018675725806398813,0.011810555116459787,0.7221876927740614,0.7327899960852496,0.9548387096774194,success,
PAT_981_1848_906.png,0.6386901529511562,0.3906098761988089,0.737299705396278,0.014942081775466817,0.0681399670000381,0.04723406171518986,0.014381915004367104,0.07382946362834492,0.04146225651637393,0.014515221732524314,0.032611838907346646,0.0076867288241226905,0.8245474261765535,0.829474657921716,1.0,success,
PAT_409_812_974.png,0.6305743904077054,0.45281967540797013,0.7192699914401359,0.015386654593503253,0.16585431813069443,0.06939078350851187,0.013036984824680698,0.1640091543730242,0.06493383775879112,0.015302845918895495,0.11884724515155681,0.0003130266146500471,0.924821524887754,0.8851702339894008,1.0,success,
PAT_276_425_539.png,0.28372448250308296,0.09879818192467309,0.46090792271274567,0.2594972125965302,0.0691558229262961,0.12475641649490875,0.2719403364709587,0.06081329846061503,0.1146133218288829,0.4805200893948204,0.024314090005890465,0.04818647776634383,0.9254170648154938,0.8506647250408416,0.9895287958115183,success,
PAT_430_848_476.png,0.6597098377608809,0.3996517604973621,0.5672995643637327,0.019862241192815842,0.0992521070561231,0.07580119900044482,0.016325729647833465,0.08434945883804235,0.06822623691262641,0.002591225146296081,0.02516196735082621,0.0013735220493131806,0.8463130946269086,0.7891924017680179,0.9875621890547264,success,
PAT_419_832_706.png,0.7074920250795902,0.31384647871611393,0.4865549016951674,0.029437644859663162,0.1509085901950299,0.27043134328624996,0.028803657737343544,0.1424755950516761,0.2710425628419654,0.02177868045282878,0.047749600517753954,0.10292636223602919,0.7420675371069916,0.6595258388730808,1.0,success,
PAT_1423_1472_18.png,0.48945205907634803,0.07580885345591228,0.5907002801120448,0.11331465023937076,0.05990602679936359,0.06136647299726822,0.09484228246471135,0.06380996952777171,0.06370337678074478,0.06670548796534474,0.1387365148727977,0.10509770050704681,0.7265896452760408,0.7788902738924518,0.9956331877729258,success,
PAT_55_84_506.png,0.7389832823202662,0.29622233718531826,0.5399887013057544,0.13465899406036685,0.15636570419676007,0.08579935576984407,0.11566494485954817,0.14325574354109047,0.07313292738149595,0.06397114553444348,0.09278929474116807,0.018508314493418054,0.8463514248577213,0.8176611228197689,1.0,success,
PAT_1710_3160_488.png,0.6060233186225222,0.33756235579395577,0.5845562117319435,0.015560350217660123,0.09344484072666705,0.05656503577238933,0.014480871860084548,0.09334681895355776,0.05665650386059021,0.01439146890482811,0.13288914108298333,0.058190592526141116,0.8735913160948883,0.7556170292855272,0.995260663507109,success,
PAT_1818_3568_132.png,0.6226542189092605,0.6172634103227772,0.6299068783648221,0.005895945537607481,0.0778351908062866,0.06008693642692313,0.00529435109872855,0.07595265276442845,0.06041472686180381,0.007332287864687241,0.07202414962567194,0.015357925978723097,0.5742328729934684,0.6828888884439508,0.9789964994165694,success,
PAT_1414_1429_59.png,0.6860230113083459,0.2984484449843556,0.5880193827033796,0.08479115832498216,0.10229146971904628,0.11952944835331382,0.05495841592305561,0.08783968269008205,0.11140788551124438,0.020403771170849596,0.007901561358450826,0.0009429364578067423,0.7909485748372218,0.8048383217992903,0.94,success,
PAT_1573_2499_849.png,0.6876433501311152,0.22080271688792838,0.6838791929244684,0.0361160283592236,0.0430758709484016,0.08683732700685588,0.03491730436797025,0.03689856033434935,0.08448266500183753,0.023126129184754835,0.028226170641681092,0.014264393389454733,0.4492192812377716,0.32903170029684187,0.9648562300319489,success,
PAT_377_1580_534.png,0.6371029240239241,0.5156764159178617,0.507720352973441,0.009669831434610527,0.05995811619156404,0.1146290704678277,0.00773373038485172,0.053004367589887386,0.10975284569896526,0.0003918968219945245,0.005974469277130745,0.04294163701699305,0.5787387922219488,0.7510841485512669,0.9444444444444444,success,
PAT_802_1516_910.png,0.6291084613674703,0.18172780652544845,0.6822421236617292,0.017600492210576336,0.010025627863906417,0.062008597756462155,0.0166569308835649,0.007234270688388117,0.06071942610507366,0.0024666411936316024,0.004078713999825095,0.0028686566106651545,0.58091828691701,0.4890021041043587,0.9794344473007712,success,
PAT_962_1823_942.png,0.6192305250892967,0.18306986983248733,0.6746781846979875,0.027227273088375713,0.04999721179144335,0.06255244536474357,0.028529816860243095,0.04566973629964979,0.053265091399920445,0.02391108849930027,0.005945192277956479,0.00801151803132083,0.7432464970232537,0.7107926775759127,0.9807692307692307,success,
PAT_1109_437_254.png,0.6428779101634057,0.40278787729864657,0.20069419762414803,0.044787642096672756,0.14502328436098966,0.10500502673719489,0.024717948194364077,0.11306101835101681,0.12331834516558565,0.054188222798763834,0.1761520810000811,0.2611626249206796,0.8581485645320477,0.8089467538019058,0.9809523809523809,success,
PAT_241_367_374.png,0.6756575833581837,0.27258469382928185,0.6806298199262983,0.08053009798931843,0.1378928349380384,0.14430357649990544,0.052749090358034864,0.12100088348842578,0.13696802551989704,0.0036863406054618193,0.07308934906849354,0.10911477745406806,0.49729003568930663,0.5527141378011288,0.9840425531914894,success,
PAT_1492_1705_578.png,0.6512112927755803,0.5209759063167712,0.587431148257015,0.010328916680290935,0.0667151534183033,0.05382819475803118,0.010501925171806948,0.061193490678124456,0.05141639987281331,0.005213370634643234,0.045361617929216336,0.07585789773691975,0.780957942253251,0.8397242427509097,1.0,success,
PAT_492_937_958.png,0.6645587148694799,0.3950791930188488,0.5870720135735432,0.10077564143005693,0.19043722268779015,0.0973374970142042,0.08514911679740404,0.16828297480090987,0.08197687935822406,0.05353076980695046,0.12535370740029883,0.01923753721070176,0.8122177286548726,0.7882620174476441,1.0,success,
PAT_1400_1372_276.png,0.628900412685932,0.3002627012525685,0.524054442698057,0.018172244850890286,0.06640940477451174,0.08230635168231155,0.015817814355168488,0.058775297899609974,0.07320452372695044,0.02692374887209057,0.09744997595530303,0.11338628190872002,0.9088618560182395,0.8423558935422315,1.0,success,
PAT_966_1825_584.png,0.6083534031679023,0.45088794481095623,0.3705078263202924,0.01001719949372419,0.07256312994097673,0.0674050445445259,0.008280891093529376,0.05933744669909632,0.06952649760037193,0.014353489000459518,0.07639072864053742,0.13300144504257377,0.6882584819755277,0.3406533776704253,0.9585492227979274,success,
PAT_263_404_410.png,0.6708556256244276,0.30751704238466937,0.5604029117346893,0.01666255493525374,0.08280219604049129,0.06741416220973541,0.01400764419688905,0.08141727437005639,0.06593388168320832,0.030976474185996573,0.10688188416133987,0.10618989932461353,0.8495987900606331,0.7823999819471446,0.9828767123287672,success,
PAT_549_1043_676.png,0.6636688170668562,0.48171364567895797,0.812922342859757,0.009991544366062808,0.0621317246275155,0.1349572803063102,0.008222701895247335,0.05429478934956852,0.13954436635744044,0.009240142057287355,0.057835550368788236,0.05674349416848079,0.6729026459122784,0.43374714164261097,0.9485714285714286,success,
PAT_461_895_72.png,0.6502874488287329,0.7140018415368174,0.5757751411681565,0.0072800281921989235,0.13889341439267766,0.11263094965412909,0.00565660507961183,0.13752438615475746,0.1025181597811384,0.0028466039908564434,0.18865320604659375,0.09687800227714671,0.7829936140673648,0.7335257111354592,1.0,success,
PAT_875_1669_946.png,0.6354885518921431,0.5737123830086356,0.5150120852824913,0.02425673678793945,0.18073205504040232,0.16767957966246821,0.020804646410438325,0.13265423033366563,0.13074900280797827,0.024653329997527132,0.053553315365514,0.009124031376658626,0.7426817128323779,0.5379136537584592,1.0,success,
PAT_1721_3219_737.png,0.6363498371768241,0.23910842962439668,0.46708178414694285,0.05550853234194622,0.11688466836444951,0.10577347340881098,0.06971353606949521,0.10357293348213319,0.10487292565959234,0.002783495189735103,0.030248476680176994,0.14860430016164722,0.7272546140129668,0.6060375909414774,0.9313725490196079,success,
PAT_714_1337_709.png,0.6751951110361396,0.1935673013501676,0.6831001906616702,0.07157125229583516,0.0208404113293781,0.2414500644880043,0.07241095990816711,0.020265472039446095,0.24643808691743557,0.029820042536712936,0.007117466879101392,0.08516235420444196,0.7828875468081264,0.7538377712226673,0.8654708520179372,success,
PAT_426_842_458.png,0.6407470621956882,0.44686208004965694,0.6357315173600449,0.017269335233160172,0.0640973977664732,0.03195934654137069,0.01901961109168837,0.06513020007399294,0.02592482426417373,0.03461293488383019,0.13685050823626782,0.042637872632637075,0.7946274234612976,0.7174964183408343,0.9630484988452656,success,
PAT_847_1610_165.png,0.7817941141599378,0.16177158808668965,0.5692469863754275,0.04897539233852117,0.05864437386655712,0.05061180841275967,0.043629536901815986,0.04954003954274124,0.04715265012464931,0.009345775362653007,0.03676358255143386,0.024668377962200227,0.7817936452587457,0.7200743466763384,0.9982668977469671,success,
PAT_168_1486_97.png,0.6687208788542266,0.33246260524145477,0.5793650694427949,0.035045139131186016,0.1006815600998566,0.0705610948162757,0.018815315561829388,0.08345499787081358,0.030699142694106514,0.03325014260840157,0.02978054389860163,0.007721719921466308,0.8317783997237036,0.8562105795582654,0.9963235294117647,success,
PAT_441_861_415.png,0.6124597647936261,0.5389303729050572,0.634391940984758,0.006832864759313623,0.06630156782175585,0.06267723543582646,0.005841511439443534,0.050630796009232176,0.04536051026604242,0.013962300117192683,0.10410864814025839,0.0867299478790663,0.7939699739150159,0.6170967898423299,0.9855072463768116,success,
PAT_958_1812_62.png,0.11751244825780069,0.1661013861205128,0.33821677509012293,0.15053291087495033,0.10268720759908183,0.09242448315711213,0.15934235817328413,0.08555644828177376,0.09311898378094456,0.40033757579941903,0.0975827077819741,0.15372479712939102,0.7920195232094842,0.8094289206232061,0.9964285714285714,success,
PAT_319_680_832.png,0.6292135366113999,0.43693599503351255,0.7630650630087361,0.020136838737199524,0.10530937752866917,0.07558349619250221,0.018299316169175493,0.09062011463117893,0.06510568906995662,0.021921412622004196,0.009765470976482227,0.029320663531162805,0.800065371573986,0.8078544662969418,0.9867549668874173,success,
PAT_999_20_223.png,0.6324904498431945,0.551172637656162,0.42374201971564435,0.009004123265969229,0.04209090515453174,0.04184451678195196,0.0075142265873255785,0.03526073989465922,0.03848504409010528,0.0018768040453719455,0.006578434098704844,0.02428665411948111,0.7368386043203721,0.725158757164402,1.0,success,
PAT_1305_4097_251.png,0.6218369151423319,0.40282035048092735,0.7042818601308457,0.008723987772849433,0.06834681972288142,0.07132317275701468,0.007984298013106258,0.06785851809182898,0.07044069523668609,0.015759586370483605,0.12462089865718712,0.10884584509419182,0.874532368814629,0.8633261171230425,1.0,success,
PAT_796_1510_130.png,0.6300472589663328,0.39479602041405554,0.5307491609547886,0.04212657938602261,0.14288883102849861,0.12308205467056829,0.025469323978924235,0.12649586321105966,0.11302807790932858,0.003617552385600378,0.1426654437873518,0.10598009276703957,0.44676803546596183,0.5590439646982008,0.794066317626527,success,
PAT_963_1819_298.png,0.7025054775118986,0.29197406675601584,0.6164349485142954,0.03530057053813958,0.08212495095436995,0.04205308936338701,0.02543674725756739,0.07866035212581429,0.03671902202545628,0.00224090176597787,0.012004374715449406,0.005259700426445413,0.8878817388315658,0.8392433389861772,0.995575221238938,success,
PAT_1730_3236_7.png,0.5866338239680132,0.3480941026308193,0.6308102814638763,0.014759489792834892,0.1265358461124956,0.1605126469587092,0.010097028585546668,0.10948717989033419,0.14648735713310945,0.005536668078395637,0.15551751023862748,0.23243770932122287,0.7569583855459063,0.7013399224881387,0.9705882352941176,success,
PAT_1546_1871_376.png,0.6062344750718002,0.5580653536100257,0.5702898933361495,0.013165690709013137,0.06485929690952988,0.06158397817840223,0.012146863844317226,0.05789006005315116,0.058522700701570826,0.008538028176529464,0.012438083422822599,0.021014776058850604,0.864975303407728,0.8228876737546077,1.0,success,
PAT_2154_4783_625.png,0.5897740796110356,0.24407566377912102,0.7375500887472641,0.018886361441991368,0.04912754190972427,0.06874936459156798,0.017145312649124354,0.04645803446426188,0.06497639595321096,0.007430084305950797,0.019401207466331616,0.028303345550581116,0.8389139529108313,0.7342420650062824,0.9923664122137404,success,
PAT_413_819_268.png,0.6633478467134043,0.35560715932920944,0.5794753020134286,0.023112214296212484,0.1025906124743547,0.12261568573196899,0.017939332393657307,0.10540185588112562,0.13558502531110728,0.01202544963876038,0.08849833950662045,0.025259518547192994,0.6908856083411766,0.6484525908676808,0.9834437086092715,success,
PAT_690_1309_981.png,0.6628415438982451,0.34154150634018826,0.603154739088197,0.0347678464097767,0.12789233430605668,0.08062771627089929,0.022475715552057154,0.12056470153217398,0.0776470877029306,0.00015699676341193305,0.15050487671197,0.007096537021890947,0.9299111326686533,0.8797808711535232,0.9968847352024922,success,
PAT_1754_3308_390.png,0.6099187168155468,0.18893896771734472,0.6225525731252295,0.006537485235115778,0.031660040334818645,0.013224200807093925,0.005089886666692779,0.03217491934079004,0.01130105762079387,0.0027933460994948372,0.05275206793055928,0.013530880647759758,0.7938863129313296,0.5952666229728477,0.9783464566929134,success,
PAT_118_180_386.png,0.6620128292164169,0.3908079053569422,0.36622527175504643,0.018855624374176594,0.1294024366057875,0.12141217392040973,0.013446531502787806,0.11555831832648715,0.11669542056088984,0.00044672543877545144,0.05759872378587416,0.12644499920352192,0.7386393930569835,0.6817781675282718,1.0,success,
PAT_850_1611_332.png,0.632447029799377,0.4219261316990282,0.4708640401957602,0.016582228352296394,0.1040279274994453,0.09802373560418814,0.011463925319341251,0.07669835968824146,0.07645230050099097,0.008415845806881114,0.033892049823034565,0.0709926602546902,0.773172980459532,0.7787217646536081,1.0,success,
PAT_771_1488_562.png,0.6281185148533598,0.22043189938033386,0.5659855581726625,0.07058743797426845,0.1388307159215492,0.10761300605254698,0.044039599995248264,0.13066464028231506,0.09970093508417567,0.0026044582254946312,0.11490429930808316,0.06058209160100425,0.9123285745950681,0.8828656849346943,1.0,success,
PAT_1410_1410_46.png,0.6147772772369452,0.17583926002195285,0.5698645502248538,0.08029041984371783,0.0444670202847417,0.0980964810803633,0.08231842440954752,0.03769521769065951,0.09593681594879108,0.11661206592200762,0.024578019974270032,0.06249272233432812,0.9001289310202787,0.8238454405399925,0.9798850574712644,success,
PAT_365_751_709.png,0.6132318652946209,0.48216181823526455,0.6645494252309765,0.010934029547415328,0.09442006548875656,0.05806124832315241,0.009259772959919036,0.08475107675247084,0.052376373206036386,0.002947033112732811,0.025209706925561848,0.013791526637805473,0.858689681943833,0.8476505954255182,0.9888392857142857,success,
PAT_63_1075_498.png,0.632613287204997,0.37622057393311276,0.7586949422403094,0.012890009288443919,0.09781628178013571,0.08451116590886815,0.010212535842375569,0.08930030216767686,0.0785311936792435,0.012496977037400272,0.025522637546053384,0.0034097639663447366,0.8232159404805915,0.7858363692508165,0.9844236760124611,success,
PAT_207_3951_140.png,0.6436986407277459,0.16840364188608142,0.6672495657195993,0.020292767613859834,0.029978022404763143,0.03653621481523424,0.01777016859159598,0.03086781774878763,0.03435395330951388,0.009833051795782113,0.04956905984750594,0.015854247080823836,0.6205954066381015,0.44171142479124675,0.8837606837606837,success,
PAT_483_925_716.png,0.60878798108968,0.23596769385044855,0.8763637726006738,0.042960094743133864,0.2404701027679284,0.25734614192169075,0.037666051551009126,0.1889449501424144,0.20515746021422257,0.0007810524028370322,0.05803068335219827,0.0702142219759877,0.6356067429233714,0.5287460654357596,0.9028871391076115,success,
PAT_358_738_837.png,0.6871992130960554,0.25422253022327007,0.6019767982330241,0.029155695037563635,0.08443046639127748,0.025702825191307718,0.020026040246099972,0.07784794765757308,0.016760719713025864,0.023056047687222362,0.05445226722252486,0.005252884478218034,0.7813701701100767,0.7287885837864418,0.9836512261580381,success,
PAT_875_1670_121.png,0.6767239968513467,0.5669246675779231,0.49039805854879576,0.013415210473431952,0.07896738120579082,0.055466775719157264,0.013292038127928212,0.06795429282497482,0.046485734325387516,0.02405678813042979,0.044523482020949245,0.039148199086292024,0.9321528604554317,0.8804825357924976,1.0,success,
PAT_645_1300_463.png,0.6688657317139868,0.3100128813308158,0.5970411200502378,0.026340084189358005,0.13489061682164663,0.04812568439583916,0.022518787407267538,0.1268371646477093,0.04220592713310603,0.008598112588210683,0.08058312302754728,0.015798800363692633,0.8554417122242494,0.8721866200505315,1.0,success,
PAT_514_967_300.png,0.6409221628617368,0.5139750700826956,0.6559665457471681,0.006615698171497098,0.06915243114869403,0.06640904970367688,0.006104863019656875,0.06124394626346854,0.04767322177635059,0.009486854524366034,0.03276710913979736,0.028955917750073668,0.7951178914149815,0.851831425747186,0.9783393501805054,success,
PAT_1286_1000_517.png,0.5034059059175169,0.15972918714199666,0.6586425723933635,0.02836142166034818,0.051430082672732844,0.10739587753447154,0.025443600896681087,0.04550964773474828,0.0925336232038005,0.0389796682060384,0.06071220994894247,0.08367118214052427,0.8825973089740262,0.8031801814898613,0.9200542005420054,success,
PAT_330_698_211.png,0.6434128926784015,0.17755329060890715,0.879765161413087,0.02124025467380209,0.01225551816007896,0.027046070681332288,0.019442254230349326,0.009921960706774313,0.02430982780022974,0.013224714317437108,0.005641324658467312,0.00888413606508942,0.8025338584993544,0.7879925356317512,0.9936974789915967,success,
PAT_1062_264_741.png,0.6679934083455806,0.44618699268463774,0.5977753281891973,0.011596464285679375,0.08975297302938642,0.07714550219873943,0.0111443867275445,0.08492914920578734,0.07218338984897535,0.013655781508656477,0.090940569791156,0.08820771367619751,0.7459980942220277,0.7638517309893987,1.0,success,
PAT_792_4351_858.png,0.6239497715991804,0.2688654991320398,0.6849080727214722,0.010908845808397356,0.050151076777646415,0.029641569731919816,0.00987317854572165,0.04936755742712448,0.02601938912631822,0.018501337038093466,0.006999481523123796,0.009871243876328095,0.8439764578131047,0.849562294422448,1.0,success,
PAT_1728_3234_299.png,0.6540910817268346,0.3746598450227152,0.72113630677707,0.01297028530694375,0.06507630050743268,0.10386318695898178,0.010481496702598065,0.05469007904073507,0.09651794398697223,0.01047973490250216,0.0020810134828492255,0.015048960843491721,0.6120178668777725,0.46518009024822876,0.8731563421828908,success,
PAT_722_1377_120.png,0.6562968640862561,0.20861281236983203,0.5317844486885134,0.11154123837470345,0.09586869598717376,0.10642236951840282,0.11199362270391387,0.08489441662478606,0.10335062607912344,0.039534099319037744,0.09837927856378874,0.06628369594078914,0.7204824219316217,0.7573750585803802,1.0,success,
PAT_2076_4459_450.png,0.6573923760862087,0.3333679710380838,0.6764457929384509,0.011725300624184422,0.0364380564364313,0.03147891008882113,0.011528129514093564,0.03406776527733826,0.028210871288388596,0.01232672027931743,0.038930936198101784,0.0035936888617716933,0.7900496111248978,0.7502233438067849,0.9080267558528428,success,
PAT_280_431_466.png,0.7564574870416951,0.22276447575367142,0.5912594488344789,0.11077067640642206,0.10830822548649158,0.04425557135368407,0.09914125589229321,0.10085637921475485,0.04262688908720614,0.03941831818116097,0.10270587866411678,0.014425577945500145,0.8031333988430505,0.7461074737659532,0.9398663697104677,success,
PAT_1411_1414_355.png,0.6463045031078539,0.17271726297994733,0.5844516620082842,0.02019028112750176,0.020560867135124193,0.06273962735936664,0.017987377730169108,0.018596438947936538,0.05543431357191372,0.01597561944887068,0.00393947081140264,0.007848001505098345,0.8381087937645137,0.8512848654275034,0.9911894273127754,success,
PAT_1651_2914_833.png,0.5919885716377173,0.5072950904178624,0.827270485038716,0.009157009270515768,0.06947630911006,0.08532265003051352,0.006563103975353372,0.05153665959372489,0.07080446366407184,0.004965949384383903,0.007709400819818857,0.005017569296283164,0.36671524992355864,0.08914981998425885,0.5264270613107822,success,
PAT_966_1825_546.png,0.6474304113929699,0.14915404693421408,0.376113192976301,0.13657747132673678,0.0749468039507327,0.08839996329851424,0.057795335545515254,0.06363660428433393,0.09261542414418193,0.029418750077839916,0.0601717320880345,0.15797486450598902,0.5875387877648769,0.6139823817434117,0.959915611814346,success,
PAT_396_796_394.png,0.6708827724863541,0.2759939113541228,0.761116785835887,0.0225154626198241,0.10158736238630323,0.09792311924540532,0.022303637482710414,0.10038844343389086,0.09727847130613188,0.039097923640097634,0.0992758020571721,0.11430548336813184,0.7903928555655865,0.8500145808547557,1.0,success,
PAT_1701_3135_5.png,0.6294233510574686,0.2613152343375282,0.6485703604289321,0.014168509624341236,0.05583252773016985,0.03999323054802169,0.01543275341637481,0.05948111717873117,0.039370425038469485,0.014531813712349618,0.08917701833727892,0.05467268718737628,0.8321476603304148,0.7078069489458259,0.9667774086378738,success,
PAT_2042_4301_636.png,0.6223296499111239,0.1402607083050362,0.6317561005593461,0.02976830637535302,0.08085647632336589,0.05331111262092789,0.022412413284846628,0.08370634098110658,0.052543680628092594,0.014449482348006705,0.0576925600639801,0.03216657309176896,0.5870849936385688,0.746909224062314,0.9076517150395779,success,
PAT_216_331_678.png,0.6279099026145499,0.3234125415349326,0.7649627270780955,0.016240218028614122,0.059679222470145975,0.03480457538255795,0.014589564338778727,0.055294119799203886,0.03128007015723853,0.02341329078809535,0.0007775485034670626,0.0014567961880224134,0.3527217928797981,0.4425477841358018,0.7698412698412699,success,
PAT_747_1408_427.png,0.6635163124397336,0.29492427041516484,0.5510634415121884,0.01758975251172864,0.07784605739114618,0.05165497511862331,0.016256383400148875,0.07316800402200463,0.04521553833914565,0.015691316024481476,0.08817637993299787,0.04378508300167927,0.8131641361434944,0.8255415676525389,0.9825242718446602,success,
PAT_691_1311_686.png,0.6387291226873416,0.1966254502301108,0.5502956582574674,0.07475686491354258,0.0647958018611692,0.06752942826387466,0.05366048319368184,0.05410662846093854,0.05774975872460906,0.014626729875993208,0.021640749884688726,0.012331167657813835,0.8216556375615762,0.8550297538769978,0.9962121212121212,success,
PAT_34_47_108.png,0.6246651558254037,0.5090254659749565,0.5689169778799196,0.006205867077705185,0.0930395903744023,0.06570732151588138,0.005499842837282379,0.08951280564903163,0.060739431778327434,0.013471336411942916,0.15303418057190638,0.06866206457717172,0.8490741384102278,0.8245607399335962,0.9864864864864865,success,
PAT_1277_964_152.png,0.5135673540156296,0.06021414880249273,0.6538369774913146,0.15952415631760664,0.04594317676582892,0.09089992216559854,0.13682563819986043,0.03785702886341184,0.07480689020687144,0.030538249091114505,0.0025432375158039727,0.012954866213753635,0.8602126326351567,0.7659070125547345,0.9090909090909091,success,
PAT_361_1568_456.png,0.6504106515376317,0.4122945833113344,0.7967774510041749,0.05731312997548392,0.0717946291818032,0.10729479496044318,0.10037196417084841,0.0685725034512443,0.13313938466501893,0.11488908709115246,0.043914795620806246,0.15854775379703312,0.7883748335759662,0.7824786377464322,0.984375,success,
PAT_162_252_773.png,0.7672335608330613,0.16571752479223834,0.6651958524838355,0.09256055612286548,0.038578706528723125,0.05299910780074508,0.06875440652241249,0.036585854911074994,0.04298135515512364,0.05840034686815427,3.252286171590013e-05,0.0015887657152415802,0.7142838329666565,0.5742304364263776,0.9873417721518988,success,
PAT_1794_3435_711.png,0.6221669253319952,0.3571614137805342,0.4556082854075489,0.017396320274468725,0.05683776429636275,0.03017582884442807,0.015215054946980493,0.04972286648646352,0.023881135790579863,0.007692033037464559,0.006216089076949205,0.00285825975666143,0.3539973174403753,0.2406816778513016,0.848968105065666,success,
PAT_1702_3548_386.png,0.6109107222988747,0.20080968742848876,0.6716635338616735,0.05832042645990896,0.107130577533167,0.055636213707439874,0.051022152154840794,0.097094752407509,0.050386928231533644,0.0185762754678971,0.017730462955217824,0.019382169131688443,0.9243846944591145,0.7998585919226566,0.9299363057324841,success,
PAT_267_412_275.png,0.6792882573000241,0.33313373788349926,0.5878921522106043,0.015547256322402286,0.0942900789071984,0.07569669645729211,0.013049395144424577,0.08670639634471555,0.06302515623566679,0.007602793777208364,0.08053047318364792,0.05047401594573464,0.7108123471501927,0.583438847983257,0.9149888143176734,success,
PAT_395_795_43.png,0.6569207697172804,0.2918512511244655,0.5715649741510044,0.01542956898335953,0.07647470399512415,0.06682468186771942,0.011462410136860215,0.07569675805870407,0.053748615594155,0.0017502859320573173,0.10334722216513237,0.003112427493448422,0.6809339669302934,0.7372674123721451,1.0,success,
PAT_465_901_627.png,0.6121834379678203,0.45500072199076924,0.491986615539024,0.005783437724468523,0.06044699243104353,0.10019675049941507,0.0050381649891352845,0.059660505076719175,0.09955491702329639,0.007086263352805291,0.13433072445621524,0.186240477196967,0.8330364276467455,0.823843429241687,1.0,success,
PAT_249_380_366.png,0.6054783866179037,0.46835649424393644,0.5899152258836724,0.029455343659830366,0.0935491571039064,0.04394544201152243,0.027099324184141137,0.08311799920583214,0.03494955853000553,0.0006648767243733447,0.02550733263384114,0.016113705870543504,0.8552091330148668,0.8823333473753604,1.0,success,
PAT_985_1856_397.png,0.6680252669193618,0.2665013437451599,0.5033957010367007,0.059517434447139,0.10674165089052248,0.09519540744935102,0.04949240095726721,0.10021403606125437,0.0861391363086522,0.03901727129560852,0.1119724867608114,0.08769486265376547,0.7096897038485666,0.6253280840924292,0.9860724233983287,success,
PAT_458_891_709.png,0.765742002422125,0.10433415411267999,0.5002113279664662,0.21344969931135818,0.047227235977493134,0.0457661465324642,0.23424379532869888,0.046128103636126704,0.04505434357079788,0.175896336897272,0.02583391573095138,0.021554437390236103,0.7806068383432544,0.8393625449297644,1.0,success,
PAT_747_1410_179.png,0.6410795378479562,0.36084737711773235,0.7997528889394119,0.016187445530256025,0.09731347253946657,0.08997975404978473,0.013793039220034768,0.08836262393503785,0.06861164180966293,0.024303803559816987,0.0544524423253922,0.0026037869722922435,0.8152779767191976,0.8031195750800512,0.9506172839506173,success,
PAT_1316_1114_517.png,0.6382400719761697,0.4188654490764074,0.8299453604371164,0.016271511886679704,0.03644831666124484,0.04655596560758185,0.015738519285054663,0.032724091178708066,0.04166254419618088,0.034468973393809124,0.03689064873184661,0.03742210777131372,0.7041912987575643,0.7163220681890572,0.9558823529411765,success,
PAT_398_799_163.png,0.6543083079657036,0.2832321820531983,0.35884513382611977,0.05250149130751928,0.1257285899946355,0.14506560700397783,0.03701582687744179,0.1167236194941363,0.1399179627941357,0.012313704641260791,0.1838055236461653,0.18994572316945307,0.8475920191359565,0.6957262068131497,0.8122977346278317,success,
PAT_953_1806_326.png,0.6443426155863058,0.23729456503970608,0.6190577222552031,0.052202425625012455,0.07701180797387153,0.05059936967846647,0.040017060822142625,0.07063970456200465,0.038753611418522765,0.0515313272734493,0.03775353173304055,0.0055900206911605466,0.8290912597315605,0.8184331322430262,0.9800796812749004,success,
PAT_466_903_893.png,0.636943000080461,0.2961205511034261,0.628947339252264,0.028363361481846865,0.11860500057583653,0.0849019012284783,0.024869672806052203,0.10544981318083405,0.07174385514392206,0.01972545620615386,0.054027227896854324,0.04560510420910224,0.7237257851922031,0.6064986282559592,0.974025974025974,success,
PAT_1132_508_325.png,0.6812861108064786,0.16037057353568598,0.6163110676098318,0.051390418259366175,0.04123319968965981,0.027279934294577392,0.04989964636187844,0.03719282784578748,0.024102931245682465,0.06120695599858305,0.00973267330577579,0.025301937869496194,0.6901608580865797,0.7643417675176132,0.9874476987447699,success,
PAT_300_648_84.png,0.6992236459690916,0.19449869607005726,0.5808698593095519,0.05760758732120705,0.08463432329371953,0.05004370909740349,0.05420636687409837,0.0844256690736965,0.05053773530325748,0.06300047174190324,0.006292123878010175,0.04887978888954514,0.8917767843409802,0.8525311975858175,0.9954954954954955,success,
PAT_82_125_365.png,0.6279739577183158,0.5916793428786686,0.5910337630168456,0.011022516931882947,0.14186542020875378,0.1753273747059859,0.009419017235124985,0.13340303068503293,0.17049901418656271,0.014831287251298874,0.06316264285526596,0.1484106281164429,0.9265249589289588,0.8601833565942362,0.9709302325581395,success,
PAT_478_916_806.png,0.6998289526649017,0.28757580970492774,0.651030323881971,0.014462419772501732,0.04701685919186063,0.08218679946677565,0.012286814863486335,0.04072651968471999,0.07521058809790711,0.01856136601949806,0.029850561721155966,0.042028212020326694,0.7094891540294221,0.7686793379511231,1.0,success,
PAT_1089_375_677.png,0.6571330435469933,0.30708871077299277,0.7586922066748177,0.00914459937302588,0.05112135175497699,0.045679558009309805,0.008483079138313424,0.04987100639442189,0.04316938628416605,0.011883080052370095,0.11649721429914334,0.0517680273148281,0.9126384997345911,0.8921174425013875,1.0,success,
PAT_76_1039_269.png,0.6412025500736822,0.21639591054653376,0.6085589179176955,0.05890928264395506,0.07761621503811612,0.0618329385222126,0.04170943131884588,0.06776987361739553,0.051203985536841086,0.02650785527321007,0.13015141334556068,0.05489593128656023,0.7435785581256751,0.5413726470240096,0.9285714285714286,success,
PAT_663_1254_732.png,0.6958257511284427,0.17899818513341292,0.5818281304696463,0.058330352160973105,0.12050641503446713,0.06313893854434435,0.04210418171431827,0.10863357803208636,0.04994983131233826,0.06106507505254828,0.021954297093835368,0.023509717743914527,0.8450540608511266,0.8377271086178195,1.0,success,
PAT_206_312_760.png,0.6440470681261612,0.22867668719523396,0.5042032154875736,0.09211264873327393,0.1152121633888299,0.0687555393645167,0.0948400722669149,0.10257350915350953,0.05452209493359631,0.019517613767511457,0.03764804321212056,0.026864512780387484,0.5853992365128059,0.49772606302737543,1.0,success,
PAT_1566_2435_150.png,0.6562750132302517,0.5369453089612648,0.7658906213605418,0.008376917049971247,0.06462434784257991,0.056960955536291415,0.008318440805534321,0.059131932014031705,0.04464663455666319,0.020452868942210815,0.04739506189614662,0.05410686077838123,0.770965703624342,0.752941278650313,0.9948979591836735,success,
PAT_1955_3947_778.png,0.5892708238453259,0.12767843218270677,0.998047823612453,0.028622043344535865,0.02288051309609861,0.0019611704600014553,0.02781483272319376,0.02369121763175734,9.465410984090125e-05,0.01732751520287855,0.0010411342883829555,2.6965766214082088e-05,0.3361849075405629,0.49692796814471735,0.8148148148148148,success,
PAT_1638_2878_536.png,0.6153051287319679,0.35689668654469064,0.5439448014260528,0.014102172233919474,0.07018052264402011,0.046143723888617386,0.01159073364073814,0.05706391559612933,0.03526694067387149,0.0028201885430804274,0.03276913544602211,0.0019149243700946617,0.5575115440954844,0.5302879179983637,0.9412903225806452,success,
PAT_1298_1051_831.png,0.6305145738772536,0.6050905926314704,0.6483583870519153,0.008833000848181569,0.14248777031396276,0.17371398337986735,0.007652538026526682,0.1366248006296364,0.1762457810862733,0.0160435755538256,0.010770341521844085,0.14443773768574597,0.9486187310633958,0.886612904411706,0.9905660377358491,success,
PAT_167_258_711.png,0.6470306939709473,0.703897982948506,0.6877793395798365,0.008454422142354283,0.19060992605843755,0.09638250864059338,0.008487998241216857,0.2046840625085182,0.0954401968387749,0.01304892903850643,0.37005890646515066,0.13459361716429785,0.6689611332890656,0.7642258799403017,1.0,success,
PAT_54_83_405.png,0.6602398611533569,0.5148817785562252,0.7049876985014537,0.008703833793684767,0.05824257518684108,0.01610354687691919,0.007356855421128988,0.05781112517901925,0.012662551242228391,0.008125580353571454,0.05947652534218667,0.0030621297856370244,0.27991107031666007,0.1741817697251804,0.9261363636363636,success,
PAT_997_14_40.png,0.6867835855002136,0.2859731890512795,0.8757573158259379,0.02257658190309294,0.0605699905774885,0.049814925675487294,0.019850907455648808,0.05466621050732652,0.03754241686601032,0.038961094102568934,0.003786331542389443,0.008329312162081215,0.4523364485981308,0.4858148562484505,0.971830985915493,success,
PAT_373_761_708.png,0.6404701918160445,0.5202440760768997,0.7016175573426614,0.009402081398827748,0.13916426370070734,0.09792716648190751,0.008217219418848554,0.12243570361659181,0.08393616955410588,0.010703987830265996,0.07590542513327397,0.07980730268821157,0.7683351195264189,0.8030501075257879,1.0,success,
PAT_1509_1741_810.png,0.6214631565825331,0.5730110316496694,0.48966755314820304,0.005825446361683259,0.049771061092850705,0.06264601461585338,0.0041840355091753885,0.04523944451420102,0.06504928929521084,0.006158801297901798,0.06017306985838311,0.10864228639233903,0.6600277908548766,0.6741034777271315,0.9823529411764705,success,
PAT_228_348_535.png,0.676233031958939,0.5473715246538554,0.48856666296008006,0.013672452982065174,0.15819859664828417,0.10917359082167452,0.012964908280336916,0.15053743453145,0.10128486086601213,0.020841151432595004,0.23063320782101066,0.14588910584201303,0.7733693961222867,0.7947564224004899,0.9798270893371758,success,
PAT_1871_3666_675.png,0.6171291154806267,0.29420041293751975,0.711515427185202,0.0137536827243227,0.0906541804359776,0.06162427775111554,0.012605589616815743,0.09293208074976894,0.05587135512334903,0.022308398191763244,0.17736455711835014,0.016587424306474308,0.7868890708895349,0.8077440865785848,0.9796954314720813,success,
PAT_547_1033_911.png,0.6506098355730728,0.1772132143455673,0.8302459659077306,0.017364878370532178,0.017809232822310086,0.046785211132589856,0.01639116201492297,0.014861356477056841,0.04560137471673789,0.013919136057899963,0.0019067208816654357,0.0023218626937340225,0.9188086125539325,0.8801859622758906,1.0,success,
PAT_56_86_479.png,0.6969782187939073,0.45336615937704605,0.8935527749523435,0.031434913401358996,0.11693853939743024,0.07695584486928103,0.024507987977331256,0.09313381027456934,0.06481006345644731,0.035225998692172786,0.10521078905597175,0.028789432744758536,0.7677903662679573,0.5564181608525199,0.9941690962099126,success,
PAT_699_1320_901.png,0.6815530913952503,0.4589509961287886,0.5407891837988892,0.04305375514584899,0.171813784469838,0.058182655589772966,0.037759512743017684,0.1724283399076597,0.053803829858168915,0.007191087240079873,0.059833736576746455,0.009006652604593324,0.8482979443773948,0.8140312286820975,1.0,success,
PAT_221_339_566.png,0.6236152593790776,0.41221207878904736,0.8551514948290845,0.010238300659402228,0.0736244339791797,0.048305400466707324,0.0065063606845336295,0.07572082887796565,0.05097336272458676,0.005412919588317698,0.050326581247917945,0.036946263208868735,0.5598725466404362,0.45181634567672857,0.8588957055214724,success,
PAT_803_1522_907.png,0.635727938318787,0.30558168683984854,0.6107968891742079,0.0193547108195588,0.0965311151285721,0.041529346222380505,0.017412328822901058,0.08657861205130299,0.034809442659657464,0.025172688566901434,0.008475749098156016,0.0034916532485234075,0.8538939584211167,0.8384550418580448,1.0,success,
PAT_115_175_206.png,0.656624159079654,0.7443737917433344,0.8035059016010284,0.024003571934308354,0.16090237527471868,0.12014330915069774,0.012811993954934538,0.10493663291305272,0.09140381949808654,0.02495315394402111,0.19910240464285855,0.15149542902710134,0.912623388575984,0.7289045937610434,0.8627450980392157,success,
PAT_759_1433_973.png,0.7663263629300049,0.23270425566276923,0.5817234743455783,0.16250590732568082,0.07878953511713878,0.08367356435369164,0.15132673374503078,0.07575769936839835,0.08124648505609561,0.113912904557006,0.11088208747381903,0.04593948272914361,0.8524356611744259,0.871312488899068,1.0,success,
PAT_782_1493_140.png,0.6830616122116345,0.19763414860633663,0.6495261896197165,0.025560868828570418,0.0870568337755937,0.03543481305458529,0.022246745217098116,0.07911692756849818,0.032562064697339466,0.015252251484967082,0.07939385455625624,0.01821568774230109,0.5306788749277564,0.5332357723695548,0.9955555555555555,success,
PAT_1942_3915_388.png,0.6344989723545377,0.59598728446925,0.5047912451920596,0.005292120381126305,0.08743140065431278,0.11938605642613413,0.00344056106983336,0.07866765483629866,0.11980529316556467,0.0008874117457910162,0.08740613582353896,0.17200715487750262,0.8262420356021922,0.77186847661859,0.9978070175438597,success,
PAT_1125_492_523.png,0.9463371383961563,0.11612831928262447,0.5612232010356478,0.3267216643817921,0.047238091574464014,0.09938686923906229,0.3302236421075978,0.04569966057637379,0.09235153763597066,0.20426491611847394,0.02254723951485378,0.06017594422326833,0.8878689975288854,0.8750568840519614,1.0,success,
PAT_256_394_449.png,0.662102131603261,0.4125414161602228,0.7042823703204854,0.02094615920024421,0.08822152613086431,0.05221221736225963,0.020381402384522487,0.0915356070630928,0.0603278001256537,0.03332549416313147,0.09078203591377848,0.01882670178489665,0.31924480478386696,0.1081931255419436,0.6666666666666666,success,
PAT_385_783_574.png,0.6940310723304814,0.3259173073468559,0.6497754696284108,0.02377060997728585,0.07200865431904777,0.06021520759687752,0.024585949688511688,0.07015649700947457,0.06259463259174797,0.03211844686468505,0.05340407462901958,0.014566485659836093,0.8253136680626707,0.7500211310787761,1.0,success,
PAT_721_1365_142.png,0.7058086666912587,0.20678314368055856,0.5864457307745794,0.08464412393838765,0.08906859478045423,0.0735662681840168,0.04394998515805003,0.08193049323198406,0.06605182326608694,0.05775774826615129,0.0661702716374386,0.005003248586971543,0.8097895933541845,0.8264901571667606,0.9728,success,
PAT_940_1774_962.png,0.6488018645300802,0.49697248198872257,0.6751180568374776,0.013027761335880284,0.08561815133073544,0.08136995033102057,0.009453171064999197,0.06863504695049345,0.07308569839195761,0.003086732832694218,0.004975533445346236,0.048052266150907075,0.5879514667373781,0.5588086882685636,0.9076923076923077,success,
PAT_316_674_924.png,0.6631843280952474,0.33122755338654886,0.6549183602547195,0.03188424939448363,0.11426892940604663,0.1623412906430161,0.024977025349689555,0.09870693001012212,0.15223946036471975,0.02451674155725772,0.021317505246001456,0.07523884772139555,0.6103484886490986,0.5387366920072287,1.0,success,
PAT_1094_381_446.png,0.6178389731564798,0.5452494560445853,0.8497569696275655,0.00557463260510227,0.027221570083058578,0.0345637999482323,0.004852044654181508,0.02176585896929421,0.03211218518885522,0.00969951415966419,0.01039014801303062,0.006849030745128437,0.5974771661610772,0.6208162548942145,0.8135593220338984,success,
PAT_412_818_61.png,0.6360359540064424,0.43592319313806716,0.8505484672742336,0.021335644205809925,0.14953915605231832,0.0775953705212314,0.00966449805281422,0.12330565764949361,0.04194647287546127,0.010327504732133343,0.08015293851126415,0.03217145952402034,0.7960635957515407,0.7724098553904869,0.9784615384615385,success,
PAT_359_740_46.png,0.7679338822505509,0.12146010605500061,0.7366510835323267,0.15908094117493218,0.043640849839353374,0.051494452862173606,0.15782756075119445,0.041189117187031825,0.0487944512095272,0.13147150738240312,0.023383047583497116,0.047495429651043586,0.8732923766205741,0.8738631883170409,0.9935897435897436,success,
PAT_842_1606_720.png,0.6277841872838561,0.531921753103863,0.6701324296908071,0.01631806860915088,0.07253064456930203,0.07024731811492461,0.014587318328975299,0.0613520633061469,0.06474684946036047,0.023991217275691274,0.052469318744648774,0.03840418365480791,0.6943522723674485,0.7391298493335657,0.9590488771466315,success,
PAT_1082_342_705.png,0.6124100808712273,0.41826813644197314,0.5400204858062627,0.011560888258907512,0.05888075890392914,0.04493462113170657,0.01071242036942423,0.05822506076776049,0.04090965009940461,0.0012789883814778118,0.06297441582755342,0.018511440199069584,0.8455369669235668,0.8225378395245532,0.984375,success,
PAT_1821_3575_920.png,0.5779218625130379,0.2287086012081935,0.485803111922525,0.06487079333008917,0.09409528800479228,0.04757750662435747,0.055714565675992325,0.09744052000685327,0.043125377775842855,0.010746206970575795,0.1389262153157423,0.010095348576258045,0.7262560142855496,0.5452843811087652,0.8414239482200647,success,
PAT_526_991_109.png,0.7355972194837057,0.21109289435858752,0.49714459752696843,0.07132668878816764,0.10050252790830554,0.11462108919602772,0.061954134893624925,0.09046626826026752,0.11085409895392913,0.056260719318372704,0.07363317846400486,0.11553021331580599,0.903887520426304,0.8278592091089816,0.9323943661971831,success,
PAT_1460_1598_959.png,0.6293764254289399,0.17392935170239124,0.6319553536794424,0.018060821755211846,0.05682591474091529,0.04451312585601956,0.012708049392155208,0.04991969809160175,0.036900438581363854,0.004816832873365229,0.020853479090451266,0.0450158008389373,0.8546312200930657,0.8306941320819285,0.9957627118644068,success,
PAT_880_1673_410.png,0.5707985809218449,0.25082899647794776,0.9611918204279031,0.022494773976904782,0.09264265101061661,0.0376184927967086,0.022100393184162744,0.09170093408621152,0.03635927892151837,0.00869442127030611,0.07161973555090706,0.021307007736185546,0.8265581064764951,0.7899954774582444,1.0,success,
PAT_730_1383_535.png,0.6881100320693986,0.2400532461624008,0.47855786026814046,0.090577945454845,0.0902170129579066,0.056594503300699955,0.08110677999212332,0.07982232000958707,0.05498500229571505,0.02433965020497908,0.021451448141508178,0.011129773450302027,0.8225977523554435,0.8286450904110849,0.971830985915493,success,
PAT_948_1801_993.png,0.6289706427817738,0.4314795952799971,0.544057063651513,0.054013849339998976,0.13494877416830298,0.2512883073192761,0.031109220112142958,0.1120962710803494,0.23647381025251127,0.011648328520558238,0.009882179120588086,0.22181660087250166,0.7920199888418875,0.8180967833268546,0.9271255060728745,success,
PAT_962_1823_857.png,0.6360083903734631,0.20174309974173626,0.661469470054394,0.06916268954990666,0.11409941941542827,0.06435807243459164,0.051380211723081194,0.1015121659738314,0.05602667140027451,0.03529984737247492,0.016029757165648584,0.0006264345251706382,0.8415463255471981,0.7982022188413259,0.9329608938547486,success,
PAT_21_982_266.png,0.656044388604511,0.35966868053624546,0.6938155064346323,0.013182084358346594,0.046060229443065086,0.0410961660344447,0.0116658118958382,0.04229868219319239,0.03696426798512497,0.006966843742362982,0.0591496737792086,0.03876418929143821,0.8271779681133102,0.7982275334303417,0.9934640522875817,success,
PAT_257_395_866.png,0.6237261812931413,0.6156839320819946,0.38136185308086096,0.03041452397619409,0.17508961859949582,0.08182667002913672,0.027901031427780457,0.16299103842914436,0.0764150243455417,0.006385010534927223,0.1616735695661462,0.06379185658956488,0.9173405290812144,0.8890993839899733,1.0,success,
PAT_1217_762_198.png,0.6194567559333699,0.7097162770523923,0.4915689265790221,0.008737073504614404,0.07169750179471512,0.060234099043731,0.009948772955404458,0.06572408309038705,0.06258755563334963,0.023488065815845654,0.12140131718073288,0.1441703562978746,0.8784450326854498,0.8673621844893308,0.9886792452830189,success,
PAT_397_798_482.png,0.7619585693426739,0.18721218332482406,0.6350359407272519,0.042134442834713674,0.03684139855448005,0.0846578258014351,0.03516571204494818,0.03142961900013191,0.08170103218778299,0.04391514668508007,0.026440495105770456,0.012490131451173614,0.7996377004341029,0.8351924012750849,0.9877300613496932,success,
PAT_1481_1674_735.png,0.6349238185215518,0.45061840737385317,0.5481446442554124,0.01349741807450318,0.05120621315212539,0.05905193340304832,0.012283873168895124,0.04744391367352416,0.05482230768691957,0.003769731562020616,0.0611886732160391,0.05996576972149903,0.756636378007732,0.7769514635067507,0.9819004524886877,success,
PAT_665_1262_774.png,0.6506386822893594,0.3420216127290362,0.37168177746961495,0.028538273965314564,0.14201172840149262,0.11227498644530175,0.026409296800846395,0.13531417564890497,0.11538477244943288,0.041517901627049346,0.1919909480025728,0.12513374498389407,0.9031981047564437,0.8272866724879215,0.9483146067415731,success,
PAT_976_1837_861.png,0.6434648843425516,0.4577444360643886,0.35988863947065813,0.024667825352900043,0.13061688432486782,0.11264865410237787,0.019582364174950954,0.11610919366992,0.11353887667273486,0.007915373432179488,0.08911507708758348,0.23724427791945718,0.7867008675911629,0.784976143649373,1.0,success,
PAT_827_1600_1000.png,0.647942157517015,0.4966643964247626,0.5756645297482355,0.01317754987546897,0.10668717003022192,0.07235321220512543,0.010487103662201066,0.0952941869595685,0.06239699241367043,0.015026633761935512,0.01614622463501275,0.04421343055905014,0.8306310404679846,0.8375937561557099,0.9666666666666667,success,
PAT_1764_3335_366.png,0.6111798514230838,0.30754129336503894,0.6489515528547065,0.01124077845673336,0.09954218003966787,0.11191815420396305,0.008383372242462335,0.09582806297842623,0.10293570223738957,0.009089770579897226,0.044943958394738026,0.09463392532713966,0.6476671510203243,0.684910934598464,0.8099173553719008,success,
PAT_645_1223_124.png,0.8147248710741664,0.14856695458566652,0.62893535278241,0.26025731504411487,0.06871876961972426,0.08057130665294285,0.21016313864284966,0.06125372293158171,0.06929488459399809,0.07995186014076552,0.03812656398364049,0.05789687019469669,0.7014563412594231,0.7029809117765244,0.7705882352941177,success,
PAT_185_285_862.png,0.7462080385818695,0.2824550382479527,0.6387806202485821,0.04195521216436571,0.10163984266813494,0.036044330550094164,0.03879176832127797,0.09487996306151242,0.025584100937679904,0.0140163012525139,0.09182452678410791,0.008330400085477474,0.7483275824509964,0.7432869062950743,0.9373040752351097,success,
PAT_1333_1177_261.png,0.6638329147908745,0.15786579915109877,0.4574097041399626,0.04999258418395198,0.04465716675707127,0.0473394768950957,0.04825697272563545,0.039880749880232755,0.04647898348291608,0.0649502079738158,0.005794393751854587,0.10122239380280662,0.8769276464897585,0.8524452582223859,0.981081081081081,success,
PAT_1461_1600_867.png,0.5697361068972946,0.1373740159214384,0.43691745496149653,0.13652960356811536,0.09150077110891823,0.08929665677647733,0.11981813414434447,0.0851692400938127,0.08849508947670606,0.10774435822422303,0.06701079717265497,0.11041336088568937,0.9000613589416715,0.8510203322830825,1.0,success,
PAT_1658_2933_322.png,0.6139453793286229,0.47303437347926897,0.597755020628956,0.006244230039634419,0.05184415939598985,0.023156031852589562,0.0063056365157520946,0.05565579006277242,0.02236229857978776,0.0135792104237137,0.10403682597479424,0.037126172730316376,0.769438248024374,0.7192059865825854,0.9461883408071748,success,
PAT_1013_82_876.png,0.6960348904176505,0.17695146999959835,0.6480576266672523,0.04853122625751495,0.03677435141116993,0.06766066034294009,0.045577252736401244,0.03143921854020987,0.060607098807574304,0.03056570442863694,0.0009514973014424222,0.007730278957098213,0.9090660037483809,0.8796655970556689,0.9916666666666667,success,
PAT_2066_4417_201.png,0.6331541466728569,0.3056068520614831,0.39810499598009313,0.016870227322548136,0.10245196519037549,0.12750622270913345,0.015204261832503825,0.09670481853285043,0.1230122328520694,0.005659184149436274,0.09492384510846008,0.16202933181989548,0.9136330323669088,0.8087060612879149,0.9781021897810219,success,
PAT_1593_2651_122.png,0.6470883679899293,0.4410858879294361,0.679131005642073,0.014506098451149082,0.09440175958669123,0.1312176548162352,0.0120594986203909,0.09105191149424777,0.1309919372664614,0.0024301399601055905,0.017600790791223175,0.03539435436829785,0.9247204687825112,0.8456621729165201,0.994413407821229,success,
PAT_375_763_732.png,0.7122968403989224,0.18374322593358952,0.9040279830525175,0.019472373366230367,0.005426473302699593,0.02692757702683392,0.018700503571817437,0.003263978109043635,0.02889969787858217,0.007882677714212763,0.00199489130283384,0.035066890762198266,0.8738674770527513,0.7837116205092697,0.9876543209876543,success,
PAT_495_941_26.png,0.6323112931124583,0.5737218738369079,0.5726520225227412,0.006393523265598269,0.05609250781383309,0.1302832322222982,0.0041480454247355995,0.039664293849958114,0.12874969633485622,0.005723505499920299,0.010157941914332058,0.1797597505597771,0.7612466885710689,0.664019941853211,0.9576837416481069,success,
PAT_535_1012_145.png,0.6719899850816297,0.33993838838455376,0.8486111847804947,0.017194496246367496,0.085991801526049,0.05414169065421536,0.007143680421326769,0.06687602647586931,0.032838742125350616,0.01328900149915771,0.028441007798506168,0.011008230149992415,0.7287703054914418,0.7283232830661155,0.8545454545454545,success,
PAT_1583_2607_628.png,0.6363640615879793,0.28543352096430946,0.5413955764575922,0.008792792726505757,0.03707014752920382,0.04675193865438882,0.006992555998866655,0.034699894964936445,0.04067622324154205,0.007283578255647506,0.027561335749251126,0.05402499852280751,0.7678631169544567,0.7043053628775151,0.9025974025974026,success,
PAT_121_184_502.png,0.6172671327034152,0.6432117572354586,0.8920148237434293,0.010409005246247006,0.08016285293074374,0.05290525928646187,0.00934437222586923,0.07057001904879869,0.043724886700726454,0.0114118405674073,0.010421595394412564,0.01624841548336098,0.8548370830053815,0.8633784043422013,0.9771428571428571,success,
PAT_614_1166_885.png,0.6602187916854731,0.2943682726984459,0.35398226052432,0.13899512558544053,0.13277008319612804,0.16313109407577123,0.05855745930934284,0.09248990666151463,0.1599203127177966,0.02996078281779633,0.08500401993167003,0.2405436795275111,0.6057782834473416,0.49349194735720836,0.8913443830570903,success,
PAT_524_987_738.png,0.6587321776436016,0.5129670290753267,0.8023002473114471,0.011049493497295466,0.11061501178995935,0.05325603535740222,0.008895686117956932,0.10545353485670356,0.04128742863983861,0.012388458642423059,0.008234301899113894,0.02011897176202737,0.9119412310423234,0.8600840601747964,0.9961089494163424,success,
PAT_381_775_566.png,0.6288861763662729,0.5448727406395308,0.4805622668813618,0.012477178623644633,0.14560872174462766,0.12270675533735165,0.008939100097493461,0.09543652636908204,0.08655167464977068,0.01615588790539017,0.13707161590435973,0.1498013814858517,0.9484967057877217,0.8812686920305014,1.0,success,
PAT_1774_3352_474.png,0.7150068883805116,0.09952964669887852,0.6489263346658842,0.2737588789758752,0.05855274901643424,0.08901960037623285,0.27982881618987643,0.050171288242176565,0.08176388333963243,0.0596549603756873,0.03001587168325083,0.004927216460154371,0.7616773430078047,0.7900344696068111,0.9880597014925373,success,
PAT_375_763_980.png,0.6406000406674505,0.519106240348168,0.7109823225232814,0.006858301650134308,0.04243031692399582,0.029756128938697963,0.005491376179231411,0.03576316849667287,0.023199684971516227,0.006646996317483832,0.0008502528320543101,0.024092947396067932,0.8059651117358492,0.8126907495200659,0.9337748344370861,success,
PAT_79_120_739.png,0.625457226425975,0.49962474509279015,0.5854536101684683,0.006251054348411266,0.06808043087643778,0.02187892551710648,0.005354221653861512,0.0629338279081878,0.01367967846660708,0.0009665683848344504,0.057427739792667465,0.008376185398227154,0.6240201592493173,0.4905806398701104,0.9601593625498008,success,
PAT_587_3431_6.png,0.6226808258073757,0.2643936860755511,0.5890386316746795,0.013747257830124817,0.06263283863345848,0.0666802670389194,0.010909875173315231,0.05441193380441195,0.05446185891032582,0.0014864606489584592,0.02533110613027817,0.009874727888799062,0.6715704188298579,0.6657078418736609,0.9924924924924925,success,
PAT_666_1268_870.png,0.832994214044625,0.1671284750837313,0.6428179529923592,0.08664254407284691,0.05566835945993741,0.04880816327408343,0.05761964227393704,0.05005630135774829,0.036059654120873336,0.01937855269146572,0.07102814867933344,0.004422767724719945,0.6966041299587691,0.5486163853777484,0.9977220956719818,success,
PAT_691_3994_671.png,0.6140951248521641,0.1737385431699525,0.5956519748548036,0.1629646689140466,0.11348600060719666,0.12579409707347539,0.12337110944606906,0.08434494523216228,0.10318648872894821,0.014438711162928542,0.010073073032986768,0.00481102861637106,0.9006193530135793,0.8190080894076526,0.9691067830758898,success,
PAT_364_749_377.png,0.7314992762873542,0.15266337955200301,0.647625519034895,0.07396850189788683,0.03055187809683791,0.07073693475530901,0.04892210608856422,0.022515184936221223,0.06354315915624958,0.030511337510327665,0.03330133654901543,0.029625139234905173,0.8368738593659572,0.8061043991339527,0.96875,success,
PAT_576_1089_435.png,0.7344240607924374,0.23606407862605225,0.5343289052070264,0.05179666396207033,0.08464841380388632,0.07162941822855504,0.05442217664132303,0.0806358583237105,0.06397431891106198,0.05942509500006455,0.007439068307079355,0.012984244333341333,0.6541951949115332,0.699859115297107,0.988135593220339,success,
PAT_952_1807_58.png,0.742199402299093,0.24181727429052843,0.574102028490423,0.08340603498595746,0.09876186030295654,0.06846638057703887,0.08230965593292594,0.09931066146234664,0.06530005888830943,0.02139949138789395,0.09148917414474958,0.015025916887449031,0.9337119844575276,0.8904887842569223,1.0,success,
PAT_485_928_796.png,0.6225477261836538,0.5395416301704279,0.5185273633894191,0.010582583673180143,0.07264120929931683,0.061905798981125484,0.007622725210517966,0.051898126432330105,0.0545550346442476,0.006099021624002414,0.022208304401484136,0.013856260841968004,0.6203028859279341,0.6829378326868809,0.6796714579055442,success,
PAT_39_55_233.png,0.7141876259201337,0.2402787282773127,0.37661762836728135,0.10725134306869713,0.10881389370176502,0.09014697662181193,0.09581787694357881,0.09689043217871822,0.07935366458413123,0.0675228217714031,0.013364722818442837,0.06833083172812937,0.9423377425601365,0.8901009926088668,1.0,success,
PAT_340_714_68.png,0.11258476618924614,0.4496115501113579,0.4057082628593586,0.18544620805286158,0.20943874766627313,0.13255978619375655,0.2554497537017481,0.21625561574385208,0.12187283016860014,0.4942580848210703,0.35669965013206456,0.1788899902243461,0.8725250044256272,0.6788302020558252,0.9818799546998868,success,
PAT_1981_4023_673.png,0.694628907663937,0.25679126747411446,0.6171799406982006,0.0522274866537815,0.13889470422285446,0.1974446897912454,0.050492659575086946,0.12106447745052464,0.1851988816827679,0.00901439747430675,0.030679331157543205,0.03051962683004461,0.784367693941801,0.650705743549523,0.9125230202578268,success,
PAT_315_673_227.png,0.6643148880315521,0.2419269235315166,0.695307199976685,0.021208368947745294,0.09867247579576956,0.06341681098367818,0.016514086290963143,0.08519016761586569,0.04792318785039969,0.010204741447495596,0.0053244581393992185,0.005060634631987249,0.778886763192604,0.8092417602567559,0.9738372093023255,success,
PAT_59_94_849.png,0.6087034487700173,0.522351656219407,0.6808468554651073,0.009864408409165908,0.09661712619863762,0.06802749378037867,0.008698061783122529,0.08701117088175356,0.05370499070407653,0.004557216697802838,0.09563056829217464,0.013811289746183397,0.884904307478016,0.760550790953239,0.9746588693957114,success,
PAT_1324_1145_309.png,0.6027514707466998,0.6080179044163736,0.6117322596582823,0.006885693514880094,0.03895742069130673,0.018913716953387744,0.006719501058057645,0.03626595966226706,0.014037536086050099,0.011777736274069639,0.03509011548231533,0.006120510092415654,0.6716225307057664,0.7302499535342052,1.0,success,
PAT_1914_3822_863.png,0.5869786422964381,0.13439276485788113,0.5519167046663627,0.14146800201587448,0.08647707644214037,0.06106290803215293,0.11322667631258211,0.08456824367601143,0.06033564328208571,0.017367870527429514,0.15315069859697064,0.1108011725302907,0.8547013743390203,0.8402356289996746,1.0,success,
PAT_672_1272_705.png,0.6950331462950308,0.230473537107384,0.3443575744101946,0.10477714078913626,0.11864683151449627,0.14066848808425517,0.052161067970728114,0.09660993131663927,0.1198633663940313,0.06067430765909331,0.13557060797052417,0.23416982878157738,0.7913499981489126,0.836267421098404,0.9654471544715447,success,
PAT_2122_4642_680.png,0.6248053127306932,0.44498138965487394,0.7295897126981967,0.005414192990418589,0.06523182015115607,0.0921813344817602,0.003444327936948585,0.05851799259527199,0.08563934183632839,3.4949436832615924e-05,0.02569243260712617,0.013946758376887525,0.6547717614405293,0.7010083375236692,0.9924528301886792,success,
PAT_886_1684_297.png,0.6081849990397092,0.2727183648340023,0.7687877273668317,0.03034074526847001,0.11140001958340455,0.0927653208476845,0.029601283039447892,0.11284327440367073,0.09498012895385617,0.03405706120672573,0.13043646303182244,0.11765083966113077,0.868419966716649,0.8769270134920236,1.0,success,
PAT_270_1386_755.png,0.6324701305184317,0.24329373829338263,0.7242340181098272,0.03946594086944716,0.09489270125199281,0.036186286895268586,0.03468000443083396,0.08869476073848546,0.030542413348721938,0.02867558666095983,0.03794170927114843,0.011872870860862972,0.7641120899434232,0.7456416922989925,1.0,success,
PAT_908_1726_939.png,0.6490694313717589,0.5345252497719815,0.8222766438007509,0.005541196863481813,0.03652240857088106,0.05940635554575159,0.005475347595297225,0.03446369989587465,0.05995343279774723,0.016843532356890182,0.062386735854371156,0.054500868034119465,0.838019163166304,0.8088245211421632,1.0,success,
PAT_666_1271_645.png,0.7829359714219499,0.21016473187755147,0.6156529681617207,0.03959264433044363,0.056984376735570136,0.02326017854350472,0.04048637718330271,0.05889660017439652,0.017140715825365273,0.07313710121566888,0.10204648197206556,0.01187004729772001,0.8666521956107613,0.7994931879026848,0.9941002949852508,success,
PAT_115_1138_870.png,0.6283841060665326,0.506835265021095,0.6160750367748089,0.009276798945584242,0.08794095516004861,0.14591484868840585,0.007127608199194956,0.0791782136385427,0.13765341504684125,0.0038488749733374228,0.008616777626136995,0.1365116706354279,0.7804581897446099,0.7612783700054366,0.9302325581395349,success,
PAT_585_1130_474.png,0.9632548513210006,0.12699142423204177,0.5605156711037018,0.32410960177686193,0.058739885975884726,0.11327460364474276,0.33832626918217784,0.05561787898782146,0.10204406211907167,0.19865958297275987,0.0010193987989409459,0.035327202615988984,0.930365947432745,0.9040248858202824,1.0,success,
PAT_464_1794_78.png,0.6495956511629477,0.44768723214952766,0.7996987000550133,0.01050658523618087,0.07556938644531089,0.07225502474488031,0.00887610069089956,0.056880243941289446,0.051038480921738384,0.011389045120147046,0.034962861626768094,0.03738069601876892,0.7796560905826688,0.7534808778190151,1.0,success,
PAT_587_1117_880.png,0.636304032272305,0.497422584682466,0.764872219306391,0.014816650319145398,0.1279018368559441,0.05853364994708638,0.01198918566873175,0.11145848277010194,0.044854572690514655,0.01990318197727324,0.00197653886380067,0.0011548756353982892,0.7556636473990126,0.8245064755744329,0.9921465968586387,success,
PAT_500_947_77.png,0.6660798402215277,0.6193186931149862,0.6584128724291115,0.009401176028284568,0.11625370702141036,0.06287840936021252,0.009196516318864447,0.11214908778773446,0.054885222056963674,0.010839231906055128,0.19303422323577324,0.06592431832321177,0.8115052932059235,0.7868462952945461,1.0,success,
PAT_2011_4140_988.png,0.6612623145577021,0.2108076453591681,0.7845195383117786,0.07152063731087528,0.07237973081626657,0.14311510706682873,0.07628600827345758,0.08089529632460742,0.15858095517016008,0.05783825471596502,0.059251225266744395,0.10489756622430468,0.5287368306373965,0.570992797353197,0.9538461538461539,success,
PAT_600_1141_542.png,0.7118731631871428,0.32717955051840264,0.6023890534066948,0.12020232394412136,0.1480553758260374,0.1592850442827072,0.1072475368009556,0.13770977162873702,0.1537580027980949,0.013122566821082494,0.04222393643197203,0.10860733718934468,0.8698558938949978,0.8714318367649369,1.0,success,
PAT_1661_2956_357.png,0.6296912292642486,0.49960999424811664,0.8523033253368125,0.009184948427200714,0.07097866237856613,0.0510402615304447,0.00805378997866503,0.0626177765240103,0.03357221144645371,0.0015594394033411638,0.009134242819018368,0.021113397674231038,0.47898903775883067,0.598943185432013,0.8787878787878788,success,
PAT_1682_3050_600.png,0.5945312049512607,0.2745149788322147,0.507236659067017,0.009834817504814275,0.05168518460657607,0.0737872215963475,0.008399718469830866,0.03989058623639092,0.0648738082951622,0.013696868086338299,0.0314939848017633,0.10427744436821962,0.909551276286417,0.8621475781674252,0.9911699779249448,success,
PAT_832_1569_413.png,0.7762168145639123,0.29284042217491524,0.5616451069365817,0.16484162663199303,0.1181567372913961,0.09436555860585676,0.10096099856560271,0.09931839346788979,0.08525484638457298,0.025680067098103936,0.03717651709509445,0.02240216866286726,0.778252438321446,0.6686312189752494,0.9956304619225967,success,
PAT_131_197_974.png,0.6470058713184226,0.1747392245331901,0.9085795460486655,0.023319346973155512,0.03554171287202521,0.06523603283678993,0.02209537088723052,0.032679232050785365,0.06672903395094222,0.008502069555272919,0.005728226817882598,0.05968423203010598,0.8687535364985371,0.8424479155234086,1.0,success,
PAT_270_1382_561.png,0.966715235949614,0.16330243290549365,0.21420102507620442,0.33757462281889483,0.07598698952302836,0.09730212959245323,0.3486038838439605,0.064430157032473,0.11458356573811432,0.3375033466714309,0.06645939884345861,0.2331959600901406,0.7566610907124977,0.8181693393328534,0.96875,success,
PAT_170_264_785.png,0.6303561577707477,0.5240449179951076,0.6937909408809574,0.005394398294395644,0.05314860562722121,0.043297084729080094,0.004512434283736658,0.05008566113585593,0.0383364602386509,0.0039591826705097964,0.02287266948835842,0.006637476211021953,0.866238113666945,0.8666941488451078,1.0,success,
PAT_1364_1246_420.png,0.5761417471511131,0.4662182919208277,0.635559271153251,0.007129694453135675,0.07973042846016182,0.05043002033775684,0.0063556342826305585,0.0760655201664919,0.043238897778538773,0.0051689568725298805,0.15031298117048214,0.06875703123389276,0.9169200002413762,0.8671443394410168,1.0,success,
PAT_192_295_164.png,0.6229773281617367,0.4998691427140939,0.795524480017992,0.009450362812527925,0.053636197556639634,0.06530914530890175,0.009235247901557301,0.047155971554787485,0.06296493483984009,0.015373416963980605,0.020769349047414842,0.015370001698239877,0.92505630870935,0.8908864177838535,1.0,success,
PAT_93_142_269.png,0.6155267643299175,0.17469783703452746,0.6142264237248086,0.01654143395763754,0.012268868351875798,0.0441942113885013,0.01449279781461586,0.009811422471468122,0.04458424038820713,0.0038679767969483692,0.006360698408026638,0.011842609655467684,0.9422086186171086,0.8917405983756845,1.0,success,
PAT_831_1570_991.png,0.6518265790031879,0.12785732901873273,0.7325294142106246,0.20493095341829956,0.07204216812171607,0.09635901137942553,0.18032380025030512,0.07280728769956331,0.08208805688195839,0.01328220879264145,0.11258503053437535,0.0774269625970333,0.8739364704833945,0.8541712373726187,0.9984544049459042,success,
PAT_840_1595_981.png,0.6572072059856844,0.427690181326387,0.4899685273218918,0.08785401782395404,0.1468665129259094,0.08054492374404894,0.060184268074514366,0.1313106195017257,0.056262962891972745,0.005549350172917952,0.1344407428159201,0.00016517724388331878,0.817631155104023,0.8223423982532279,0.9789719626168224,success,
PAT_792_1498_936.png,0.8246631607004764,0.055891731346661526,0.6176745739801177,0.3276715333351048,0.044058062854432554,0.09031976382600841,0.3085752791779493,0.04024957784989577,0.08335461885939859,0.07614701069387987,0.010640645974425898,0.01071195551957449,0.7617442830265531,0.7258651481029147,0.9270833333333334,success,
PAT_2155_4784_483.png,0.5862656757580093,0.4892720338418493,0.5444390780094597,0.007869408205095714,0.04388319039828393,0.08414063252921877,0.006496544892412127,0.03373924833944762,0.08156350876372243,0.0033420592801070214,0.026010131112687962,0.12301759406430457,0.8831730266771791,0.8667166822868855,1.0,success,
PAT_291_446_704.png,0.6647192348728462,0.36509194613059953,0.5921092993768189,0.043426367118592206,0.13077075880851796,0.08896108355888772,0.012806739778394253,0.09565890641925612,0.03964200137924462,0.016103048218197576,0.002480422345862876,0.0011717086021467704,0.8253695915869033,0.7732517502837393,1.0,success,
PAT_1392_1353_161.png,0.6373288016856012,0.4326170962051596,0.7408162186602475,0.027281337659615826,0.07700910644424747,0.06863045185998541,0.02590504513269141,0.0686040066486762,0.06544600129716059,0.01445072268726406,0.014219169618004401,0.015047451024870706,0.8876139658897026,0.8749383528643923,1.0,success,
PAT_939_1791_329.png,0.28145457229257465,0.10570815063835312,0.2959450065262838,0.1925591696902124,0.04803677781018655,0.05555972342037509,0.17997864569296187,0.035009876859371174,0.05829465764151323,0.27685323974969445,0.015336693709779442,0.11038924456158683,0.5606809920339852,0.4580634228376033,0.9962121212121212,success,
PAT_1057_242_297.png,0.6217325016286315,0.3500822953243765,0.5284226091546246,0.01583162591997681,0.05602981549532276,0.032746923683932457,0.014547326376404237,0.05319603696180678,0.029194188580569522,0.024017192628318026,0.006677819189748746,0.0009305095033068644,0.821464635384981,0.8519291119701118,1.0,success,
PAT_1760_3326_525.png,0.6405413193875352,0.44387409251916293,0.6685805507427902,0.014052526667056486,0.10188792117922144,0.06091654133758326,0.012747871136161411,0.08678089350803908,0.04014795635294623,0.00997375827034972,0.020374138546963738,0.017266002797770463,0.6429271555795232,0.7658744044704429,0.9129353233830846,success,
PAT_346_720_265.png,0.6951298673848125,0.29858918193910383,0.5382938754238558,0.02930119139172375,0.13569036648321245,0.05062753117225041,0.02874554187727422,0.12586154010973633,0.05114582094368686,0.0014264592529484174,0.07296040582264351,0.0010755569667162401,0.9186734712688525,0.8840140264087777,1.0,success,
PAT_838_1587_73.png,0.6460369477379132,0.4949002407980736,0.8225602656717207,0.009158612369343913,0.09028345798542535,0.06571155504713158,0.007381733415634377,0.08250121155432397,0.060506781127317166,0.0017835849094223497,0.03582772855058536,0.0013492828220063036,0.7243671738061132,0.7571104316927629,0.9603960396039604,success,
PAT_738_1397_966.png,0.686418024679225,0.42462609210721164,0.9253913293438211,0.0159060498492993,0.11195687069269182,0.05921088706299086,0.012630626976935394,0.1020015362778847,0.04443147881510569,0.013911006053448303,0.05565661350351986,0.02716604513726295,0.9538300512925454,0.8906777748354782,1.0,success,
PAT_372_760_267.png,0.6290260542267718,0.6669068193256305,0.5624376382695025,0.017111241758666258,0.14409429457553333,0.1394068318622481,0.015088810080683695,0.12604014810119005,0.13387422992630385,0.01003873996287115,0.12851868988349757,0.11859821702860274,0.5250558045596341,0.3414253344038757,0.9985358711566618,success,
PAT_1922_3848_451.png,0.4891283271589174,0.14571605146356537,0.5646018888481288,0.089174949937727,0.06159630531346046,0.1182461820151515,0.07824129663375608,0.05392580158372908,0.10799428366856348,0.0643018420394777,0.024804436078607106,0.08220464917967618,0.9380365105908584,0.887048724169967,1.0,success,
PAT_286_1458_381.png,0.603460931456437,0.5821503345439027,0.6898793867293711,0.009828075785297184,0.045330373194449415,0.06606323647069279,0.009120090105555971,0.03861772473983422,0.06773155260357164,0.0031648514837199415,0.04080437638248857,0.06111832579236687,0.554022708180945,0.5242567043614198,0.9608695652173913,success,
PAT_161_250_338.png,0.6962091837046513,0.17814328304213226,0.6918545844980961,0.018215007887422717,0.009565624129467168,0.03279748396537033,0.018278152602223575,0.00797432682532833,0.030045592277069353,0.0024998434301514135,0.002835548088797102,0.006837854372331753,0.8241413242325669,0.6676360875344247,0.9121621621621622,success,
PAT_349_724_750.png,0.6437251885684993,0.3068030072605033,0.8996266385154007,0.019885755557997674,0.08016785050026434,0.03929186844267843,0.018904009180877868,0.06933317166876274,0.02480784810306672,0.032142483334188655,0.009329117070698223,0.0011229063650014526,0.7720888180910972,0.7906107430985944,0.9539641943734015,success,
PAT_522_986_305.png,0.7345274862320956,0.2882609100647385,0.6278210143915048,0.047322278832266335,0.10892447270675494,0.07349466873020905,0.04337285793195509,0.10852049923022793,0.07015147915597864,0.08009109225403985,0.060940941937871695,0.049493767262286714,0.8898191400348694,0.8445469551413275,1.0,success,
PAT_793_1512_513.png,0.6019236539010727,0.45309865070848565,0.7640163203272378,0.00787354369644787,0.08169332250453323,0.07906119355554479,0.006857536893408357,0.07744263853327575,0.06928059014342051,0.01605461800565027,0.13147950523370183,0.08018951921381878,0.693759555729702,0.673614534847451,1.0,success,
PAT_462_896_893.png,0.6804623632563601,0.4527702739952588,0.47499833903715044,0.022970051121107355,0.12560297633974396,0.08531352950774206,0.01981393709947875,0.10436107240536795,0.06561272888655337,0.00805301344846904,0.04691406484493199,0.07594152453564412,0.7827690220582368,0.6907694254497941,0.8888888888888888,success,
PAT_895_1699_872.png,0.6039621937963607,0.5483872414279432,0.6326980811442828,0.008864724716292054,0.054002675605720404,0.10185290273961906,0.008606856813401375,0.0441457833275709,0.09941150778967667,0.012140345481595224,0.05426106844765405,0.1327146237812722,0.7778051730687998,0.735504552117143,0.9944903581267218,success,
PAT_545_1030_854.png,0.6684703689206615,0.313269626224749,0.564262826214313,0.0158314753461965,0.11438848444088708,0.042021876235316426,0.015695655117529267,0.11569286955622259,0.03719825000108431,0.03330832020749265,0.19415520940040853,0.03604190323276035,0.665650527147958,0.7197413170388426,0.9282511210762332,success,
PAT_145_216_158.png,0.6234252401811097,0.5295826888596471,0.5797950992387628,0.03381408178304615,0.17273067805595926,0.14649597690620084,0.0182210791298668,0.15336597083624273,0.13008668252545538,0.011440157292437508,0.1351737085261086,0.011942290485437712,0.7314942299932347,0.846333868681999,0.9785407725321889,success,
PAT_214_329_70.png,0.6664356858897155,0.450882464634097,0.7553830403054469,0.012891093658213847,0.1275340885852367,0.1292834966863797,0.011479715473775796,0.05888761692981978,0.05551644216960846,0.02024631259888052,0.004899545169162078,0.002129017111817899,0.5907233105379546,0.5665917967644951,0.9132720105124835,success,
PAT_1124_489_151.png,0.7750466369964432,0.12457477982592409,0.607484926582188,0.11311403317079674,0.043129894985934794,0.034708942773493644,0.06603458116069856,0.03563318418356332,0.02430579605575278,0.1466044536973719,0.01882052257938001,0.02349328958156638,0.7882641458770203,0.7274330805871051,0.9584905660377359,success,
PAT_513_964_343.png,0.6620485593344546,0.5477324634934518,0.6885860849916174,0.006490626255214525,0.10976584751930228,0.08377683972843844,0.0052016990657417364,0.10188289095519895,0.07502810743227807,0.003471518025104577,0.055721510284441444,0.038107365069344756,0.8500540310942801,0.8401469961767446,0.9949748743718593,success,
PAT_439_859_283.png,0.6308160036657124,0.4978406990350893,0.48131446201818795,0.011222097614191823,0.05657458776664501,0.03376403541698714,0.009614408899702161,0.05020475505958512,0.028664229532196783,0.011050897877668575,0.0713271934960748,0.029533892371447434,0.7514516757878418,0.5927640542347892,0.8453947368421053,success,
PAT_108_162_660.png,0.603651466884855,0.19920117576184854,0.5616601046074918,0.07384932069427093,0.1345871223036284,0.08148454543268493,0.06378151558056679,0.13174579396992736,0.07560198855846487,0.0382099878106316,0.052363320454370255,0.007780220542175864,0.8779503272022442,0.864141795062541,1.0,success,
PAT_354_1817_500.png,0.6326789241529558,0.32919016052016664,0.3630340089403637,0.017551377434721908,0.09818897747848916,0.1094155462236725,0.012727337031829945,0.0908095458556916,0.10897205085985437,0.008921740279401607,0.14695464974126946,0.19048998629308883,0.7588371652596559,0.8095396896235366,1.0,success,
PAT_1619_2774_616.png,0.6189652523677652,0.5891482722755114,0.6802409212247804,0.003578387198381684,0.041430624622800116,0.06009752210226469,0.0030510005922399154,0.03944014586222394,0.05757836192628563,3.9258846099462136e-05,0.06885178418244398,0.07851939629342342,0.8526289703274195,0.864150636575033,1.0,success,
PAT_1993_4076_174.png,0.6784528625336963,0.31833093277503505,0.7092471095653521,0.013617733747218027,0.05619721769372086,0.06067471238140358,0.012588866251937498,0.05160061074503137,0.057817449207868056,0.007788513765922526,0.034406960148334,0.008492700572528045,0.6164793596663065,0.5885181575110868,0.9923664122137404,success,
PAT_510_959_174.png,0.6919059380450008,0.6897237563555468,0.4546518493053428,0.0057947215183369715,0.14730190550399075,0.06271198788396948,0.003857524608806853,0.14282630813396108,0.054319833279279826,0.0027346766266002002,0.2990948194430553,0.08686218629242187,0.8456161276043268,0.7887502201087888,0.9719626168224299,success,
PAT_974_1841_693.png,0.6751972677472016,0.17871357273033744,0.6308605331217677,0.020284936574659195,0.008818689094656535,0.026462944800581055,0.0201422307147441,0.006668964209596177,0.02722534830463637,0.009203847586170532,0.002988149265432477,0.031133686058495424,0.8229069304263223,0.8358763347047908,1.0,success,
PAT_580_1104_684.png,0.6647909566904935,0.3136718615203503,0.5239944764726814,0.026894752004100218,0.09305176517938389,0.0743906751189896,0.024057889835092328,0.08858341098612572,0.05997656996236366,0.028931123387015607,0.09766268178611284,0.08774485828489464,0.9642908880197016,0.8880747501231491,1.0,success,
PAT_207_313_709.png,0.6401649352454861,0.46884944256587097,0.4614803754170991,0.0221002023511863,0.13345020115159925,0.09373279312635907,0.01914019917132236,0.11594149718137516,0.09212388452891772,0.04090859028083461,0.0965355793271741,0.1337541824020142,0.5333875140591329,0.6542435315280495,0.8580645161290322,success,
PAT_1945_3923_428.png,0.6378899815921003,0.5502473855273573,0.5224858119600545,0.01563798552456102,0.10964317677463509,0.13233378693027392,0.015724727156823614,0.09536696815290818,0.13648447463914712,0.02675163621380076,0.13550524209464176,0.21265878469139143,0.9035871579984502,0.8339690458456909,1.0,success,
PAT_1875_3689_646.png,0.6657793233919486,0.32233857683904454,0.5599789470139422,0.027390787992014866,0.0746741152443254,0.045125347053153964,0.026480331953844204,0.06637712061862171,0.04196126147271788,0.02966782579115809,0.04024901374107809,0.03283767054217113,0.8256363951270318,0.7992146940978381,0.9151515151515152,success,
PAT_935_1781_341.png,0.639394521794713,0.4030146758176537,0.692488541223065,0.015494798462255842,0.09377339852707717,0.12203166289614892,0.010628216665976548,0.09797980192459343,0.125808799246925,0.0011487856993183086,0.033437840968487675,0.0021061825182662197,0.8963420087317382,0.8584356779754031,0.9883720930232558,success,
PAT_493_3016_512.png,0.6009143732019858,0.37906085645596943,0.7742520714722156,0.017578800971765635,0.0668795827773885,0.0913925282962836,0.016416817971077382,0.061770037412770935,0.08220439083043088,0.015584004668362895,0.02994764191350746,0.046988894087174105,0.7998172151229955,0.8090072391460651,1.0,success,
PAT_177_275_905.png,0.6881608417593138,0.1537456129448459,0.6227160581507982,0.21060027983075505,0.08700604813054479,0.10511904391621166,0.1798712557398637,0.07874783076113738,0.09493162751669228,0.04626829471175024,0.014768245538586633,0.03318981872748128,0.659416857447144,0.7707339537114759,1.0,success,
PAT_2157_4789_969.png,0.61562401934544,0.4131580515432397,0.5940220157210495,0.021327964930820804,0.06621814459577409,0.05265429795756607,0.018854810640216317,0.05639475704170931,0.04190022730726003,0.010562176301222494,0.01273687776620469,0.03929111596309465,0.8061957945035787,0.7799773537394538,0.9666666666666667,success,
PAT_1393_1355_270.png,0.6459856322447474,0.3111680144543775,0.5772239402297679,0.02240782215659472,0.08277018513992292,0.07606453060527398,0.017348231533971206,0.07154738350994046,0.06255607264283386,0.011319472599830741,0.0029517938817149036,0.009081397096191712,0.8876651490236664,0.8699154179208475,1.0,success,
PAT_806_1520_708.png,0.6373050289027661,0.3617384680861475,0.711684350619373,0.010877417778178895,0.06420344955379403,0.02506139810615377,0.010582194016808776,0.055466575834425394,0.018764258488476904,0.01679363419396359,0.020231323424741043,0.02235117542766918,0.8181659071850784,0.8303124630172452,0.9832775919732442,success,
PAT_923_1753_706.png,0.6263911780853263,0.49436480988651316,0.5336588051757365,0.012719561856941383,0.08407955508943492,0.09450020451885519,0.011072084918002134,0.08133295459721622,0.09447233063025369,0.012802132051987927,0.10606545605407108,0.0577042741469016,0.8402163320032864,0.7686936951488805,0.9090909090909091,success,
PAT_497_943_580.png,0.6384346762818444,0.5224992866023334,0.5972446814711606,0.013105077591124574,0.08817845509142272,0.10184024165327929,0.00998120597188709,0.0686984494428666,0.08440101797771664,0.011056330449179086,0.0733901737427522,0.0739522474065476,0.928013423924501,0.8428294073926864,0.990909090909091,success,
PAT_1334_1178_413.png,0.7231350520534678,0.1796572916095073,0.23137644532717455,0.23744205325625675,0.10351432106394565,0.0820589475650261,0.2095074004150417,0.08965028831570633,0.10130864613944385,0.15349847076976697,0.011697201449307776,0.2589883527378354,0.8390925149330184,0.8465266669060738,0.9885931558935361,success,
PAT_521_984_412.png,0.6282790849620628,0.7989687033949139,0.4968059522433728,0.00514722465397388,0.08556926064125099,0.050279082197235,0.004694458929422834,0.0839363637480501,0.048427376189106155,0.006361888125866165,0.21299416000401938,0.1072244845030918,0.8826282855522369,0.8564894193181893,1.0,success,
PAT_2125_4653_497.png,0.7117178083411233,0.14130889809930233,0.40921823834152254,0.07572227971171652,0.06779732808927574,0.12091384999528443,0.06713644356254875,0.06345929390994162,0.13758991975108611,0.08705490163381148,0.022362605396033297,0.266876464633178,0.6009136355760902,0.6549989448041829,0.9444444444444444,success,
PAT_771_1491_390.png,0.7132257621671373,0.2606667911305147,0.5527184978809232,0.0560839316272318,0.09549224577599269,0.040409848259291566,0.04995571936607285,0.08886762195521042,0.037607000967227106,0.008431053384721091,0.008341159206880389,0.016377854150195215,0.9231324892583137,0.823803513633565,0.9288389513108615,success,
PAT_1256_879_199.png,0.6310392284527797,0.2552985603403687,0.5198009543683512,0.01245948540159043,0.07479192031759453,0.07150543177247456,0.011031903020883584,0.07151317363711325,0.06783768251788387,0.008956783088533468,0.06589026443355159,0.0899728434189202,0.9364618609901629,0.8803829436310099,1.0,success,
PAT_2009_4134_828.png,0.6704512916360171,0.15049591990839445,0.8251476232435957,0.02002039217791932,0.018146196102278887,0.10564939984389311,0.01803619476682347,0.01700314931504789,0.10738099966268258,0.0021721794275083067,0.006091661387249203,0.031694470930580754,0.789035203300366,0.667189733187885,1.0,success,
PAT_679_1286_677.png,0.6604727370851472,0.4664528020032348,0.7528154369448519,0.006159616050179374,0.08787210868853229,0.11515695022381531,0.005923080428492703,0.08129277209511933,0.10624405803753166,0.006715247048200249,0.07784253718017409,0.07073897286688158,0.7893651782434187,0.7635155026130492,1.0,success,
PAT_1976_4000_701.png,0.6469719331157754,0.2394433959260394,0.5672819438543097,0.019756861207813985,0.04137027441127175,0.057700890409650527,0.020274770824292163,0.042595736811974844,0.05610754026318342,0.004851077506358179,0.03741441492270206,0.01840296672170194,0.5477040764296045,0.5401051115677965,0.7864768683274022,success,
PAT_879_1676_668.png,0.6295338738081265,0.5934960684302591,0.6520188096410733,0.007938697842725984,0.04895254993216328,0.049926300416203086,0.007327361610252179,0.042718328501400615,0.04811470262335626,0.015144996322041809,0.040935619280138336,0.08470863438892151,0.7920395761146284,0.8192589039615016,0.9166666666666666,success,
PAT_561_1069_418.png,0.6564850317185119,0.4339671589480604,0.577984508771369,0.023226539817279804,0.12998324644065617,0.07809098912562851,0.022269108776204926,0.1252066831567588,0.07264053532314232,0.027904743653706196,0.1437385431291961,0.07240126262908075,0.7905418675707001,0.7115454094873875,1.0,success,
PAT_757_1431_696.png,0.6463264511660143,0.5561059833769574,0.6605970912955346,0.011778657001249249,0.11885025315986537,0.1945852451382735,0.010369918721167007,0.10990218442045264,0.18774442586866077,0.01403140301022374,0.0011312060405190838,0.005725709709522464,0.8536839799797766,0.8547868261886103,0.9951456310679612,success,
PAT_372_760_355.png,0.6831049129207665,0.4420751351388013,0.3416569252085744,0.11382400991361488,0.1865489684847419,0.08155318192471292,0.09273054645692815,0.16627851355956447,0.07669670913663,0.011008690586200723,0.06788494829219793,0.07962369718448326,0.48016934363969505,0.34751051571502845,0.9852631578947368,success,
PAT_770_1451_136.png,0.7170102919310204,0.3087291988381599,0.33190184891163427,0.15367646989490844,0.187190697968421,0.12265782176482914,0.11656942467549412,0.16277347665367514,0.12255579463438272,0.016384804189183595,0.17192163132658644,0.17066053893513516,0.5073590560742769,0.5037504425032423,0.8962061560486757,success,
PAT_74_112_729.png,0.6551149304708765,0.27407084607855237,0.5446811976751031,0.0963870972678451,0.17767176118612882,0.13722943936003534,0.06025167229658988,0.17768753803883652,0.12591915783320345,0.01532950869456005,0.04405468716100769,0.051175575120318784,0.7241523143149083,0.7316052222401851,0.9517543859649122,success,
PAT_1472_1639_87.png,0.57218644444949,0.09548256524545846,0.6390979639174548,0.20403528201108959,0.07291518072550565,0.09211031812091708,0.18869477851529987,0.07378886221836345,0.08377898853162236,0.06252694923788996,0.09029322225633328,0.07807343310689507,0.9256000909516902,0.8987500815466457,1.0,success,
PAT_354_731_155.png,0.6182719134291763,0.5036285917309156,0.8229966259916238,0.013992596429488911,0.12757459036668883,0.041770281502168424,0.013470511132344662,0.12189611454604873,0.03654559278770171,0.020992149274363926,0.023674363983034075,0.030162277948501126,0.9446133490578859,0.8924194002750531,0.9956896551724138,success,
PAT_1257_887_828.png,0.5637708087856396,0.3427215613081386,0.5192605841063349,0.00895305854700144,0.03184705860162509,0.03811977696518775,0.009299131591853358,0.03551595192763118,0.04006367794497485,0.016668360428123443,0.08912886324404473,0.06644193256150432,0.7076403400146372,0.6974113660915952,0.9941860465116279,success,
PAT_2048_4333_63.png,0.6204179007147764,0.39612760058354957,0.7083144574114917,0.010158157833390228,0.07433320530478763,0.05679723722950477,0.00900247542385988,0.06704131341663094,0.05399850952976641,0.009157242852444054,0.0018191791928648948,0.05261869800756358,0.8045419687424902,0.8048067095939704,0.981675392670157,success,
PAT_1304_3507_308.png,0.5806123008418455,0.3663193887909387,0.17867891934248722,0.025582739411553732,0.10550032532818603,0.06976203984411006,0.021818762490964736,0.08028657894771594,0.0716873282402357,0.019928851463336547,0.09965100523607778,0.2004875675017002,0.8929531732870781,0.866377475988061,1.0,success,
PAT_425_841_644.png,0.6754414718673083,0.49897981104635436,0.4559148858566048,0.01873055319844363,0.1443429118300502,0.053193399335084574,0.016841394571687325,0.1409074387584563,0.049579411515787215,0.017157642562415986,0.10457075172294716,0.008104597712771833,0.9036855572152356,0.8646921804263147,1.0,success,
PAT_330_1438_323.png,0.6809875218914734,0.3709008136636945,0.8090108964459659,0.014641899272366511,0.14625753800765492,0.06518328628700357,0.01060895922741324,0.12496961098827665,0.05277156032295145,0.002433331995042999,0.016021173816734402,0.016181582341284084,0.7479541819320997,0.5121358731554841,0.8270676691729323,success,
PAT_264_405_118.png,0.6017444561107225,0.38635663208155907,0.7884714024267448,0.02496436712443444,0.10381654048614415,0.08952612764193758,0.010361503882727162,0.08661714889359105,0.07602602004036503,0.0034420413313830363,0.03247962673396548,0.056086529837069854,0.8730538721455365,0.8430813364514712,0.9884259259259259,success,
PAT_1881_3711_217.png,0.6205632875235279,0.26158559577677226,0.552853192559075,0.016051933164681138,0.03465567899275234,0.028573475901779444,0.014312834070618877,0.03241264083191503,0.026168199275063645,0.01964612941237039,0.016602369064336597,0.013714134637055508,0.6425066312997347,0.7278788789271503,0.9803921568627451,success,
PAT_1818_3570_577.png,0.6118224198603406,0.5703791422424852,0.439130702313491,0.008465646824938656,0.08843992641298513,0.03084760234601331,0.0083831200527809,0.09688244418786249,0.03328980931677221,0.013523298647071552,0.15796135663599148,0.06292897104363754,0.9280958279529312,0.8655194303113856,1.0,success,
PAT_128_194_144.png,0.5910667966866533,0.1282770853074811,0.6916036964145427,0.25012780840423965,0.051014385386311596,0.11994500157847497,0.24320187464926316,0.04460274998802842,0.10822372206580405,0.03113412433315822,0.02846913046202862,0.060457071603308266,0.7931150548885898,0.8519875004502458,0.9512195121951219,success,
PAT_1554_4170_992.png,0.6026296072335707,0.2128324264236109,0.5392859050207393,0.18434600879265303,0.1721135010176875,0.10453629326806071,0.17511695306081887,0.16993609715284702,0.10053880586946233,0.04775624958309213,0.023005312113486553,0.06078720261619697,0.907442795316633,0.8891006845987294,1.0,success,
PAT_307_659_85.png,0.6858210058950632,0.31560657641253004,0.498879476420447,0.04677583382671726,0.08714239047785478,0.07328841672287001,0.026335549207440436,0.08054812924145445,0.06459833671950528,0.030917445170980783,0.010449001831542515,0.01750584886161266,0.9279896724435974,0.8687352413675502,1.0,success,
PAT_106_158_249.png,0.6844424013581439,0.2775561555563257,0.6403998021467705,0.030957323022581536,0.09731042675295277,0.07333019289635642,0.026978950648649257,0.08461456913962047,0.06192860080860045,0.03059078138184827,0.04871323285363652,0.018756979792948658,0.6999185749134489,0.7006903004332942,0.8296795952782462,success,
PAT_817_1537_643.png,0.7055292329985775,0.2628859474173053,0.588054141696084,0.036243352675905026,0.07928408262207952,0.04691301397349491,0.03027513948983182,0.06964941869858425,0.04225212749298764,0.032019013198182636,0.04172888729227503,0.02377434634777742,0.69544294744445,0.7958587398615511,1.0,success,
PAT_255_388_77.png,0.6362917007582796,0.3139068453678603,0.6129984654562387,0.015610227612521038,0.06661765278421922,0.1260929195132017,0.0133908769417482,0.05650797349570841,0.11532161348091402,0.004501808230077289,0.010936175841912421,0.0683685074276178,0.8120469114520878,0.7467675567615609,1.0,success,
PAT_390_790_505.png,0.6330534431087985,0.4982074102894568,0.5561680811224862,0.02854799647781973,0.19461206753509425,0.07336821821750582,0.02765649163989545,0.19801111096511914,0.07436958730476191,0.021657966448838235,0.21931178689760084,0.08286337862708859,0.6770742809066028,0.6567110936304439,0.9932432432432432,success,
PAT_1068_285_845.png,0.6226591414133206,0.22163184148219664,0.6083477001586097,0.017873463431367483,0.04372547697206251,0.07860612318205618,0.014671330957068573,0.0402977523719371,0.07536421738243855,0.03158239979973085,0.11163993526564878,0.15083352226378133,0.7048249143729017,0.714177453656805,1.0,success,
PAT_1947_3926_165.png,0.6167228386994268,0.5092847919545316,0.5933439747212744,0.007736386043162685,0.11619725751007375,0.08961630701978009,0.007158687742520245,0.10625086832718006,0.08836623109394443,0.010275938951357706,0.06545671143436349,0.11973021741165413,0.7798407491817327,0.7151334277308423,1.0,success,
PAT_1733_3239_934.png,0.6194448832849364,0.4597304076009736,0.7927344724909497,0.013681141327336478,0.11773808743064326,0.10808879827380666,0.013031949539311546,0.11412715308997488,0.10388068185190417,0.022143308643651317,0.16837292284746874,0.14992169778385167,0.8341571144196358,0.8192595012915895,0.96875,success,
PAT_531_1004_189.png,0.645542454580151,0.3638044849420093,0.5314168840553086,0.012783554869854509,0.06222301602235199,0.03343964215299715,0.010001243889886496,0.05841611922520389,0.030287535914660952,0.010245119146711959,0.09086358108654985,0.03269060808996793,0.9259264180666841,0.8277826318945077,1.0,success,
PAT_1364_1246_927.png,0.5846579516646087,0.4079709633771747,0.7040966348383897,0.006191430854338533,0.05681908087815372,0.03559884310404765,0.005089010465671234,0.05339329388923644,0.028379646463055515,0.007689375073883377,0.09210148885285985,0.034606246869335,0.7968751296702019,0.8478926109935365,0.9813432835820896,success,
PAT_981_1848_486.png,0.6272881735534486,0.36359872788268605,0.6444541377739358,0.012062942425309201,0.04742612172912251,0.07049207298390547,0.011326220322580328,0.041435091124287025,0.06488250825553002,0.01275243804049582,0.01023530648261689,0.024242784843081844,0.8680790419095112,0.7988062665110734,0.9852216748768473,success,
PAT_1402_1377_959.png,0.6310042511126143,0.27236702691248144,0.7994723042851385,0.01044350969908508,0.04406484215996729,0.037001886148681176,0.010063278072115175,0.042816219425720066,0.033251201067106585,0.007307777854238869,0.05468791707665588,0.037068282495054006,0.7874871275307929,0.6224455637115176,0.7925925925925926,success,
PAT_233_354_935.png,0.6077785043537252,0.42385281821832765,0.8245194459629923,0.009436008858977713,0.07168775600489186,0.04925640168162765,0.008837392812411388,0.0700825579917291,0.04281428957468313,0.012707232225608638,0.055528860664051105,0.060027319122256784,0.8292492010858619,0.8027052091708965,0.9477611940298507,success,
PAT_1042_187_746.png,0.6333438956220719,0.17971644140165605,0.6251090518181137,0.026402283482048528,0.04239503019525751,0.0360640784869666,0.023959194806045223,0.04034342942801953,0.03072334742714705,0.022033612089864835,0.01457383450514435,0.0015988595058730182,0.5088223322010805,0.594468708019699,0.7566137566137566,success,
PAT_1813_3562_195.png,0.6041448930156144,0.5378756264881213,0.4784357961476591,0.006890360994543283,0.05702288494305199,0.03667308484768666,0.005955149247165291,0.04913388956559401,0.03527745032828764,0.009237947609841592,0.006802186712487002,0.056259426512354715,0.8347332747008072,0.7718418138989132,0.9811715481171548,success,
PAT_689_1306_772.png,0.6297850102249493,0.6362417109937715,0.5862517779553027,0.014470957069393482,0.11821233490393454,0.10175267915551438,0.012933204329812778,0.10969705327330954,0.0959446295538098,0.008722569309680258,0.0678416264858791,0.032104543536865204,0.8683148417089515,0.831423955540635,1.0,success,
PAT_1769_3342_63.png,0.6229981767959479,0.553311526836789,0.657736190572796,0.006342528718713488,0.07183674611322556,0.08697365981283081,0.004967907761073491,0.0671450225816346,0.08753598708679951,0.004436497486166344,0.011968759760697334,0.005124292178701029,0.872864150041337,0.7440132846248292,1.0,success,
PAT_853_1642_497.png,0.6700548524559293,0.43172576902150783,0.6616236276175353,0.01816948963225288,0.12592340726794837,0.07119175952443775,0.016784864061882978,0.11492346791954669,0.0607896370624225,0.0019198492472785884,0.14186935008149515,0.07037554321370632,0.8024489692024872,0.6418598016242877,1.0,success,
PAT_108_161_423.png,0.5907746482257809,0.32146176468959975,0.5198240924643761,0.07909348074618736,0.14911571283737157,0.10269920043736336,0.0707688231352539,0.13105895081688965,0.09858665167127807,0.0044910588380293204,0.08907230800094482,0.034187781702234854,0.8420596793508281,0.7733292134066089,0.9629629629629629,success,
PAT_1476_1657_788.png,0.5993917415497052,0.16157044051690975,0.9974737948051012,0.02113892835627189,0.017002584531590235,0.00313719482834714,0.020204839434926666,0.015585981132174057,0.0018099564736611215,0.00032028972059529163,0.0029505333845831205,0.00027560518584202054,0.8193634724927517,0.8132820390253611,1.0,success,
PAT_1109_436_141.png,0.6550569674574122,0.5305352125739594,0.35589018955150115,0.007998326058366952,0.0867481277548175,0.09388379334746487,0.007552814318804179,0.06332772449462344,0.09534020447278667,0.023002494512262297,0.11559339351453773,0.25548333667693174,0.8225008467294832,0.8447721395477453,0.9973262032085561,success,
PAT_211_319_777.png,0.6435547561022583,0.4823897121960582,0.6955223538840232,0.01134595508873249,0.05487252472572119,0.045124340948053294,0.010723434347652373,0.050617868275859824,0.04073168779359758,0.014661521482712046,0.05094837095544613,0.010087478239590886,0.8306573868828042,0.8133366908653014,1.0,success,
PAT_1393_1356_371.png,0.6544893580169043,0.18544348057170296,0.6033768073055048,0.02697707496738425,0.09445257123898623,0.09035503044253235,0.02201875147179426,0.08810498225926011,0.08582755395748473,0.009228900503045168,0.09245140976218792,0.07664859888622999,0.6963992017767222,0.5398490704304674,0.9977477477477478,success,
PAT_319_679_533.png,0.6460251552517243,0.5823923968508677,0.6340643818983874,0.011425387975561373,0.12701851852893484,0.06491756211694556,0.00873580126808307,0.1145064773624978,0.0590070879209547,0.005385096966734516,0.06395110122522552,0.07181601768124912,0.7543570756761275,0.7513972067012453,0.8834586466165414,success,
PAT_766_1444_52.png,0.6340032834321236,0.3131264051353914,0.7334660514346489,0.017228737225830206,0.07853632567996856,0.04195720975989062,0.0160045698774622,0.0702397228467232,0.03825528226702342,0.005884250381445355,0.02689744788393117,0.013135222012262138,0.589798694177972,0.6677410282408716,0.9930795847750865,success,
PAT_408_811_808.png,0.6992302546527203,0.2086830950981275,0.7298809971454144,0.04590496847784749,0.08242410016643541,0.1423981580662688,0.029186945170872513,0.07075613912834992,0.13330226079311597,0.04994487421411888,0.026637779976793313,0.01664142183930939,0.870746257235685,0.8227082841729266,1.0,success,
PAT_1639_2879_744.png,0.6467792160521888,0.25923285315301303,0.3661491989226448,0.12331141340978946,0.1403945425326742,0.12435667440418745,0.06453007743895604,0.13033142070733583,0.12331935317238182,0.03336187721535408,0.02803269147900528,0.18154438987509963,0.8601758211475288,0.8600776767152897,1.0,success,
PAT_645_1222_140.png,0.7662028798966067,0.16806099652516937,0.6863010771211786,0.03678313566101857,0.031284611583846524,0.047961195879363865,0.03234629233940731,0.028156958042707396,0.037582405743417945,0.0029932731294133913,0.021781193104348312,0.007548550775705598,0.8625060684711496,0.8458010946348202,1.0,success,
PAT_179_278_331.png,0.707465969957709,0.21918673726997404,0.542308908309901,0.04968985963082589,0.06827005786721115,0.05568144818601479,0.04264309148888933,0.06404033849381947,0.048653879851273736,0.06902280126017493,0.0207422313830129,0.02366049007068982,0.7766128339647436,0.7850686043083325,0.9936842105263158,success,
PAT_726_1371_543.png,0.6637651779636646,0.47823977701964215,0.839442675511482,0.006791312234569133,0.049657577967746204,0.06332524540254486,0.00560205387793094,0.04328390960892993,0.056567558351275374,0.009116961952175887,0.010236597957900884,0.0032688722866940356,0.8956541123290652,0.8518636108220077,1.0,success,
PAT_82_125_525.png,0.6562849514668281,0.4693066945653763,0.4655664675508758,0.012674340185849904,0.0796734614501217,0.11581506696845541,0.009001981162950215,0.06483285937716778,0.10355863713377952,0.01302871953471391,0.05075278096855185,0.1511693752047179,0.916930527579596,0.8013122656976305,1.0,success,
PAT_109_868_723.png,0.6281703800771956,0.5316713586360502,0.31343818604672813,0.012529426787213166,0.1377590661609686,0.12292303296976721,0.009538789600594339,0.078365827878901,0.11671283172440096,0.01231900249004975,0.1265433966506112,0.21640872316295257,0.8414389682597696,0.8076033159432615,0.99,success,
PAT_286_1459_926.png,0.6355081386287789,0.37170513775130304,0.7358389178456193,0.0045318942568356715,0.044249502136025624,0.03526149262510387,0.0036203790182579155,0.04245618846982284,0.03063755347137899,0.000469600494057766,0.10432177061134362,0.031670660698442044,0.9291610937907173,0.8880632295759239,1.0,success,
PAT_851_4519_488.png,0.6366931352813613,0.40222674576753126,0.8498303396576222,0.013545118972142016,0.08476725187992298,0.06867428646538414,0.010101402975979577,0.06025931492937031,0.03630631303490688,0.010319972881423212,0.03884128517487989,0.018285807894219852,0.7810318092648316,0.7981191451847918,0.9356136820925554,success,
PAT_1243_836_47.png,0.6262769416545851,0.5228699551569507,0.5134012573639322,0.011275198966063596,0.05797954118592112,0.07212725269052817,0.009929438711728607,0.04366591076293688,0.06724428414949361,0.012527326658584472,0.043483312935999996,0.048112736372878495,0.8170584099354603,0.8427593215808495,0.9895104895104895,success,
PAT_1329_1168_620.png,0.5978802035048352,0.41936216600193454,0.6486889966124633,0.0070972964507749915,0.03768990310493969,0.06296400477733209,0.007132164600677396,0.03143749468234742,0.0674407101905374,0.017681457665195667,0.014014088351289145,0.1363820947223805,0.8993757231906236,0.8645521063950773,1.0,success,
PAT_115_176_455.png,0.6530149767180345,0.5441378624689313,0.7816368958851146,0.025016980772579057,0.12954630316998147,0.11956262009070755,0.02240048497985969,0.11880031872405092,0.11324553212056847,0.004498864106587537,0.08517535402857751,0.07545726240675443,0.6171527240803092,0.7036387391543656,1.0,success,
PAT_1439_1521_868.png,0.648484043571505,0.1724941058332646,0.6434385609712296,0.21404207256891017,0.13983932551767203,0.09224826104371353,0.17737046549746338,0.15725059825749813,0.08409359432836751,0.008964684206367066,0.18191574524984586,0.0992281464188075,0.4031628065323952,0.5362325611977408,0.8898514851485149,success,
PAT_2043_4308_681.png,0.7461193308020467,0.12707544337324103,0.6153655741664201,0.17690155517351824,0.06125942284275047,0.057383266316062505,0.11951409837878846,0.05088107056265671,0.04122707759156034,0.07116822386446763,0.022752891363849476,0.0024575036017280283,0.37939637124912773,0.42104441610824805,0.7519685039370079,success,
PAT_827_1599_248.png,0.6634620938128807,0.39436851227743225,0.6094540122807521,0.023767005850718788,0.08531495083944521,0.061034009470057174,0.02239586642755653,0.0857094783535106,0.052620581142201646,0.024009397223811627,0.016405429123080517,0.03338480338686878,0.9255303957735966,0.854667995466529,1.0,success,
PAT_1181_659_231.png,0.6762566268934843,0.1540725425371123,0.7284482611558631,0.035184959728880374,0.037284567707733876,0.0961938400355378,0.030816026541514652,0.02975410134512203,0.10619105140141351,0.05242950397129099,0.010281046859688059,0.011708814770628129,0.6665323319964669,0.6106905041433559,1.0,success,
PAT_1326_1156_139.png,0.8010077695113695,0.21468700272406074,0.45562275804407043,0.08124902197773426,0.05766959725404396,0.06455590797542221,0.08045619698854914,0.05353110194845414,0.06254334690482356,0.15355581282219732,0.10404047774173522,0.13297612521784358,0.8574407925660773,0.8627922248175811,1.0,success,
PAT_1074_322_174.png,0.6102292872357968,0.24990664248402877,0.6167770736796316,0.01826259102455202,0.06181837314963383,0.06182975746753738,0.014581939889112858,0.05546611917343988,0.058622924433663286,0.009798678763926382,0.020234763259306926,0.005594545161154985,0.6793503238262311,0.6024889992127125,0.9749303621169917,success,
PAT_503_949_409.png,0.613684936819816,0.3013806442014431,0.8704224809763227,0.015167253529005335,0.056700107423378304,0.03528518967465304,0.013851075871071305,0.05168927300877905,0.029250311207541888,0.013010640347490781,0.015599832201348529,0.0008202586281005342,0.8314007381969726,0.7978522926926223,0.9885057471264368,success,
PAT_691_1310_780.png,0.6815788891374787,0.25231700703933385,0.5769033828867799,0.07815754617775177,0.07961195822952168,0.06320505675836084,0.059475646572572045,0.06447088867441675,0.055476999044439416,0.037810222447587215,0.013263064188676926,0.040574838503078525,0.744998193039137,0.7057086391668007,0.935374149659864,success,
PAT_514_967_908.png,0.6300986853967541,0.42755126027061746,0.7300094995336202,0.009225339424639885,0.05722777431098145,0.05069834678569765,0.009104196792674239,0.04706454873841597,0.03482766651103647,0.01538002786995302,0.014254728392740168,0.010684263242261127,0.8973801058389128,0.7906125166375816,1.0,success,
PAT_217_333_61.png,0.689853828929442,0.13263143171227376,0.9900298373825307,0.012268855479813472,0.035253726062310406,0.017324214281862232,0.01038721139932808,0.03582422670103795,0.017155076498180634,0.0009558737090274229,0.011226042401569575,0.003234962219423987,0.9360443467105775,0.89072059156458,1.0,success,
PAT_467_904_235.png,0.6540529346821222,0.3157964550191532,0.5459168675328364,0.024045750607259712,0.0888496172564315,0.02959425907672302,0.02167780301779233,0.08278880294774194,0.024880510542576756,0.019634165155370278,0.03920000497742415,0.0075262142118047715,0.601613335208982,0.6625553403660476,1.0,success,
PAT_101_1041_651.png,0.5892823192769969,0.3029877412202813,0.43908609002349447,0.05226869170901194,0.13130692766833127,0.09812771948384978,0.0458689218408226,0.1269411494242536,0.08473321143689469,0.0035975275496213043,0.04702228551768656,0.020588375217147237,0.8896433883942987,0.8205193399208053,0.9124423963133641,success,
PAT_1347_1226_928.png,0.6370881991167614,0.4065395443127883,0.685604432326984,0.014244351893152436,0.042151469576594755,0.042334607184331366,0.013635772815974164,0.039141413989340776,0.032410122272189805,0.013212367864687024,0.0379613967213735,0.021530914648482447,0.7123395830127454,0.6396762768370304,1.0,success,
PAT_2050_4350_36.png,0.6488606645696262,0.17341093262228008,0.6576542592725405,0.017248598718119172,0.015108402276327655,0.027805696435759343,0.015384103803659356,0.012091001332604797,0.027819402325703322,0.01109659695873617,0.006122473740040463,0.008895678330202328,0.6571255760523953,0.6200130256133727,0.9460916442048517,success,
PAT_73_111_435.png,0.6563240170813963,0.39009943834016636,0.625446042916873,0.036156619601858474,0.17445078092266195,0.08529554286890934,0.023820684745221803,0.17646045865262222,0.0872444223316717,0.013393823959681583,0.05375583717703286,0.028811145567514185,0.7778178937846956,0.8539710402994554,0.9972451790633609,success,
PAT_858_1633_926.png,0.6469004739812204,0.5209636591854561,0.7157983881449488,0.011017696442115619,0.07821547866075283,0.03790330261168904,0.009567884689928363,0.07114319894033354,0.030082910009886613,0.014426008092522204,0.08375782178695679,0.027204517196409594,0.7755072691399786,0.7868673705395995,1.0,success,
PAT_652_1231_516.png,0.7011404576428543,0.15000516242878195,0.6814678192962201,0.03278726378522335,0.03452168387640029,0.02532090982684639,0.03339568106165362,0.034673670744819335,0.023276928593495217,0.013635058701832984,0.04692978335505221,0.014351542703307851,0.5792237622427665,0.6341822395355621,1.0,success,
PAT_115_175_283.png,0.657060027949229,0.7463155671019127,0.8047770633872432,0.022457264379461977,0.15553718270943148,0.11928140052676278,0.013574654639558849,0.10171301558848345,0.09747326734703053,0.02499724502060027,0.20466197930606866,0.14929054017499277,0.893662012656123,0.7698005297851209,0.8622448979591837,success,
PAT_1330_1172_722.png,0.6913297007160302,0.395060679465394,0.6214523301637803,0.016653656058694517,0.1299533399204557,0.02774174508025785,0.016884559708618394,0.13249932848777982,0.025291347921065264,0.0343318219877435,0.2336882509611097,0.003109897923520899,0.8429459830265791,0.8325158720986118,1.0,success,
PAT_2061_4395_587.png,0.6438233384579167,0.3125808910136493,0.533355128047308,0.04410647181422181,0.10031863890792588,0.07397106227715483,0.04761770371267018,0.08777779396786449,0.06943670665587336,0.006113669889794693,0.006862777643260043,0.022533558315225632,0.6525833670685792,0.775431365397906,0.9629629629629629,success,
PAT_1374_1286_939.png,0.6014443841973924,0.362694204950907,0.6907003640392854,0.010829666034880047,0.0723228697047806,0.06672534716924833,0.009177625274719152,0.06238034727879213,0.061375552621912716,0.010854367103401725,0.06730864731201436,0.11050379284494971,0.3981684601749056,0.3917604411370669,0.9554655870445344,success,
PAT_930_1760_560.png,0.6454013823888596,0.4556181163818257,0.440352013276538,0.010697736494701404,0.10562829966212398,0.10346766628847429,0.009912335215999627,0.10351228658608161,0.10666642211958273,0.004472815765349954,0.12144978582536436,0.07924466281511516,0.9212703666991856,0.8655292020279247,1.0,success,
PAT_2071_4433_848.png,0.6060024564730171,0.32170277020524307,0.676574689456466,0.006680292803194258,0.035776452971801515,0.03018442067599692,0.005916132894876248,0.03464353253569536,0.024652810112270836,0.00015700011808156153,0.03285983643806223,0.027552216780481253,0.7477420378178383,0.5041667465902168,0.8751814223512336,success,
PAT_673_3928_888.png,0.6797479036807446,0.1739507119666641,0.9049717514124294,0.022869919493099616,0.02368804064313579,0.06960488439191835,0.023659978898482054,0.02383020564227923,0.06960298333534909,0.0036266376801698643,0.008924269761916598,0.04632195709640685,0.6033606012575635,0.5877341794387114,0.9375,success,
PAT_597_1139_181.png,0.6107283767980145,0.38267832226228327,0.6560681089381026,0.015108773488341101,0.054258124034281145,0.03137648829619488,0.013683600717129821,0.049743697352197594,0.025206992086447597,0.01784983410902375,0.05617395192510233,0.013381017587129618,0.5800724116609235,0.5160912938571341,0.9668674698795181,success,
PAT_235_360_50.png,0.6560367590639804,0.5030122849771667,0.6619565916513611,0.014570401764617297,0.09542470615789361,0.11579308060541305,0.01310053332061585,0.09758109698001619,0.11931093761337869,0.003465110219044634,0.009531450589282453,0.043773905960591275,0.39135514018691586,0.2978379186658607,0.8744186046511628,success,
PAT_1070_304_845.png,0.6454905695032451,0.3971615045373739,0.6528050289300361,0.019931015464276742,0.05741877599001834,0.06943817102679456,0.016665420934267136,0.04480089805507054,0.07108409437600392,0.011974101049717944,0.034051347598269,0.05336944944886346,0.27004142773389445,0.07475975522170186,0.6096385542168675,success,
PAT_490_933_352.png,0.5747445341765788,0.5683559599522335,0.6092974317687101,0.023294997994909736,0.12384124802173509,0.11018885934187847,0.02318639347524829,0.12579202577804363,0.10903896997981458,0.043175765130307374,0.11697519595975675,0.0014244049262766012,0.6934276462552038,0.6665706861150344,0.9133333333333333,success,
PAT_304_4186_458.png,0.6296423794481582,0.2567027158084009,0.4935378292132933,0.04438743957425959,0.08350678340593938,0.07824520838292177,0.017227110963069763,0.08517685189069142,0.08073749090886753,0.0023329119734772992,0.07146340404806203,0.05043129607602065,0.38430293200275284,0.27343810057339996,0.7613636363636364,success,
PAT_655_1245_807.png,0.6916630981080976,0.18290015554104913,0.7436051675088449,0.05077879176376099,0.061300558345627296,0.060063630269928545,0.030220390678924083,0.052602248132613785,0.04368241245532244,0.04324897659057041,0.011050264364495105,0.01939545363266648,0.7224415802945638,0.5955941347959784,0.9640287769784173,success,
PAT_1652_2915_65.png,0.592546615081485,0.4589533476489848,0.7416652724716921,0.006423495846635674,0.04986014281780287,0.08688726688951147,0.005717795315545891,0.05386654479498021,0.08219759205453736,0.005265182071396642,0.14899154099843642,0.13375185538018441,0.7641935384349057,0.7182508054805732,1.0,success,
PAT_1397_1361_183.png,0.6125289850307659,0.5407051115544924,0.5437340903174217,0.008437894521141645,0.08954763548501428,0.08173520514746828,0.007279630140035605,0.07780833184506691,0.08015802126281987,0.004302631308220839,0.09243594595787835,0.05238026465851153,0.735671620540061,0.4103765208447539,0.9767634854771784,success,
PAT_2143_4736_227.png,0.660325936695583,0.1865331506009879,0.7895537549150722,0.04674720769127962,0.08190340055963469,0.07677408588050029,0.02605391984997496,0.07692521471295408,0.05165434315319511,0.03645359577524571,0.07997351565009325,0.03589257657434919,0.7902096987479295,0.7215422239740501,1.0,success,
PAT_1526_1792_482.png,0.621332670511385,0.31923708031108394,0.8851440932244784,0.016059643069207163,0.047404318782494057,0.04759451702565725,0.01413434213680026,0.04379106544624626,0.02614585891030266,0.00503415381204759,0.04291799260886148,0.016589469612364405,0.7263562643611547,0.7344242106724765,0.9966887417218543,success,
PAT_38_1002_34.png,0.6487281897873748,0.1544657219406019,0.5995843100607174,0.05258390098162586,0.03930231308532651,0.026995322281530138,0.05066569317244455,0.04419240790608069,0.02754047932814599,0.0004764123029619643,0.05291048795304938,0.007175032043324703,0.7332315078035543,0.41286486303445113,0.9550561797752809,success,
PAT_191_294_629.png,0.7199823227944746,0.2755665762929556,0.46668796609680385,0.1578522217628049,0.24894774111845985,0.2023002905555394,0.07414451991890599,0.2282281754006856,0.19015999390408037,0.005459962633579115,0.024183616627448334,0.09172505261869823,0.7175009609645664,0.3805985020560178,0.9862745098039216,success,
PAT_171_265_757.png,0.7163858897199896,0.33497372445524903,0.4730292790932983,0.06606218102405463,0.15675398118018496,0.06987869183882771,0.0426213852688181,0.1331610277379211,0.04987655520595371,0.05573776247780336,0.06521312066389945,0.017340488059412074,0.4339863805986491,0.1692083408963274,0.7749287749287749,success,
PAT_801_1518_78.png,0.6551746083028281,0.28286482721453665,0.5327852001652055,0.018945153135773354,0.07636128740985057,0.09406103764659876,0.01633831774881802,0.06829362495334242,0.10406026411876315,0.024264896088730996,0.015774777992744182,0.24047017571724072,0.7363370000770421,0.6707723326666303,0.9378378378378378,success,
PAT_333_1468_620.png,0.6419809603961082,0.3528484042061688,0.5337555518594495,0.014996857569349249,0.06320597000529403,0.07835657706890316,0.013411735001195888,0.052687011580797485,0.08131701005514,0.021513702142742612,0.020439589921947554,0.18858324015592165,0.8406732638079861,0.7847913388134881,0.9832635983263598,success,
PAT_1145_534_529.png,0.6292792553865705,0.3518900229211413,0.6260335325752152,0.025825251606622877,0.036485145925929025,0.08314709518946,0.02748727917459509,0.029694337237470246,0.08604930615006676,0.02176866470344668,0.021306650902660873,0.091095318281606,0.8607840424659781,0.8333720811547831,1.0,success,
PAT_1588_2629_296.png,0.6599340018317019,0.22731020613373554,0.27361488185017596,0.18714968784164548,0.13031180899240416,0.09796149553745799,0.14242251615364113,0.12341396149694034,0.09685941785633645,0.03956737476228724,0.17530980738891488,0.2319237703923302,0.7600624134403882,0.7156732371939002,1.0,success,
PAT_224_1340_551.png,0.688815121448295,0.4930136094472254,0.6785018246361957,0.010476893302278868,0.1672792202760776,0.1135351536744357,0.0085832107567782,0.16347833582004517,0.11755571807534551,0.006716805962419414,0.009288569810039948,0.009968297855801445,0.6190639795705865,0.3553725312752212,0.8418491484184915,success,
PAT_397_797_742.png,0.7520072723531434,0.18201073947943328,0.6346062534350573,0.04547103127971372,0.033386188148918625,0.09609392144812763,0.038748584525614554,0.029048597037393386,0.0918872787807502,0.0518355791360332,0.02441183495282287,0.04274087246681835,0.7895616870459019,0.7672576489973592,0.9906347554630593,success,
PAT_289_442_43.png,0.42215304456640423,0.13915580668691685,0.36292156961719624,0.22021931173792048,0.08253641527911496,0.14738551967363447,0.2348918102397304,0.07885906035527393,0.14267356334321932,0.28419802667847116,0.01841061826478682,0.13352288727074696,0.6945561734149157,0.6702302529849178,0.990228013029316,success,
PAT_87_133_391.png,0.5918014253126566,0.3528405962817092,0.5050544191758777,0.010240809902483876,0.09259707036527,0.14011184861960105,0.009083327856796847,0.08102568416862509,0.13914952279428558,0.019914383126493206,0.1423587864498335,0.24867496463467298,0.1392357169882709,0.14008483792054244,0.4068627450980392,success,
PAT_46_879_225.png,0.6317511606060978,0.1582846857107009,0.8420176156109928,0.010474919212927196,0.019224499958004324,0.09571338623162925,0.008151535170943953,0.017248234116787078,0.09047442248806943,1.50497240247047e-05,0.0023650605449526407,0.0014217386004904409,0.6169710564402084,0.5651721649980497,0.9107648725212465,success,
PAT_654_1244_16.png,0.624247065501151,0.42057570814892625,0.6195991508324281,0.014576222680023537,0.06050384839480354,0.09592114981447494,0.01191283669233688,0.04917764332435671,0.089895297032324,0.013326601045674144,0.009830884367771575,0.09388867920711141,0.8430726515332779,0.7489662959639315,0.9213483146067416,success,
PAT_996_6_886.png,0.5692593413525808,0.1789526476300964,0.5584906021216196,0.040194687375861154,0.06931674812355845,0.049128913895471436,0.020117352073053294,0.04671051796603306,0.044269025930348434,0.00037943176993048645,0.011109288095550007,0.021396424249081725,0.819231908493022,0.7436528757686891,0.9331306990881459,success,
PAT_1350_1230_878.png,0.6866028715226992,0.36522183156651755,0.30509335843931573,0.0731349534240411,0.1896165501496466,0.12399419803959956,0.06909064385350168,0.19088297754840128,0.12791288709701326,0.06662650104292094,0.14372185902848272,0.1407791081943966,0.8998516086420467,0.8705570550921214,1.0,success,
PAT_63_98_187.png,0.6460099559845959,0.3148079437215962,0.5459966903194489,0.01875430503326992,0.08068848542366994,0.04558499086429049,0.015084406923854382,0.07577324255045911,0.04182591893843104,0.012145648465084709,0.10165511792558724,0.0312883964824755,0.7844351987957989,0.7447435433751606,0.9945429740791268,success,
PAT_1122_479_664.png,0.5379514042661124,0.14870414843361904,0.577602065515572,0.07445933623702833,0.0717480720918637,0.10175871676429635,0.050657233594176614,0.059484738638822074,0.07526521892595969,0.01189685720237708,0.013697501706792015,0.07052636709955262,0.9020240247134517,0.8451695926128603,1.0,success,
PAT_378_770_302.png,0.6447929461921635,0.5843305903972907,0.7581275242505253,0.011547478242422362,0.09266977675774268,0.056991560955896116,0.010284016023167796,0.07641292907134743,0.043998272511657034,0.018640515700318615,0.010739643095517781,0.004129447459555902,0.6290581544123348,0.7618070297356355,0.8839285714285714,success,
PAT_1648_2904_523.png,0.5946690158255342,0.44011556194505,0.5558128081483766,0.013030229005967058,0.0512250710224287,0.07971821915904036,0.013162207513270909,0.05111725542405628,0.07984889459368562,0.02174910487882266,0.09176345514488315,0.12537869695627468,0.8237200134606587,0.7939183351182227,1.0,success,
PAT_194_298_945.png,0.5890760026249166,0.4817045961624275,0.45672362653227283,0.012921976207258563,0.1288079929087358,0.19532581548609568,0.009052607490951336,0.08928810907235671,0.17682845487114254,0.007196228591454614,0.0003647266988449638,0.26626581959388274,0.7408565321304743,0.7759109098890402,0.9459459459459459,success,
PAT_1265_908_754.png,0.6560373731309491,0.23936545990623037,0.6349166269630284,0.01562755239189063,0.03277729762905062,0.028740559791409603,0.015352487592315781,0.030089697492177825,0.024626660021999463,0.023092554597867593,0.019149125965757102,0.019772196934119468,0.9268953656529327,0.8527564233505802,1.0,success,
PAT_108_162_526.png,0.5817520620917659,0.32195371126038463,0.7096376838889238,0.03781571759586896,0.13615647303950587,0.13390602987394526,0.03289136393226429,0.14199411080311586,0.1363337221822276,0.02013200758464393,0.11226842308076224,0.08724069439610127,0.8958965529237959,0.826562450789289,0.9833795013850416,success,
PAT_381_775_253.png,0.7771320159863903,0.1504497199076564,0.5110311700992115,0.1770836696550492,0.05693041929102213,0.08678848136881696,0.09150375374759097,0.0505081995973227,0.07794078976218514,0.14152729792364435,0.05908046896338602,0.09245379617404181,0.8887392887140492,0.8760490258151273,1.0,success,
PAT_2016_4160_868.png,0.6366729599649976,0.4627275795846187,0.6553952929789475,0.016907673507654843,0.105054925016238,0.06738119368557874,0.014752257327085015,0.09141126959563582,0.06464342438352447,0.005254074344646713,0.06557902643116359,0.07821072065157597,0.8436905669004395,0.8190631495660181,1.0,success,
PAT_723_1396_338.png,0.6359332263551858,0.1774565426656525,0.7629444655981675,0.019404268753568137,0.014547861647675048,0.04894459548675673,0.019401260572379897,0.013127728992330731,0.05159113054051794,0.009293490835570139,0.0013147431127900067,0.006394578009875973,0.6985433253482496,0.6535280067640314,1.0,success,
PAT_753_1427_658.png,0.6299297406523006,0.5954165160357382,0.5636282256537382,0.010742536838146102,0.05104488105275019,0.06420084183904992,0.009854953159698745,0.04498956554317321,0.05876627065991317,0.006691375443211929,0.05148552217342506,0.03788833443565176,0.7297229602260649,0.7075156582995188,0.927710843373494,success,
PAT_1719_3203_18.png,0.6444010929350253,0.239100599759273,0.5606187345344283,0.02508087160698765,0.08593656844424966,0.059644433731981195,0.021988947287605316,0.07675452351038822,0.059258218101920036,0.009462522886887589,0.028396520326599617,0.06563227653341841,0.625904137462481,0.6821076561189033,0.9900332225913622,success,
PAT_279_429_142.png,0.6359397405215258,0.5337161579554338,0.7978612564878389,0.01530043752328536,0.1385967114415316,0.08601328108260467,0.01254024899758249,0.12250154575356059,0.0625968174084754,0.003486197911678188,0.012285528275839286,0.006905293066086449,0.8368715617803926,0.8689133153208036,1.0,success,
PAT_539_1023_878.png,0.5795836579557748,0.3005597169465251,0.7246381956524311,0.0430634180362477,0.05856368663885005,0.07562357821837591,0.04160941532534505,0.05064725568206635,0.062136937336838706,0.03916154365765941,0.12881495852265373,0.15806796100119358,0.8078246706165064,0.69339912524432,0.98,success,
PAT_1903_3791_14.png,0.6474062798595268,0.38686659109617694,0.416349540504433,0.029387853159154723,0.08118254355052004,0.11733557881365282,0.02719840571732354,0.07290423138944102,0.12059887022830802,0.031315961243372055,0.052940012334591,0.2484087205235555,0.9122952013924643,0.8352999510472091,1.0,success,
PAT_1215_752_707.png,0.6031833891343663,0.5723601627650001,0.5976733198468259,0.00932406111503211,0.0852798269468904,0.1388214791012788,0.010306317485725481,0.06804344766167017,0.1410473669765405,0.020345222053823955,0.1132998768845277,0.182669211911759,0.8334775393660132,0.7794620111325183,1.0,success,
PAT_270_416_398.png,0.6721824423440418,0.18296860390379371,0.902257094048105,0.010519167099439342,0.005505990447511202,0.026528370550335155,0.009154645296739395,0.002672441152547788,0.0283197345481462,0.00444255154977687,0.0012199155255679939,0.02888741866903366,0.8160387207365969,0.796054451473171,0.9666666666666667,success,
PAT_179_277_436.png,0.6783594994281449,0.34220300877564097,0.6313910618814186,0.014717322496470583,0.06562833657715364,0.04168881933117839,0.014419352601116781,0.06272953605744037,0.03131289344856599,0.022649858978109685,0.07109680054988848,0.0016301250921850752,0.7575375006739014,0.8427724785189019,0.9939759036144579,success,
PAT_35_48_43.png,0.6169327238575092,0.4118906097626093,0.8148607328842387,0.013209873731920846,0.09515948495610406,0.10809040318319862,0.011707516440868595,0.08863750650766805,0.10226065588289811,0.015769841944008156,0.11132841847388009,0.10299048699302527,0.7550571376646481,0.8056323349299496,0.9554455445544554,success,
PAT_527_1359_165.png,0.5960371879781522,0.18569935162563428,0.7415374972236934,0.017989982811897346,0.01412077635917572,0.04081714091016541,0.016835910177825243,0.010735570015214259,0.03770584294099549,0.011333913225621868,0.0063403056036480665,0.0034579542827894993,0.8902297523918336,0.7581480750521206,1.0,success,
PAT_301_649_533.png,0.6507249669368503,0.3855144114674691,0.569034251456272,0.023813813191668518,0.1202235877122391,0.10177045843246584,0.018158856494237065,0.10238019544648895,0.09168189701903358,0.006228190668547503,0.11962721670680604,0.09340233316901847,0.7506124064793116,0.6387550235650797,0.9976019184652278,success,
PAT_247_1293_449.png,0.6772364642606654,0.1831899905873424,0.6669944503764443,0.03748019233945339,0.025756678813864658,0.059780918781902545,0.040741112722853794,0.02417764074255149,0.06185398165014812,0.033130037794035005,0.0042204892972073915,0.06395421083128627,0.7449996938526534,0.7896273473562583,0.9410288582183187,success,
PAT_995_1867_165.png,0.05307335961612235,0.15525025958490538,0.286417530944604,0.2746031592592877,0.07053953167708372,0.08453976916599652,0.30198006955103707,0.05443960046888668,0.10073669648349483,0.46579241613416156,0.02686516355589147,0.25263461703975,0.7557667542561111,0.7139786802194917,0.9667519181585678,success,
PAT_416_826_123.png,0.6679250742700629,0.519861124178328,0.7049390131974138,0.01066390644853376,0.09959040273587659,0.0690127878843952,0.009141162614076843,0.08956674142128215,0.06273585931493442,0.013304244335759247,0.02307403163265781,0.020602045214668352,0.6634084337206356,0.5817847527628096,0.9980806142034548,success,
PAT_872_1707_638.png,0.6271539725130805,0.41036031442050913,0.6324456733184508,0.017690186085826735,0.08988027496754591,0.1968539950518917,0.016425879347794593,0.08361363035473685,0.19363102147498515,0.002819315056384871,0.07276143293795173,0.022012088338490776,0.7194383372872316,0.6912150958092613,0.9615384615384616,success,
PAT_858_1631_427.png,0.6891684302406031,0.22812248427465903,0.672250783157827,0.11423873702494025,0.11044697961412828,0.13100257551908212,0.04895585816437562,0.09094883749527728,0.11356558434311524,0.023548823104896935,0.011522473363538482,0.04952562187042764,0.6678266598731097,0.4725773757368899,0.7818877551020408,success,
PAT_38_1003_68.png,0.6482769998682013,0.1585287388605099,0.5964749182275118,0.026125962729574848,0.03213358984014814,0.029571765148644694,0.02154393684489937,0.03352123554486048,0.027650868952547855,0.008883191405016946,0.06695786908947568,0.004720985801189959,0.686189334226895,0.4998991462957507,0.9318181818181818,success,
PAT_20_30_44.png,0.6435009404369736,0.4768833224510793,0.5483397028764156,0.013863488812322081,0.08320730404360484,0.12087553775321104,0.013016913596842643,0.0812990695872498,0.12179477236030187,0.017596880499602542,0.028653904477141834,0.012185217899188028,0.8115286435540414,0.8423839195292864,1.0,success,
PAT_112_168_360.png,0.533827568234699,0.2523446230131389,0.41452214076385396,0.15341049957914638,0.1445465778599342,0.10274646884383982,0.16581627401094726,0.12305190368722013,0.10813844318187638,0.1312650526853298,0.0994459925545956,0.1458398304368972,0.834145899180579,0.6261505185910288,1.0,success,
PAT_746_1407_708.png,0.66298060387268,0.28472381779016787,0.28102116135156513,0.24467271304661622,0.16051907170042448,0.12233403527680116,0.19771556500986,0.10340698326050987,0.13320013126393182,0.07214924066825906,0.060211893572801656,0.2886899238810639,0.7266910103663697,0.5394182071445119,1.0,success,
PAT_65_101_847.png,0.6166853703232125,0.4062942430437206,0.6383213983378918,0.01342230775303682,0.05756043162913067,0.016049076220064493,0.013608192645275932,0.05457440594003847,0.010921374618240654,0.02159052489749169,0.06828532713070962,0.009023635211941605,0.6993963915555509,0.6341609674435078,0.9974226804123711,success,
PAT_517_972_845.png,0.608529572707631,0.1751524150369387,0.6277587020815597,0.027477190136313723,0.012045463749319989,0.0996637725518459,0.02747635573118284,0.012955354015467187,0.10084542554998403,0.021463188611804976,0.018479941677879613,0.13436936790293058,0.9340638270411639,0.8584186089504738,1.0,success,
PAT_44_63_151.png,0.6943841825153355,0.4000358579425343,0.32743837760063854,0.05699753377742954,0.20177252039147017,0.19177033166259844,0.05773577325087604,0.18907961064769013,0.17939820040387663,0.06301296655526198,0.12937907686331307,0.01706038508176838,0.8432686284227825,0.7334863125889249,0.9792746113989638,success,
PAT_712_1335_359.png,0.7084193774947287,0.2380180797737886,0.588435704459011,0.1027667821635724,0.12625779561996808,0.08900565984302043,0.07389739467942823,0.11470620579353445,0.06575441105936229,0.07242591554544894,0.0038463487205995794,0.011766898995377861,0.5108696638563948,0.6001550405441513,0.7944572748267898,success,
PAT_708_1333_222.png,0.7882639986934142,0.12807759207977287,0.658343671827731,0.2898365672023133,0.07160954603954621,0.08672201927603987,0.27828313851780956,0.057140122131243455,0.07250547194958264,0.08065047139010126,0.013063794067601553,0.03267439087167878,0.7076383412990663,0.6262747936845007,0.9488448844884488,success,
PAT_860_1641_440.png,0.6643442651843613,0.3214656127470029,0.5282051516495305,0.033004010184309575,0.14814728106505537,0.06452435101536633,0.03028435046493442,0.13411433215903143,0.05972156049660679,0.015502676115763276,0.03567312519457366,0.02325539445552416,0.7912969930433572,0.7545428836727772,1.0,success,
PAT_882_1678_192.png,0.8059677584781825,0.3537668023878094,0.5325296699659041,0.010405668432566639,0.06851230578018508,0.08061760877946697,0.013809062729913215,0.07764955727866915,0.08872189106122326,0.003664938735473634,0.006742250347897216,0.018069874230181138,0.807724735069195,0.70871551668243,0.9858156028368794,success,
PAT_532_3216_633.png,0.6070559912555774,0.2505718800890435,0.5709004385813755,0.02105258197666217,0.10774931440100757,0.07604424883292026,0.012953774916422025,0.0801554965073628,0.06152750894710349,0.03176154498988429,0.09401820228148627,0.06841554810618555,0.9011484953842126,0.8814529861049579,0.9968976215098242,success,
PAT_394_794_235.png,0.6431397498735526,0.5445969019117677,0.7427639111117335,0.014808308750589564,0.08124418925380184,0.05059666245329311,0.01537917858765702,0.07529453776911363,0.0423312466181297,0.008435013612731426,0.017436276761567004,0.01663717703097789,0.7388340547403782,0.6666114851308226,1.0,success,
PAT_590_1121_504.png,0.854888568208666,0.1154030775305717,0.7695244265106923,0.22643833828171883,0.039040181976474485,0.09555858826264114,0.18188066732266744,0.031968355217297136,0.0838163659832825,0.2021806250058667,0.019781726875605532,0.0025245894656956702,0.8409391146024277,0.8112148596590696,0.984375,success,
PAT_1904_3794_215.png,0.6518595278189157,0.4042871816704058,0.42824567475691677,0.023793412411728266,0.10881012679820748,0.05144097622143408,0.011967872670021603,0.1226623258563586,0.052732507475958194,0.020166395332172883,0.24404232996087774,0.07559390127450083,0.8423249731607205,0.8432783802083725,0.9906832298136646,success,
PAT_279_1393_118.png,0.6412747162198223,0.3475081803886899,0.6563285849900531,0.015618505841421396,0.22209843760384804,0.343608619690764,0.014887419100937695,0.21618695495846196,0.3413551700690941,0.007215308692265963,0.059866921130414474,0.095194132925291,0.8706884127358767,0.8275652806074504,0.964509394572025,success,
PAT_864_1645_639.png,0.6464009528169398,0.6816861834814636,0.6328668280278451,0.009669458877055713,0.1104525831574161,0.12632276171168563,0.008293762377606859,0.09198688066403332,0.1172179975658962,0.009639547364147284,0.05428280560682086,0.062091406255634474,0.7756995304974934,0.7653753619718197,0.9570957095709571,success,
PAT_1699_3126_673.png,0.5083156975023202,0.11837169168876453,0.3268586024399591,0.22790574691309062,0.07741412546642049,0.09737085823558954,0.19718449134283952,0.06872789366811313,0.105782611703691,0.04927969672998734,0.0788436472443892,0.23158666376330328,0.9174595582073386,0.877908307359024,1.0,success,
PAT_1364_1246_447.png,0.5891165335385388,0.5199445666535792,0.6112008347272346,0.009578371791009859,0.09068951175500603,0.04793379931894329,0.009542602381150752,0.09145904441276617,0.043861216557167966,0.01260529004188492,0.1585371937307909,0.05048569674860137,0.8089015419748753,0.7944319044721888,1.0,success,
PAT_512_962_998.png,0.6194140125805055,0.43992211203187975,0.6702732027919622,0.0146449746875976,0.10336633642734015,0.06150007170317072,0.012152911839220399,0.09537663364446035,0.051879086702450956,1.367981832029525e-06,0.013072932108338042,0.004025724326054858,0.7061129416429315,0.6356987333032753,1.0,success,
PAT_924_1757_784.png,0.6742551292045941,0.1659788153880665,0.5310140578899626,0.043499918972931866,0.07776971373295359,0.05287719511408455,0.03770519201196805,0.0692215722474403,0.043223810819963654,0.04013285501902209,0.009752326055619626,0.01550816794328036,0.6869949668170237,0.6855345935330791,0.9947916666666666,success,
PAT_809_1528_118.png,0.7324426031869711,0.16654719433612655,0.7054747089244725,0.03823398985595355,0.054069053925753216,0.050236007425421635,0.033201250791651545,0.05212285455080263,0.04768266567688251,0.043615123819846086,0.04829161624282026,0.0021017735434235574,0.9144560558051098,0.8624241873937928,1.0,success,
PAT_326_690_797.png,0.6174682490882001,0.46831115882541285,0.8242326386980704,0.008759657000803852,0.10449790248211034,0.0487335626997534,0.0072734096115054875,0.09609512844607096,0.03853400356271484,0.007963052415451461,0.013521996555777238,0.00270385307888521,0.769504016756488,0.8615606773392769,1.0,success,
PAT_40_1026_312.png,0.5374507864167374,0.1415551173914631,0.9987019388761091,0.021907991036436595,0.01880561673312303,0.002468143838044642,0.02274019006885786,0.018057774939837817,0.001789956231124458,0.0025607940336850594,0.016382046048761117,9.899798912316182e-05,0.801009143823463,0.7258560497484522,0.9606299212598425,success,
PAT_452_882_896.png,0.6526724638221637,0.1873386524716066,0.734197442724187,0.06798819294394676,0.043319417945527045,0.21683290530944763,0.07205217615684004,0.04871983623588174,0.2163713438053467,0.01791391911019902,0.037365127556799216,0.017581343843426023,0.7502478897469544,0.6939721226547697,0.8761061946902655,success,
PAT_948_1801_721.png,0.6454922053092393,0.15549644831137172,0.2787814187840195,0.2285519934594846,0.07878263490139309,0.10616803957830377,0.20215899796338924,0.06737101508861044,0.10392760211960542,0.009405030114634864,0.03476162640022401,0.13777592951177742,0.7715513011426971,0.8050820437001291,0.9733333333333334,success,
PAT_57_90_910.png,0.6498924194156089,0.16211631663974152,0.6277696474389433,0.01774215931963573,0.03873131648133569,0.04403990041467995,0.01607003728428614,0.03797883429290369,0.038078923786954266,0.007186276449713821,0.0043741718801480756,0.009425008746798524,0.7641301917590932,0.6630461395870447,0.8926174496644296,success,
PAT_155_240_211.png,0.6188109926254501,0.7109787058636163,0.6298255311043035,0.013886040739620268,0.12078094706222647,0.1730955949019428,0.010691413270622604,0.09518067339111597,0.1591305113147752,0.000757696964456045,0.09604999058811048,0.1366601065322861,0.7489385745172498,0.5779196951327221,0.8831168831168831,success,
PAT_53_82_940.png,0.7847835639145018,0.19140929392758718,0.47269512813202824,0.09739780438853808,0.057429230345795355,0.06477743023674117,0.10485558491607656,0.05764444901605441,0.06799504515443447,0.05357548181014743,0.11545442830967187,0.11290098145037492,0.8642543751476555,0.8556303614009106,1.0,success,
PAT_713_1336_159.png,0.6456526117695482,0.1796694032555428,0.8387034556656845,0.013989617734853427,0.01045023025927103,0.05535850349851479,0.012826510483506375,0.006895088985524861,0.056691139569834244,0.015104652574748042,0.0016884203479969329,0.027780602821675715,0.8715392064852632,0.7969864383729564,1.0,success,
PAT_153_1200_541.png,0.6259272188549516,0.35183168868579656,0.685124542525406,0.012349187195829356,0.10116597488120864,0.11007546312931164,0.011314898675315153,0.1015445550869169,0.11125371415424466,0.007516257520624552,0.018185916695131588,0.008798995621438599,0.6758668587027634,0.6929401749835566,0.9956331877729258,success,
PAT_230_351_720.png,0.6146801089179698,0.19684934953254357,0.8627553634851358,0.024859407011746458,0.047772929295305626,0.04361235542869751,0.02390556172223175,0.04309151157878493,0.035268370803728834,0.04292641178031092,0.032710113074324365,0.02793084942069779,0.9092383514827069,0.8093928200151945,1.0,success,
PAT_328_1738_890.png,0.6538774752351479,0.15250680468783054,0.5477719642160388,0.06913500823251478,0.03819387751123695,0.11203195918553784,0.0555145121041454,0.03135375206153709,0.11062577372735288,0.009902420092459212,0.013547742808307672,0.004493591111650819,0.8310984250413104,0.8089523507396563,0.9644670050761421,success,
PAT_366_752_782.png,0.6619483707758363,0.3357574285435567,0.6699515169251781,0.029409836912147696,0.14222101800206252,0.06650258304067999,0.022105056545646165,0.126880632362261,0.04355773754521769,0.006138707963086334,0.07067167707872268,0.0047282078954935525,0.8683770661912367,0.8381387226308492,1.0,success,
PAT_433_852_20.png,0.6524504010193528,0.6081164225019787,0.23267476068873855,0.0152888544225793,0.17561971407595467,0.09486405761813779,0.011830472350489916,0.16958623781756163,0.09502305990960516,0.009600670039988539,0.2905307447526181,0.21926044817741663,0.8591074393232667,0.761958701418436,1.0,success,
PAT_431_850_472.png,0.6602330875562019,0.803828036572389,0.5703910046562697,0.012950149582820468,0.19261023024178078,0.13669510353143927,0.012001538020306431,0.17231923131133994,0.12260988215345686,0.014161941368666458,0.2849503008765798,0.2052055734616952,0.7053259279892418,0.7000060389584809,1.0,success,
PAT_849_1612_143.png,0.7711349791749659,0.2628768817970679,0.5837705039097183,0.1995357827860764,0.1397416785876189,0.1108740021904253,0.21141323322350064,0.11727700726160985,0.09308478112531306,0.06102229042041327,0.06699044775325172,0.07041100313018378,0.5091536648121465,0.5879987773956155,0.9255813953488372,success,
PAT_227_347_19.png,0.6840189111355688,0.17210255812371875,0.6819842046819019,0.03493679771654919,0.010996398022890512,0.10998433835057868,0.03460081079727421,0.008919604202838204,0.108155983504089,2.0193676773535194e-05,0.0019187717196940401,0.07020158766782492,0.9218719672218445,0.8628270694731619,1.0,success,
PAT_430_847_315.png,0.6721206937133148,0.7621778911776081,0.38874386888089063,0.02006868011039037,0.16394873196055468,0.11144040048866176,0.01019762112409103,0.1366819558705709,0.1001300009760348,0.0112917667159866,0.15434759904619777,0.06256550116095116,0.7963545641345153,0.6912336619228483,0.8926380368098159,success,
PAT_903_1719_943.png,0.6282333091071299,0.403641426827795,0.7219596804092362,0.013587791457225582,0.07374682290222652,0.07814571840479738,0.011194268048302373,0.06699618140482115,0.06739169992545913,0.01579357541205321,0.06534313807998149,0.05406117917185971,0.8668773030981493,0.7875573470643064,0.9703389830508474,success,
PAT_749_1414_770.png,0.7382425797785322,0.07443256039759562,0.8457038920392457,0.049611281090291295,0.027141800974612273,0.030977826212731083,0.03937458299919441,0.025401226459401013,0.026092568949350817,0.013134501539623974,0.005819882749243874,0.007592275894385825,0.8842439289755325,0.8319765248246395,1.0,success,
PAT_761_1435_561.png,0.6853268894288268,0.21118613630161986,0.7450950269860339,0.12800650275992076,0.12443446076436489,0.11376710538482943,0.10313961038181926,0.10932073152481593,0.09299977136230785,0.0011192421010749046,0.07010812969573066,0.03913804401550447,0.7966853089549013,0.690414405105686,0.9278074866310161,success,
PAT_49_75_326.png,0.6619686972517133,0.27119775508018723,0.6472787975068833,0.02294939868459586,0.06541310725125053,0.03923065357735817,0.015013580031419766,0.05597711539838859,0.028976598083038443,0.019288863964689224,0.011254362370611504,0.022091960851957748,0.6186304835447127,0.49507622694739756,0.8958837772397095,success,
PAT_247_378_484.png,0.6265391313903863,0.558973670069855,0.46238370684114594,0.011023465913618278,0.12099406792204902,0.10015651323762301,0.008202464445982854,0.10474256977230441,0.08713819876203106,0.0005002592187846884,0.013646933727219368,0.0160749611206355,0.7793526606817598,0.7759223021461334,1.0,success,
PAT_456_887_499.png,0.6998950124628701,0.2229883132319583,0.6136075226765061,0.015411383669779467,0.06560649763631658,0.029519743167721338,0.014177996809420614,0.06438567362381406,0.02015124212531327,0.004284582238400406,0.12328311776615601,0.014427331759010453,0.6828577970555609,0.666258349631183,0.8847457627118644,success,
PAT_637_1434_570.png,0.8001223072434025,0.08801155326909167,0.60493252792418,0.29882129242936417,0.04359636511908602,0.09200785773009927,0.28826928275237357,0.03950830469431229,0.08404394026519232,0.14170730121168856,0.013594621115555816,0.05917437537237913,0.8893551849063928,0.8469065554954406,1.0,success,
PAT_571_1097_652.png,0.7555483758958779,0.20158251701355928,0.6545665786635069,0.056544688940851025,0.08121755656479449,0.03355929847998007,0.057469273761927585,0.07527454775620335,0.031908446087200656,0.03547662432750324,0.08066478538775916,0.0053009169044238025,0.6231807417186969,0.6373498615214763,0.9142857142857143,success,
PAT_388_2452_548.png,0.6494082996995886,0.4218242060011455,0.582938954593315,0.011757844501292943,0.05933981288002346,0.027792429846819827,0.011157958291096974,0.059131622928662274,0.02237799127944876,0.014433593179887714,0.01006972403956874,0.021470629838501676,0.95813907759392,0.9001383554980846,1.0,success,
PAT_704_1323_974.png,0.6094267719940296,0.1519457038656487,0.534767967218483,0.052026003207491095,0.040863233537878865,0.05391518068373101,0.026951537173803795,0.0339757198841206,0.04881462263316476,0.004928856842647633,0.004719949831253234,0.006008442841682449,0.7382555709639165,0.5027010604867547,0.9827814569536424,success,
PAT_753_1428_451.png,0.6304894579364066,0.3823599190565906,0.9285883748517201,0.011230117949130982,0.028325483686081943,0.03824105462128266,,,,0.013390400302802953,0.04409405236248548,0.056139056141185084,0.7650794325036105,0.8649524918569326,1.0,success,
PAT_715_4072_827.png,0.66255508686423,0.140948587922816,0.7555112301922997,0.03638526933015785,0.057661259731740626,0.0729950879670252,0.025787075036455883,0.05547211170036283,0.07153333309061431,0.00365329151637689,0.05258068184813311,0.044835466957173775,0.6418867091810128,0.5475719793073794,0.8796116504854369,success,
PAT_639_3674_452.png,0.6353365092947681,0.15679049711170776,0.9963426897730047,0.032505900473564796,0.016864312064890502,0.006869265487410865,0.03155875745911809,0.015571240407972767,0.005568109122976595,0.03190098561156055,0.0027162698812725206,0.00017545351242909124,0.8401433414765033,0.7515557192581951,1.0,success,
PAT_349_724_133.png,0.6739272421511617,0.24107195978384566,0.7336576688658817,0.012559936033713647,0.12523187080550507,0.2504061386177182,0.011178066708655305,0.13059632489783388,0.25537374070828733,0.004058945642925396,0.033435042806648385,0.05903536938589726,0.7164105823770457,0.5574595867259875,0.9941291585127201,success,
PAT_1420_1461_93.png,0.5998414147235889,0.16202386435001048,0.6918053171446514,0.03834573317988272,0.08480832588217058,0.08340920150591173,0.009846766182958381,0.07889299214201351,0.07352934196542345,0.02169298705472566,0.01779604868983231,0.014855182876252537,0.8242393167169051,0.7628959041250427,0.9904761904761905,success,
PAT_237_362_909.png,0.622673396702024,0.4620246189674173,0.7267793649803506,0.014391978561487412,0.0907239356663785,0.06404345800194024,0.013671062456169045,0.08197949830000975,0.0553244978848032,0.015047010054827897,0.01414463970473323,0.02776128594862992,0.8300511247443763,0.7730542469339673,0.9726027397260274,success,
PAT_646_1225_590.png,0.6506609909553054,0.399898021955189,0.7499333405320241,0.022801772247679476,0.15005613305091692,0.08206530980941817,0.014779589790181406,0.12789082904336174,0.062043934392026746,0.01858667211095203,0.0033260043373462,0.023306501370438326,0.6741294574301271,0.7402046817464578,0.9876237623762376,success,
PAT_630_1196_710.png,0.7605346588625391,0.2728697259086137,0.5274958878209827,0.03478905800683376,0.10422283193635887,0.07654613378713464,0.03181626181514664,0.09292136543315072,0.07047046897026182,0.03372094696568316,0.024339039080110647,0.041032844445950345,0.6923080005232103,0.6413562564337433,0.9456521739130435,success,
PAT_1600_2685_445.png,0.6808684408542639,0.23244079754977506,0.7706960624248479,0.06684322642168287,0.08825334346770453,0.18926426226526302,0.06585747585365219,0.09070040080210062,0.1902823653655189,0.034877229108201,0.04708616888168207,0.09339354182839421,0.8701326419439438,0.7951413061482118,0.9150326797385621,success,
PAT_1460_1598_708.png,0.6522463450279231,0.24567521525557076,0.6089504567789339,0.01742743300967608,0.0749405185587077,0.05719033493961799,0.013168176025604463,0.06899076837014073,0.051546808026286806,0.0044332580483906585,0.013501034311748844,0.024277389299177887,0.6600509670364576,0.6992775905885036,0.9662921348314607,success,
PAT_2131_4683_112.png,0.6084417880545975,0.1579598469553951,0.629626289711204,0.03337787355574472,0.04099554003660215,0.04330557127875119,0.010414878048534975,0.03421458671614595,0.03517580208134044,0.0015486040023071092,0.016542951782337473,0.031336489412013835,0.7577035451721359,0.5730980851424853,1.0,success,
PAT_492_1782_752.png,0.5568934100874616,0.38388583699129847,0.7680262223640372,0.03590570931628834,0.1540066028875384,0.05541190116858553,0.033371888304850966,0.15138651526598826,0.05347632976280823,0.006012369335342763,0.09019076629966682,0.03250499509046467,0.604828300764106,0.5348556147658808,1.0,success,
PAT_757_4220_942.png,0.6113922853604052,0.42726517996835495,0.9042942016996315,0.00741413011323168,0.03697838669798289,0.0383373991064268,0.00654389361747469,0.025795934941434978,0.025739563847831076,0.009341258831142894,0.015713209150907403,0.03219002507203228,0.3395193312434692,0.21786037996736304,0.714975845410628,success,
PAT_412_817_232.png,0.6292243037233893,0.4327740818221777,0.767648942604178,0.008507276531303721,0.06996028012549828,0.043887984453732376,0.007099055555833534,0.06467605772087907,0.028850755539218762,0.006227234381490061,0.043084189089688585,0.008027646764094842,0.8525624282080401,0.7612668992766507,1.0,success,
PAT_1070_308_751.png,0.6243264292772994,0.42272019810556766,0.668560620433602,0.009008912922979628,0.06245620626477703,0.06914724488232607,0.007729766159374708,0.059313658767545685,0.06856684701684385,0.009345039734494283,0.057360141039262846,0.06317102874780967,0.7119907610040903,0.7746152312374874,0.9675324675324676,success,
PAT_365_750_854.png,0.6138053082006432,0.46924916572500835,0.6303343491787459,0.014103149637368924,0.06030291624029941,0.05663158410189619,0.01161775480245935,0.04906234424389113,0.04786953042948893,0.006173010269223293,0.007954846908704627,0.022751956532818474,0.7834506291203754,0.6037683305971282,0.9968847352024922,success,
PAT_2011_4140_787.png,0.6434001667921012,0.4321223066579104,0.8592660349626293,0.01290327352036778,0.04860195629891215,0.036602178334357464,0.012004400831711096,0.0446321990543721,0.032873713696570106,0.009690534782346955,0.025257333651372338,0.0025585008233380835,0.9055197357922619,0.8902528421769587,0.9878048780487805,success,
PAT_330_696_894.png,0.6323133579099015,0.6955744180268435,0.6496027218748891,0.014488229449135326,0.1661154042041242,0.05609018180947555,0.013806207241160141,0.15932782128953543,0.04902882525378334,0.02062433932547631,0.23963447283877504,0.03812019983937387,0.8528862597765625,0.7556621670808231,0.9896907216494846,success,
PAT_582_1363_358.png,0.6988715544153207,0.17607753038033133,0.885323802122802,0.04679416124936971,0.02753538918622525,0.15391232908776922,0.0468634451052213,0.026187481330157067,0.15650672266189797,0.021112352873312704,0.008849991465138707,0.07945440894294542,0.8083035399788658,0.8237653930459379,0.9558823529411765,success,
PAT_1280_972_727.png,0.6167114051242314,0.2688040807077216,0.7365811336814837,0.011907157681722421,0.06539775162460866,0.10082214836219337,0.01038783981510307,0.05350612014560337,0.07677268117287248,0.008218636567254202,0.026245007497389672,0.011759733528923344,0.6154353397789971,0.4627829480393711,0.7769485903814262,success,
PAT_393_793_852.png,0.6372668146060536,0.4906664497807419,0.5967602664985802,0.012131224267794784,0.05730930645768656,0.04043327414246894,0.01122210447873511,0.05233713640101977,0.03725270427293243,0.01648446669768783,0.028757446324725988,0.016168321047886014,0.8422771530471089,0.8824963709843733,1.0,success,
PAT_61_299_74.png,0.6010307555765723,0.18520219252114278,0.4863027286797842,0.024658785997511215,0.07045578013370347,0.08840147878787875,0.015131108477949415,0.06421147806408008,0.08551476940407891,0.006975195986545025,0.02468266688200596,0.1349134275563454,0.740917610050987,0.8492975206000812,0.9864864864864865,success,
PAT_432_851_560.png,0.6553950459987501,0.7353750486610526,0.4501531542606593,0.012109536969229949,0.14859431357132918,0.15538158048556605,0.008461978194941799,0.14121240773664978,0.14840670179343193,0.00039899273805177576,0.2211428024906733,0.1863203059006317,0.8691801701750548,0.7882129235331495,1.0,success,
PAT_2106_4590_227.png,0.7479822641939133,0.15553781664912059,0.8061900844049833,0.06353471317814824,0.032654140680523344,0.056424959850621285,0.061819938166816545,0.029971479351106486,0.04037914055341103,0.04958893303615623,0.019779151049504395,0.026661316423009174,0.7802460941453433,0.7523876832539437,0.8938992042440318,success,
PAT_85_129_225.png,0.5987955282306175,0.4501053593642895,0.6803303798860935,0.029816159358233014,0.11514288679864866,0.1320391109709459,0.028289949778765436,0.10832056940410509,0.12439136080860524,0.012662731182962498,0.01002129999510637,0.05210781278227827,0.7679966433950971,0.8188877679244869,0.9841269841269841,success,
PAT_1790_3427_355.png,0.6409586688091392,0.25552187738328214,0.8838426703982588,0.05082711051876938,0.10403893155232338,0.06317555520595665,0.02288519467795531,0.09183886812947127,0.04614908088189206,0.01338971306968083,0.05622356905707526,0.008153171554907357,0.5975655571845246,0.6565946609570497,0.8593530239099859,success,
PAT_180_279_377.png,0.7118967885550626,0.1573059842461775,0.5484593735529572,0.17210604528970688,0.03936694874772598,0.10295847862126181,0.1705758640356946,0.033096274930374536,0.09094872928051127,0.1441638397950647,0.006236314784454661,0.023397390164107468,0.9461568445330786,0.8864536314469302,1.0,success,
PAT_219_336_376.png,0.608214568597713,0.31233323889704045,0.7379583569942263,0.08033791887183245,0.14016251075820865,0.19354482041602056,0.04086679249848238,0.09594927125043287,0.15378761715122458,0.032588991550284795,0.002723905711287611,0.14498205139324138,0.9140572586934157,0.8710594477582125,0.9802867383512545,success,
PAT_1286_999_824.png,0.16609150563206704,0.14920859794508884,0.4122758724023866,0.18133649524332057,0.06054450034242229,0.08555921525987352,0.19261585697420638,0.04445810391299764,0.08019314316106975,0.4073666705857359,0.09250949214631704,0.1795241300318583,0.8482370959500929,0.8521205504928953,1.0,success,
PAT_529_994_419.png,0.6509561137666964,0.4801861500947983,0.7256055262066199,0.007648615417190172,0.11873268828751056,0.0860135419864626,0.006672147312215439,0.10360287140360835,0.06503334825717125,0.005647000718439838,0.004165203409803919,0.01564930938640796,0.9053857451454366,0.8451476712554568,0.96,success,
PAT_188_289_908.png,0.7971079396162405,0.15466423814148655,0.5930525158963689,0.10829157354414899,0.057921389790502334,0.07399945833349372,0.08148733788148914,0.0520524066506027,0.06314194664047292,0.053002110573503264,0.06752438585455847,0.022113678278520177,0.8383802505827478,0.7607711517507952,1.0,success,
PAT_356_736_188.png,0.6477698714549678,0.5130177846447355,0.8042779594983455,0.010482066439593781,0.0720873949541337,0.05934273808480715,0.009893079281948002,0.06829823234702252,0.05960146409039268,0.018681836216902385,0.015906304881283473,0.017581847606489842,0.8403508414024012,0.8084218925647498,1.0,success,
PAT_1432_1497_328.png,0.6273940680675217,0.5262196404313005,0.7141861958813867,0.012839687316327638,0.07912018446299321,0.04268630361902421,0.012988056097950215,0.06909677121184078,0.030297452237833953,0.019572600519029176,0.008442059853529083,0.01688278837835533,0.8716468467364837,0.816315630001349,1.0,success,
PAT_951_1836_991.png,0.6188920740411152,0.25639522189156766,0.7104372082068845,0.05264906833674156,0.08083430471285981,0.08564167041202726,0.04572887201438077,0.07754918385140698,0.07833348508393766,0.006358753452999603,0.09938595178786852,0.022574358440643483,0.9227467554933695,0.8678305819118828,0.9879518072289156,success,
PAT_911_1728_101.png,0.6489160472854215,0.5161891075482153,0.7424767011636013,0.014016200141354709,0.10966111034970367,0.08790094125205848,0.01095461525355155,0.09430666440038128,0.07892187699585504,0.010656459832815794,0.024391489496727314,0.028035668791493107,0.9011715050734338,0.8420731937322196,1.0,success,
PAT_697_1317_892.png,0.6480110786703673,0.49345781721067145,0.6314422231699539,0.015219013905195684,0.10378857388776999,0.07188613308668113,0.016080599035557815,0.08812847507586168,0.05472797890684962,0.03281560345604291,0.019732891747515968,0.03304247828396756,0.8320970629125108,0.7444626922726322,0.9692622950819673,success,
PAT_1832_3597_594.png,0.1707882236918931,0.3180084335483715,0.4558724264045178,0.1278179606455486,0.19088064245746106,0.11578995995677617,0.13935359351656015,0.18837245801057656,0.10678377884000545,0.3141273964200827,0.2016678525811722,0.1016157129009298,0.8685870237098783,0.8411285327309699,0.9815573770491803,success,
PAT_856_1626_523.png,0.629656441820982,0.6077876166738041,0.6790624915715943,0.007550215916491679,0.07125537175375117,0.06800278976541083,0.006702065293220924,0.06347546114724074,0.06377734948362547,0.009239857947731798,0.06505933184886603,0.07532007721490064,0.7530445304407307,0.7276711407186054,0.9747899159663865,success,
PAT_835_1577_938.png,0.6446766027682246,0.4925264023679576,0.5234324569245481,0.011464646008014107,0.06149870156098415,0.07617820051899402,0.01089586614949254,0.05534629215753294,0.07297232998960423,0.007427312298513853,0.06056768348714686,0.04853507447003225,0.5670487454053132,0.43486453665726055,0.6476868327402135,success,
PAT_1978_4004_82.png,0.6226769526516581,0.3123780016650033,0.3073966621971101,0.01929289478969763,0.08081354047687761,0.09850142380921834,0.015050975482640453,0.06581459183109473,0.10180824523130101,0.020688223587648952,0.025139872417719367,0.16715642614639503,0.799225621941541,0.737220998711544,0.979253112033195,success,
PAT_627_1188_755.png,0.6193744297893655,0.3965322690644602,0.4678613120196131,0.014265030301124169,0.0590121989501415,0.07617969951100018,0.013147123271706147,0.05548397308356682,0.0777020907578854,0.031085564324085307,0.22803865050078873,0.188944972527622,0.8827678718931878,0.8397461544461958,0.9923076923076923,success,
PAT_531_3079_652.png,0.7041405700694183,0.2016295226031193,0.6254649275591798,0.05497050293658158,0.042063531399162433,0.14159840011133382,0.05419391805868822,0.04053576110580608,0.13844227533532025,0.008504910962370991,0.007183900385608205,0.031198881093953856,0.8613214411159617,0.8087872949820168,1.0,success,
PAT_1720_3208_130.png,0.6490729401468578,0.2519061408628587,0.6653386774756471,0.02442448419820883,0.05785382292943443,0.030313535772006458,0.015478266806267054,0.04397350948859107,0.019491955153601293,0.011477957514831634,0.0033898589220398567,0.0098384787485154,0.8546339562477246,0.6846295997582282,0.8115449915110357,success,
PAT_115_177_575.png,0.6238167406628,0.480111740673302,0.9641144138468077,0.07651373672032324,0.16896669322416505,0.052474470516976596,0.0351913347510449,0.15372831776344503,0.04784284242872787,0.0009329213164106262,0.022248001569143194,0.0009986719401474664,0.8736225659466247,0.8369950391215373,0.986737400530504,success,
PAT_570_1085_429.png,0.6682173469932264,0.39809540169773605,0.5349458132333985,0.015072575780038714,0.061679033599986846,0.052097202086556056,0.014093275612898757,0.05724205705051214,0.04828774680101289,0.013637022778354277,0.0030327122763068592,0.02387616350002708,0.8854569176825371,0.8628875851822089,1.0,success,
PAT_337_706_254.png,0.8456459736325712,0.10088880141772456,0.5065586404992427,0.32027460482575815,0.05270474596198482,0.0846079533559365,0.3167161694880416,0.04419549705414552,0.06211113433289566,0.2648549908771888,0.031156822149510918,0.0423953238713794,0.751082289355356,0.7534060531389374,1.0,success,
PAT_923_1753_496.png,0.6512933301509687,0.5571582278481013,0.5719411764705883,0.011686648723729027,0.09720159828624934,0.12043093864179653,0.009587346727459974,0.08506665357764455,0.11534110941443611,0.0052193997265784255,0.026506621155554244,0.11421228910952497,0.8094991723914116,0.765312884489232,0.9957264957264957,success,
PAT_207_1280_15.png,0.6548439775539237,0.3118590889054713,0.6332286843117793,0.013545990276170079,0.10699595774391182,0.06420611977321825,0.012711216520418744,0.09857391642309436,0.057950996751616767,0.02220737776346079,0.01466306898658809,0.050360410192050176,0.8252443243893758,0.8553555576690891,0.9804469273743017,success,
PAT_242_368_261.png,0.6308166046818322,0.6810331295439523,0.7403030219578468,0.007762167225563801,0.028321883544794577,0.048133377321061876,0.006498529980109706,0.0238497468840951,0.04329091919790273,0.002372281511005762,0.010540289361872124,0.034996902348205516,0.8934510281506041,0.8754133556106346,1.0,success,
PAT_806_1519_527.png,0.6362543818077372,0.5031541564453386,0.7217396957037919,0.010593233082591106,0.09036821016239982,0.033385060238658226,0.00913150547316128,0.08668717820377593,0.029615515836499365,0.0006900180172695829,0.01370984401599662,0.006261187597257689,0.8128794078394992,0.8567262828969426,1.0,success,
PAT_703_1329_112.png,0.6802058181457883,0.3246125233208276,0.5624221158623566,0.03236341417358822,0.11129964588261447,0.05863249789524446,0.030609218316996093,0.10464034259967227,0.05405068489273899,0.0021148677561501,0.05568409416135339,0.0005765097995150681,0.7803739206341496,0.8037803355031606,1.0,success,
PAT_468_905_765.png,0.6472829521066773,0.2945642677155872,0.5779887794535357,0.09168561615455986,0.14317023141210072,0.10109388561231776,0.0831191129612298,0.13383170342238193,0.08771783005878028,0.041674026942855845,0.14556790144626205,0.09496428597596418,0.9029388750776606,0.8324006452386957,1.0,success,
PAT_1449_1554_932.png,0.6193231814347665,0.6356457462284828,0.5391383897328355,0.01474249566497852,0.06841224413318768,0.052282992752388034,0.012815536467796896,0.06236463863488418,0.04610595189275326,0.0061888472000931295,0.010692803158565245,0.0077299810805425695,0.6361532989327818,0.7794027733481963,0.94375,success,
PAT_305_655_30.png,0.7201863534090036,0.1782286456693091,0.7863238370012676,0.07700587348640452,0.09911234313568472,0.07034746590619909,0.06241878867624417,0.09426259761084614,0.06792627553101399,0.021391316960569878,0.07997409717059273,0.04655139088874982,0.8577088258902139,0.8133635376770685,0.9915966386554622,success,
PAT_493_1862_360.png,0.6744133805721322,0.4229189993642758,0.7641548823324339,0.03264314060961995,0.2613960307163139,0.19353268788726724,0.01591798865479017,0.21879489097135524,0.1674680004796845,0.0004563325745099039,0.16195401088808203,0.11764908556305265,0.9050095519217553,0.8484553211013639,0.9855072463768116,success,
PAT_401_4594_970.png,0.655000470657067,0.3056603334612937,0.7103924726090114,0.012893426714298495,0.05084411418212456,0.040461511924966734,0.012634526284078207,0.04833603761500687,0.031976442480617165,0.015586495439039538,0.03517453707228563,0.01612369340479458,0.8025495990839517,0.8453287422395632,1.0,success,
PAT_36_49_935.png,0.6546460623048133,0.5180106673697951,0.6778418514413319,0.005707552461101018,0.07613253872137138,0.08459930796017279,0.004503858521053826,0.06931512706941563,0.07901011786975862,0.006429869908819322,0.05882982826016536,0.022035884495635316,0.8563957374241464,0.8339002851754506,1.0,success,
PAT_204_310_975.png,0.6831466741843444,0.3049026757032419,0.6278786210643713,0.015789199982580486,0.12073075318226593,0.08746280179123127,0.014778455537541531,0.11827793950229615,0.08456959913310665,0.0323424027591747,0.11177609381076486,0.08535692717254917,0.8703288666430264,0.831282984096566,1.0,success,
PAT_788_1503_168.png,0.6769988027419828,0.139922867123791,0.5296328777323416,0.11692281033346301,0.06691414214552037,0.07661137187245297,0.09510985358745064,0.05783874333237753,0.07324123888577075,0.0022485220628428552,0.00924852271387741,0.08779131217380576,0.5058255479668312,0.4469175971267984,1.0,success,
PAT_217_963_806.png,0.7286422768908778,0.14147140211256143,0.6579679494162789,0.05234111595399528,0.060048001828641104,0.060719293154732484,0.046175377457061816,0.05205205015370386,0.048528206508884564,0.007912753080830252,0.013039697973168063,0.03498258702115942,0.9056476546126118,0.8040514506842609,1.0,success,
PAT_514_969_187.png,0.7962429157252071,0.08947910342542371,0.6454976188552368,0.26266398864616275,0.04580226467053081,0.07066221343522668,0.2813465181469821,0.03817165166455807,0.06078032672783511,0.16929993880222835,0.017632232853499033,0.002891425399747849,0.6872852250092555,0.7399429029848019,0.9641873278236914,success,
PAT_86_1109_306.png,0.6454480064869748,0.1787469949199257,0.8060229708358337,0.03670851294274808,0.06211775793047954,0.05778113064202933,0.030357408320266472,0.060788773818887476,0.05254401247524481,0.035140014299334,0.038662848433930364,0.019453398355227414,0.7287154814484955,0.7203140296341113,0.9684684684684685,success,
PAT_1585_2619_396.png,0.623165698985146,0.4198913843369407,0.5267794295142046,0.006105374182677128,0.04950148438150501,0.03888899151969399,0.004787724143801004,0.04392045464770123,0.030658558521143204,0.004066405129764424,0.010492995414636164,0.022340804624456423,0.9018367809058621,0.8362413970489566,1.0,success,
PAT_812_1625_430.png,0.6330179335442379,0.19696905537986964,0.6182094744171691,0.06367139246514977,0.0645600967616827,0.03688230232562974,0.06234443271686806,0.05741850789435459,0.0356360162858407,0.03851371729169289,0.037584648934255394,0.012321128248339863,0.8826741702751427,0.8347469850193979,0.9699074074074074,success,
PAT_86_1082_41.png,0.678122237216832,0.1753625292668721,0.5641820616934884,0.04567924781578439,0.0891022686561172,0.10927074723935845,0.021272981887369338,0.07620130401209793,0.10287011441064461,0.015613430948806536,0.008428761224135856,0.029236261920110085,0.8832552738294224,0.8446569041973077,1.0,success,
PAT_886_4635_304.png,0.6810695639625796,0.23938496274618373,0.6881096404650324,0.022075080789817705,0.06673262774094056,0.046938370895855924,0.020797678682579028,0.055691471102349906,0.045406612710330266,0.03041223499816665,0.021189804413735053,0.03090761138929199,0.8263933017353337,0.5765199121480767,1.0,success,
PAT_791_1487_906.png,0.6742367497514362,0.33784621114981417,0.33717074316974066,0.03439876623331703,0.06264022969742034,0.08138610229829783,0.030674767784699304,0.0494241809784236,0.08233474056959814,0.030376395387053633,0.052899276956242414,0.12357625198085642,0.9049010080596949,0.8708288928474717,1.0,success,
PAT_223_341_187.png,0.6177961574751809,0.5501308923215616,0.8131533780621002,0.010732344115880595,0.09648191405858655,0.08631025376410523,0.010006760811264252,0.09243921464409227,0.08188898331894018,0.0055032789912640425,0.1290208889981984,0.08119690442377547,0.8286761822602149,0.8151894787154444,0.9838709677419355,success,
PAT_267_1061_152.png,0.7253258033306028,0.2205720754300229,0.7167950523206053,0.07364945526827633,0.08974327493362808,0.0650902825928269,0.06435199128228497,0.089321786007284,0.06164124581246366,0.025830752780300434,0.10066830568998685,0.0224172324987002,0.6527220715597969,0.7327071521240143,0.9953051643192489,success,
PAT_1314_1108_442.png,0.6227237648944106,0.49668132948486876,0.6444900994466781,0.009362071639566788,0.05519624231867593,0.11893349867245226,0.008599636484660932,0.040921871413240975,0.11702589678282711,0.01666412168274576,0.043744162798153186,0.15338471510081775,0.757591029184002,0.6568977280090353,0.9651162790697675,success,
PAT_15_23_240.png,0.6633361046168014,0.17867918467436955,0.6696331818671823,0.022996215632629137,0.026152144641741634,0.07807859943296196,0.022028348735544184,0.03276358054009704,0.09207930557210295,0.011259014325218272,0.013281926295593799,0.05152481184551416,0.8482555061471451,0.8016650334219998,0.982051282051282,success,
PAT_2006_4123_719.png,0.6281351322013433,0.6324739787676349,0.6851640455593048,0.010948889903277022,0.07211611702147858,0.09733063235525835,0.009880363007859699,0.06342729333654988,0.09947173724851488,0.017859080666689585,0.09161682466101229,0.16371519690073144,0.8631533241093177,0.8105947544183936,0.997920997920998,success,
PAT_196_300_749.png,0.7452888012335418,0.20975767401049558,0.46534794720754175,0.18607866521008556,0.08826849345475611,0.09213716709477121,0.14755403791201863,0.0799394972759943,0.07832478369680893,0.09882777677744153,0.006489930326012888,0.07328066479677259,0.8502603769446895,0.8149698733101255,0.9967532467532467,success,
PAT_499_945_878.png,0.6623434073055512,0.26518571528115803,0.6517588194434908,0.04630937619294465,0.11433242310807924,0.05306878298235739,0.036069536435696305,0.10420215901706917,0.049652223512452257,0.03965336262599869,0.03887199248972226,0.0021197111678772362,0.6584321324577751,0.7278075368265844,0.992721979621543,success,
PAT_1575_2516_23.png,0.692917287097877,0.3246868425899266,0.5622596359618063,0.011464272216066036,0.06740225373433056,0.021222318471223144,0.010267973966696636,0.06352543156162545,0.013576996048884231,0.004687161369812445,0.0845648742839882,0.011554417677701379,0.628270793313321,0.49559862621745715,0.9277566539923955,success,
PAT_230_1008_673.png,0.646501104203537,0.48284091124203105,0.7417501158578352,0.009850550465994212,0.04637622418935592,0.06661687599431333,0.008945459917001903,0.04220459176723142,0.058458573835170204,0.014385693264161779,0.05997021968664301,0.0700305478422274,0.8236275691094371,0.7896011315794752,0.9853658536585366,success,
PAT_470_908_103.png,0.6665004067498039,0.3556025955949483,0.8120139512676717,0.014592346242549504,0.10781789873329715,0.05611709152498613,0.011619951654698044,0.10108677522522976,0.051224780335274646,0.020132067602371014,0.00254925636149117,0.006807745682437472,0.6538713018193139,0.4970900813733114,0.7845934379457917,success,
PAT_1403_1392_407.png,0.674036246761731,0.41742269831069306,0.6326519094206022,0.01306763184258199,0.13628639757605443,0.13544981529270142,0.011376598615525632,0.12840948911111658,0.12430726694173383,0.008218138165704165,0.10935314624613135,0.06677238778349082,0.7284824757570388,0.7231906547419813,0.9761549925484352,success,
PAT_813_1619_543.png,0.6548723961047037,0.417500744593185,0.6129943197223034,0.016594919077429025,0.08819945176563695,0.13733669562133918,0.014202451524534932,0.07337552130347644,0.13068964857510112,0.013196424692918403,0.05101147775193432,0.16486355392021246,0.6947553267226148,0.7439469130978285,0.9384615384615385,success,
PAT_905_1721_327.png,0.6340196203097725,0.5546444281134507,0.5236037532883876,0.014756990754334126,0.13959133217234887,0.11865483762069386,0.012491427699155955,0.12111256812589727,0.1028561000862878,0.011194404739901466,0.11224627587009722,0.10279754407266206,0.916715681004151,0.8793530639519037,1.0,success,
PAT_294_638_564.png,0.6387881068141741,0.46639465897520876,0.5815118372611722,0.01624230240931365,0.08969126922338755,0.11622442187625528,0.013269202809718352,0.08319639438460671,0.11047995929676613,0.004422283805244199,0.01567856657881128,0.1609044839234013,0.897931820032769,0.8436782436044029,1.0,success,
PAT_621_1182_456.png,0.671516741500795,0.1698867165959042,0.4813596633417837,0.032810514373697974,0.028062096552760613,0.10330164310849321,0.04420892077714183,0.036680082732747483,0.10250517437522613,0.037406071141124486,0.06745310433555851,0.11131800141352444,0.9152497487098069,0.857336595858424,1.0,success,
PAT_220_1343_489.png,0.631882993342023,0.578235770141206,0.6682585327222922,0.017469180229067845,0.09880124957184214,0.05794505772337437,0.01629341888269841,0.088767970903178,0.040050543052400966,0.019590728125827735,0.07072757322689538,0.012991283325411773,0.9367917211332409,0.6216447775178112,1.0,success,
PAT_537_1014_961.png,0.528463865114519,0.10144997001868739,0.5731529797284929,0.1305366585095282,0.058028562106115775,0.08334249351667958,0.10391145961559035,0.056256241017616865,0.07457673345019895,0.04090815691236642,0.06204579097444232,0.01929520428259912,0.5999665906553204,0.4537096396075342,0.8562874251497006,success,
PAT_311_666_191.png,0.7345543330963387,0.24832444427778466,0.45808490610484376,0.046736932960019954,0.07146046730411587,0.04174729153438602,0.042405947131070584,0.0693185577804707,0.03945479106842819,0.023288851575949506,0.09619071401213353,0.004906412643636504,0.9436009053094858,0.8721960442055172,0.9789029535864979,success,
PAT_382_776_986.png,0.6483523165913625,0.44725975195732004,0.8535202891521745,0.009225975258577277,0.07908561870224202,0.04510009472502557,0.008095359420463277,0.07675136039572074,0.03614778114433753,0.02144592693681899,0.09294163196652755,0.01642202430825057,0.7193898852088056,0.729828687173608,0.8738738738738738,success,
PAT_735_1391_683.png,0.6377547294274643,0.26993809482194203,0.41485466394843573,0.02556662207442063,0.1083873374965078,0.05960085923235253,0.020445595767757056,0.10695098986574754,0.05161671358857242,0.007931317266074385,0.13437132125217993,0.033976021893323105,0.6771162176159378,0.6114702264964943,0.9922480620155039,success,
PAT_221_339_951.png,0.6190910287701671,0.41955219698342394,0.8443299836725076,0.010050078251012092,0.05817016779814003,0.03783774249968494,0.006852484857796332,0.0540293440733534,0.03637130043189453,0.001634927542594274,0.052016454123299416,0.03977154576244801,0.8743663616070381,0.7724071021168604,1.0,success,
PAT_1591_2648_855.png,0.5760735174413578,0.6782958549138673,0.897704318271609,0.0062132451541926596,0.14444339976258644,0.041779829436957086,0.004911528721973022,0.13465544927524706,0.029915514560069138,0.0022150208766005463,0.21465801865213668,0.03777734639719588,0.6448245899029144,0.701222788085982,0.907608695652174,success,
PAT_1065_278_954.png,0.7188759880356833,0.16825492426777308,0.6464253050480715,0.056000560582904126,0.02497600492015233,0.04635115344301656,0.050767771879831974,0.022335273761297916,0.04314833891981912,0.027600632394679064,0.03285298345071305,0.02684652914385377,0.79633840544361,0.8520738206838302,0.967391304347826,success,
PAT_924_1757_704.png,0.8226899111957903,0.09444046618995909,0.5745051512419667,0.30873090226553884,0.10014039131635558,0.09123055751304468,0.25741478148329583,0.08648614494525171,0.07832164504669384,0.10263178424031483,0.049674240838960215,0.03232083772393124,0.8422925376296146,0.6313142852569724,0.9649321266968326,success,
PAT_846_1607_895.png,0.7408703967272072,0.13543357736960893,0.7589100129912969,0.09833936500623436,0.035665537969425586,0.05883690046911503,0.1011063787890766,0.03190403858727893,0.049188753509799864,0.07880037785265254,0.010172653885081012,0.011739764954881937,0.69184028192329,0.6688198416515359,0.8900966183574879,success,
PAT_168_262_74.png,0.6702990725427223,0.3374618433563276,0.655774332992843,0.03871416213903644,0.12427813470235897,0.07062346817765336,0.030123303144931758,0.11318662809852212,0.06119200170429262,0.003618990113573438,0.05357793628840757,0.04159523196915138,0.8702302888153239,0.7721223977788096,1.0,success,
PAT_776_1466_241.png,0.6616989959685228,0.3761865531771129,0.7030859001009648,0.06057189842866587,0.17977368504664828,0.08564971019066818,0.04151553174635934,0.16733552294276974,0.07896189279191286,0.0358231365124057,0.009343634103339216,0.04384080680481717,0.8426358703245798,0.8413382104259722,1.0,success,
PAT_356_735_568.png,0.6353471855173505,0.3537332994122648,0.8856326662804053,0.043836124450181736,0.0984589788557298,0.044006834375522635,0.014613933915062103,0.08955854383520721,0.040225025400718206,0.009749055548660124,0.05422680219168102,0.01920137307827352,0.7251448486972203,0.5626192160988,0.9453681710213777,success,
PAT_109_868_113.png,0.6129061907905232,0.49410309164541955,0.38232626885398613,0.008362209790264323,0.06346810598415763,0.09379504399516032,0.007214274160575779,0.052864189617652935,0.09882024305310474,0.01535148515514106,0.04892952265920214,0.17840942258172476,0.8157503054122239,0.7616093761568496,0.994475138121547,success,
PAT_755_1430_681.png,0.6714972199891701,0.34991502457397455,0.8452666777059453,0.016487938277175793,0.10445988692428611,0.05257031199463203,0.014520829570435498,0.09279714087514983,0.04259404121083347,0.013717909498595936,0.005675276220522607,0.008520465257222498,0.8259353699169585,0.8094138840741256,1.0,success,
PAT_549_1043_36.png,0.7074149877276087,0.1830107156735579,0.7088599344295651,0.1727792129737773,0.08534980413540309,0.07497815290644565,0.12874001080439423,0.08377977541034852,0.06268963904266199,0.07976860975327019,0.09607132354212836,0.05742338540995717,0.6984135235511939,0.5735775776604006,0.933852140077821,success,
PAT_917_1735_936.png,0.6247645323571428,0.5949716951801471,0.34120860433137823,0.012878524953713843,0.11279198610731306,0.07380576629940865,0.010937160801483778,0.10822756897269316,0.073016362168113,0.011909460182070732,0.18312392374158287,0.11919863548762633,0.7244428639165481,0.5723509895087873,0.9841269841269841,success,
PAT_1074_322_242.png,0.6048367437008315,0.2895682665621705,0.5625260870092148,0.020321291201514033,0.05097251403609844,0.08944564650717418,0.017997733681923485,0.049178054159577475,0.09128907273733884,0.020823149937975908,0.048160547783424795,0.0815080639385608,0.7241271633666595,0.612280100351126,1.0,success,
PAT_2034_4268_141.png,0.603361114988209,0.7183683728916955,0.6202589274619008,0.0056692690230297415,0.08942270109773394,0.05330858077220252,0.004544192668580143,0.07098974490241305,0.03958961528912447,0.006472698241290923,0.007997457154398036,0.03351540172445311,0.6026160455973846,0.6561029346619622,0.9297520661157025,success,
PAT_8_15_820.png,0.7153741036395204,0.1767937732618023,0.7156364176350527,0.03446827685371864,0.014442680999716148,0.04072250286442047,0.03386895422083152,0.012813690230169528,0.03728047848269985,0.01839029945538668,0.001238718462357291,0.004752003961511209,0.8369653980157779,0.792803990433595,1.0,success,
PAT_86_1109_164.png,0.7054376739729452,0.14429144205263608,0.5389736352203429,0.11392758965961049,0.050982641245626056,0.09461896442826156,0.07497878135125251,0.04299580455993412,0.0924766880681659,0.007764499516898758,0.01635813709133621,0.02524099434916005,0.6686949082642628,0.5076528887844999,0.9178674351585014,success,
PAT_540_1016_644.png,0.6216521202693065,0.4218729488435056,0.9065979987840562,0.01383511456243022,0.11512837576250601,0.07015408287283072,0.00954009106365237,0.1023826649843666,0.06495178838638857,0.006861415081655764,0.020630110689959402,0.028164562468786958,0.8363803433302182,0.8170134984822892,1.0,success,
PAT_166_3672_759.png,0.613050414877737,0.29590985741779013,0.5352442148878883,0.015305787410039318,0.07120627327593138,0.11283027575730445,0.011406789652520066,0.06488757891321427,0.10529788080173416,0.000980366563181592,0.09273108683172465,0.11915597750186724,0.7815466010113681,0.709129109181637,0.9855670103092784,success,
PAT_749_1415_164.png,0.6386738753473449,0.16879182069683238,0.7266645670535005,0.016629622450218984,0.026284993352955175,0.02867167853394524,0.014349601740901573,0.018921931561778082,0.024029857422249477,0.015212639395196546,0.014074130627083986,0.001846330822812603,0.7208610280966126,0.564269540125988,1.0,success,
PAT_1402_1377_799.png,0.6662426134989766,0.2471558691824597,0.7206676047746461,0.0303508932829653,0.04045380230451235,0.04178009494581328,0.028366504270319094,0.03650847136290801,0.03451377014388388,0.02525668565201613,0.0076631660295171655,0.033288298178890785,0.44623620651705553,0.25928258542452237,1.0,success,
PAT_1479_1669_376.png,0.7665202984566178,0.17092642367308236,0.48234155307644483,0.19241650639260383,0.09732295719292144,0.08372618092650898,0.1462922011296554,0.08709082587540695,0.0658417287118985,0.14466012147237067,0.07486620469727219,0.052601504923130704,0.8872472850170157,0.8639823657212823,1.0,success,
PAT_744_1405_742.png,0.6097388683454046,0.4909920243110684,0.7687357578477302,0.014792709306157831,0.10408607953868845,0.08548651741965017,0.01361579910015978,0.08778005003239599,0.05531534468065021,0.016452030829693834,0.09691934616216141,0.02724875580709496,0.9251709427867714,0.8704870761681425,1.0,success,
PAT_1942_3917_379.png,0.6388573289706734,0.541467951629661,0.45621302878487163,0.008368546133905152,0.10823080840563246,0.14117444151221922,0.006421589120016088,0.09366601034204033,0.1526707480918672,0.00030496491397013554,0.11715358990849717,0.3064091971486979,0.7961651466013006,0.8646808852637219,1.0,success,
PAT_677_1349_851.png,0.6923246022939193,0.14800980506964762,0.9699779719271725,0.02015432563007824,0.04598119274564165,0.0350920585626132,0.017200823316772987,0.04792357544523211,0.03378481399693385,0.008472435398025308,0.022806605510253958,0.005135801180636945,0.7554207096362231,0.8251863828943435,0.9569093610698366,success,
PAT_71_108_56.png,0.6255755034563178,0.3495252567824144,0.7049246767763339,0.012236439816626483,0.05174795748519776,0.06120617927328259,0.010869822696578777,0.03631962948945672,0.047726358871534216,0.012984987525071526,0.005087444517304085,0.04301102489523545,0.7102212516931403,0.49744108933709996,0.9378531073446328,success,
PAT_337_706_944.png,0.6971486636896741,0.12193788282742477,0.8502642663153958,0.1675905496750112,0.07250128676652844,0.05792881887283338,0.1479467799781666,0.06418107551844862,0.03927342845034523,0.07353535648889611,0.04067071333189662,0.01683860130112025,0.724054053145049,0.6208046054351366,0.9946524064171123,success,
PAT_388_787_818.png,0.7276641990531838,0.3139455939433494,0.6393971537845988,0.020210071998063756,0.07793513231811959,0.05817777033656072,0.019384507505988965,0.07399917261047445,0.04628159113989255,0.02436940006103359,0.11008217388032815,0.008106690277144613,0.812453347488824,0.7179172477730056,1.0,success,
PAT_287_440_729.png,0.5839044825631489,0.4073415416593446,0.5946915791041941,0.02244896172581343,0.10159813384014264,0.08664266201591592,0.02023165809411119,0.09514036760776477,0.07429081621908304,0.00767363020644467,0.01644997880282556,0.0077771416265526305,0.8160671233136325,0.6256275172933454,0.9866310160427807,success,
PAT_771_1489_345.png,0.6317999240705097,0.16135330684148738,0.7347498524243473,0.01907221890876157,0.05627103484837725,0.06455998798386074,0.015738875161450342,0.057956593327096594,0.0633994922937455,0.0022741685458289537,0.08426385638261633,0.04733754166315729,0.851788679539927,0.793279134343712,1.0,success,
PAT_814_1532_265.png,0.6372540789148451,0.36006253020579815,0.5665230277522485,0.035501357224507306,0.1323470199273291,0.09728150456495575,0.022935625977340838,0.11107965421721304,0.08836672518787952,0.014280322608045676,0.06566028970669263,0.00959817667322549,0.8798900207639925,0.8294528582327874,1.0,success,
PAT_419_2768_910.png,0.5796133223058086,0.2334128601415739,0.6056302245788177,0.026487871836789856,0.05877331753168943,0.07617066293313215,0.031213639154639695,0.060390896622409575,0.07522206741780785,0.051096776529800776,0.10649468698593242,0.08742019750651198,0.9056756872783166,0.8342081745627622,1.0,success,
PAT_664_1263_781.png,0.6491101228612749,0.17423973884494945,0.6393180937172744,0.07865782843499904,0.09111435279427357,0.05241771298872362,0.048137596349001485,0.07694541660721732,0.04059258244156815,0.04883686945273556,0.009223294232916596,0.006399017967316345,0.8193398010507221,0.7029237672735954,0.968944099378882,success,
PAT_1591_2648_723.png,0.5988316279196206,0.729040257689155,0.761550628679034,0.013648869411696195,0.12799327620226436,0.11418039823255012,0.014189073993332479,0.12710986285045311,0.10785765748663816,0.024351755184919138,0.25684921664727545,0.13193929933432458,0.8496731517338818,0.8315562441128603,1.0,success,
PAT_1641_2886_284.png,0.5984046949541404,0.2298654498771489,0.6345998410129838,0.03126042298895765,0.12680335625643735,0.09423648517749322,0.02131100731269843,0.11324466432120861,0.08090958958607547,0.0036236417787972324,0.02089329991864869,0.06413785717369902,0.757145808534271,0.7585787863224424,0.970954356846473,success,
PAT_1322_1137_201.png,0.6521484922287103,0.17793426137758991,0.5157894192614422,0.030824321262930502,0.01164391108671548,0.02596933198069819,0.03193192969645461,0.009105169890967093,0.02822712293201012,0.0038070637821134156,0.010390419776591359,0.057677780062215744,0.6047983961259791,0.7044787168649154,0.8796992481203008,success,
PAT_413_819_550.png,0.6696762637103929,0.1737149561566012,0.8257456768059823,0.023522416382049386,0.009815089675536693,0.061519122544944974,0.02197437888280849,0.0074053920256835475,0.06838106767995909,0.00331793242680097,0.005949189480673633,0.011328848152133197,0.8789664384172977,0.8513800014968879,1.0,success,
PAT_253_384_607.png,0.6604087981992895,0.15423946041809644,0.9178362622367808,0.008984659327329204,0.016185291025192693,0.061420563923417576,0.006314610072954066,0.016974750757381862,0.0649018489238069,0.0007910409084785562,0.007388427422638177,0.005948440650394127,0.876188226942715,0.8741077482583944,0.9709897610921502,success,
PAT_837_1582_714.png,0.6567881326902746,0.21178804806609397,0.5538629270117303,0.02554396201310811,0.058497789750143504,0.0709111160461868,0.02376494565667636,0.052299750192513456,0.0699682201253493,0.029435837977452355,0.008533282079083715,0.008526508773398112,0.7827938248835283,0.7858608821772185,1.0,success,
PAT_522_986_800.png,0.7353275905945617,0.2441762320069984,0.6361330620576306,0.12947618906436428,0.12280969664457969,0.06877998138661164,0.08669117460944784,0.11182526747069492,0.058525524624605176,0.12447176788478226,0.01928653614634107,0.05433748769000113,0.9502341643659135,0.8597843755986248,1.0,success,
PAT_53_1370_288.png,0.6851150021671653,0.29922567640792924,0.638400554928966,0.019256774698390027,0.07004983637251817,0.04520429053825979,0.020145341234222833,0.062081414116382225,0.0328466032226897,0.011380666017451328,0.09113015711483283,0.026965418515376482,0.5781984923925423,0.6078946695437044,0.9918200408997955,success,
PAT_938_1789_693.png,0.7192492665131427,0.12008617227151569,0.34665498229086794,0.030778070304352794,0.015194259783856063,0.013599624481760293,0.024801489006263038,0.008591678574065644,0.013262893143922143,0.017756811642445157,0.002516144260311201,0.006605962683024769,0.9010192628122451,0.8937700528963033,1.0,success,
PAT_854_1635_103.png,0.6824918981976202,0.3535718229650766,0.5853271161698853,0.030788280426250623,0.09990872430030916,0.07118291867752148,0.01911508708615732,0.08711800981158745,0.06929958794694974,0.00814577239056749,0.08244343081771888,0.03879540900229994,0.6760992963776447,0.7092343665533156,0.9917910447761195,success,
PAT_595_1142_142.png,0.590327192990475,0.2207251088454246,0.7263511009111911,0.04906482306756669,0.09931296928900087,0.1264374517035811,0.04363824003227658,0.10106994066337063,0.1263183032244345,0.03849566645734773,0.006206542368032364,0.031927343972360966,0.7708247759677966,0.6419836787446523,0.9851485148514851,success,
PAT_835_1578_592.png,0.6903794541824537,0.23318601091889615,0.577438294824566,0.08381326316772975,0.09074021031595833,0.13625448829310102,0.07019492397397337,0.07843057325587893,0.1269271681069431,0.04065055410545221,0.007201353158815094,0.09572381200588265,0.9518593022714233,0.8909432816412522,0.9985443959243085,success,
PAT_492_1784_50.png,0.5398359361451808,0.24597181602140786,0.6911448505039716,0.05895274256657312,0.08994580832319955,0.10996245086539895,0.05152092019705205,0.07951623448700217,0.10462645580171007,0.0270197631954422,0.04420580487068665,0.0938438851995258,0.6267762673830288,0.5942647699391866,0.8257575757575758,success,
PAT_492_4723_890.png,0.6626525744119337,0.2588960431910312,0.8287270782093803,0.024816476481824504,0.07162578088412669,0.0523700206243175,0.021501532421726016,0.06375460578976685,0.046857505933578805,0.003068340356729256,0.026081905213477308,0.021319947013600626,0.7559693398841423,0.7735730902270375,0.986870897155361,success,
PAT_528_992_124.png,0.6775556071991803,0.1788936583193325,0.661979928508398,0.03153827570049176,0.02746205982261112,0.08774981462457522,0.03436936155308027,0.031326040394431924,0.09811986489114173,0.05278981998177959,0.04853473086080587,0.14263631395877152,0.8436816710538486,0.8715134897419194,0.9857142857142858,success,
PAT_709_1331_253.png,0.6243947203749799,0.4243764245263905,0.7905011176983725,0.014552671372017231,0.10463171292467892,0.09956114818807979,0.009970645050967475,0.084502521697465,0.07199403231647354,0.001788175722789731,0.015304993699262082,0.04982842552393374,0.5722147289278785,0.6836215267733111,0.914179104477612,success,
PAT_1392_1352_778.png,0.6179015540820507,0.47118210146068645,0.653484937416193,0.010306159842565681,0.0850122664516059,0.08963572682111243,0.009215910688064252,0.07709117308209767,0.0834257640632362,0.008787844531218525,0.0895907716787136,0.1052043562210313,0.8473439911432556,0.8407806183261582,1.0,success,
PAT_1547_4232_115.png,0.6298109169866164,0.5248348079566074,0.6960368582454184,0.011396081305320457,0.05623723500038668,0.08111471684025688,0.010111839104339307,0.048099899866121586,0.07505506938993102,0.005584999061549291,0.006110416848643108,0.031226700605720192,0.8978260351333891,0.8779033101668956,1.0,success,
PAT_184_284_721.png,0.5996844145221413,0.2265335040331208,0.5012987043288822,0.06572093594106343,0.11200299563873255,0.06069077879299504,0.055653113915963476,0.10187400255489376,0.054031184425989996,0.01751547855871133,0.06105764394694449,0.02820908789520149,0.9034679875401479,0.8863767132057835,0.9767441860465116,success,
PAT_640_1210_293.png,0.6875468946951032,0.1786304953443666,0.7881699720320255,0.0370790675324694,0.05842959602972269,0.17119014295368398,0.034087888339744694,0.055648827898977515,0.15706743805575282,0.0015445427113843853,0.008259383756758693,0.05903679911928006,0.9440243750019734,0.8652615265964668,1.0,success,
PAT_1067_284_533.png,0.7513128893625303,0.08950706421212919,0.7731296563708083,0.2768093501002489,0.04419515174086332,0.04750747572358892,0.27061431553536364,0.03985835854046613,0.038931646089005546,0.022993415992266206,0.0012066532214287246,0.016438114833803197,0.8824990942484294,0.8600480922765393,0.9795918367346939,success,
PAT_354_1814_619.png,0.6397511612273447,0.3267301316036484,0.523707999145515,0.010166431671500602,0.04943105285724328,0.05241378052873063,0.009389300286425546,0.04422632928550222,0.05033318256032358,0.009607284725690828,0.05278571671415233,0.07090496589298956,0.7765727472343829,0.8235392223181526,1.0,success,
PAT_224_1340_142.png,0.6767468619381655,0.559650248382307,0.35838077954771813,0.00575547155123606,0.14014190575281044,0.12034291707573168,0.004456093454923168,0.12798411007691374,0.11617889386332231,0.0011645049973586829,0.1389824801946941,0.0791487323552556,0.6264012946906394,0.7126736417138761,0.9175257731958762,success,
PAT_198_302_44.png,0.6011896958300168,0.5270476107944138,0.7138465682053461,0.013577993231184455,0.04831870796463671,0.03392427338679628,0.01267691443246423,0.04417639713807572,0.030338634001870604,0.0036838227502903305,0.03896922098592015,0.01013439083904999,0.7115018487701275,0.7791686472167614,0.9662650602409638,success,
PAT_407_810_390.png,0.6567480425835172,0.4460366403261563,0.594335660909925,0.015484838623178369,0.057991993135372344,0.05152209208349504,0.015455890793422694,0.05016565294445619,0.04763576870938747,0.025419176651686273,0.01737869379838808,0.001023409934793329,0.906903844322718,0.8546499841730252,0.9990875912408759,success,
PAT_63_99_189.png,0.6328112491483047,0.3619789152091867,0.5357554366729482,0.01962418114227103,0.11883930843406047,0.03095016802946809,0.017737102427037594,0.11667378656779809,0.02621015534831319,0.026112383173718477,0.13300274942235912,0.026866326776021077,0.8145138587196408,0.8743045124161051,1.0,success,
PAT_90_138_369.png,0.6454923510610838,0.6152830470741769,0.7834524834042416,0.01061751745768811,0.17373121519663517,0.07099829252300997,0.010143617165105675,0.17062810199208828,0.05905207292130305,0.016236584764316574,0.26030128908610567,0.055141155830744415,0.9402047647243605,0.891943665239574,1.0,success,
PAT_297_4307_924.png,0.6081350697913286,0.4535775103183537,0.6515058599420372,0.008341360858624174,0.06303637031725459,0.03180239667583786,0.007876428982435409,0.06261493615788648,0.029949735332570997,0.011826364302930948,0.1139844095604135,0.03256447269486229,0.7812844457381307,0.7280418344527475,0.9948979591836735,success,
PAT_1439_1522_211.png,0.6186631754213717,0.31258689315400034,0.5311489512255319,0.015056474663389644,0.09070052831937515,0.12945224944917566,0.012821122309600776,0.08280004921054719,0.13079431515576406,0.01044069010439467,0.061094256981917394,0.10147804306066754,0.8348216776880638,0.8570754905334294,0.9956217162872154,success,
PAT_705_1326_82.png,0.7390568734171478,0.1281981424148607,0.7935252837977296,0.1401735315911315,0.040190031626567875,0.06369958868565563,0.15096299532950955,0.03792939766021286,0.05938346068731889,0.03854226265583252,0.02535287387266119,0.034119202524640624,0.9131777431809307,0.8878293393435731,1.0,success,
PAT_1273_953_510.png,0.6053046613480909,0.4031057711671389,0.589624549371318,0.013613177566134935,0.14037001409508285,0.06521805301369883,0.01316245664424223,0.13343482058002537,0.059537790903535726,0.023667090514781344,0.17571258951747915,0.05775140673205814,0.8106744957209345,0.842705052316967,0.9850299401197605,success,
PAT_1572_2495_335.png,0.6004389709151045,0.3089842794232859,0.5272909192753208,0.05960466597255252,0.1342096565657131,0.09608159848316514,0.0317514603576717,0.11562125504590026,0.0951550428985701,0.01522970549613613,0.027946435261130498,0.018658132806896988,0.8271301840224434,0.7245348461861055,1.0,success,
PAT_68_105_871.png,0.6781645541467984,0.4462118521793491,0.7353896253616006,0.04303640367718112,0.174477034425887,0.1162521202280465,0.0385057623541753,0.1704149968346128,0.11610519722926232,0.02171441260011891,0.12263255836006198,0.011550665146035421,0.8463131390961803,0.8562003409298706,0.9717741935483871,success,
PAT_577_1107_61.png,0.5999387133138906,0.4859640735357862,0.30024541676228356,0.01365288852700844,0.086981531443143,0.09224417735562378,0.006801268283619309,0.06889386016117281,0.09457524200317231,0.011975573722303148,0.039907883364617924,0.19010368113458842,0.8527911870649567,0.7267233748479136,0.9779411764705882,success,
PAT_1506_1735_733.png,0.6566488673738843,0.1722273359766367,0.6675690152543418,0.03937305513714957,0.07895330199170464,0.07221739137604048,0.02724770001550596,0.07145151046556103,0.06928096907265117,0.010128041186451577,0.02158308991239069,0.025724794844368182,0.8678866548479346,0.8265826963772277,0.9710144927536232,success,
PAT_154_237_625.png,0.6531531767357717,0.5547382816740983,0.6034564037705877,0.03417945075395945,0.17348521768009068,0.1582948714468527,0.02825025328983959,0.1570560544664857,0.16009748795667872,0.025010843825317944,0.08129098809150564,0.008763731528516394,0.6656110711876051,0.4894061179614068,0.9830508474576272,success,
PAT_1252_866_852.png,0.6051254742461256,0.4881390024842695,0.5649703730898439,0.0074937574780975374,0.06139822807466637,0.12713413999394063,0.00526909132893388,0.04402543233760279,0.12601023433928896,0.007449161749185625,0.07909420670034328,0.21505248981025682,0.8617655615325872,0.8532145835617928,0.9941176470588236,success,
PAT_1689_3075_38.png,0.6396525846438055,0.33258175686668934,0.7028500150374457,0.013228040547908895,0.06218671864466786,0.06330360500896687,0.011006186610957222,0.05639419339180411,0.05241771270190603,0.008673965382205514,0.005512620353268383,0.0188778238090056,0.8359346391784883,0.7241048419774615,0.9011857707509882,success,
PAT_1415_1439_295.png,0.6225932716392383,0.4291942763852876,0.688203320509996,0.009264321858630447,0.0645821740361589,0.056983971797186124,0.007693960151401841,0.05596775769094435,0.049312648802840774,0.005448771530413805,0.02482183005728944,0.003269893775718291,0.8799953184678599,0.8616875737866238,1.0,success,
PAT_63_99_736.png,0.6334943655692727,0.36428015178044293,0.5349794105326121,0.018341987387357327,0.11846234569373566,0.029857405888212882,0.014975416680456852,0.1131317175118723,0.02487512922864335,0.023978133005756536,0.12033766184167644,0.025054830456003985,0.8247518274145338,0.840812019848886,0.9767441860465116,success,
PAT_464_899_646.png,0.6783596104659375,0.577892736602516,0.53197441598316,0.04173443806238798,0.24198956142823402,0.15616994191571662,0.017815608692928777,0.2046601294402344,0.13601452379882237,0.0003532837892777252,0.23349711560029862,0.14129068077734652,0.7678291808813253,0.6804636276585649,0.996996996996997,success,
PAT_330_695_90.png,0.6249138484535741,0.51813982315981,0.8012490262417195,0.0123150309374122,0.1000241771752683,0.05820115179448409,0.012801812150901969,0.09196105019632647,0.04929142698832039,0.009969656137199145,0.029976623410953918,0.03597733998181096,0.950857783826501,0.8973802326683383,0.9903474903474904,success,
PAT_1707_3148_835.png,0.6472780604358571,0.4209850647729324,0.6483550302940756,0.01036758755650499,0.06677490880009966,0.059034571340033766,0.009873318374069713,0.05928766726075965,0.05549487676226512,0.017494999362680928,0.0348203692138927,0.056085413866477696,0.8077859402075178,0.8479159427208016,0.9861751152073732,success,
PAT_961_1818_992.png,0.6477730254099998,0.46190874676792176,0.893654140667281,0.01815289773507109,0.053452458121313086,0.0678957343492855,0.018632582536328296,0.043807000180826026,0.05915560764507004,0.03084860618387566,0.0050623254205579005,0.013717219622967125,0.7193286414867985,0.692998438017928,0.9921465968586387,success,
PAT_126_191_304.png,0.6687733702210984,0.2724454298889014,0.5533236826672097,0.034574166074518596,0.10624453688862698,0.08363223918580184,0.02497458963102936,0.09136880901066273,0.04598355181291572,0.02661382414398206,0.07668319369671461,0.02118144381086251,0.8645047393942749,0.8092024784759975,0.9297597042513863,success,
PAT_683_1296_237.png,0.7476221970610583,0.12517191710807546,0.6171736414418322,0.23480504755620793,0.06374886431932256,0.08801894563512673,0.20491482663785623,0.05628315493436338,0.07201024943281972,0.023397711748502716,0.019489958790157094,0.04842389835801575,0.9054486740214925,0.8594425128764257,0.9722222222222222,success,
PAT_558_1072_486.png,0.6547301785265683,0.37750579517761973,0.8058143297736744,0.01345396760383597,0.11305482368116428,0.10204737311192659,0.013046638393132325,0.10923642377906433,0.09441858887645264,0.018348885040855124,0.11130543324923275,0.061273908909285746,0.9474740466013842,0.8522111201446612,1.0,success,
PAT_834_4490_317.png,0.6885164271106029,0.3047391513346304,0.5447860795664962,0.04982947612507321,0.08472966468275754,0.07991452742417732,0.04852652386464805,0.07655200318657283,0.06934713688522122,0.017725374615792884,0.006059690347428259,0.011527808234440329,0.9340452439636915,0.8622491593114205,0.9842829076620825,success,
PAT_1503_1728_65.png,0.6111447937014396,0.2710277214334009,0.5885873933177695,0.012818173534049617,0.07408488118009714,0.09408793451058751,0.01114502625211201,0.07165417630668115,0.09032574672766373,0.026671610457941756,0.14468249481816467,0.15660547071308872,0.8089514329221622,0.803509189557997,0.9900990099009901,success,
PAT_927_1759_749.png,0.6462040377866684,0.17900132599307594,0.5953176621933748,0.13824702834048058,0.10226781487711974,0.07451733170460728,0.11665834038747361,0.094956452945392,0.06486614715839034,0.04921506539586081,0.023767647822354104,0.030219984559315405,0.8833311458213213,0.8523481839331043,0.9801587301587301,success,
PAT_97_151_503.png,0.6654715620168202,0.5943609550339417,0.7776083301050605,0.019170974315627927,0.1426368047130436,0.0939077528113886,0.0155124480806109,0.12986278214188487,0.09010236507476127,0.023445085712892125,0.0934428611078092,0.04514690364630103,0.8309131287173328,0.7277713834220898,0.9320882852292021,success,
PAT_876_1664_579.png,0.7397362387722947,0.21231979315440738,0.6097575232062357,0.02911053111818947,0.10084480864053642,0.2288405571751192,0.027705643436720773,0.08956772338024646,0.2195379787398434,0.0006677505892079063,0.03615625319056123,0.09508432531085087,0.8468764308108186,0.8306398033150326,0.9974811083123426,success,
PAT_690_1309_217.png,0.6500366193385694,0.2861345587236674,0.5791970544490839,0.025638068080200464,0.08193297992792142,0.04979088535809764,0.0246756291174354,0.08078672843195245,0.0516120363116636,0.03935270937530883,0.084349758038225,0.002022112459008074,0.7654545419180752,0.8313962152396897,0.9641025641025641,success,
PAT_122_185_957.png,0.6425969782008648,0.436907681601972,0.6115641731558056,0.01894653424205654,0.09869862601045552,0.1331473071797103,0.01876227129945354,0.09118098122223875,0.12761394377271834,0.028857475241425037,0.15505137151036785,0.13417706387954909,0.7370145820273812,0.7771607083738832,0.8586387434554974,success,
PAT_1881_3717_785.png,0.6324485985099576,0.3051529456404075,0.6301922840849488,0.015144267393206599,0.08892596761025712,0.061036621588347745,0.012875071791300657,0.08213522008815527,0.0574464166458253,0.012069336510834224,0.02070238171305938,0.059897274013299806,0.9348601904070886,0.8975295942642216,1.0,success,
PAT_884_1683_538.png,0.6446903873456423,0.4878798183471183,0.5033066520355828,0.024324944458726884,0.10367014950958962,0.14835382004680808,0.01725034799850613,0.09117095504516017,0.1609894975725491,0.0010886430578032169,0.135714708909908,0.3117297643220288,0.7343640220812144,0.6860092834317778,0.899641577060932,success,
PAT_463_897_440.png,0.7382802930206387,0.17539048463644444,0.45763234624850074,0.12719123452205894,0.06307356522131097,0.059237945417582004,0.12950790687957306,0.056630144679134506,0.05211932814087014,0.01627628725839732,0.03374513502708071,0.03471872788096453,0.7712496405378435,0.8188688040354555,0.996309963099631,success,
PAT_824_1561_796.png,0.7333836069654969,0.2030864195659452,0.5567419828792523,0.11571933714827577,0.1191818736812556,0.06545390331490095,0.07510061359258462,0.1035646391559701,0.05623086266504341,0.048052280300877236,0.034021539445406396,0.01221027628917859,0.8203499060316859,0.8258648644648577,0.9810017271157168,success,
PAT_1586_2624_615.png,0.6195980311730304,0.6016106606461916,0.41652693841402694,0.0037113799367877146,0.04548854682215909,0.04676743798525564,0.0032130217953835476,0.03529058439259381,0.046486863824525486,0.002648626173661957,0.025060302035620596,0.08060916266643431,0.9324916698101345,0.8614870253638776,1.0,success,
PAT_859_1638_598.png,0.6183690867142092,0.3864223136861038,0.4244396305559385,0.021870865775894116,0.07220575187219014,0.06289817926305435,0.02032868701622077,0.06102925106251889,0.055604364805586795,0.036220454811840753,0.07044354963787758,0.025938967047571093,0.562861961822607,0.481446210475192,0.9760479041916168,success,
PAT_535_1011_567.png,0.6707682950348767,0.3474791926984694,0.8350558223437403,0.017775794227565155,0.07363222280238002,0.040793792521647575,0.017635251566128482,0.06753106709205388,0.0355286925184909,0.025756838388691725,0.07437861609287899,0.025115776781185484,0.644798649422745,0.7990754717010008,0.9777158774373259,success,
PAT_793_1512_382.png,0.6074081054723826,0.39253633251610176,0.5788527897314566,0.010360458417073455,0.09520117297122356,0.06245375182200891,0.009865559989773428,0.09414798540847999,0.0597767777308495,0.026680218090178363,0.16711026786616384,0.08519494952198081,0.7785251643271943,0.8380665845225289,0.9884393063583815,success,
PAT_153_233_45.png,0.6679763595704883,0.2489589927341495,0.7652440529511296,0.01992913091947308,0.08624352390797091,0.08437950907828959,0.012971903435157223,0.07690109798018459,0.06977036455819671,0.009703338101086385,0.08543743619165578,0.06838141098340711,0.8756278991701641,0.8013708624901165,1.0,success,
PAT_1736_3246_166.png,0.6750097607387456,0.16587598236534407,0.7114866274284297,0.04658697294661535,0.04937891569314749,0.051899526718761926,0.048835068637897494,0.05471905146865223,0.05791871438649008,0.022413709811872216,0.025490593206240253,0.07732208880262148,0.8294957513502781,0.8656750745441807,0.9807692307692307,success,
PAT_338_709_306.png,0.6062356871286283,0.36680489597192684,0.8161323634621424,0.011482851567560366,0.10677845695611275,0.11601532675045785,0.010370875896720035,0.10409764068182265,0.11563649175020667,0.00291593783253461,0.0547257693978484,0.05595793107839109,0.9127071332705432,0.8715416788975375,1.0,success,
PAT_950_1804_64.png,0.7050129625989904,0.28200849511164816,0.6434302670330663,0.02117896845607906,0.1107262782776982,0.09132681587342135,0.01767687830451993,0.10282977972826823,0.08424757258491385,0.007695137623651347,0.08776057344607216,0.07629754992808158,0.7954922594826059,0.8380083843480631,1.0,success,
PAT_246_377_159.png,0.608115686422066,0.3164858831401789,0.8590293358524941,0.008333831287258755,0.05757951420048745,0.05562975251540894,0.005693160725495738,0.04893442685103908,0.042942179658080275,0.00939830102622139,0.03467299106932192,0.01186297997574759,0.8055492953008847,0.724065256019936,1.0,success,
PAT_796_1509_459.png,0.7048846290546738,0.24551381138763945,0.5642251680806658,0.04650786865765059,0.09028652672003405,0.08549674764628352,0.0428352351031305,0.08640242425291729,0.08458799687516515,0.0051811143904297785,0.06446908580509875,0.018806226295266293,0.8297963580109444,0.8647992379316106,1.0,success,
PAT_1608_2720_196.png,0.6181200234799233,0.18759665126129207,0.746828662085498,0.04468261519984421,0.02214543071502459,0.09837640517378897,0.04740570599927562,0.023800283587442572,0.11047027747298208,0.0802391801899392,0.014483258915068964,0.18970301853198723,0.8582444866838725,0.8769884166510106,1.0,success,
PAT_819_1541_727.png,0.6463622787508625,0.4460473397401636,0.7000046081028002,0.009486188253758295,0.1105323199108594,0.08977972263191801,0.009272593094095054,0.11025492331999813,0.0975287838997171,0.004283884079652801,0.07511082122075946,0.04588790166256307,0.8269735036625572,0.7975271129140835,0.9721706864564007,success,
PAT_621_3591_171.png,0.6032752755330497,0.17781218185183714,0.671549703832983,0.020752184209912726,0.011972990085508192,0.06996803792646196,0.02054584105630976,0.013787633868274633,0.06730887404284962,9.407795319360288e-05,0.021854995153502504,0.003908939437625825,0.9411136564816858,0.8827292492669113,1.0,success,
PAT_16_24_691.png,0.6445742563434848,0.5342256464430537,0.560141811414049,0.009131600699578647,0.058023539877712575,0.07546641081944538,0.00908980968228191,0.052263429035086226,0.0728704488965283,0.004451026929098213,0.042656812138448574,0.0253672724625712,0.9231054390371476,0.8955287663052763,1.0,success,
PAT_834_1572_973.png,0.6773266645210866,0.22745716021257129,0.48407660214570636,0.024012693468716352,0.07429694440675182,0.048450967434904756,0.02015465793707258,0.06808346434719599,0.04104495997611602,0.011942044343907634,0.0046531502883706555,0.027364859354735094,0.6067796801085268,0.71277303283307,0.922360248447205,success,
PAT_72_110_647.png,0.6098021566687623,0.16265931828178043,0.673835715969372,0.02168335344857373,0.019038354200031016,0.013821200329703902,0.020799556194423318,0.022505435646839968,0.013073262906143326,0.10924194540946507,0.04206962334673445,0.015804285034715204,0.8113934733695003,0.8435598831533984,0.9619047619047619,success,
PAT_152_230_934.png,0.6395905348600374,0.5339940345809486,0.8565599598891254,0.02969920878401548,0.11621395780679308,0.038313640651260146,0.009127248818093441,0.10402986645086545,0.02541449248541279,0.0010605544088913947,0.09981613476825563,0.022229212314552216,0.7547771575325288,0.8622502636378174,0.98984375,success,
PAT_1388_3513_146.png,0.554898876456738,0.3900988620142366,0.3743991961039265,0.08517752643322023,0.12628034257308007,0.17090401525551877,0.0774658855220532,0.11458510882690723,0.17102928530424671,0.04295652284897745,0.036779887379148946,0.21465200731582995,0.9041970440132502,0.8512968418707005,1.0,success,
PAT_1406_1397_669.png,0.6008036046468389,0.5657342888319807,0.7375750782486484,0.005620139164507665,0.06495035336873883,0.06240065413366297,0.004668575934375052,0.0545206627424528,0.04995133660537631,0.0061498628629747054,0.015902439605469443,0.03861451843375685,0.7718579319167592,0.7807103921787878,0.9376947040498442,success,
PAT_75_114_73.png,0.6816605862066792,0.17301997703243097,0.770006779376163,0.03180399633464516,0.017125704806892655,0.05640523781125896,0.027390805381903575,0.013416339517821126,0.053714050117254615,0.002322199466128754,0.009580466864559656,0.010866887999705144,0.9178845668987712,0.8516020432290308,1.0,success,
PAT_50_76_296.png,0.6701560361499878,0.19455175866297772,0.7408185371036318,0.04996342141722827,0.09545062345113717,0.21363480395689788,0.042585575515505306,0.07951819647172097,0.19599127891137696,0.00402547519286287,0.021968610793607984,0.06519584593404382,0.7741613818001409,0.7971862727062141,0.9733727810650887,success,
PAT_600_1141_988.png,0.6217546545514506,0.23082294706281806,0.6505983980132005,0.06828423432136699,0.09875837370278617,0.08994073122817414,0.06586722452222445,0.08377514265571455,0.0834283058732552,0.030822565762346148,0.06356333281533749,0.09945136300654556,0.9668364825554889,0.8869309316008266,1.0,success,
PAT_624_1180_803.png,0.7584558886989429,0.2577235494208258,0.6020574083807901,0.08685811626448703,0.14447918166103638,0.0799677310314722,0.06884786470431788,0.1271663346611225,0.061719016879630675,0.013008774069805894,0.061144648530227885,0.027428674824453103,0.6058167255033312,0.6905437649019901,0.8843283582089553,success,
PAT_691_1311_2.png,0.6111733625115552,0.17529755691379015,0.5952296432235881,0.1685287597105424,0.11660401393269045,0.12818686474038016,0.1375325067802453,0.09207582830331855,0.10672200798888594,0.02568282673720227,0.024713609915347157,0.002590458310834376,0.8721684706139412,0.8468823375624922,0.9677861549006168,success,
PAT_1770_3344_274.png,0.6273358207934894,0.7314489320228201,0.44939462930854607,0.004380767191762066,0.05998892421709345,0.06265784053530599,0.002151185792996283,0.048114054084181936,0.061056884568043326,0.0006823115973017163,0.053687095580926214,0.07790486386384216,0.904456649687496,0.8393547481485817,0.9669811320754716,success,
PAT_362_744_283.png,0.6204620527599367,0.4847431925199617,0.6723710711168793,0.007273468588004463,0.043248002280903995,0.038877342521037535,0.007230725968038187,0.03683863471585461,0.03193888344183643,0.01065615396673678,0.02531014958758121,0.03687711037945818,0.7439167914935332,0.8056157952852315,0.961340206185567,success,
PAT_198_853_778.png,0.5820996627590638,0.5966164885492806,0.6305504772838121,0.01101654796932205,0.1040894057627647,0.07667433340441,0.010207896336258428,0.09545277676652575,0.060138605740562484,0.010830076322553436,0.08800242758298604,0.05980526527230168,0.7278029983153621,0.6476653222623414,0.891566265060241,success,
PAT_649_1233_229.png,0.5933340179531622,0.35450291713429594,0.3904208997059003,0.009880302684200117,0.08450574487158835,0.06859121846856224,0.0038567935308916274,0.07883607344648746,0.06893567847195992,7.460278684779572e-05,0.11623426106652723,0.11956080201883479,0.8591291687866816,0.8524732723397497,1.0,success,
PAT_386_1554_362.png,0.674966761575615,0.43422233340046285,0.56254641732183,0.06561041057890513,0.14379028658949528,0.08391171313204121,0.060973441207897675,0.1397252645167428,0.08237491212770127,0.019959570045793226,0.06269037191854876,0.036047210830346565,0.6477091646449267,0.3378274686147346,0.8888,success,
PAT_641_1211_321.png,0.6422139480751086,0.5166378449178655,0.47068481078748264,0.00811022495208519,0.09731020821612453,0.04200917192384551,0.006434715829237283,0.09171107253709782,0.038361374976619934,0.007341378275861861,0.13944119267646288,0.058639167842094386,0.7626001950262296,0.7837662027170187,0.991701244813278,success,
PAT_966_1826_587.png,0.6716736310281904,0.17569381998335568,0.6510977845353153,0.034501610947891885,0.023239096075092606,0.032935729782753366,0.030156192153833944,0.018241739992761644,0.027744703041528627,0.030955981053989095,0.0074205242400051385,0.04229752435626877,0.7602494769503548,0.7387772711712726,0.9933481152993349,success,
PAT_1521_1778_763.png,0.6028340150124821,0.28049110453842785,0.5838957743206655,0.021619208831295936,0.08580409314617997,0.09171541082167561,0.015053191591719866,0.07271452877832889,0.08832706506005686,0.01540743494581515,0.04162348279763778,0.12108728207233266,0.8495372250167061,0.7627149147304936,1.0,success,
PAT_800_1514_512.png,0.6506536265542149,0.30786763306121995,0.583016287611561,0.02482338500423208,0.07689130042870566,0.03780597402565048,0.021939750551730156,0.0734313550862724,0.03308271403729102,0.00480734586136167,0.0582160688053911,0.016998400036282613,0.6879893011232077,0.733401700659436,0.9605263157894737,success,
PAT_601_1147_943.png,0.6174711281575752,0.3781536458701835,0.5312851368115205,0.02038293859406867,0.10483731044503324,0.053308265304723476,0.009535850189404822,0.08494336995515503,0.04147751509956833,0.0035225835082128595,0.04792605208097478,0.010104806174190184,0.5222259633192757,0.30966168351819995,0.9922330097087378,success,
PAT_994_1866_913.png,0.6735282413677106,0.1349309036554656,0.756491438527341,0.052438539917302365,0.058275187328488985,0.04033843390150144,0.052950246345782874,0.05246300029337663,0.03147149607656983,0.08832103731123292,0.03547911026894887,0.001695054093924786,0.8778868494315262,0.8533264062562774,1.0,success,
PAT_277_426_825.png,0.7025126997831431,0.1729550441655939,0.8864298639080088,0.01456676672416263,0.012857224849703594,0.019761797799362962,0.012868600198679244,0.011672928880006919,0.019595104313075932,0.00523963049195607,0.0007780541642953831,0.009977096227038573,0.9449762590799047,0.8816537535435655,1.0,success,
PAT_557_1058_309.png,0.682775332603508,0.32098916404992295,0.6847533756886464,0.051338582873061846,0.16946315902680759,0.05401660113374707,0.045598289390130824,0.16065232980237448,0.05612682752248626,0.021329036768421065,0.14281650609785324,0.0003166876902405136,0.852487712854128,0.8752938362540371,1.0,success,
PAT_67_104_730.png,0.5809331722487328,0.22510589813479315,0.3820750537854009,0.12532605188440155,0.14468168077061092,0.1034921871755523,0.0921099657040024,0.11930845359959366,0.08986969007212767,0.029197196737757735,0.12829468339524086,0.11804811029054146,0.8255521191813244,0.8098252356137913,0.9,success,
PAT_403_804_994.png,0.16199105327660981,0.14429382668268595,0.4718576195773081,0.2438565419041738,0.10234235068624002,0.1565264063431979,0.2371196377431837,0.08747537964577234,0.1314153211459937,0.4369789802773263,0.04503723763419128,0.07907240269467719,0.7278167555996083,0.8087672027422432,0.9645390070921985,success,
PAT_465_901_106.png,0.6159690212198593,0.45705326173790817,0.45118971776436206,0.00939148987285619,0.07776582962995095,0.09768972383030088,0.007952839480737946,0.06980662777842174,0.09576060364516513,0.007117202699372251,0.11916663112277204,0.13329379169227412,0.8809326038850933,0.8766575415605007,1.0,success,
PAT_526_3205_611.png,0.6690188565191225,0.20082281723105827,0.6243909079237714,0.03068469132454311,0.05918354322167114,0.032820623162792106,0.029732986412535953,0.050704488881266434,0.031004270895288122,0.052222062927644294,0.04421722354738536,0.009274470011371605,0.7698929254131952,0.8417623806187315,0.9744408945686901,success,
PAT_1414_1431_754.png,0.6638158149578127,0.28720508041251175,0.6879216581463827,0.018260178216253725,0.055395989358539115,0.04403704073296497,0.01787880947173293,0.052281564473612104,0.03825205983711045,0.05892940699569809,0.06927868333434348,0.07956781937330448,0.7856696421749766,0.840923486197395,0.9764705882352941,success,
PAT_1130_501_181.png,0.6192777554979069,0.5974940203111794,0.6521117188060398,0.007141822844558555,0.0607076845074403,0.033972753536117895,0.005031697550686959,0.04593716208394141,0.02820911538504198,0.003653107520482103,0.046244418195579895,0.019122231935514544,0.5657480353116389,0.6264238619920655,0.9945887445887446,success,
PAT_841_1603_667.png,0.5985015485707225,0.4600707161518829,0.3808561561869594,0.012248917073324934,0.05438196241942202,0.05080318577570933,0.011653704165545672,0.0447381024627997,0.046279616302863216,0.019277015358719434,0.029958719612488083,0.05888064856596559,0.8366454866766948,0.7987836230111293,1.0,success,
PAT_1020_111_593.png,0.6141734608855401,0.44200223178702375,0.6086465805834529,0.0052448652155676736,0.0386234512947092,0.02710039403203476,0.0024364036409191673,0.014915893326374424,0.011761017486452034,0.0007905143018945183,0.01155659898844974,0.021052997695752307,0.8596633117661154,0.8440156984398792,1.0,success,
PAT_1735_3242_27.png,0.5969984664038079,0.38277300015890997,0.8843905388700054,0.01924493525670316,0.0643096793620647,0.07919227403301947,0.007394984206508415,0.06095272937792285,0.08005683287064475,0.01939987301454972,0.09233591190025464,0.036670203714497585,0.9417208849920309,0.8642158625214568,1.0,success,
PAT_926_1758_714.png,0.6533954627742791,0.30759477734082813,0.7794182775645306,0.014083338805077967,0.07597179029995073,0.030919435945123332,0.01081222427883413,0.06205974227525384,0.022856241339445582,0.00529361911964388,0.012162140433039814,0.0006430533234472735,0.6347430453935763,0.7345215209667124,0.9717138103161398,success,
PAT_154_235_162.png,0.6018081431308654,0.4306258224570497,0.8397386335938383,0.01814215661789785,0.15327706920646555,0.05791419020104532,0.015954925580154534,0.13263392856531867,0.041075248543753586,0.0005143447012673935,0.08681088425297123,0.030567832187740618,0.8836633879672279,0.8533684776847198,0.9976580796252927,success,
PAT_831_1570_637.png,0.5793458609662498,0.13487418454755803,0.7022653513112328,0.1790988190733517,0.09784193303090788,0.07000075832588548,0.15115874349105063,0.0950285693031123,0.06672346694075142,0.0029976774123006244,0.07541240781348729,0.08935764394487244,0.9497589323130025,0.8678163363282482,0.9953125,success,
PAT_1249_862_658.png,0.5915586147243116,0.3844735696476393,0.3359473459713556,0.01693801864299684,0.07422977531960707,0.10387547366740883,0.013246914070859487,0.06570023128155955,0.10538473622437182,0.0028812597039171175,0.016864377295844002,0.11795767383707928,0.8275730017281272,0.8539987540216845,0.967948717948718,success,
PAT_759_1433_914.png,0.6450825037966001,0.48076539912424154,0.712814564657301,0.008965093092386042,0.09906920084016094,0.037828058680457084,0.00858370654097661,0.09456565451764029,0.03395808589313234,0.010197502153897474,0.06912312912350099,0.002906103803117177,0.9076038776433845,0.8716775616538156,1.0,success,
PAT_183_283_602.png,0.5426367331152471,0.11958672882341079,0.4804469591829472,0.13867049371169532,0.07658371961668309,0.08027424205356691,0.10599425564079137,0.07408326498561406,0.07362347308724193,0.051425368377094174,0.11269876762841022,0.0452250444141048,0.9101921476445027,0.8952575148640093,1.0,success,
PAT_764_1448_499.png,0.6290572615558602,0.7174036451202073,0.5934660807351094,0.0070622917329552885,0.10271841363605454,0.15078008053214273,0.006162806660247145,0.09240784005416336,0.14493130247265576,0.002097433271544307,0.05646091973561895,0.10708307968309738,0.8927620474464988,0.8578312513436006,1.0,success,
PAT_934_1778_140.png,0.6851991000775893,0.1295882920021737,0.7438892563020113,0.05906770252965587,0.04465586798991927,0.03497893133314149,0.05469385582591152,0.03961119469333684,0.03054498358134354,0.052524210433685346,0.04697451185857751,0.026556131475092615,0.7574258916562198,0.7861064677795317,0.996415770609319,success,
PAT_1531_1800_683.png,0.6072889271962933,0.4661890551406972,0.8152234683396719,0.016886385787847197,0.10697442155288539,0.07575700330787884,0.015701906771026487,0.09032905141567667,0.041680814617911455,0.02130574533924311,0.04208299013950867,0.016529593896052797,0.8700461218213078,0.8631196803579687,0.9851632047477745,success,
PAT_2144_4738_120.png,0.6355689119612978,0.3092234523692774,0.3929886035430709,0.021989958551295156,0.1145069089685607,0.1571749747756258,0.017680303769129133,0.09992851670835493,0.17607557369311644,0.028990252842380295,0.15057743412847432,0.37892627270919904,0.8296641009373912,0.8740767424811743,0.994475138121547,success,
PAT_1370_1274_515.png,0.6342157356574794,0.16825318019262797,0.4996764879900849,0.10934761567571014,0.0800990943063778,0.0505972751070762,0.07470631955328025,0.0714217366103843,0.05022480537803837,0.02760646333503934,0.013649127361173297,0.024593692495186448,0.8638849836090676,0.861357023128628,0.9835294117647059,success,
PAT_251_382_164.png,0.6756712987940493,0.16748124737875827,0.5872967272388364,0.02875547059575526,0.022601651073763353,0.025465221105122747,0.023289760463489528,0.022035219046379607,0.0205570974433603,0.006486731569002381,0.02100315056562682,0.015204864769755688,0.7164278032885143,0.8115184844838813,0.9245283018867925,success,
PAT_862_1643_386.png,0.6074858214580041,0.4217334777441568,0.7935833410595933,0.006113100930580945,0.059899732978692395,0.04323214382378436,0.00556118258092861,0.058413659167299126,0.04240922580611809,0.003924438823062262,0.06294520091959394,0.02068027424614649,0.8033191590313331,0.7580797837557457,0.8745874587458746,success,
PAT_1418_1447_360.png,0.6203212005311086,0.28203265172971126,0.453165329655936,0.035826293235134775,0.11827486678325362,0.1573345463986536,0.017986981205599804,0.09765756346502212,0.17113491049110435,0.004574149481774172,0.04284991981341535,0.3622126385248004,0.8681385836708699,0.7990576798079222,1.0,success,
PAT_56_86_802.png,0.6783807210298665,0.17503610094894767,0.6690878758862325,0.03030407048920594,0.020173144216325285,0.09235829982359546,0.02850264880066192,0.017782511521683392,0.0893508210192584,0.010835730082259687,1.2107392301591302e-05,0.017873224422266576,0.748553212390911,0.5590449863727075,0.9837310195227765,success,
PAT_1846_3622_35.png,0.6181102846409081,0.2526041371225443,0.8216622232306616,0.007724271308206295,0.05170851794130023,0.0465008199018853,0.0057405762671362,0.04909639215462548,0.0446473331693036,0.010348596249767658,0.03095025817966282,0.006502446945565676,0.8233251072469441,0.8540471963739681,0.9622641509433962,success,
PAT_1365_1253_912.png,0.6210302902577358,0.18313208966193403,0.7037957695397907,0.030678915414089944,0.031738818988708,0.03756891345945214,0.029769340544556586,0.02886693798239859,0.03212358319197059,0.03116819610493972,0.0031236449383174048,0.0007417890306816721,0.7207830508569015,0.8244188397597066,0.956060606060606,success,
PAT_1509_1742_422.png,0.6030101950056402,0.32457927347298954,0.5011387030557639,0.011368993063330012,0.02919323190986284,0.05203656566643454,0.00932624362686801,0.02432396312018722,0.05603410391086006,0.001206757179787527,0.02766337687932824,0.06311119906094065,0.6815258961120302,0.795666897930592,0.915,success,
PAT_625_1184_994.png,0.6573723187276469,0.4373584812426473,0.5672773092953378,0.010946089389003452,0.05466248738814383,0.0999131177329523,0.00943092793803967,0.04826917325035989,0.10013757816092245,0.015691913666457283,0.008423252503482748,0.1630084234188005,0.9128846153846154,0.8404152932593861,0.9912280701754386,success,
PAT_522_985_991.png,0.6455959879976209,0.28999454361836813,0.6041938096083012,0.013331268808412015,0.08854865586080468,0.06518916806692507,0.012394376682085047,0.08201840100713,0.05782111285453182,0.01960241941625098,0.024578312412390058,0.00013149740590345793,0.8777742685116894,0.8469851657274746,1.0,success,
PAT_43_1017_483.png,0.6336694081931871,0.38915133621015974,0.6539767373309301,0.009894687128696823,0.04638153964467309,0.03884397055102617,0.008060202290814215,0.04061379991099254,0.02172757467566013,0.0059737232110720125,0.027832156960139298,0.010180265553606738,0.5857341972416479,0.7885847882923166,0.9620853080568721,success,
PAT_1349_1229_828.png,0.6290812648730321,0.628274130805542,0.7812444773761389,0.004902300552290726,0.04520226842561423,0.1333674368880154,0.004780188866649356,0.04287069323412589,0.13018779041810033,0.0066341810122582485,0.04705096292123079,0.18673523691674854,0.9111205004062959,0.8510618028029809,1.0,success,
PAT_1374_1284_208.png,0.6253313756145682,0.549821327554546,0.747516775018929,0.006902079755224157,0.06805669683120681,0.07582566261116569,0.006484993283055113,0.06893369755437477,0.07532442659966866,0.006030637154482972,0.040040657259803325,0.04181429042289797,0.7523375441390865,0.6532887168809509,0.8995215311004785,success,
PAT_609_1159_932.png,0.6710298747942545,0.2559419211633476,0.6804113770625273,0.021044775953969162,0.11335267187757765,0.05181203523235421,0.02073948891405489,0.10859200208679651,0.05001160103914398,0.033755000448238724,0.004289890733003232,0.040419268681928355,0.8845200978765497,0.8120345237375867,1.0,success,
PAT_1090_376_384.png,0.6197134133347255,0.4593717344822597,0.9842606733865997,0.008518776254386953,0.044306221884787444,0.02025722214865325,0.006922966166204771,0.03903367790403154,0.011865047542918745,0.005714897534853868,0.01915860990165963,0.0026103320530446172,0.8606046186942409,0.7775502583031108,1.0,success,
PAT_370_2558_175.png,0.6437597572698901,0.41207593329745473,0.6213322355734536,0.019251931757041107,0.09193300434174331,0.1244855755480598,0.017056917977447142,0.08173458892629874,0.12421265530841936,0.001377033313178957,0.03992622870341789,0.012338253004382627,0.7169205729265382,0.7438293860157439,1.0,success,
PAT_225_345_903.png,0.7148227396277921,0.1999926876196831,0.7347150685307142,0.028108271553313413,0.04503984977524198,0.05559364142628991,0.024538472197542526,0.04203402060944286,0.0585861550089921,0.0530571714268433,0.020245445405476153,0.04647824518923538,0.8450407621816853,0.8678878619114275,1.0,success,
PAT_1371_1276_145.png,0.5964541308004703,0.18157407061638853,0.5456232385973598,0.03987596657055255,0.03270172043400743,0.021713048830970038,0.035859331727027176,0.038420711396665974,0.019294048567922696,0.03524266931012782,0.013330938937604814,0.0020460391404661937,0.9131852333385397,0.848028430470602,1.0,success,
PAT_71_108_617.png,0.6367900950234712,0.322991010466949,0.7410529961271302,0.012688011339755528,0.04998460964562831,0.05531984438929532,0.011543045675560857,0.043053721887967994,0.04776551417954361,0.012874838092076383,0.03651678222283461,0.046990463486282774,0.8213492457106608,0.8418222838086156,1.0,success,
PAT_475_913_874.png,0.6539492968505058,0.36908604784987176,0.5721122846165251,0.02110208158621718,0.10020551358044492,0.06397155424424517,0.017108555099969218,0.0928935054357737,0.05063393152739781,0.006031538379030918,0.08037477947241167,0.044589610408186875,0.8969456950928733,0.7900586060969268,0.9609756097560975,success,
PAT_1273_952_89.png,0.6759716431179702,0.1542825402448955,0.3907582367634357,0.0958147951401316,0.09944418103946454,0.08112208326394499,0.08700806025935999,0.08940043398768908,0.08568485033487774,0.07261612131611746,0.06299177684344198,0.16032050518741014,0.8855255644802655,0.785706061806812,0.9934782608695653,success,
PAT_1712_3173_684.png,0.6059665647484132,0.37538553111552825,0.6916073261833512,0.014525711895399957,0.08365966730098501,0.06130219373904205,0.013518782809891949,0.07261886993905675,0.05003819896074867,0.01659133128003955,0.05532133986815935,0.04124726686550639,0.8464585519728467,0.824668612542325,1.0,success,
PAT_212_327_532.png,0.6251668525737407,0.28315626700232066,0.7608059618770071,0.021623306996712777,0.12869656740137886,0.07735222141200339,0.019073691142218137,0.13204532316651324,0.08004532112525396,0.019693858987057746,0.02984609831810292,0.012212730672462091,0.8746310177699297,0.8534220835457219,1.0,success,
PAT_1340_1208_931.png,0.5863506194173705,0.2660353930105345,0.6469333226901527,0.007307407767811811,0.05397414070977099,0.04187745584568939,0.00490282027980447,0.050118405796364944,0.0320177018026628,0.004412614637824911,0.0780741347545206,0.027603216437428912,0.7695505143484733,0.7122274267438533,1.0,success,
PAT_1420_1460_951.png,0.5517095729889095,0.2063231494148047,0.3392604997091058,0.04839166193511721,0.08468811877475156,0.044051157715792336,0.0432654035654734,0.08288880175801183,0.03508899042098999,0.034985739447849634,0.13737107506986093,0.011077295665454234,0.807795345475812,0.7488970411864397,0.9933774834437086,success,
PAT_935_1786_482.png,0.6293731318986556,0.3796589506958832,0.9460062772700064,0.011046632556059742,0.0485206512684789,0.035129585871191644,0.010132664462997017,0.04148941467183197,0.025576496628444575,0.016103916142011183,0.037703984051798256,0.026576806324547952,0.7592124223741877,0.6936293888117068,0.9227642276422764,success,
PAT_168_260_654.png,0.5969131299587264,0.4578809387850647,0.7776705882095635,0.009099776633709766,0.09061836364258209,0.048066558576947964,0.006159350499764389,0.0763822346747593,0.0367582798427828,0.0038298824214105624,0.021119890715175893,0.016627029783593317,0.9552640125208908,0.8701349946229048,0.98125,success,
PAT_439_2887_834.png,0.7375439451638406,0.15087142957819014,0.6152240418792159,0.039996958504209125,0.05008248296455387,0.0468505302137485,0.036640034155639205,0.04927508360751425,0.0404626523518495,0.13179818676905372,0.07534996053842187,0.0769358570757207,0.7775142647689905,0.8337989746083965,0.9692307692307692,success,
PAT_596_1146_294.png,0.6249352420628511,0.6659528379182239,0.7221253240849861,0.006158110028357633,0.04880024235340583,0.10701252756655133,0.005648442313262548,0.04483532241776149,0.10642712310252178,0.012636467148750085,0.0542974440533609,0.16338855626390147,0.9355012616980013,0.8570462101209232,1.0,success,
PAT_314_672_909.png,0.7421402726687014,0.3029271185775322,0.6214397192240892,0.043879688722843105,0.0897920768765471,0.05138409589134246,0.04031259128349544,0.08766437952278251,0.048566114962519794,0.015595940449718172,0.0911291874678096,0.020841614148916054,0.867977608456685,0.8780088902378926,0.9782608695652174,success,
PAT_255_388_231.png,0.6432442960119041,0.3125093532757309,0.5795083316711152,0.019132433210070045,0.15202004181939274,0.13295715779418366,0.012910056743918005,0.13877976856276683,0.12356370135813421,0.01532108019411993,0.02028643958721532,0.12353617416627805,0.7915507223027547,0.7444793424898978,1.0,success,
PAT_809_1527_202.png,0.6716807330120412,0.2718458301775646,0.566954472776235,0.04320408894591451,0.08290283316522401,0.06075322044436527,0.039480584517331115,0.07820066424317758,0.059080006667148424,0.052102209090296406,0.02499455206586776,0.02809497836118502,0.7951715281462604,0.8472737605146009,0.967741935483871,success,
PAT_224_343_782.png,0.6483391438722491,0.23797957933883376,0.6415628375143356,0.050564060495552975,0.05347788869206496,0.039945871150502715,0.061830963627533715,0.05203953015982497,0.035419891860972316,0.010840705807181748,0.015742555665084784,0.014871532720166614,0.939236005152025,0.8932921263073134,1.0,success,
PAT_959_1813_1000.png,0.6879742402500515,0.2605578878734558,0.5320425326179393,0.03559793430722686,0.0629780491541644,0.05137665502946785,0.036104222258738536,0.05891849400805403,0.050243464921794934,0.05994914831016255,0.06048392115847753,0.053495308686806964,0.755308318001741,0.7032971100788801,1.0,success,
PAT_1551_1889_948.png,0.619624506710512,0.43514990154477634,0.7115606638695082,0.008225259960629606,0.07156673858003873,0.06845563917275929,0.006790379328356545,0.06982732740089201,0.06868964423565951,0.0010666153934472788,0.06442667327119656,0.0773261948881172,0.9467852186964587,0.899643030087613,1.0,success,
PAT_1944_3921_281.png,0.616763915451292,0.38521266948858796,0.85065436452857,0.0055533087360734,0.08403343236571681,0.046288830313664354,0.0037586716927295273,0.07721893331529255,0.04259773570155603,0.0010813895497600058,0.059577971546267594,0.029457031436816883,0.8831897469552692,0.8666528355273669,1.0,success,
PAT_1065_276_231.png,0.6593870232701123,0.28036158784226384,0.7261627145290187,0.01366520128757438,0.04371742918649478,0.04453384195637583,0.012570203714041637,0.06416306513140353,0.05946294630988585,0.015458876995494267,0.01401812738115632,0.022736728750091806,0.8572925756720223,0.8452336912097386,1.0,success,
PAT_2034_4269_670.png,0.60826592898502,0.7589408340449532,0.5380642138177755,0.0073021177915536415,0.10047918302152288,0.04786785778134087,0.005595022915235765,0.074847369468323,0.03648402711684869,0.0047883618447781846,0.03426911247969311,0.03871786243224562,0.6668597525191038,0.4424945235652337,0.868632707774799,success,
PAT_448_875_81.png,0.656068708673473,0.36433301312359595,0.6724314425948996,0.010586311430552385,0.061441466599466456,0.02944118441151939,0.009493137661010195,0.05921643773806372,0.023801847545738396,0.004941725098759599,0.08818606763344661,0.010572055550872816,0.7323601771927097,0.7433793526127712,0.9670781893004116,success,
PAT_1415_1437_527.png,0.6005136429738294,0.24746671555260205,0.7464509574768746,0.012532379262113643,0.04875412753070421,0.039601732164024996,0.010543598292760466,0.04918115084588439,0.035445653839951706,0.005081641487129061,0.10286329770880731,0.05108453337667607,0.7997825671863912,0.7033355694498395,0.9484536082474226,success,
PAT_1735_3241_207.png,0.6070059369997031,0.42913570916171345,0.7433567329370773,0.015776885110648637,0.09258469121409692,0.11575346215413612,0.008668833578664423,0.07354848650648002,0.09658937834645846,0.01575729222244833,0.0859849729313924,0.054380401132236744,0.859632793003361,0.8269860566015901,1.0,success,
PAT_2053_4360_281.png,0.7741113724236625,0.15139593521946462,0.4405034507975684,0.21171598097669547,0.06519487012087549,0.07498265037676118,0.15128761132101962,0.055743516719053664,0.06907055149819924,0.10260329973786876,0.0013345395339656452,0.06703852446320174,0.6730898574246045,0.7450273937311168,0.9727891156462585,success,
PAT_90_139_57.png,0.6927736959985743,0.15841731411418208,0.6063665051833033,0.17866453957269177,0.08563239863252982,0.06068124758378338,0.1699216701442807,0.08006443197322066,0.05496299043191089,0.06843417770354294,0.014116148037591314,0.012049637272206537,0.8557051338218644,0.7740696666814838,0.9853479853479854,success,
PAT_827_1598_85.png,0.6193353576676688,0.5219655395174942,0.5321821316767531,0.013923607185876872,0.0812374428376538,0.05754368041395989,0.012416897743880414,0.07345238188563738,0.05021661212317171,0.0017927207677698694,0.06081083420791178,0.017873872549020287,0.6659898621608681,0.6734349900724619,0.956081081081081,success,
PAT_1780_3380_542.png,0.6090954596416303,0.29960189610063626,0.3332319247738485,0.013174171851367282,0.07072888992812291,0.10104381620862071,0.007027991531930126,0.06906050260419376,0.12329343065892041,0.020412189107137064,0.09552748418146109,0.2546664637050193,0.7322382550976965,0.7325774856474511,0.972027972027972,success,
PAT_1529_1798_206.png,0.6075473056401063,0.49133074949353683,0.6560418742243306,0.008148556320505223,0.11394925979231242,0.09523894001953037,0.00481936918861355,0.09640850430698916,0.09162537014319526,0.007339108435430496,0.011812621029429482,0.1432319381441718,0.6621615059240109,0.5551074752103129,0.958664546899841,success,
PAT_954_1808_415.png,0.6378865358520814,0.5170329805338891,0.6387359331593373,0.010406808445435269,0.1574585929260703,0.09189741929967787,0.008002744124959502,0.137083442282637,0.08584768418776632,0.0100216365075015,0.12867313475055736,0.02860698186645161,0.6233332163016978,0.5675744163840347,0.9634146341463414,success,
PAT_471_909_394.png,0.6504342299830684,0.23414926915338918,0.30063244053231003,0.07042039515830999,0.11432791711362242,0.14024461320763124,0.01630000582551198,0.07998698876554688,0.14524863735582186,0.006253961228799357,0.004140370738137139,0.2751902356569223,0.7117385136138569,0.5367166875101552,0.9687371452077335,success,
PAT_1288_1003_553.png,0.666920917140285,0.21357113171487277,0.4175486049785581,0.021437789001465094,0.04001206234975044,0.08646343290543317,0.02064940189360735,0.041919344629475094,0.08833992332085634,0.03958688489248922,0.0959350690014694,0.14554505358090292,0.8887867026848864,0.8408348942626669,0.9795918367346939,success,
PAT_337_706_598.png,0.9076482347994701,0.10366128160463192,0.5293343984334364,0.3553620368273453,0.051854307002841465,0.08778218553339366,0.3580425291780871,0.04419322876138779,0.07352838734942767,0.1261011908405621,0.02309453942162891,0.04231042859772405,0.764778819571545,0.7709579855988805,0.9816091954022989,success,
PAT_817_4471_179.png,0.6136768151523332,0.5438403440142063,0.6752251275494309,0.011463267685823514,0.08526672693376885,0.04959584302004807,0.011267140880603072,0.07705503711842711,0.03986208573286381,0.015121805971703534,0.06996158766612914,0.043198124720836395,0.8161443164811271,0.7227605276356037,0.9296577946768061,success,
PAT_1892_3760_713.png,0.6366182692352461,0.49445641735745477,0.7743520022262892,0.004742571149384293,0.04438877975051422,0.07178297018322562,0.0031942689757979946,0.04505831517548372,0.07376118899383015,0.0023952067299273633,0.03650610529254811,0.04732827144805596,0.5530532043299303,0.45760124460114365,0.7643610785463072,success,
PAT_1326_1156_163.png,0.7527758847727952,0.3001338398842855,0.31144240983813176,0.08132854544442918,0.1255547164351826,0.0929365282146643,0.07892306093488498,0.12441520499864539,0.09717466629454874,0.10000508102824691,0.18929884440749556,0.17145331654580703,0.7030255247079599,0.825830833232815,0.9902912621359223,success,
PAT_771_1488_922.png,0.05973914937700467,0.09771667380836778,0.6379606999413951,0.30703002995574413,0.04630595221603293,0.14336594943663902,0.32779193831623166,0.038746582389379405,0.13261025028503032,0.14939054381308,0.04039867653726374,0.08227123735784203,0.7945923065098978,0.7572158004296123,0.9769647696476965,success,
PAT_379_1531_17.png,0.6411732238165149,0.41332358997353735,0.6428159700191151,0.020209097520441182,0.1314263109327282,0.05870190361720941,0.019466645676718422,0.13045815423660498,0.05431144148404418,0.02525049636020845,0.15164695890999663,0.035223544225867265,0.9481989421858767,0.8959015117154742,1.0,success,
PAT_2065_4412_407.png,0.6284889287282,0.2798311609870156,0.6356477114458502,0.01074932231842636,0.12365153759240163,0.047901809081643404,0.007529709337886192,0.11402656437935858,0.038282975449361545,0.0002562000540806587,0.0798425566958269,0.011944260758233738,0.8575235422849334,0.8417625237882609,1.0,success,
PAT_921_1750_313.png,0.6683338506760245,0.46023104872577514,0.6771485242498391,0.014316932098522252,0.10614087177717017,0.10102032906733452,0.01069391211449165,0.0917753852427883,0.08933722852081676,0.002797109442692008,0.06362614941536393,0.012203150758672177,0.443927347314047,0.22786014725762865,0.9634888438133874,success,
PAT_392_792_712.png,0.6228155201611941,0.5192017147170155,0.7962975372640076,0.013456686953380946,0.14290220889609145,0.05642304527012973,0.008097181996633361,0.12941352145228013,0.037276293016072035,0.0030562331258825754,0.03938263479081183,0.009989855393465974,0.7865010548300748,0.7518300990553289,0.9770992366412213,success,
PAT_768_1449_842.png,0.6106576288302422,0.12446989116747616,0.6402828746177369,0.13462594162027483,0.06196216009975896,0.1310575425870295,0.09787486665567112,0.04687171778163392,0.10623102615676806,0.0004532183496984822,0.045447320161499896,0.05589902278768999,0.7247276281663977,0.6322756222697025,0.9769230769230769,success,
PAT_1764_3336_981.png,0.6115378864478223,0.47549915596374487,0.49818438088698347,0.008191073090795368,0.05536090382750791,0.07691462453116035,0.006658482461641824,0.051450595925096626,0.07530567300233704,0.0034417924292854075,0.03585324048904881,0.10551087539406812,0.8947237385700427,0.8584896992039348,1.0,success,
PAT_633_1199_218.png,0.7219996236377468,0.17437237032344005,0.7628298974933801,0.020978023038375853,0.012471405966945973,0.05448791136208806,0.02028232434706244,0.015711579068021998,0.0535928598277547,0.0034469622922611303,0.05047260516926198,0.0005575879242736281,0.7842808669154442,0.8403558696347228,0.9925925925925926,success,
PAT_53_1144_892.png,0.6691834673203616,0.294737260024846,0.5496810577050328,0.05480687792010887,0.0898763362413959,0.12456610016147296,0.04368114295360161,0.07173726225692144,0.12237433218859173,0.06028265675679323,0.033841898641587875,0.051299479910606904,0.7374646908721717,0.6313055900170647,0.8383333333333334,success,
PAT_528_3072_615.png,0.6218733468819312,0.14781804868225284,0.998035144628402,0.02158400308450203,0.021345235649362606,0.002098587572136055,0.02096751602191771,0.02110464754258835,0.000345472269236432,0.012840178261402792,0.004816172179068073,0.0003438385359285645,0.9276709653607027,0.8905833336474039,1.0,success,
PAT_2119_4625_733.png,0.7031219071773054,0.17936731091811303,0.9157287574399874,0.010815457884388835,0.015254094176285352,0.03469162155346657,0.010846495514660392,0.014285166313259146,0.03457264021970715,0.005557018184110123,0.0027114517240416913,0.0055944672498056125,0.7199271150459433,0.7451233360743934,0.9841269841269841,success,
PAT_473_911_610.png,0.7095943100743063,0.27238361471565614,0.74079392584558,0.023225418255624148,0.07270990810654492,0.04824894000526718,0.022961873814632102,0.06973553497960033,0.0343285008269444,0.005567852446658764,0.08854455835656383,0.020896743220523928,0.7178910721363765,0.80055216713567,0.9696048632218845,success,
PAT_816_1544_933.png,0.6724429453379474,0.29594494628564105,0.624352719952592,0.024689130090170854,0.10896118428370984,0.04486597142408984,0.024097636992734765,0.10109093081270924,0.04318015816375316,0.03503318778625963,0.049787410669928256,0.009890319409181836,0.8247509036020194,0.6055418627628919,1.0,success,
PAT_330_698_302.png,0.6416945450325662,0.17605077230724672,0.8842945962628936,0.015330824704528833,0.01106016890923856,0.026519053772827237,0.013293787242189157,0.006786385580343205,0.02241564537440003,0.01414557664693332,0.0017731023093516818,0.006868055702844544,0.8819393181156814,0.8796038475611154,1.0,success,
PAT_159_246_630.png,0.6677599473367232,0.5639093794002059,0.6643662127230313,0.01139491638164168,0.14961204039259235,0.05499525225840977,0.0102772697182939,0.14088738521352837,0.03908422308735461,0.0038742091190835976,0.18844119291332284,0.0364740130876553,0.7985734232673898,0.7768055058060791,0.9751552795031055,success,
PAT_571_1096_10.png,0.7029683550681615,0.20240562164824305,0.6160656071085435,0.15731015419010663,0.10458799812704749,0.13956760334670573,0.14501733385670898,0.09077416216872047,0.13100701329692072,0.07004189559678219,0.053431520310715824,0.07774805649280503,0.9222859251631592,0.8206030336260836,1.0,success,
PAT_1481_1675_371.png,0.6133296012275891,1.0,0.2609271482610227,0.014370181366511959,0.0,0.03251338061056956,0.014039757920366476,0.0,0.031909093339218625,0.005832008910550397,0.0,0.013979760743698944,0.7664821146850245,0.7290429321353803,0.9354838709677419,success,
PAT_510_959_985.png,0.6854131326699011,0.5335067942618223,0.5708180147058823,0.016898713118312963,0.1738838776644428,0.09040587903213061,0.01494180427824599,0.16701243989215703,0.08531917155686022,0.004156059254426086,0.2528588464599471,0.0892676962251967,0.7903552377828049,0.8082462122096148,0.9881656804733728,success,
PAT_409_2614_805.png,0.5888665535003994,0.3856201162277928,0.8643755471025182,0.009101965985080849,0.10255509297590601,0.052807611844383685,0.007298579888071085,0.09871406589739162,0.0476989002720286,4.473957797325549e-05,0.018678441396462298,0.009358204050322838,0.7468477865144458,0.807217756301882,1.0,success,
PAT_768_1450_402.png,0.6992101983901547,0.19380543401933778,0.5271782482088754,0.08872070716683382,0.08111231792183182,0.0826243314535657,0.06489187350457529,0.07282769511893329,0.07713623727359221,0.11530448815314737,0.09054819830285331,0.10052328877685723,0.7457336366291866,0.6662930717999722,0.9940828402366864,success,
PAT_1216_759_542.png,0.6175982308342828,0.5663703276744672,0.46372406752100415,0.020902929509060437,0.1740923994069208,0.1426612225545048,0.006110056311891079,0.11752399888512195,0.11179759605163656,0.0032092309821265983,0.03386411084072827,0.20769498577046852,0.8572885249755877,0.8320829647952251,0.9969879518072289,success,
PAT_123_186_718.png,0.6795653203064825,0.30479669207665944,0.7678651953788982,0.041859500959287234,0.1279269030374322,0.09537662690286425,0.04252890323362432,0.10500290980259644,0.06926142074347683,0.06976339033561203,0.05428817775912376,0.043049544209014634,0.7863067803119721,0.8745806207636863,0.9870967741935484,success,
PAT_1626_2811_850.png,0.6235171958108422,0.2837362191542453,0.6554067187554734,0.010735094811511876,0.051392259690955795,0.07277789704435733,0.009712706611090827,0.04611442029814646,0.07034123506850319,0.006449103794082905,0.059284430460044196,0.1440157363968002,0.6601918551843426,0.775899378079946,0.912621359223301,success,
PAT_1133_510_956.png,0.6589190498926524,0.16819960805277404,0.7130074106602511,0.05276251051827145,0.07104991331774049,0.12098739794136641,0.04718414620221998,0.08171547274186819,0.11829713415714785,0.03811850467184286,0.053912042710992564,0.08587031838381687,0.45977407919060675,0.41720502119254615,0.9947019867549669,success,
PAT_59_93_342.png,0.6367065112065325,0.4175107748926762,0.6665238700523921,0.012869667471688771,0.04846239800456967,0.045048056453613934,0.012878546257900546,0.04704717637239051,0.04421207405814219,0.021302381188199052,0.0071880189019806195,0.0001574475555975452,0.85012235180118,0.844988623184943,1.0,success,
PAT_330_1440_532.png,0.7813699495550398,0.1500874883302307,0.7246675657198328,0.24553943892106353,0.07783904510230641,0.0919488720691001,0.236793677183107,0.07015973411797947,0.07131779650915354,0.07412722644705272,0.051844728813383506,0.020888004909022095,0.9457473411691567,0.8797571957940593,1.0,success,
PAT_1934_3890_306.png,0.6114695887503829,0.5254746925389734,0.503848701991998,0.005652361035866176,0.057842902623648364,0.10454746774048773,0.0033025365847950783,0.053537987461160896,0.10210003962099373,0.0038494205078192087,0.07859892814871028,0.12534923070220638,0.7656111233514574,0.76404060948705,1.0,success,
PAT_1203_724_762.png,0.5918895599177888,0.358695011557013,0.8330435540633071,0.007570368983615985,0.07750755507591317,0.052774476082180985,0.004911160871739958,0.05718247343418638,0.03989349881912848,0.01125210688298321,0.03728689471901092,0.054581928562175475,0.8481098958087052,0.7752238694224075,0.9580536912751678,success,
PAT_1275_955_131.png,0.6339411369313234,0.39815363602772524,0.8153379777155496,0.015752044165111057,0.10914399776809167,0.09049222235837462,0.013147084624895649,0.08846746062590079,0.04671785033491861,0.025340744752442707,0.09032296931872874,0.018044110781455736,0.848654585215339,0.7760890124153426,1.0,success,
PAT_798_1529_282.png,0.5702069238920154,0.1754368191721133,0.5679754901960785,0.007843123713046159,0.010181508720970634,0.030138255810120012,0.003662723941888335,0.006800634178904764,0.029175887287703414,0.009867030603264956,0.020520604898793343,0.015042370045363351,0.7818173869745881,0.6932376158677094,0.9639175257731959,success,
PAT_796_1509_400.png,0.7176398447475659,0.23064567547442807,0.5889582757414825,0.04224168420360543,0.06880659307560665,0.06829973018730807,0.04009004690283282,0.06367134568555191,0.06482514703553358,0.06437283575803127,0.02137121060011507,0.027174795210459846,0.8023252380656146,0.8110182805561846,1.0,success,
PAT_373_2598_514.png,0.6469562722328923,0.2749002747043092,0.517416958493504,0.0187965383003827,0.132319468977699,0.10146646377318636,0.01653550044262508,0.11779183093162118,0.09357196954493387,0.016936024899573,0.061894468437475536,0.10817709656815089,0.8795529625112324,0.7750429633014531,0.9285714285714286,success,
PAT_1221_766_430.png,0.607465343048993,0.39492273716805776,0.770138275908029,0.01036501475807055,0.06936902134048682,0.06722552650242027,0.008269282317533785,0.06337949174758098,0.0628247108150198,0.0053157874528721215,0.09342677739504907,0.006597817064885936,0.7540209364563351,0.6149969321299918,0.9766081871345029,success,
PAT_167_684_365.png,0.6133271703995677,0.4147103786679178,0.8373453061295417,0.008612815170082848,0.06700518603575954,0.05084330587483321,0.007812766335682746,0.05977909739867632,0.036042471439745774,0.011219281216325545,0.03168173836172794,0.012785710833830732,0.8228001186294499,0.8585908140219409,1.0,success,
PAT_535_1010_303.png,0.6555748518681147,0.4626339561096998,0.7994575960763768,0.008842689539333684,0.09740148561074927,0.041002862040281904,0.007935697974746811,0.0945456236959318,0.03706293546449763,0.00361988698430393,0.05374305544019792,0.006717400765595571,0.9553468681920693,0.8579436487790019,1.0,success,
PAT_798_1771_240.png,0.6356171479533848,0.22708851540616248,0.5666386554621848,0.02355009000201589,0.058605388215634914,0.04080622237605483,0.018730470974990525,0.054476514533110865,0.03531996137854186,0.021600487978341062,0.03667418559441518,0.02793636301527269,0.8646401293395003,0.8395069593851717,1.0,success,
PAT_150_1799_644.png,0.6585821324217752,0.32558109252727524,0.5541334496403333,0.03858691467234076,0.07503483326779728,0.10797098124041653,0.0345728629060079,0.06586452864910586,0.09750507012828113,0.01115911774790656,0.03337957486880544,0.08328341196366817,0.7685103607996375,0.5229883060462496,1.0,success,
PAT_192_296_824.png,0.6976280886269947,0.23660156437425875,0.7339116131678254,0.012789322223392376,0.07468608150217844,0.03675152626634366,0.010315543838012739,0.07282585494033185,0.0325216393132482,0.010200461848939095,0.04447129980552322,0.014174731162191478,0.8883336459602712,0.877183189410947,0.9941520467836257,success,
PAT_142_210_904.png,0.6870131596991055,0.11953536414565827,0.6718651960784314,0.19332053614342945,0.08913920887306855,0.110976182017871,0.16348917279250239,0.07841522913367568,0.09809372158500308,0.15731106515490303,0.041574922327009406,0.011727149156605887,0.8447982924483353,0.8577673539932852,1.0,success,
PAT_1555_2396_71.png,0.6332008886676714,0.23496503987745,0.5196546695053057,0.10683538816917278,0.17667815200137316,0.08611419519902569,0.09142054020437695,0.16391295106421425,0.07983803579977994,0.008146401119081602,0.03895278985602624,0.07934405677120371,0.7141142655704767,0.7774992996054745,0.9814814814814815,success,
PAT_528_993_589.png,0.6301746714492923,0.3827100131272095,0.7198878705177099,0.0189143399365733,0.09401620045977858,0.17312195959854834,0.01821645227445687,0.08258294404035083,0.15947102005212047,0.02737348620973571,0.0058312240980384344,0.06753302185251742,0.7885129241978173,0.7532171552386974,0.9888888888888889,success,
PAT_722_1376_280.png,0.6629289047932667,0.16637309492958113,0.655628308369826,0.041769370322154636,0.032708847253671895,0.06517637119644125,0.02377338389855506,0.035770883822450646,0.06045940955956998,0.0159386411159688,0.035909791794274476,0.02070364030744476,0.8056581293482465,0.7840047531884723,0.9925233644859813,success,
PAT_953_1806_845.png,0.6473857640050612,0.4210558481765912,0.6235181536729525,0.021068946231743907,0.06422529454635366,0.037532923871033276,0.01893167783611895,0.05731529664416236,0.031174869402136735,0.03062854999393281,0.028727668740352708,0.01645910007729945,0.8372940858763165,0.7575303864766828,1.0,success,
PAT_340_714_314.png,0.09873497618387704,0.5097528304606986,0.2962836546713251,0.2332132465541657,0.2827442063929933,0.1393504166747864,0.29297665674324935,0.2807719675317157,0.1378853654293846,0.49861433105986763,0.4283334704585175,0.2469352610992488,0.8632233285857996,0.724714454448604,0.9884169884169884,success,
PAT_845_1604_313.png,0.6813348704604307,0.20921499502482133,0.6084780864753361,0.024509948949867067,0.07184439384327479,0.04643730400252536,0.018731837185738537,0.06325785882653712,0.032676717422676714,0.008078586973478567,0.06214307260833865,0.03998803384865901,0.7645138030906239,0.7127828075572006,1.0,success,
PAT_996_6_367.png,0.5851498878269378,0.20604035953770952,0.6927837999617101,0.01968211220547446,0.051873659080554475,0.026246642744772744,0.015905833587338013,0.04717363878383995,0.024114279648812895,0.0031593039496806497,0.020123771398205648,0.0038935550670717856,0.8048180722069557,0.7631747262564156,0.9883720930232558,success,
PAT_2122_4642_204.png,0.6076802613601034,0.684182866673485,0.7754835089044312,0.006251208348140667,0.08713323829914031,0.09609794278195369,0.005269852270406663,0.05130014684405006,0.0681371404680003,0.003653740080738446,0.0013599492652667244,0.01218881807407357,0.3619322764008671,0.5044727587482325,0.9518072289156626,success,
PAT_168_262_292.png,0.6375563896427591,0.5433291602370434,0.7577214757010537,0.028261935812437213,0.1585479213151454,0.07755944489472166,0.009871097276281236,0.12804219682570134,0.043956043886397685,0.008392183094155254,0.11472046684562698,0.04853333285695183,0.943943902724337,0.888256623867873,1.0,success,
PAT_277_427_658.png,0.684601588029722,0.5790378793154333,0.3592642333442763,0.01091618516969769,0.08783706650209885,0.07184712514802419,0.0077795774834279055,0.07858665248128735,0.06719951386534319,0.0075792944760180265,0.06794659814277004,0.08512230767990031,0.8491988360983995,0.8130763062343558,0.9772727272727273,success,
PAT_38_1003_226.png,0.6531605242366115,0.37379654349861974,0.7671165953253019,0.015081934984907366,0.10164599629242643,0.07806995605160769,0.019387742529690197,0.08588992961704596,0.061555426074449145,0.009763230380285709,0.08162637536151163,0.006440681411188143,0.7179300823845924,0.7278200918811804,1.0,success,
PAT_903_1720_647.png,0.630039608283231,0.3704587356463474,0.6451593403655285,0.03185266346961576,0.11442567946293415,0.10729667715069015,0.02085480036349141,0.10471855241415208,0.09669309439439633,0.0365656909976451,0.052019458094836046,0.05915690556024478,0.8569139003943762,0.8226425150982041,1.0,success,
PAT_1727_3233_399.png,0.6437707051009878,0.257914395790265,0.6712197738520329,0.024735938662985676,0.06512792467555574,0.07476396041127972,0.022243187680014653,0.0602369654600322,0.06815661844581532,0.010515313275280548,0.04994455424136057,0.03383204456677047,0.8216488607366388,0.7671346406229403,1.0,success,
PAT_272_419_906.png,0.6091336937343438,0.16389841989254975,0.9000591337373828,0.028570526357903327,0.029142899532806466,0.055316176389363265,0.028961738327020772,0.03242142391715375,0.0632714813145681,0.01478945392122747,0.010887834921611161,0.03450807891309715,0.7733256944359479,0.7758847300092045,0.9406130268199234,success,
PAT_29_40_561.png,0.6088305592477664,0.5109250605380302,0.5696812680921624,0.00759912514696619,0.08376198492150873,0.08765918803100459,0.007873454279541668,0.08402623327932898,0.09068767765617575,0.01560792011239024,0.1762470678659071,0.1653816507847159,0.7566785041943975,0.8064993141732157,0.9649595687331537,success,
PAT_164_255_119.png,0.6980229904172888,0.34664274922724553,0.750524707749326,0.01455942897672762,0.1101241092094971,0.09464906131976958,0.01539338486543365,0.09326937744999629,0.059714233988056156,0.03297263788555895,0.07316277232321244,0.04472226881459529,0.7579791869700127,0.7062023119516874,1.0,success,
PAT_238_364_387.png,0.6518452071859434,0.1751595303952302,0.7686927530886962,0.010481542370304667,0.011293482191355503,0.0482465186825715,0.008401802898100656,0.00975252116981818,0.04713137700361175,0.004761841042356628,0.004339282460027877,0.008323769758201593,0.8095164278514134,0.8019680283988545,1.0,success,
PAT_1955_3946_319.png,0.6196360735923372,0.4836613368751756,0.7955210807727346,0.009091833312795443,0.03422842562544959,0.061695296663882536,0.008619784338835116,0.030362234133694533,0.06292937917396026,0.00955919643872502,0.03978286240846579,0.01790068927307631,0.6771179659938525,0.7247104746649089,0.8164794007490637,success,
PAT_944_1795_666.png,0.6380861909847562,0.4784789909972121,0.7045984051656186,0.017769826594426587,0.12019931349101888,0.09792680896880093,0.012223778620488073,0.11143425182121992,0.09257274668258317,0.005784073172813148,0.1075527143493688,0.09501588098205349,0.7715728775944488,0.6166318989021713,0.9927272727272727,success,
PAT_490_933_17.png,0.6413588068131737,0.4053628107057618,0.6877356115171698,0.03317362643894894,0.037001424944582244,0.0659646178099699,0.030817934559476866,0.03125649412194268,0.06092574782477873,0.025427263032508703,0.010068229242188809,0.016400472248092712,0.6994313162260506,0.8158700197526859,0.9782608695652174,success,
PAT_180_279_746.png,0.6431123211859503,0.5769749085185597,0.6694469494324686,0.016927943070753012,0.11797375051890845,0.09317510367633344,0.017269877784341088,0.09592134215202304,0.07849233897504085,0.03092990560302427,0.0014353835603113652,0.05662189450889343,0.8813329915036017,0.8794336709226498,0.9873015873015873,success,
PAT_789_1483_793.png,0.5209112963894766,0.1961979602771277,0.5285928448111235,0.13283590646471766,0.08282375564794299,0.1771007774437752,0.11943852047258564,0.06443362588872491,0.14463176476848272,0.07752614715343616,0.07773783486111688,0.022711911791833184,0.7915078439092783,0.7119505251235232,0.9957081545064378,success,
PAT_1767_3340_959.png,0.6200685813650451,0.32586069014117286,0.7502384405155729,0.010144686314981203,0.05702249099817016,0.05691933899633277,0.008708490347179474,0.05504958063678463,0.03699110714636525,0.006090456675639189,0.0632889038493904,0.03417599315218578,0.7488095647395192,0.7126522723628703,0.9635974304068522,success,
PAT_1408_1404_929.png,0.6089913535094826,0.2707358212102045,0.5904761336468042,0.01222753861620212,0.033666307633738284,0.04967711076277592,0.012031150163197191,0.03402762948363815,0.0487443551437921,0.007711492779418055,0.08399123326513636,0.06899468764874694,0.7044171261317753,0.6996735885104886,0.9931506849315068,success,
PAT_1951_3934_98.png,0.8318318985655632,0.09645006397993185,0.6783511336906074,0.33677102931876673,0.05103360961423202,0.13913571954525933,0.26714407666276435,0.04603526002481632,0.11127740077609918,0.18984349353660973,0.07555959744277675,0.0626327969373014,0.8623375752804117,0.8397687009053565,1.0,success,
PAT_1483_1678_538.png,0.6238322261263372,0.4264020135340839,0.6024040498426717,0.018842256145899065,0.06908321690618806,0.0916820238285917,0.016750311652041935,0.0547641857802674,0.08594962102287373,0.0018071449471705925,0.018888535288144548,0.0939924899864426,0.5133676217614804,0.439184934191412,0.8834355828220859,success,
PAT_711_4067_260.png,0.6429694394876232,0.24727041453881543,0.6079737861809031,0.020756918500542676,0.07494777946022331,0.06769580640265542,0.018152585317216183,0.07166712937507769,0.06461244070684957,0.00304429295292255,0.04289841622170898,0.013472099397643156,0.8003214593052426,0.7922058729452044,0.9924812030075187,success,
PAT_914_1740_932.png,0.6774501310777801,0.17818850944633172,0.7785907980213361,0.03894823854623546,0.05326027456689141,0.08007448256904572,0.039000554099125256,0.051661845045624585,0.07631715661738764,0.05028371493589603,0.003079745610560042,0.04707342019432992,0.721611790615095,0.7701919516551677,0.9696969696969697,success,
PAT_1370_1273_41.png,0.5917028956958034,0.3561847176719885,0.5947833009042667,0.020998868003035964,0.07722924297317786,0.043426708221042686,0.0183508904657794,0.06869739932896463,0.04141729104438237,0.009464006745104333,0.0326244941692429,0.014977201972817822,0.9116095024390942,0.8457716793982355,1.0,success,
PAT_457_890_255.png,0.6370864405040698,0.14898999574246072,0.8202340738022104,0.05932134677860362,0.045861592926175275,0.0570732761428618,0.051645201078355456,0.03710021286122294,0.04809047491213787,0.03946475892923237,0.0240742282235821,0.027876637894376,0.7883371965404288,0.7769950367646625,0.975,success,
PAT_494_939_518.png,0.6572725427480655,0.445196583339427,0.8322100497098146,0.010546825475867615,0.08073238691524368,0.05511182396716835,0.008951804366270803,0.07520981816715504,0.04400611199568453,0.00029864351740166564,0.06881789250986914,0.005007786963989402,0.8959649430937471,0.8177815164398176,1.0,success,
PAT_835_1578_52.png,0.9178517174351574,0.13553306064300813,0.5589455059172742,0.38388527810001727,0.052773128753833665,0.10077832543267734,0.3468842636376253,0.04370071066637673,0.08647002897911071,0.1399038579094693,0.035594771067976136,0.025758496314611468,0.8763717180736753,0.8368289392977698,1.0,success,
PAT_325_689_528.png,0.6556984092132947,0.3374487487560659,0.5150011970387698,0.01261401359417824,0.0810550711315104,0.032183259428132,0.010731559842998206,0.07219306429448183,0.028099910966919873,0.01849004802586249,0.014691951817277948,0.015755128694340925,0.9189271779318776,0.8693148490219393,1.0,success,
PAT_344_718_206.png,0.5659109214494897,0.6817897966387011,0.32499668597584835,0.010727492396449418,0.07527350656953535,0.06282630465622044,0.010297415678901231,0.07138911811857211,0.06669479223449522,0.018988143307100497,0.18961035033443413,0.15512845351084065,0.7906058793241451,0.8481477999100815,0.9571428571428572,success,
PAT_1061_254_813.png,0.604367548135082,0.09289957219726488,0.5795710473980343,0.08849967049098276,0.04593331715554869,0.02627906867895937,0.08395517825005858,0.04298940909932383,0.021713788314102922,0.00247231958305218,0.007434487352480937,0.007285469054308602,0.9283356482304482,0.8068505429935492,0.9439252336448598,success,
PAT_432_851_386.png,0.6532195710603099,0.6829946659656541,0.4982474686175697,0.01281878403652757,0.15882205688207165,0.15602552680598167,0.010321541364679785,0.14617610695127128,0.14299474425623823,0.0038535230148640824,0.21424525643399206,0.16054170627271053,0.7818056830088436,0.8328089617663003,1.0,success,
PAT_27_38_240.png,0.5670644668283119,0.4759518390459075,0.32716363466534915,0.020372840496953155,0.13596384809336365,0.15968928421362658,0.011882974994979922,0.08761002985883647,0.1592804312434383,0.003582756996703927,0.07342333536313078,0.22872824753063958,0.8689580211195216,0.8679142826914342,0.9954441913439636,success,
PAT_147_219_544.png,0.6339737930251779,0.5302584923384237,0.8633167459371555,0.013516595132163862,0.15404050339954226,0.03297407280197753,0.013120586918654314,0.14925938392166901,0.023354344135414224,0.01143251546814107,0.15628986795796557,0.019505217508277495,0.7536706887419096,0.7546591695272024,1.0,success,
PAT_267_1062_418.png,0.7131851313457255,0.16772135194525492,0.6493917782278623,0.15692573762342996,0.07520850118763038,0.10917474659422127,0.14704337144152765,0.06542539117961477,0.10727562217494271,0.05959341563750734,0.03303271934349347,0.04796388588755818,0.882411544912204,0.8446520813514318,1.0,success,
PAT_2090_4532_178.png,0.6472749355293915,0.3218017049073084,0.5920742576921914,0.008762920489417375,0.07555067600759598,0.03756597539812979,0.00680618005833588,0.06550438066269546,0.022623602320454003,0.0037577294508606782,0.03960737427460359,0.005935053687863068,0.5641893147106447,0.6688633770263045,0.7854251012145749,success,
PAT_2049_4348_485.png,0.5878303129542533,0.26534974598002725,0.5318420437381942,0.01179578390819114,0.06225488159260286,0.03665947288321472,0.009907487627085204,0.05533184093252525,0.03608612403093452,0.009144838759795073,0.004348386481907551,0.06605455194854792,0.8566113524131804,0.8286422418110512,0.9971509971509972,success,
PAT_753_1833_710.png,0.6229958736128478,0.5513403011718638,0.493939132187383,0.0059485240347732496,0.037265891264247154,0.03864184943382631,0.004373798700298017,0.03279495466036169,0.03590528835961998,0.0003477765675734348,0.011964216848318054,0.002466416222866974,0.6181007551114885,0.7613143485468514,0.9811320754716981,success,
PAT_968_1835_721.png,0.6609855835607716,0.4601800398382461,0.7801392244802812,0.00631047377452063,0.06278155659863592,0.0241795966789176,0.005607583408612257,0.059481860362212605,0.015833672998919524,0.0016528495041855408,0.035735108091083156,0.003305579349918264,0.8327610827014413,0.8533997870788013,1.0,success,
PAT_717_1347_899.png,0.5886059473778981,0.21885069604214186,0.4746916977358871,0.21057946289380847,0.1033368762936656,0.1176029225079809,0.20541757693708626,0.07711405230083182,0.116168251312985,0.021313470107414644,0.0033949042600026624,0.1722501192446883,0.9143092238062129,0.7661937340606904,0.9958246346555324,success,
PAT_1605_2715_845.png,0.6066607078691824,0.3068582078612862,0.8144884440070083,0.012556286292395621,0.08219470247349578,0.0700354725423655,0.010206920777667968,0.07661248588915746,0.053175516695806516,0.01062477269132766,0.032495749524556805,0.02329788547805678,0.7185297988444975,0.7331535948542683,0.9594594594594594,success,
PAT_1650_2913_374.png,0.6485944810480929,0.3283595218435826,0.6184199667969984,0.025503418276158193,0.05763224805407166,0.05390243167466069,0.02472549776712051,0.055409431346354704,0.04726633711080674,0.036229246762355574,0.04878110696040577,0.03148166439110023,0.7187637998863912,0.7058090024687561,1.0,success,
PAT_354_1814_153.png,0.6481795182208471,0.24610520839933558,0.5271108788795948,0.023767453194317303,0.06793251147559572,0.06202560421112866,0.01829290038598262,0.06000234380540435,0.05757565828205521,0.00034801630183475634,0.015471760367468473,0.07385155848697533,0.8767670993084671,0.8409541145972478,1.0,success,
PAT_1208_736_599.png,0.6083847895748191,0.5718020129468976,0.2833912410127714,0.027891900409554384,0.15176896740212306,0.12805812926865554,0.015297721847021821,0.11554069797585385,0.12200254368446856,0.020033417219956266,0.025362362607411204,0.20249014295627682,0.8682591777766873,0.8121792479517274,1.0,success,
PAT_852_1629_265.png,0.6179201184833284,0.3998533063057424,0.657533780476257,0.011967125947948588,0.1467026880383636,0.171124484492285,0.010458784460451469,0.12645107670979458,0.14701897463362568,0.008655756047474641,0.02818835534122882,0.022143284676373054,0.6416267821133483,0.6129773121980162,0.912751677852349,success,
PAT_2105_4587_204.png,0.6302598118009073,0.36821922867810103,0.47229202423246847,0.025357327888644483,0.0740313751445712,0.07152123988384129,0.006583544686300094,0.05241030077688391,0.04897763655414824,0.000689688273824708,0.02550145641677809,0.015270191324451565,0.21694691525780413,0.27372678591460864,0.5311827956989247,success,
PAT_1066_281_698.png,0.6295157143595728,0.15424599720085355,0.7582413938091093,0.08138727685043913,0.040624524403157225,0.07661057553437522,0.08058454207674029,0.03861701478326227,0.07780555117949374,0.055344685706731726,0.0002072102136237708,0.0824422611756972,0.8275956776990752,0.8175986772738892,1.0,success,
PAT_1308_1095_117.png,0.6565602431296796,0.23677512967194247,0.49795174850962975,0.1870856990457548,0.16538010021563224,0.18313193612257042,0.17228999404063844,0.16544511014743085,0.18220112829558877,0.05340720426473327,0.11897923406462124,0.15881365268630965,0.7743966222063683,0.6981998974035902,0.921875,success,
PAT_677_1350_67.png,0.6576214890308992,0.12279030282676517,0.6671040993936712,0.24822495054122606,0.05084385426896577,0.060169507875496075,0.2403908802207709,0.04624692111843599,0.061306958936335317,0.029744962250958906,0.012766219369836795,0.01215389210049278,0.7120711836926781,0.8022846986158474,0.9844559585492227,success,
PAT_217_1290_283.png,0.717932315433379,0.20435290356759125,0.5803547641264031,0.11856321447651559,0.09670150472777694,0.07364179797007887,0.09230504406956302,0.08345736961240796,0.06816983455163389,0.07533372335943306,0.02996532117772774,0.05723511987890495,0.8723416773776642,0.8083490442843141,0.9974811083123426,success,
PAT_1288_1003_969.png,0.6584625512248944,0.21872616161548225,0.4223590314954841,0.02118895903647264,0.037001103081133795,0.07823559741052184,0.02206515124991982,0.041506861033141516,0.08666046979071995,0.040552649539794636,0.08522626760178476,0.13345622193247503,0.8948569317143277,0.8299020228673746,0.9931389365351629,success,
PAT_1780_3381_999.png,0.6178128442041351,0.3322067536409538,0.41744241344204264,0.012594398281827086,0.09831973096119385,0.061712550581702025,0.007646326345946924,0.09750254367738884,0.0612307422413016,0.0004829937877848541,0.10664215577470942,0.14112612251362583,0.8800606092333461,0.8624425689799831,1.0,success,
PAT_605_1152_536.png,0.5878766789701815,0.246311970538103,0.5697902194591853,0.02980255175449185,0.06335074097907487,0.0556831561949287,0.024711824140324953,0.060828217112240984,0.048390412008317465,0.007530158650786076,0.0895826617659164,0.0249018100035866,0.6468274106542373,0.7912978227473535,0.9251870324189526,success,
PAT_613_1164_827.png,0.6206908206686612,0.16495593866749828,0.6208241302196528,0.05513058190327894,0.06591399107829876,0.0487319276903304,0.04429596693987254,0.06368079574594036,0.04385806842713533,0.03030078443682732,0.02407847159551285,0.0037801091101148376,0.7472713992748045,0.7922665173543301,0.9103448275862069,success,
PAT_881_1681_462.png,0.6343517922046285,0.3130738397215145,0.598209302759657,0.013655224491806093,0.0579602884572064,0.030753200178182446,0.011831893628417956,0.05609539132914027,0.020642608589133922,0.002911317880150695,0.006836981749931248,0.0019075167391263692,0.7117621417923479,0.6996180933154894,0.9839357429718876,success,
PAT_1636_2869_595.png,0.6405950353259168,0.3409917302672037,0.6124158157349483,0.009478426717802744,0.0527537281975247,0.07420288271761076,0.007792190727384043,0.04247615943794964,0.0487207251215359,0.00976166151606432,0.06288868994029578,0.058826873838846105,0.7976089869433189,0.7073801572188377,1.0,success,
PAT_75_113_165.png,0.6333637428951767,0.18307817184419523,0.8168556836088597,0.029157943343850103,0.00901471230161819,0.0540954059314497,0.029210552066902932,0.007345141824530516,0.05356175218392352,0.017878873467950345,0.0028825215316684583,0.002639141096658304,0.8895314766220468,0.8376827276054807,1.0,success,
PAT_817_1537_943.png,0.6765670911794434,0.29064020531343654,0.5760988263634109,0.01825532846402041,0.05789509213759451,0.02579207400036013,0.016946572880759105,0.05505464980720291,0.022517998106049267,0.023188081772687337,0.06180875479992479,0.02831908597866284,0.8465958229379134,0.7519548095527556,1.0,success,
PAT_1772_3346_66.png,0.6319150463622728,0.5216676469688876,0.6302987133758191,0.00889903807599929,0.09633679530834953,0.1406249507255528,0.006060165815459483,0.09028181991563994,0.13657444777383015,0.0019792885593560073,0.03829794244153989,0.03617193598753221,0.9002077868333935,0.8536470587622743,0.996078431372549,success,
PAT_269_415_103.png,0.6583406086447717,0.5510706987062235,0.42648978173776325,0.04012681626685317,0.1533373050156658,0.16726339294121592,0.017675265623151748,0.1165767401826714,0.1495903887132852,0.002082882268118801,0.01251666564938092,0.08117872976547341,0.6288969919348047,0.5999190914704903,0.9130434782608695,success,
PAT_823_1558_67.png,0.6731957924445411,0.2572467175194715,0.6261202373702234,0.034916901998958076,0.13498238932940554,0.10582097615831808,0.024464530983490673,0.10960854075179118,0.07060306772699872,0.008017568707073193,0.0003695418547806639,0.0021012511103207787,0.46300360715268674,0.2503936846916499,0.8401122019635343,success,
PAT_1988_4052_897.png,0.6795786164753435,0.1614487303566156,0.4845094758483427,0.03592065494576728,0.07105462040654582,0.08407681918156501,0.024856939534062972,0.06812939620115886,0.08062478502932245,0.006110533333446711,0.06093782229936212,0.042100529501283734,0.9091775776539179,0.8166018457559262,1.0,success,
PAT_492_937_126.png,0.6535712767110078,0.4401367751895729,0.5858502204977336,0.09501421601464273,0.20111943763593568,0.1021971464964376,0.08106176013612913,0.17480478695246224,0.08739276381088984,0.05967265256825493,0.14730585015803854,0.014549223820154666,0.8285547803774165,0.7626466536306807,1.0,success,
PAT_1307_1088_252.png,0.5966774184983175,0.5606164358345667,0.5519186921232382,0.007531372935731615,0.07063519820196572,0.07264697699808727,0.006544851034747697,0.060897325369603746,0.06622979441519596,0.0068122335372182855,0.12871816444707324,0.10670335485819471,0.5394622279386061,0.7226514064876453,0.8923076923076924,success,
PAT_1557_2399_681.png,0.8494720689751034,0.10970079865066285,0.6641419720165245,0.31926872091586866,0.04915668886344656,0.10230071311498118,0.2914819386988066,0.044550920687777947,0.0925039178390819,0.09859721098217213,0.013845818726022086,0.03725091139705683,0.6443398823178026,0.6171814422624712,0.8886827458256029,success,
PAT_40_56_160.png,0.6462374044477307,0.468229661275799,0.5640095520304015,0.011491471235847067,0.051088677010621725,0.05270810084789854,0.010668129210224146,0.04629005271864212,0.04869921178416771,0.015207858853225216,0.02467631503772083,0.008702145594172261,0.8881673672498965,0.8639273579687016,1.0,success,
PAT_1837_3608_851.png,0.6206845526804482,0.41834820621064583,0.46878581133913577,0.016302633428515314,0.06622252942871168,0.04868296851742506,0.01637031901760117,0.06347210357604084,0.050784438141117605,0.030202016534461112,0.11068661675709279,0.08922730366042186,0.9031761094366286,0.8617027694703222,1.0,success,
PAT_313_669_908.png,0.648705536579267,0.2559078507018079,0.6109146718418643,0.035300157633137756,0.10525916835004284,0.047414603644936174,0.031281509977436464,0.09760355237801141,0.04059216462513061,0.006573870634454456,0.05053364222108819,0.009267088977983784,0.8644413168227381,0.8028854358773283,1.0,success,
PAT_464_900_548.png,0.6893598770057527,0.43614273842249446,0.41860504657578823,0.051725588424603466,0.20265403695749717,0.14969052463943394,0.018064832828787052,0.16616948666875572,0.1318511863938759,0.00907821317601392,0.2148698861888175,0.21264718710118768,0.8574400664305464,0.8617977303241323,1.0,success,
PAT_658_1266_149.png,0.6006382508248328,0.09320482262247262,0.7135582874393457,0.039252190466298825,0.05110113553858458,0.023777708113176088,0.02811923981102731,0.0520362276920729,0.02291382199881745,0.017539718385507067,0.022171657580068768,0.0093445507324591,0.5968079040203642,0.5578489894031957,0.9823943661971831,success,
PAT_1801_3459_857.png,0.5967431767105603,0.3399667757193365,0.5715256230499262,0.011127140419850282,0.08588872052845964,0.03571900401885026,0.009282809178552655,0.07754631725972673,0.026781928816890715,0.010193868335185858,0.029016840671770627,0.03756575941340545,0.9164250343061044,0.8675940215369365,0.9977477477477478,success,
PAT_657_1247_455.png,0.6281140084226082,0.19280488091118067,0.8223150768597688,0.05610066234513888,0.04471122243069588,0.12090173432298419,0.05801908874242006,0.04617847602305892,0.1251132343397162,0.03158248797078763,0.031506283664634205,0.09995368915867242,0.8861290711200152,0.84536390223671,1.0,success,
PAT_154_235_30.png,0.5988573337863045,0.4482333754713449,0.8316055717076004,0.019572453389808977,0.17145078157484525,0.06341327848287204,0.016916499694882358,0.14651293731339188,0.04377857418599536,0.007904728298863024,0.041388277166763854,0.020443446573416124,0.8679523403371417,0.7896439724950296,1.0,success,
PAT_1377_3512_370.png,0.667427818491845,0.27962239072303596,0.3926246879856827,0.10090281705161354,0.1669999567621354,0.14586657159389788,0.04426723870742763,0.13934270279137081,0.13739519500712002,0.059762076522621284,0.15384318311348255,0.2723544019042959,0.7977930423367807,0.7381469209996693,1.0,success,
PAT_810_1526_67.png,0.6540544279201355,0.44474564896235214,0.8014305458085651,0.01557379969625046,0.11338876082398498,0.06752104595708844,0.010962929813610838,0.10520178624038368,0.061043938348832906,0.006140261640447717,0.01642862964321201,0.019418503603765402,0.4581966363380755,0.5483446995433788,0.8808713410483322,success,
PAT_1186_680_578.png,0.6081647245322583,0.4856737913402781,0.3438617148277159,0.01216531242110257,0.15013409693343616,0.11461858910452467,0.008408499419514793,0.12510726230052788,0.09836063793403044,0.00927256398997266,0.10197555821302962,0.21898505946306213,0.6730302930862361,0.7673905438017635,0.9783783783783784,success,
PAT_270_1387_430.png,0.5675468162843409,0.33232215313792346,0.3165943134389655,0.02079761627939113,0.14745135810541268,0.13183966472157582,0.016827664977403657,0.11065398621088253,0.13182790236147157,0.02541420717032802,0.038161419363019033,0.12798214617435155,0.858401340679315,0.8346439957642197,0.9780564263322884,success,
PAT_2030_4246_973.png,0.5780668634020892,0.5700842869790705,0.5607666026509809,0.00673423404987381,0.14521243818747767,0.0956760868895364,0.005336695487341108,0.14483729868213566,0.0899744382671587,0.0021370545597579377,0.12407651009581255,0.025145836341493255,0.8689573437998156,0.8608693274861544,1.0,success,
PAT_2092_4537_438.png,0.6309737519225601,0.22665602985800068,0.4000133220304231,0.02448552734481284,0.06959224354704725,0.1127232903867124,0.02005423827603018,0.06309072085903053,0.11427654436919103,0.01598468474833857,0.05662040408352731,0.17217215067166897,0.873754964608565,0.8077477281617154,0.9957446808510638,success,
PAT_343_717_927.png,0.6260630968187448,0.09909699469656408,0.6808850057843232,0.17035920504971017,0.07711549334513111,0.08518727940291412,0.1760515149336856,0.06948678655848939,0.07575102907616793,0.12535626795333582,0.020703128378950372,0.06464329979736738,0.6480476799924119,0.6042532315901401,0.9224806201550387,success,
PAT_1364_1246_143.png,0.5834375030709514,0.5138674535492529,0.6394935288371512,0.0055325001428679355,0.04434998542865701,0.03134489964279613,0.004603401217242333,0.04002856783064062,0.022592675332813728,0.009584516289814281,0.08794699629752634,0.03223624809386416,0.7458084500753475,0.739296928696982,0.9711538461538461,success,
PAT_2016_4156_941.png,0.6337068282394269,0.476792432330514,0.6385314980652574,0.013745228838923726,0.10461738883427185,0.05709794933177341,0.012423426601062356,0.09317746689717613,0.055529242060878364,0.013228455907288843,0.06352451790674662,0.06658871485416673,0.7637322310878198,0.6603582144393091,0.971830985915493,success,
PAT_1573_2497_736.png,0.6664553903089164,0.40057931594796753,0.6604908289693299,0.011131175558267365,0.05982252321743658,0.060894870675264695,0.009132948001721899,0.05253574479952371,0.04486438998861178,0.024468615639186373,0.00503445013417636,0.021205522465145954,0.8226068983966691,0.7732488314141789,1.0,success,
PAT_935_1785_530.png,0.6649130590771571,0.4870689445330566,0.6586184616501506,0.01417163677945074,0.10283965120499083,0.10971453552358464,0.009763490173165298,0.0733034523009337,0.08941515709527798,0.0023413258263981934,0.027580742472571418,0.0917281005816194,0.8344949907665757,0.7550981325286372,1.0,success,
PAT_1034_161_203.png,0.6257253012410258,0.1796326894753235,0.8957206933747205,0.005246019432146349,0.00601991248127632,0.01118153256573033,0.0019599362519615716,0.003302000452855758,0.010176257811148023,0.0016733750643993517,0.0019413830677029453,0.012461430049361732,0.8167061249013874,0.7249525596757506,0.9411764705882353,success,
PAT_637_1434_684.png,0.6391186464928129,0.43984128784081455,0.734451965906358,0.011346403180080539,0.10478492074896786,0.12196578683622428,0.009404557221411244,0.09771576877727273,0.111853489024868,0.010324361283767382,0.0516712025793693,0.012270230223514145,0.9016907292118339,0.855934218409939,1.0,success,
PAT_610_1156_461.png,0.6932526021430281,0.25750649173068324,0.6597337645658056,0.040400991905202174,0.09506436791351823,0.12749418156550651,0.025592326319028712,0.08056953351758614,0.12598732181645222,0.04033059536490945,0.05450794965651093,0.13311750181487247,0.5256541689962002,0.6674464051294724,0.833756345177665,success,
PAT_252_383_31.png,0.5590054592297062,0.4168072526340373,0.9375403736762365,0.022700253388823047,0.15343936375915251,0.06411788619331485,0.01870820271311747,0.13598673844474526,0.04062731490881634,0.003688001164933594,0.07043515082828711,0.005674994579530024,0.8517866986496601,0.7462180008078853,1.0,success,
PAT_890_1694_29.png,0.6695084836723699,0.16028072780967867,0.4855115344646946,0.05308488719425655,0.0426455684043671,0.07290314209989494,0.025027923290386344,0.03989897280801871,0.0728485739347407,0.018426533588346197,0.02506780363071917,0.05665392821160403,0.6169067568686305,0.5229451645024922,0.9863481228668942,success,
PAT_96_150_743.png,0.6654039070660676,0.6272181575620379,0.6035739589531556,0.035594786861954594,0.18205402515617947,0.04590900458730886,0.014022081801755923,0.15932682959223127,0.015769784104226744,0.006332309758674784,0.1735846444553027,0.001417932363415253,0.7903879901479582,0.5971858215830173,0.7669172932330827,success,
PAT_756_1496_480.png,0.6231412368634145,0.8326819569575815,0.17661866613425176,0.006563123710349918,0.05645884231197986,0.01994970795037566,0.0028311441260715988,0.044424953447871215,0.017567455267824536,0.00034830188536021626,0.011917357498938519,0.003243900267619698,0.8211623388093976,0.6702319086694127,0.953125,success,
PAT_745_1406_409.png,0.6382108113509558,0.5859637309902144,0.652630397656881,0.011948243883168425,0.09312080419353128,0.09563033356684222,0.011040442535110842,0.08505692476586255,0.09088021549963103,0.005408231884963597,0.003556777266176092,0.015711719373321942,0.8267985073888413,0.7572678225036269,1.0,success,
PAT_1350_1230_925.png,0.6972716738561809,0.3645157115931021,0.48197991391678624,0.045891955466864844,0.0989528711045847,0.06736222734349002,0.04605140555918527,0.09444870570300437,0.05515608840932027,0.05427432734458719,0.16201578846650697,0.08394056823320922,0.6782994371730104,0.7588768136071159,0.9363057324840764,success,
PAT_309_663_812.png,0.67695437746876,0.6608402487110512,0.43699388446645526,0.011212615961077336,0.1890836901258294,0.12061776475241778,0.0068130084111993955,0.16186291774038836,0.11060481335721722,0.0008053701452620348,0.14230391882085647,0.07822528387223915,0.8695173515761727,0.7781966709095951,0.9963768115942029,success,
PAT_104_1754_276.png,0.7130600653309896,0.12422042731945086,0.689497306804199,0.23116809548134434,0.07220199235584361,0.07102537603992597,0.19205800610817186,0.07152935776872311,0.06501894782697959,0.05807930390749413,0.06448100156751245,0.03444583109387822,0.9039571948201717,0.8643019082959277,0.9977777777777778,success,
PAT_797_1511_805.png,0.6698665363464629,0.3306992094473666,0.49870825203534036,0.05831772144415736,0.12949388180282884,0.09050605587182171,0.04296222907800386,0.12701633055749487,0.09722098948681279,0.0026920283189787774,0.08915878974907601,0.04949165282827589,0.38637887044549474,0.3787408795632504,0.730185497470489,success,
PAT_928_1764_426.png,0.6292822777550594,0.4453634251422043,0.8591330105886773,0.004900683804805609,0.07244241094268539,0.027545143161981187,0.0041403724611725635,0.07318990474617007,0.025668090358051083,0.001378518013644244,0.01817368272964981,0.004120202887975544,0.8007875675159428,0.7992605668364273,0.912,success,
PAT_397_797_638.png,0.7239649684007573,0.1918591620864738,0.6549874361808726,0.0625699722430186,0.028009745451784855,0.04763797338064522,0.06621041353520685,0.023276324258391688,0.04510876578838008,0.10436957804391779,0.01174099004733703,0.01810156449909983,0.6478037930557838,0.5738453289878677,0.9863945578231292,success,
PAT_1405_1395_96.png,0.6384142851525331,0.4305284652660165,0.4685579851120583,0.008333515813472565,0.02950854707249262,0.03862757031373587,0.007802133603974158,0.0254479546338723,0.03660127644281418,0.007906303943855717,0.050688303987306726,0.019644509267986665,0.7915468933249312,0.8381722429236067,1.0,success,
PAT_506_957_377.png,0.6870041467299929,0.21288853776970681,0.7574589963953404,0.05272617425030755,0.07613433875999784,0.10649625264167555,0.045393922942131744,0.0658321810991245,0.1004721080052965,0.08160783265211294,0.04387333083615921,0.043266887347812366,0.7312103656637565,0.557624313060488,0.986857825567503,success,
PAT_579_1099_837.png,0.6699908705189391,0.30566482899549063,0.871632711269004,0.013509845912523537,0.07719598029248914,0.06815883991192245,0.009542375480504595,0.05762932056032764,0.039971974795191614,0.009189355686536437,0.020384778946526294,0.004462252566107772,0.8493222880391229,0.8607635560517012,1.0,success,
PAT_1570_2472_418.png,0.7084644666431807,0.05315062018157221,0.6099408341890372,0.12104779638366973,0.0320872375329088,0.08992878664970456,0.1078269553564431,0.027811581646634942,0.05228222208192352,0.2202810643591014,0.02512901515220472,0.06057262960089427,0.8303353838490162,0.7623282426193165,0.9431818181818182,success,
PAT_918_1742_456.png,0.5685172946949122,0.19612076319029,0.37398968179639813,0.07168539894755015,0.08697010750015119,0.14279634270953842,0.07730752990824562,0.07673570009453769,0.13013991526731056,0.05414653755871181,0.0037296631192016982,0.04827648262186257,0.938301242881874,0.7957785488566788,1.0,success,
PAT_1246_846_899.png,0.906470803209049,0.08084691237305579,0.5529737706308756,0.14624065375627845,0.031152594571506546,0.07873910060962795,0.04366969122472248,0.02849716129402174,0.05705848911366373,0.0037141143307759233,0.007060533870847832,0.013928913578857505,0.8568078860403093,0.721553190999576,0.954337899543379,success,
PAT_579_1100_988.png,0.6547272984586392,0.37013531893770163,0.8254672533225027,0.014921282265089953,0.10482211670220695,0.0723490128796538,0.012733902823627572,0.11110883540371072,0.07021165489577748,0.011772172600798254,0.02727740615233437,0.008209097217713457,0.6136926483309307,0.5639051755032335,0.6915708812260536,success,
PAT_993_1865_559.png,0.6151195213396753,0.48930871618720484,0.6833227075391094,0.00766337283270662,0.05363148144321527,0.05437362863101938,0.005977338358389482,0.04501248323184516,0.04459766178559595,0.013684008096537702,0.022844490378887417,0.003584188946131772,0.6160788728965706,0.7390454548857921,0.8172043010752689,success,
PAT_268_413_643.png,0.7261288023789372,0.22105190023988724,0.45252978485478246,0.19814269197667111,0.12394040230900945,0.11472510251556246,0.15621314695662378,0.10326818114699451,0.0991065179739067,0.008652656978847043,0.002979072316082937,0.08325406643479716,0.784254156255001,0.7863756878929247,0.995850622406639,success,
PAT_207_313_1.png,0.7661542472957659,0.206233827312074,0.531841020891539,0.12065960454073596,0.057915657574838304,0.07201940907963107,0.0931010879735565,0.0538805582745109,0.0665309566014688,0.035125056110834565,0.06497114548196228,0.10304046472282913,0.8833596757270221,0.8043781044067699,0.9457627118644067,success,
PAT_1374_1285_735.png,0.612726623298485,0.5739655602116697,0.6246167399859738,0.005253489614895075,0.05646341168762198,0.09223728520599936,0.0046830344622155315,0.0500631753026184,0.08858892479828766,0.004655292215812936,0.018889565316670298,0.013174629027114637,0.8507625539254153,0.8384947808659837,1.0,success,
PAT_173_268_1000.png,0.5720061280401799,0.3891346810786839,0.3483237351899225,0.029044814525856378,0.17553058412724024,0.08474718308395414,0.02652403607628721,0.1638024211243585,0.08396507974647613,0.010019639328901065,0.08171647090511025,0.17884741517306685,0.8627146885998984,0.8711481051314834,0.9954128440366973,success,
PAT_342_716_316.png,0.6380868793971799,0.34315311030072404,0.8312839756124996,0.014071157366931751,0.0824176022916224,0.04066369242392066,0.012289954638829087,0.0760064546140282,0.03497967343446828,0.010533930737787816,0.05820707414994969,0.02596982187551522,0.7998411039133261,0.8658806352442205,0.9544072948328267,success,
PAT_996_6_622.png,0.6302731215551067,0.34397577038844596,0.49411089995164575,0.014503369560362188,0.05160666725384595,0.039448034958854385,0.013313102948271038,0.050491738611400855,0.03742284460506247,0.007875920799074107,0.043730626817363394,0.03295651999422594,0.6079370148626055,0.5306244549709422,1.0,success,
PAT_651_1232_950.png,0.5769467815960853,0.12282157424400432,0.9980369387051871,0.012025696349369053,0.015013353712736531,0.001960782991641112,0.011131032750040182,0.014934937353853135,6.336270987635778e-05,0.0008933554257849449,0.007184302178602123,1.1442043868159502e-05,0.5030747065448938,0.32682974147601723,0.9759036144578314,success,
PAT_1600_2685_164.png,0.6289205240253399,0.42250260276648405,0.6102153298414981,0.020566859729988844,0.056068077487019786,0.07128255092402892,0.023100511821025516,0.049173390486201826,0.07390627326628632,0.008883071012947299,0.039665662809153956,0.0273133690571844,0.886958642661607,0.8077926023984238,0.9754601226993865,success,
PAT_1807_3481_801.png,0.7760250137611219,0.08270471482832081,0.7183549022134953,0.09565532178291133,0.025002218122554924,0.06894840813924638,0.08079249309133647,0.02415766043146372,0.05625450153445749,0.0868847922727999,0.02946451012961332,0.032208822065148746,0.7983363932821319,0.7778876354830144,0.9942196531791907,success,
PAT_960_1816_662.png,0.6409422057201135,0.21154160827859,0.5990333716033006,0.022519757061974493,0.030670521703162604,0.025107563771947613,0.022495620869299682,0.028480778943541958,0.02218962911425924,0.010711506169738054,0.03269255676812349,0.024828809063709545,0.7947950812143507,0.7945724737227642,1.0,success,
PAT_1755_3310_986.png,0.6484515487583143,0.4271437849983324,0.6527215317640037,0.009599704027597597,0.11285221572508673,0.06671423874256964,0.008898525892659805,0.11079089736551757,0.06362662349075224,0.004942581492129487,0.10506703644952231,0.00451870278364741,0.9082352676533804,0.8562178275473697,1.0,success,
PAT_1006_53_385.png,0.5986616023459406,0.5361600560456837,0.68248490921088,0.004836492867148587,0.03481323934622587,0.04654417666423154,0.0042250112206503035,0.029690413240835094,0.04069971780781625,0.002842354922851895,0.02904475556443642,0.03767179444421287,0.6322090361698709,0.5895108801596617,1.0,success,
PAT_380_773_362.png,0.652046525968293,0.33020712744826813,0.6129143248842428,0.025208618107724103,0.08692334551343539,0.039438052526847255,0.022270868261565983,0.08835517741749278,0.03804304901378556,0.026492092897339524,0.000980895870788534,0.02219160872352932,0.8930126693172173,0.855834289190821,0.988243938280676,success,
PAT_834_1574_276.png,0.618923204190397,0.4439023045446694,0.6441534577734569,0.01560974585762055,0.06374514044844723,0.06373850214273194,0.015803019033243233,0.05340738772388205,0.057212994511058046,0.007833967838492207,0.0035202753139016996,0.07586318092298727,0.7740358480394314,0.8572876056024502,1.0,success,
PAT_163_254_719.png,0.6698361553475924,0.16793875084896756,0.7916689864429802,0.03663745145494596,0.058271325081650435,0.04793140727534409,0.024523330044515557,0.052066437331102555,0.04178487876657708,0.019398651949444772,0.006770024561226634,0.012317823577625453,0.752696702838729,0.7568387477677924,0.8658536585365854,success,
PAT_265_407_421.png,0.6702462311662234,0.2832176315606646,0.6032973669162405,0.010528658443323232,0.024208186416413025,0.023145872291782808,0.008967196606286929,0.022120085998841233,0.01869288430672265,0.013455638135068506,0.00795427131460541,0.020335851076839107,0.875970144339145,0.8669434462831338,1.0,success,
PAT_674_1277_9.png,0.6707890778827058,0.11268202000516225,0.6581153153466681,0.012946322152033882,0.027010238438385226,0.0257332842194445,0.011226731626397384,0.02529699820761992,0.02409264744316846,0.012081298564071592,0.026232058815814557,0.01898561070701843,0.6773389108296212,0.6666610701702279,1.0,success,
PAT_1800_3460_206.png,0.6310041300385875,0.3631256024219057,0.5322055995257554,0.015586854526212428,0.0796664108299516,0.03693284561888803,0.016110803006011275,0.07292659063098443,0.034442825891836865,0.01630148920431596,0.019668554364879243,0.02638974761947588,0.3662860888814182,0.3157265919850166,0.7852283770651117,success,
PAT_585_1130_552.png,0.5848678751799793,0.2445776000458663,0.5163659079616252,0.036760109627055414,0.09955958151296512,0.060206554176097826,0.033178627438270734,0.09959008643365921,0.05938835500130336,0.014600760432397664,0.06446104346990136,0.0341025566408264,0.8877469273802481,0.8249841507677803,0.9939759036144579,success,
PAT_690_1309_154.png,0.6432819968516454,0.37707422340004526,0.5573869135893187,0.02113803230284624,0.06982245633652587,0.04154588703630371,0.02185856155730451,0.07042342024772222,0.03617510081461767,0.022130523685394206,0.03323223672762571,0.010818685646144743,0.9145890555293364,0.8721694290557543,1.0,success,
PAT_1577_2543_510.png,0.6282605037888568,0.4376972161253978,0.5514648332888892,0.007422738830860818,0.09595461863740291,0.08974192987401117,0.0059898617141863255,0.08250601525319418,0.08298032520581625,0.006991859106183145,0.005099587098129965,0.13327607650500073,0.8082135296603574,0.73087978934761,0.9949367088607595,success,
PAT_2034_4266_880.png,0.6113070005251097,0.6059456444103831,0.6811932579466246,0.005639662224539423,0.08062956627925946,0.05748594724872757,0.004410749173552473,0.07457089805570799,0.051317123451356667,0.0012256813598237196,0.021854837969356944,0.0053954331219339124,0.8024808037832885,0.66763876074523,0.9080459770114943,success,
PAT_505_951_710.png,0.6362924481895921,0.4629104460872436,0.7918421887467195,0.00904903225020819,0.09694429259084417,0.06085910334058681,0.0091276593771656,0.09702109159539811,0.05760893519118612,0.004119409489186805,0.025314983258882207,0.030390498271700817,0.8779734536615271,0.857950580213669,1.0,success,
PAT_1475_1651_727.png,0.629868688443846,0.18292733101728254,0.9836813188083202,0.005423716032180408,0.005564335096079005,0.00990387971319146,0.0032389615547815573,0.003323835042834829,0.009215670510564534,0.0017061458130520968,0.004128311409439395,0.007207235408547286,0.8007676220434066,0.7985399841015678,0.9836065573770492,success,
PAT_1761_3329_837.png,0.6711069816386848,0.24951730549711443,0.48720350148039687,0.02773722879342804,0.08173998363432805,0.09189652676611923,0.01883038191263935,0.07212657439173813,0.09754922057973354,0.007972440881376268,0.07515414687906949,0.13593403321619463,0.5534355219615941,0.46830754573209893,0.8959854014598541,success,
PAT_564_1079_430.png,0.6793712013088411,0.4725031854303145,0.45315366605884605,0.01513564122052311,0.10690561839925469,0.04983059414392571,0.0122494464913552,0.09963117119385563,0.044867376626258546,0.02653501691055556,0.10991754955211125,0.006454907837902812,0.5652448802353272,0.7053560078780846,0.9046898638426626,success,
PAT_747_1409_116.png,0.6344261918310002,0.3607229732676596,0.707995784953861,0.02581085609506253,0.10039606019606315,0.141095743275243,0.022226165772999535,0.08055027134710922,0.11515355076996597,0.008069566397592038,0.0458014800552099,0.04109516737613106,0.7792035706137349,0.8061959906312445,0.99375,success,
PAT_719_1361_234.png,0.6731796249935199,0.26379499263034006,0.5890857220261084,0.05518307070923221,0.09543948960699994,0.11973748545640396,0.0322175375885416,0.07858960758526597,0.11607824772909127,0.02626928290621725,0.013358184656780736,0.11231173525928284,0.7096392239350907,0.6993804579908907,0.9103362391033624,success,
PAT_2129_4680_110.png,0.6537932957829913,0.17820707081734039,0.4292654809678307,0.025658652762440927,0.08083863249043913,0.13439930666693356,0.02347984064336032,0.040221362926773536,0.10680401801072438,0.04107260853597054,0.0321980353741845,0.11008340823155449,0.6690698514698281,0.7058755096028542,0.9044943820224719,success,
PAT_950_1804_334.png,0.6618308833512447,0.623867843955527,0.6896336442766987,0.013366926241370909,0.14877231708643524,0.09739923804547936,0.011999357791745022,0.1340658765634414,0.08625264223749085,0.007550558800107786,0.1714245805447554,0.12152130823590568,0.7149224172634636,0.7299537923619545,0.9409090909090909,success,
PAT_406_808_975.png,0.6218084793702634,0.4137928314786909,0.703554984742103,0.009620268887118082,0.07534040578856195,0.06339016562238216,0.007633600602043201,0.0723068920983142,0.05814028866876571,0.010104820453073574,0.07991454896899702,0.010571994230036408,0.9484988425814104,0.8884636377929804,1.0,success,
PAT_237_362_52.png,0.6049813966355331,0.22971697898688642,0.6132953819356805,0.07782456687133676,0.12192918094816367,0.07383827529175135,0.06844524488841369,0.1059549360656705,0.062285184363410157,0.05084347422368383,0.0021961291752389533,0.026020898106780765,0.7653778434669007,0.7108088836391956,0.8979591836734694,success,
PAT_900_1711_622.png,0.6090448510210149,0.5751707839444629,0.678857255394311,0.006981917433873103,0.04672065579571439,0.07333425761467745,0.00593678229319931,0.04210372784081802,0.06924786380991951,0.0057665205943690035,0.07036353467399747,0.0917258603585176,0.8001682225820157,0.8097209363041775,1.0,success,
PAT_504_953_569.png,0.633739678483783,0.2833304496991312,0.5611500570785685,0.01985562488953224,0.0662968113337723,0.06678006165020807,0.018175601253441035,0.06387733681792576,0.0654303225914893,0.010429084481706733,0.08308460023915223,0.07992005857086715,0.7421183475331765,0.6127176983334991,0.9317697228144989,success,
PAT_593_1127_823.png,0.7444236873794146,0.2442924088886798,0.6230803028231511,0.06899561422189066,0.08930524167231958,0.048321866255379896,0.043061074576023206,0.08044902169472708,0.037267720394115175,0.04425813415802477,0.06459803928635416,0.02342434583600017,0.7743322988381265,0.7388743608214825,1.0,success,
PAT_673_1276_752.png,0.6475985586723866,0.48483294027989243,0.43135621848968214,0.009840249170409883,0.07786274647365876,0.048168527262701905,0.0068696491118288286,0.06557742990218672,0.04058421513029581,0.012591504970900837,0.017121505112825897,0.029057718563299306,0.7075833817827606,0.8075799190142201,1.0,success,
PAT_487_930_973.png,0.6457368804190969,0.3479374253916762,0.7760877391344595,0.01632434676656787,0.0971675186039851,0.11250947169844751,0.012582201093113064,0.09774777416125087,0.10076948544803273,0.021146794182103672,0.12324749261473311,0.06854480554129727,0.8755328970587757,0.761927000961619,1.0,success,
PAT_1180_651_559.png,0.6146538312054407,0.35487110016571477,0.5748224900899375,0.013745256570661238,0.07622795451882629,0.08307872630308423,0.006834260968957548,0.05510174121356129,0.03557499421479484,0.006606222581479512,0.12758348893470509,0.03828921401697183,0.9077353515433154,0.6972994469021748,0.8580786026200873,success,
PAT_931_1762_69.png,0.5808109572776392,0.2303596666089877,0.778077197109651,0.06661933078298263,0.06463105528076725,0.13530823421060248,0.07164237204799329,0.06796177682476805,0.14913729106035384,0.04464376033333042,0.03411427971845471,0.06312970287247854,0.583314208637545,0.653436430249059,0.9065934065934066,success,
PAT_678_1298_396.png,0.6853391523376596,0.17022685250962413,0.5655114595747107,0.02525138878604543,0.013725581896547196,0.0465105570725422,0.022662699615303792,0.011679203037735173,0.043704890618577366,0.008837237550280009,0.0015513960117419512,0.009984274092082357,0.5395863987155938,0.6799172751785931,0.8153241650294696,success,
PAT_810_1526_639.png,0.6598345122637619,0.27105558639828653,0.8448308052483289,0.017424658203881723,0.08053040113551904,0.056917258347779484,0.011832648348766957,0.07165561576560081,0.05293644158127199,0.006323373894415991,0.006887903157245301,0.016830437527132758,0.7043468744266038,0.6228000258176093,0.8149671052631579,success,
PAT_83_126_820.png,0.6676421087780187,0.5083888795784222,0.39250216933877063,0.05826588086639907,0.203524423405328,0.09087004401871894,0.03573995623700044,0.18591805975109768,0.0868574692817939,0.022559730280120503,0.003465658789184478,0.1261863372799042,0.8990257589156677,0.8546549750021353,1.0,success,
PAT_1220_765_464.png,0.6078522289898604,0.5722768031831321,0.6161188794576872,0.012091811624119495,0.09485803318515973,0.11606747435046998,0.01002365347893997,0.0769212776472302,0.1008567993853142,0.011385259278171134,0.06771333485151321,0.12776293923156168,0.5921822659449876,0.5165306460013142,0.8547619047619047,success,
PAT_638_3680_891.png,0.6998302284940889,0.16781131661007884,0.6323994726896675,0.06645728348473771,0.07158006894788231,0.08791388753655294,0.0622305692367345,0.06925436898170219,0.0820687341770559,0.02036148357065307,0.01577773923124673,0.019787329734917147,0.5557208812988405,0.6498696801606603,0.9384965831435079,success,
PAT_901_1716_497.png,0.6649358211370644,0.3423370573997369,0.7829555058316712,0.004316000725091754,0.024188847260006103,0.013505079572474403,0.003381682451337136,0.021933195458522618,0.010698236624508799,0.0006647591975510162,0.005645026777682971,0.001172912221905853,0.6515524273081285,0.5572219361232352,0.7628458498023716,success,
PAT_735_1391_261.png,0.6514843115705088,0.19262163932035864,0.6174994673078934,0.024316191619058715,0.052572774978049144,0.04539146390387242,0.020170996567405276,0.04900556150142341,0.03887745912496589,0.003874500216344501,0.07280924635219482,0.017906230464623363,0.8980095730265318,0.8101338029274092,0.943089430894309,success,
PAT_787_1482_328.png,0.6152498230175487,0.23299314326957776,0.4628359196439312,0.07517975707891421,0.12336004014508531,0.17963652285940135,0.05991587903708614,0.08495650579173936,0.15431633955049978,0.050559873271024874,0.043481967818660566,0.10181165475974074,0.7541650095594521,0.7322827890803331,1.0,success,
PAT_467_904_535.png,0.6019291924170385,0.4862545970325516,0.4851242911086803,0.02877794346304049,0.14646885226025405,0.05189544892741419,0.022548048230578648,0.1321978624205123,0.04423925409569705,0.03377690393387319,0.1646812810713823,0.04488538202813053,0.7668666815158243,0.7094814263127395,1.0,success,
PAT_684_1303_178.png,0.6655290991540375,0.17013785643608134,0.6139004857325451,0.06154116286097362,0.06115911107013539,0.08191452751710625,0.054967124052896034,0.053569747251192,0.06762712646540373,0.052829823190087194,0.02748756270136815,0.057496937093905576,0.7713846946096082,0.5255921235903861,0.9366602687140115,success,
PAT_822_1550_132.png,0.6583314792612114,0.39434391430425797,0.710334373652285,0.011560931224048603,0.10766638800271179,0.05582371119789893,0.008850884429369167,0.0950642170058369,0.04905757830906399,0.0033319869178238073,0.006413500575051134,0.02612258472390183,0.8774172982760098,0.6681009739378673,0.9746588693957114,success,
PAT_1296_1038_1.png,0.6501777935919771,0.25840755340092036,0.5704661252347024,0.019836523882621002,0.06962585119816753,0.044309303476708375,0.017913127588622253,0.06223685031681796,0.038338754315415474,0.011353695518642503,0.05086292360870495,0.03740016988814876,0.7539774283235323,0.6049740541110856,0.9528301886792453,success,
PAT_629_1192_362.png,0.7099422173558327,0.17755894362603966,0.6310333398446895,0.07518319084911593,0.1058405141947789,0.10444441052822598,0.05205419108946759,0.09201850409466754,0.09183406764499275,0.021784020239930316,0.04984988925113601,0.04717874480765849,0.6957388329453607,0.764907491999257,0.9863013698630136,success,
PAT_1286_1000_276.png,0.485859421855718,0.11872919581139467,0.5852497991414882,0.059248784789732736,0.050092916066993884,0.11067656550472801,0.04654189334126014,0.04324103580616407,0.08978203396282287,0.060960473355259774,0.0643983345891639,0.10564711756846379,0.8553950861282056,0.7842966442481645,0.9185733512786003,success,
PAT_1603_2704_969.png,0.6156249263390926,0.13415180372735788,0.6197142584059573,0.01763194166931539,0.0781498425977292,0.03570024109574792,0.01556397016627778,0.07458910054008512,0.032392250281407575,0.023322449857480304,0.13401649917104344,0.03555658567273967,0.9197291912576198,0.8703067474566328,1.0,success,
PAT_919_1744_451.png,0.6812484888657405,0.2487075005016898,0.6068310935139205,0.07695470436449808,0.11837716356927462,0.07130768534373223,0.046906674565903736,0.11005541481388638,0.06783083162137661,0.023435252912221767,0.08938022701648729,0.01898425444466545,0.9276684196545287,0.8697444594090384,1.0,success,
PAT_1305_1082_88.png,0.6115080154755186,0.5091236718150948,0.4479081315952824,0.010234346819851498,0.11189585291479062,0.0998793981420342,0.00870832435959421,0.10024405792055409,0.09679661516328408,0.010402153716672776,0.19695615194399524,0.16618084271977518,0.8876911964394616,0.8374093359225984,1.0,success,
PAT_625_1184_412.png,0.7423695085677707,0.19138348662925617,0.622185440880042,0.19632346033279482,0.07326928723486147,0.09535658260792645,0.16558051852773897,0.06635737172705997,0.09138945883001008,0.0730834176765389,0.05099832476071833,0.15218009128600163,0.9648784855943564,0.8853719020973744,1.0,success,
PAT_460_894_242.png,0.5997458895354247,0.2832373002676362,0.5125237681739201,0.03525932352151765,0.17103674575789143,0.18764838541574735,0.02859624150281238,0.16476896211820077,0.18492695802371042,0.015316446820450283,0.021081601357207158,0.00785317570708055,0.9121883361399711,0.8273048476366546,0.984375,success,
PAT_1534_1809_366.png,0.6830434576380272,0.2336435638661021,0.45670179311125497,0.013610773944468519,0.054936769470768344,0.06007372102456214,0.012175151107867464,0.053603660561762634,0.06058402219782995,0.00936254120545412,0.11646872221048273,0.1265661229813862,0.7407333093201137,0.6982449434342959,0.8897058823529411,success,
PAT_2099_4562_100.png,0.6152103156115768,0.5341700473292765,0.582798061753437,0.005694500276104996,0.128730844222325,0.0585566403799708,0.0051311821633891344,0.12022725010409749,0.053817362025575056,0.002507018896604999,0.031183808775746114,0.02863623984439234,0.85481833953749,0.8050869826093673,1.0,success,
PAT_352_729_947.png,0.6132436522368999,0.18743159947083315,0.38113528613042236,0.22079724346980142,0.0820281722506416,0.12132010976200433,0.1938038883997028,0.06456295935756791,0.11913754099545279,0.04594037401872176,0.00045389860869315957,0.1574747459415924,0.7469628334765998,0.6789660013229895,1.0,success,
PAT_126_190_376.png,0.6853801444087414,0.39376030735144046,0.56909535425637,0.014373676635108527,0.07168197802042704,0.04485467800386291,0.012360964015812877,0.062099126337826625,0.03608619915784027,0.01847351419641083,0.07410030049155364,0.008280238838010656,0.785766664812885,0.7264369728648276,1.0,success,
PAT_626_1187_34.png,0.654033058615197,0.4538771501930525,0.7105706531785999,0.009288124652442805,0.05066968001042836,0.08714827313459234,0.008591502254587002,0.039763748503319755,0.08531520925967283,0.014037535778829222,0.03765465233728965,0.11354819031152652,0.7025836165320876,0.5269827726377356,0.7595238095238095,success,
PAT_633_1199_745.png,0.7167422590589622,0.3678239495088837,0.6064195397161218,0.02500112642899671,0.15477037451592746,0.043049162020258644,0.022692555609449355,0.14556015323486202,0.030963397527621676,0.0022057239333491906,0.2255729561200085,0.03743062341180603,0.869466653536958,0.7864872235315552,1.0,success,
PAT_902_1718_852.png,0.619270626128892,0.6726044634439255,0.3305475458860128,0.017293517718397267,0.1758088654913986,0.15071142721860875,0.009239988932187476,0.14060879582130983,0.1574013235813441,0.015099949067597467,0.2038251752330445,0.2999380950755039,0.7689949952629713,0.6839621682066592,0.9971910112359551,success,
PAT_877_1667_118.png,0.6425280863160563,0.48556207221908637,0.5401525326645371,0.007688586633605143,0.08861985653863641,0.08921610176542805,0.005761078147053641,0.08427908277917949,0.08603888095874987,0.0010953918271773943,0.05559038088768653,0.09290425819339909,0.7284627931486011,0.7370479097229533,0.9334719334719335,success,
PAT_645_1222_860.png,0.6894563932615545,0.4261943461179829,0.43426073968014073,0.011857732271255646,0.07173594573440321,0.04622058036608748,0.010210604293275296,0.0642669086674207,0.040627323206652355,0.011861064583014209,0.03857471986372529,0.053094871108775754,0.8890839264883348,0.8297941916729153,1.0,success,
PAT_478_916_979.png,0.7051090884955726,0.13505801159797362,0.8486308357323573,0.047226170985149855,0.06352064346812347,0.031958925267104546,0.041747510851958894,0.04975703105558563,0.017025420466960307,0.0627403483774192,0.02153956484863581,0.010127718389865259,0.7221099269438875,0.6976337449605265,0.9575805184603299,success,
PAT_377_1580_429.png,0.6367974338562455,0.49869926502159473,0.6295473105515285,0.008139867372396262,0.052952136961185635,0.08741416530250432,0.006913594550693643,0.044088471805735586,0.08327531909031409,0.009967393944285557,0.04609813447928773,0.10217411675813415,0.7317801518806001,0.6015398419674263,0.8247422680412371,success,
PAT_873_1661_178.png,0.6085993375859443,0.31514200675331044,0.9650106206460193,0.01507624739627665,0.06593897016602862,0.02969468952222778,0.013338318539881206,0.06187947226465335,0.024988854380782684,0.038164837248515465,0.051325393881958115,0.0063527063197054146,0.7172550094017754,0.7845181012749544,0.9130434782608695,success,
PAT_565_1073_749.png,0.6520396684516072,0.5480816432731231,0.6522946005521747,0.007339901292596539,0.05800946907607248,0.02989775420773684,0.0064971224988758704,0.05874150760949106,0.024952286829178383,0.009494974885108023,0.06473281539632153,0.02671218806435205,0.5455761093962163,0.5818399319561989,0.7758389261744967,success,
PAT_386_784_470.png,0.6461599263483613,0.6011692925843575,0.547880896103703,0.0075162802400542544,0.09110189312736869,0.07383988750989151,0.006110550577700132,0.0852471384376574,0.07419755150720121,0.011990755216790364,0.08263624429572769,0.09055459049258396,0.9208596843105441,0.8515167254321447,1.0,success,
PAT_1393_1355_316.png,0.7382027480270688,0.2322309628455719,0.6278024021278051,0.0663725043753342,0.09596006193630637,0.09272414009485896,0.05017905605347659,0.09021595426605288,0.09336732727331162,0.01657860022854057,0.017870999740451254,0.017220712699378304,0.8246017031718129,0.8415945080931713,0.9889135254988913,success,
PAT_108_161_878.png,0.7092809186411597,0.2865924396033046,0.5981936445728328,0.16320145670676217,0.18840886736309984,0.09749562574506022,0.1551557975513037,0.1763378301587763,0.08368220221047999,0.04322271423573941,0.2082403612844787,0.07105664979633897,0.8559441075366071,0.7385872475335646,0.9644351464435147,success,
PAT_1940_3902_876.png,0.6208535979005394,0.3930187941098227,0.7328818156685394,0.0043985085898053805,0.03196682753557772,0.05740445303631528,0.002663792639441704,0.036212798609164404,0.06194555854470662,0.00713461522209913,0.09142017819286768,0.12981176372400205,0.8597364798777076,0.8356464575615568,1.0,success,
PAT_545_1029_650.png,0.6726294310043479,0.2504071726268304,0.6168174364872651,0.015472757629236545,0.09746034912997723,0.04402958054459409,0.014205879144663402,0.09088045214146352,0.038378658543271896,0.015119606214313169,0.10646888697130241,0.03132402104127885,0.8041125897091768,0.7010957006959609,1.0,success,
PAT_704_1324_359.png,0.6463355467728895,0.23586646937046565,0.5848401699270477,0.020369914516739664,0.06839579643976722,0.08179582918429655,0.018153463486937325,0.06149681198376072,0.07907312094606787,0.009075898192838376,0.02192296954758219,0.067920070325039,0.8045025779460877,0.8092158734163812,0.8857142857142857,success,
PAT_2020_4176_865.png,0.6360425849686191,0.14812939341027104,0.6181576967277742,0.11257085607438228,0.05185533365245701,0.06387466056231669,0.10452901688453817,0.05119884799664768,0.06270750460988815,0.009452409178813702,0.005151339946419531,0.029084317497544143,0.6632237131935208,0.5192230468379369,0.9633251833740831,success,
PAT_1138_520_154.png,0.6488752929446167,0.4121160848770509,0.4279311237488185,0.010614707585177973,0.08208606673785351,0.10053766992761552,0.009119878984872017,0.051511298517552345,0.08139081548429739,0.018391052569031292,0.12272741550201616,0.18465629532477112,0.8152684511395066,0.6656292572455657,1.0,success,
PAT_380_774_185.png,0.777528662836274,0.13939788304702413,0.4833795529474863,0.2945519051835629,0.11147335465729111,0.0948630765361561,0.30665134396882204,0.09651933657705705,0.07752223612122117,0.023605106874412248,0.03401372130212267,0.034035134010642676,0.881933949455509,0.7298178988389833,0.9734513274336283,success,
PAT_559_1093_774.png,0.6293093629390945,0.18082124495786736,0.5473317931604916,0.06580060315763706,0.08585516967785417,0.06249881565343925,0.033050537512905105,0.06844926963914848,0.04989532433152045,0.04595141913080707,0.01542626938231928,0.029534732582514156,0.8117260956813088,0.5194126610039064,0.9584717607973422,success,
PAT_2093_4542_192.png,0.6510549672588894,0.17319424979427417,0.8318377918554071,0.03499457253033671,0.01832390342511261,0.06038726859452687,0.03783005531686446,0.014862758403868475,0.05762069955887614,0.003488735218741902,0.007933072360424315,0.014506020446129808,0.3591612933884808,0.4536130029028397,0.6845794392523364,success,
PAT_1468_1622_219.png,0.6353248262980783,0.7984109156307526,0.4698999020636026,0.017801405904240862,0.197537116748978,0.09318824455879791,0.015304465744650147,0.17123685336732858,0.07699736130250638,0.009072505870065504,0.01775723518429906,0.03196722853433537,0.6214214174250516,0.5336280278243494,0.8974358974358975,success,
PAT_387_786_213.png,0.641705618450392,0.551588359909845,0.5912055639450395,0.013906257385615746,0.12568845401948653,0.10397509956776932,0.010957252804381304,0.12151701618267988,0.11342772336909199,0.014545522474283167,0.18703754599390293,0.05145063076832557,0.8874028164592733,0.7751840129918364,0.9777777777777777,success,
PAT_1975_3999_453.png,0.623693242944148,0.2839300404957153,0.303028739148309,0.011976538072636043,0.022265506231104522,0.03862469221725664,0.010601555047853642,0.014489498114304236,0.04428079909660848,0.019813488862146598,0.006349873476122425,0.09262836489267151,0.8549311890210431,0.7156640523887609,1.0,success,
PAT_1728_3234_404.png,0.6176714400524361,0.4947668269808778,0.7735276182322235,0.00866608482122513,0.041099745926365276,0.08626310717756099,0.007116310851240055,0.023972163593475797,0.07631209699253881,0.010920978941947527,0.025284400120988704,0.054374886604153794,0.5634226109494125,0.35032329657180206,0.9494252873563218,success,
PAT_1563_2426_436.png,0.6143451042574649,0.23529551912491722,0.6516872678603224,0.02767151488380386,0.05815509340451613,0.04825077438836687,0.023424053030160367,0.05997146534438724,0.03595025625096763,0.012975078469206695,0.10788430796210821,0.029302205597785513,0.6757832729744543,0.5228098372066988,1.0,success,
PAT_366_2448_563.png,0.7289564242800561,0.14004140058643388,0.5897879257030034,0.2225334067160637,0.06880773236672964,0.10170185623264838,0.2037733458503966,0.06386241852845355,0.08538572474868568,0.0510549704431142,0.03008710464977643,0.051198107929258496,0.7407041413841697,0.6533662053727148,0.9497206703910615,success,
PAT_711_1334_480.png,0.7727941158673963,0.2088735475615545,0.5858718151368033,0.11925069396455125,0.08489660029621744,0.08559375051872818,0.06581006081733094,0.07739111860166122,0.05688333554863115,0.11960843907410793,0.12412493202935199,0.07640670635333469,0.8618013507646434,0.7938696178674368,0.9642857142857143,success,
PAT_428_845_189.png,0.6743327238126551,0.2461251005083221,0.5828079108958867,0.13899922573292195,0.11717849751448922,0.07065107802088598,0.12026150712555356,0.0935961701382552,0.05297645187751696,0.024820119941474813,0.016810557267485426,0.025522999472585628,0.8893370185785145,0.8581315971148823,0.9981378026070763,success,
PAT_1186_681_457.png,0.5872688045526169,0.5205727270152067,0.6345085560877973,0.006705147788541477,0.09529046642280715,0.052076210028731244,0.005501996598907979,0.08763561716291567,0.04653180641729281,0.003713706066482953,0.00745632856175904,0.04299030527926295,0.755074926293037,0.7586180557398378,0.9535603715170279,success,
PAT_802_1516_510.png,0.6113781465215349,0.29984395118231943,0.5643623814908206,0.021435101094713225,0.07319981610232928,0.089103951611539,0.017084130372533802,0.05931763021021138,0.06980300941538305,0.013021068521837344,0.037291169433864846,0.02308507805575255,0.6090786954543732,0.6162296627043783,1.0,success,
PAT_2003_4107_766.png,0.6455326798404354,0.42810297598779323,0.7446756228301429,0.009208930719777346,0.056351721766179204,0.042869823555393524,0.008471023786818188,0.05023971542769236,0.03847593597607335,0.013829046775305897,0.06986940591382756,0.024249541059131463,0.7641010341563459,0.7972248724923467,1.0,success,
PAT_2116_4614_671.png,0.6905684228303108,0.22032886263182958,0.7157931355737536,0.0676172712652184,0.08562720649983839,0.05040455371734644,0.07511505474242065,0.0856209093642261,0.051513967675172044,0.01259111054332283,0.10385988931270032,0.058148324004973384,0.7176575476024896,0.7179867534231215,0.9988814317673378,success,
PAT_211_318_942.png,0.6987445776306201,0.23430432417458602,0.5973090707624826,0.02927774461217253,0.10294486678607083,0.0697993126307706,0.02723762912285644,0.09078278324425787,0.058412115772769266,0.020812527632097677,0.01821210057713285,0.0707625700150405,0.6536897967271378,0.6863595921770672,0.945054945054945,success,
PAT_316_674_318.png,0.6564684938974794,0.24459368950987984,0.6817032945928588,0.04015357692933394,0.14480100986003894,0.22694195416746304,0.04151612667147507,0.149636885139156,0.23396878276164354,0.004414594491949626,0.04356011791682754,0.062083600418811224,0.7165736775328286,0.5625522801985755,0.8613861386138614,success,
PAT_1351_1231_203.png,0.6296496858654069,0.18833835240580873,0.439279930402195,0.060674210419700454,0.07910786936615613,0.08951588482903874,0.036781206409220286,0.06482380348443034,0.0980387356304449,0.05176557179192195,0.06687985870101908,0.25928400627378406,0.7498858770537149,0.7227486208743272,1.0,success,
PAT_1113_458_387.png,0.1990815291989458,0.15437197617053705,0.4212495253819766,0.1656083642353143,0.06827737000606207,0.1805242004621205,0.15682629139928939,0.060188565554525265,0.1729286183334418,0.2604309052437515,0.051532219578244956,0.020826868070013216,0.8891510245682203,0.8615624071655942,1.0,success,
PAT_1698_3122_83.png,0.6359625179396928,0.4893034053659407,0.6889434649997289,0.006492367120245045,0.05783045150202221,0.09360184441525267,0.005466050338248994,0.05858565034997586,0.12945123706173425,0.012632033061531208,0.17526235203275797,0.33166273054347284,0.825831013618938,0.7355684629961016,0.9942857142857143,success,
PAT_2085_4506_726.png,0.6899712176315,0.10479343405844481,0.5369915257059404,0.030799810562562376,0.02214361925691889,0.06321191040394157,0.026403150554335543,0.019546939861969714,0.06261615630988318,0.030620222060915758,0.042887311652655725,0.10044643922638974,0.8424323837908817,0.8362058502015366,1.0,success,
PAT_1243_837_806.png,0.6388369471845562,0.16928882510677273,0.6039660957651511,0.037322078463720106,0.023142713383986456,0.04369750904616907,0.03260225701936267,0.019595856366919254,0.040150775328911925,0.009867322235092896,0.006059860577262044,0.015269137268872468,0.8358387693153737,0.7769655203280708,1.0,success,
PAT_688_1305_242.png,0.6393487584789901,0.36269716100510213,0.6913375050395674,0.017266776204081787,0.09585477307830624,0.05878661283004185,0.01344252577804429,0.07426833702707325,0.022003477176036595,0.013187770353974946,0.05304525529899945,0.01263418475994793,0.8778077763771164,0.8716922233829723,0.9956896551724138,success,
PAT_67_104_695.png,0.016696710272400602,0.26247331864085083,0.3708451960941958,0.35814986819446504,0.14737490300297074,0.1232447458300341,0.3825598097074325,0.12953223403770242,0.11327108108893906,0.4008550589464043,0.0864234275184487,0.09346517171951241,0.8314037568131041,0.7911643873100764,0.9863013698630136,success,
PAT_2108_4596_837.png,0.6314854387944729,0.6824904174385144,0.36512966546982145,0.006680362513617933,0.1280146977131972,0.09823001650840309,0.005530311128613722,0.11889798144822765,0.09727776503948049,0.008565599329125304,0.01615047459942165,0.05744756890313929,0.7336512495032879,0.6366428784649634,0.959114139693356,success,
PAT_471_909_353.png,0.08085164396415286,0.09459805189118005,0.4644468946378946,0.26554597151821124,0.04623286844141114,0.1420382422931499,0.2753087304242508,0.03306358788627877,0.1574805471214665,0.4435493359103303,0.013135161905069442,0.31104481425924907,0.6525622187325069,0.5136147210732903,0.9844020797227037,success,
PAT_621_3592_955.png,0.6125840385150174,0.23494432084255176,0.5050347003771629,0.023026961447271413,0.08211323117690687,0.22819463580293606,0.021286861279252046,0.07612957244080613,0.22165337208319866,0.009341607034904895,0.06811119498700399,0.17967137275994893,0.9184199105829086,0.8479252729522364,1.0,success,
PAT_1118_470_710.png,0.6023762061537,0.3377117498844802,0.6544381380831568,0.006065147615890983,0.055397639961744696,0.06282822476501713,0.0037201304521893735,0.05236868445144685,0.057820095725548644,0.00805435170423547,0.025410946990093275,0.03811949925871738,0.7450072218999853,0.7717227701666572,0.8688524590163934,success,
PAT_1286_999_846.png,0.2662616032834115,0.09377541756015485,0.3505325451818891,0.1578675281935523,0.04867921533567611,0.05410137258348302,0.16577064838328198,0.051938019221196875,0.05979328258341385,0.30568764046062014,0.15508890720768737,0.09495964465454604,0.8840209391519802,0.8110451488708778,0.9934924078091106,success,
PAT_456_888_961.png,0.7817482375490349,0.18698510667650356,0.5780598492073489,0.046504395003192985,0.05284743688384617,0.06816691474721762,0.044049456095187824,0.050032536169570846,0.052242093232035276,0.02432717047321107,0.08448219958319589,0.02418065062948549,0.7950414909053819,0.6959639378328256,0.9817708333333334,success,
PAT_316_1457_353.png,0.4781904787800262,0.16216798034549834,0.6066710429145811,0.14328898317741498,0.1010809265962904,0.12510387830397526,0.16437218966139205,0.10069905065832996,0.12418897455119735,0.37498134559191143,0.011130262932951912,0.024228856737784743,0.7902140550324908,0.6822515673053031,0.983957219251337,success,
PAT_177_274_865.png,0.7135278723060352,0.2932685438516492,0.6253212874297006,0.07468820878905265,0.09554782963301499,0.07137814493014406,0.05187438936827499,0.0912574084615067,0.06622001722888149,0.03542016313599545,0.1267092793966567,0.011733519751574106,0.8190563118671785,0.7786135754855904,0.9957805907172996,success,
PAT_330_1437_458.png,0.6547964666602198,0.31841901884671453,0.6792643064989508,0.019732058858595795,0.08144993269512706,0.08213001098910942,0.014143266713657144,0.05826826027375657,0.06366510143680487,0.025631760326269258,0.0007188478444237201,0.04248002680379315,0.763237454418668,0.6230008853486602,0.9656419529837251,success,
PAT_615_1167_722.png,0.6212213323058587,0.3250365618727748,0.42702008920404777,0.028084685191951585,0.12308202452474361,0.14021296094029995,0.012300001504453406,0.10617062529114489,0.14082893103841765,0.01747790819748845,0.02638339278853391,0.22103140738883953,0.883219051599806,0.7716538042585366,0.9539295392953929,success,
PAT_1340_1207_304.png,0.6896201462553645,0.10526776611491029,0.6118409153262273,0.11137008780727949,0.04409321574631485,0.09454864517097455,0.09357940503564671,0.0372392188209155,0.06378952793437632,0.0035720044938574664,0.04277051471983198,0.05396158596200651,0.8287176502561997,0.7766531487749585,1.0,success,
PAT_988_1858_453.png,0.7015424449163523,0.387709150818888,0.748083651469924,0.08151355549775083,0.157210298585308,0.09223092457701124,0.06524318022216667,0.15000788166775245,0.08940004495578853,0.06102973875120152,0.013482982364084739,0.09770213093718261,0.8395272962610791,0.8525502047802076,0.9887640449438202,success,
PAT_2024_4225_170.png,0.6633498428414413,0.13672784313725492,0.8489913725490196,0.011539291118009496,0.03345875748961612,0.0509222516372082,0.0073768167957314465,0.03249542996966796,0.04186402622915689,0.0061423050625903225,0.01849677835691238,0.018537165549764145,0.7416383314443185,0.8143201748682763,1.0,success,
PAT_947_1798_946.png,0.678766817636406,0.10205475685420723,0.6105879332994428,0.09418851764010032,0.04777345595965744,0.05585016325870368,0.06437709677863819,0.04250123756221715,0.03935426479514412,0.04457274122940831,0.002686577193441911,0.007290334962612888,0.6876183103842667,0.6428945724356308,0.8401305057096248,success,
PAT_782_1492_890.png,0.6345291540587495,0.3565798783679795,0.4450651529559023,0.0741682066009458,0.1587068397665011,0.12613884465824657,0.056710494008635925,0.14816793976219603,0.12161124871275898,0.07616884788329223,0.23336867604944617,0.13898630737938478,0.9014767893918902,0.8585368636818385,0.9978991596638656,success,
PAT_299_1452_1.png,0.6452186674096808,0.2825879799331292,0.6372067329390643,0.019614968377027527,0.07740685538325408,0.05854843260672275,0.01604571114093125,0.06904954505713307,0.05922355649910866,0.01740356208464367,0.039676205227308636,0.019983294378528083,0.7241430951784423,0.4375558748466495,0.9866017052375152,success,
PAT_874_1672_287.png,0.6767586946982407,0.4582586433303447,0.6809566019449423,0.01021193998030027,0.06843740974561324,0.05294703740346475,0.0081732385197675,0.05962824812047161,0.048503876150030094,0.007797519203353274,0.02129707218503263,0.002290438850491072,0.8304821831064828,0.7640140417024135,1.0,success,
PAT_351_728_683.png,0.6522786437793919,0.4778965820998123,0.9058756106534009,0.009090515166497228,0.0944532280533136,0.057950454117881106,0.008730170766462793,0.08273764764210026,0.04438068721572482,0.016362125931772515,0.07280021664164382,0.03203703277517822,0.9051924621397114,0.851567713331944,0.9915966386554622,success,
PAT_402_803_739.png,0.632482034275528,0.44921799723639516,0.8359506886570923,0.01833751915563374,0.0825686449490186,0.06677989798014212,0.01699340650169324,0.06296245358603068,0.042784259193900484,0.02542697230428672,0.009057857638263778,0.025942183052189982,0.6292634818194749,0.4906461031311504,0.827930174563591,success,
PAT_1179_641_735.png,0.5433568916864425,0.18716534870299786,0.6264913364290279,0.027727402637721034,0.06557626888652635,0.0796878719004476,0.02175524751655321,0.0626035938195283,0.0782869900493357,0.030660526033337337,0.08209652545702231,0.006824217860558979,0.8950291522562095,0.7538912680745846,0.8603351955307262,success,
PAT_282_433_934.png,0.6737670744384338,0.3167407443620152,0.6067674014685173,0.03550932880872394,0.16434023923208507,0.13129339500025636,0.02149919968733962,0.1377150632982557,0.10807431388857446,0.010887697037018758,0.14846681959503408,0.11453352036303532,0.7398917141821268,0.6004602213460565,0.972972972972973,success,
PAT_156_241_538.png,0.6440398315510832,0.1647562760061465,0.636158471313386,0.02246428684902547,0.02974121793082567,0.0345460999654376,0.0199260163008421,0.02342234597474947,0.02717657736612107,0.018733574998849416,0.00567306917685062,0.022651382779508844,0.47124463717057313,0.5802709241825068,0.92,success,
PAT_1153_555_98.png,0.713190750066479,0.32862524140656374,0.5381281085410651,0.03470600181308941,0.09232934920844396,0.03985614940624739,0.03612693792917862,0.09290648278297432,0.039171154559361605,0.1057473071704774,0.14338973962129206,0.05177388573802688,0.8572806485051014,0.8491692481860463,1.0,success,
PAT_660_1249_469.png,0.6374766435044087,0.4477715021692945,0.9023617724085797,0.024976986358786056,0.094543165939246,0.04063146661591442,0.009719796083742606,0.09064099523104135,0.03190840515361621,0.005388494765268505,0.06971538552838963,0.012590860842224716,0.9292506108601137,0.86758343829715,1.0,success,
PAT_762_1436_414.png,0.7047603825069018,0.2973019730386525,0.5095604566903734,0.04113083466105363,0.15755781453658907,0.09077221428037734,0.03855091545534207,0.14557455638012376,0.07455818017928113,0.00974227540795738,0.10696012078421399,0.044159303667572924,0.665021910078812,0.748811716431716,0.9455445544554455,success,
PAT_1373_1283_85.png,0.703315386736524,0.17453599197391523,0.696263223122206,0.03333427605484606,0.012934974231693225,0.08534890877148732,0.03339364248498583,0.00945460036658992,0.08065863775393595,0.044793439894502206,0.0006451123927035396,0.023977260130261357,0.8690882398688575,0.7865633287151063,1.0,success,
PAT_1689_3077_411.png,0.6553777567500854,0.1901452488664115,0.6261481497207605,0.044204134253102136,0.07535672917493079,0.14331146982304346,0.05056733196014848,0.07784690174115574,0.1313059069182583,0.1328163685271457,0.14933277386231078,0.20797731172427436,0.8293410124447866,0.7332909250627956,1.0,success,
PAT_669_1265_76.png,0.8275156242271551,0.1504256574183124,0.611975312865216,0.17500859419193568,0.0485424887520783,0.08015544192851859,0.13602040047666106,0.03813123186630739,0.060264436750689716,0.019735381213633867,0.024734187107522787,0.0025915953957224014,0.8565798715960357,0.8367799033267286,0.9975247524752475,success,
PAT_861_1639_823.png,0.7086039531135286,0.40243641472140096,0.6628074445551617,0.02193259154159155,0.12518444271397203,0.08118661968772171,0.020122992637745734,0.12308925127979886,0.07538925589127103,0.01176720644410886,0.16307688365542117,0.005698637382427596,0.8330093829100935,0.8272427122630226,1.0,success,
PAT_261_401_911.png,0.6854793470983472,0.18415793442883227,0.5210970369929347,0.04414496798299062,0.03406134459565707,0.057733114909712266,0.04549637010756254,0.03426595052907578,0.06205421139218116,0.033445720960066594,0.016366043912838024,0.030272728835891938,0.5675619287895586,0.3957592657715776,0.9077380952380952,success,
PAT_110_165_583.png,0.6327619456565157,0.22593567475748663,0.6062388970782779,0.061039778296143245,0.07865475895140074,0.03144345602920752,0.04179838787277681,0.071699650033827,0.026461102736246116,0.01817735599167918,0.07443812087358512,0.023065803276241748,0.8292048935984719,0.8129695276359608,1.0,success,
PAT_2017_4164_500.png,0.6358346072526808,0.45258896780860447,0.6328946094782143,0.012803796763272151,0.11952159785182552,0.07448671847180105,0.012243002590406775,0.12277352419496508,0.06916991633024194,0.015463462312085991,0.21908029334417903,0.06173410164490878,0.8408951648974585,0.7430421287253026,1.0,success,
PAT_197_301_449.png,0.6377457571956962,0.3895064489674197,0.43743072640970204,0.022962756292837873,0.11432668740192976,0.07070196552670556,0.014871979818983647,0.10160417979639409,0.05252944691014002,0.005475176554919791,0.14320194291302943,0.06393895532125804,0.7352453656533706,0.8381958101126554,0.9797979797979798,success,
PAT_486_929_274.png,0.6599398194639764,0.392791439442482,0.4310982707764098,0.018134890856166513,0.09927353341706056,0.09580959479111059,0.017821191310854644,0.10373291904006587,0.09037721008826907,0.025711506151077795,0.212340680055209,0.12625584788509775,0.6408927744672723,0.465895962856391,0.9472913616398243,success,
PAT_955_1810_892.png,0.6376105477553525,0.39490966963830554,0.5647978912554242,0.019571143713581967,0.09909820948825622,0.10888534709636234,0.01678497888715602,0.08318362115867747,0.08704109452270797,0.0001203860754278215,0.009110626051618609,0.04139276110614931,0.8928589828312277,0.8453138568851014,1.0,success,
PAT_481_923_186.png,0.6935411715947654,0.1745390430362639,0.8971935091021828,0.02820744966070224,0.01758026156388253,0.04836823302403443,0.02607724507998172,0.01374839936990928,0.047069429017694994,0.0318452749696473,0.003957185000405317,0.021467764258790933,0.7684517168228674,0.6994103510515939,0.9879032258064516,success,
PAT_938_1790_977.png,0.6663457870013377,0.16314167436546614,0.42573115087061075,0.13889536325938656,0.050871977409374755,0.16736843434564444,0.15226517347701254,0.04393121562501984,0.15953850536542322,0.03754132014520874,0.038738781666897454,0.05188145389488874,0.6241472368266174,0.6774387024900724,1.0,success,
PAT_645_1223_443.png,0.7276688914350576,0.3552337384286,0.23640127535696132,0.03770967783500006,0.14140655324097015,0.12348432362914137,0.03222219730127625,0.13757049234421911,0.1342549906377584,0.026335711749756126,0.05579589903908255,0.17896444799622707,0.7844721354445718,0.7630988298752163,0.9245283018867925,success,
PAT_86_1082_220.png,0.6589090737934573,0.2463427980026327,0.5952467161318362,0.018077442673551283,0.06883101647178934,0.0965566696973238,0.01159313314603326,0.06598153422600345,0.08772058170740507,0.029028771449080733,0.012698189110723346,0.08027410409184588,0.5394105876545054,0.357752886392226,1.0,success,
PAT_477_915_389.png,0.6836559812924585,0.15915494430836696,0.6701214550033013,0.07196737074290367,0.03649638207000369,0.07739835577454214,0.0395959263044086,0.025702469029192505,0.06596570155997852,0.021398310064001357,0.007127073714951276,0.08990154669651762,0.879935963985645,0.8418149026758294,1.0,success,
PAT_1946_3924_24.png,0.6070972033299775,0.38106914118577867,0.7695990720553331,0.005117530988414548,0.0544277131723984,0.03024272023816998,0.00437116840274874,0.05506822263983941,0.02909541779361278,0.008358786199853955,0.13119385980839837,0.05290753964209283,0.8336135186120286,0.7819214727145851,0.9710982658959537,success,
PAT_1931_3879_727.png,0.6455387428585767,0.21018662209578026,0.5908060897395894,0.025319201724170407,0.06209430193036293,0.05670641732671376,0.02008307536682461,0.05216077349448357,0.05668439924783603,0.025986313974548616,0.007559784270736503,0.061743794772523564,0.8434383955254138,0.8006745478752414,0.9601990049751243,success,
PAT_904_1736_851.png,0.6656461403743392,0.15388540462178765,0.4645163933250993,0.08179204894592476,0.042515940628345565,0.06796593307580867,0.07532465239634233,0.037073233148317515,0.06648187704320052,0.036155375726284765,0.029069948217773728,0.09479467065503966,0.9350554970823326,0.8468625718919323,0.9852941176470589,success,
PAT_32_44_211.png,0.6482654038964277,0.3550280847979706,0.8392425690454959,0.009320752553501474,0.08204211220630787,0.058794576702620914,0.008158418284060321,0.08049070280537361,0.05664089161919145,0.013151029260990536,0.027518676470769277,0.008458677207530463,0.8466866384604373,0.8356007393746705,1.0,success,
PAT_815_1536_963.png,0.6895912276492506,0.16016815374508092,1.0,0.00556746532729639,0.013245189517743203,0.0,0.0019208984827953474,0.013005532328575934,0.0,0.0027115410512992513,0.015044067210097906,0.0,0.8020802215100298,0.8014671202983116,0.9751552795031055,success,
PAT_303_652_342.png,0.6079066649051517,0.2654996450729351,0.6808343182509038,0.0610692250065954,0.12397156355433599,0.10530089996493777,0.050168904830883154,0.11736001477935672,0.10011251704909507,0.0071617472663958555,0.07911207588885466,0.03036182601979187,0.8906051440947254,0.7573538055524539,0.9591194968553459,success,
PAT_330_695_296.png,0.6196227245258167,0.14467327947882203,0.9818901067271728,0.01838339670865879,0.03930418953813587,0.02305987086751642,0.017347704583449176,0.0395444165366126,0.020211043391398203,0.013070723482472523,0.02047606232848026,0.00983389322421191,0.8332057550371654,0.8564872222898062,1.0,success,
PAT_363_746_18.png,0.674034174931427,0.16232630292013311,0.6769133920832645,0.014962579997237024,0.02911069625847334,0.02530193966320204,0.01310454812853555,0.02716373536630884,0.02197927369295018,0.004297921273127356,0.006825340471036306,0.025218089501800267,0.8059976667085867,0.7722557755543966,1.0,success,
PAT_645_4042_489.png,0.6631549128949052,0.3548212644398679,0.5302675565259319,0.019488125645182073,0.12214257306725937,0.08276305226781769,0.012037049260408491,0.10130710029611123,0.06984074963844104,0.0051977765519394675,0.04633279083141123,0.023221464068631237,0.5470041212014105,0.4349623536918966,0.925,success,
PAT_388_1590_328.png,0.6400155608712516,0.4061957137235707,0.9061110151353737,0.009638311535940433,0.05393807516200849,0.04909584381797907,0.009323197762286815,0.04267609635779461,0.02977656547584037,0.017338622407147695,0.02191278589275253,0.0002533881265001092,0.5850434117363714,0.4344575373668254,0.9211822660098522,success,
PAT_747_1410_622.png,0.6887538486999968,0.24820858154191489,0.7902890138184256,0.04456699027739263,0.08257291716899717,0.08926581520128361,0.029593826999933813,0.07386362072114337,0.07093054252914685,0.04892605576351051,0.05939930172395225,0.012271467582740336,0.8290465933760198,0.7700349605286749,0.9924242424242424,success,
PAT_983_1853_985.png,0.557509512896114,0.4232469809115699,0.47253871791542224,0.016635231668308603,0.12035135055185862,0.13057543610984604,0.014781443969995981,0.09966656306219601,0.12137989985827906,0.04720549879539699,0.12265148164771722,0.10343533654972537,0.8974808542569483,0.7564925076302736,0.9829059829059829,success,
PAT_1450_1556_114.png,0.6546191121776818,0.32801437445323056,0.6055266072008382,0.02206312667632494,0.08308815680845413,0.04520542598678648,0.01360966699487727,0.07596164225513075,0.030375933378792512,0.0025535558441816875,0.038247095772374506,0.000952625068675661,0.8357456247970603,0.7872822062866516,0.9891696750902527,success,
PAT_451_878_890.png,0.6298581337387846,0.3965023883307476,0.7802755653756519,0.0133444128094303,0.04887242438992523,0.031290706300265606,0.01364777195538146,0.041453059831522844,0.02263729805659236,0.020344710871697598,0.012709426991269979,0.015742921921994335,0.4992576238107452,0.5194710539363033,0.975103734439834,success,
PAT_691_3994_791.png,0.5187483014407468,0.18343827369169774,0.6415338449102526,0.07952199305369378,0.107155211516143,0.0949089909742517,0.07158954910925446,0.09987105618226876,0.08949801433722904,0.11539922029025805,0.003851938724406978,0.04831305706548161,0.700742976472972,0.49874938989796064,0.8654205607476636,success,
PAT_1918_3836_82.png,0.6573942585335014,0.2004019527096903,0.5747596879638437,0.021687498967980855,0.05475129416046333,0.035326451959264184,0.017575703677774477,0.051941197467774196,0.030310586683997248,0.023153608908172252,0.03975584278740488,0.011076591781550627,0.8523849115239326,0.6965019911920286,0.970703125,success,
PAT_430_848_550.png,0.6714332454045541,0.2698746524444419,0.6528082679217702,0.02484539733109096,0.07086278592565783,0.0579660680197874,0.021568143233798534,0.06326275141632476,0.04721242159941183,0.002237429379545198,0.07580231647332794,0.027580355147306057,0.7482774531179169,0.7533181073278814,0.9883720930232558,success,
PAT_1184_676_303.png,0.6423437778551991,0.21656512365929756,0.6973134621478912,0.010280416363826763,0.04168385946104612,0.044179773044794854,0.008963118361679472,0.0403923239064644,0.03877399532746189,0.015707306514024803,0.06790727289426055,0.041624351060418285,0.8557996441525503,0.81111811521215,0.9934640522875817,success,
PAT_2161_4818_501.png,0.6040644508517522,0.6476369001984007,0.4255684005255339,0.00768011685252809,0.09295817557027007,0.09141750210587413,0.005560713314854492,0.07396690249019026,0.11315853845521374,0.007465796914103685,0.13359853929025367,0.30201271435719435,0.8624975078509158,0.7374198199701436,1.0,success,
PAT_876_1666_961.png,0.7067644708949533,0.1646231346830149,0.6209052595089932,0.04226647960311829,0.025918557557578374,0.03879381699471429,0.044406620482938156,0.028393571691251326,0.035891065317628416,0.008168727657745952,0.013167710948790268,0.02145404663541639,0.8756583279234551,0.7732178114350357,0.9920477137176938,success,
PAT_1790_3427_723.png,0.6218199302447448,0.5201079322558606,0.5558413683818185,0.004923430881374237,0.045578683367558534,0.040919978159426613,0.002898819240936038,0.035956334793723496,0.032561124968797116,0.004224165616694285,0.0015922213187313794,0.018428196447688228,0.812169061141746,0.7792663979777078,0.9861495844875346,success,
PAT_1453_1566_310.png,0.6148614804690172,0.5213111755913128,0.5637991734810516,0.005790765447667171,0.0830338116192923,0.0657362375191354,0.004047545849319766,0.06887959874715029,0.06072257612996752,0.009474380689643722,0.05148459583422349,0.09433237698261687,0.7710527672562625,0.574017916790615,0.9940119760479041,success,
PAT_1176_631_36.png,0.662551371755259,0.2592777513199064,0.6490160232283042,0.004799080329040171,0.01733185670906211,0.021187430869681816,0.003980085345838623,0.016131495355886285,0.018405973065839108,0.00011403614713935263,0.011846664111502203,0.005157449755996857,0.8711187974408514,0.8518896007682845,1.0,success,
PAT_523_988_900.png,0.5985153309463713,0.4857829682650736,0.47977324507113,0.005184821403049491,0.0278733647747464,0.01948800925954193,0.002250700734069179,0.022205060591417695,0.01603307470029722,0.0021272552416186996,0.032897238137547025,0.02681478859992198,0.8575539568345323,0.8295319944067976,1.0,success,
PAT_1545_1865_519.png,0.628553106943132,0.6091214110866823,0.7611083691040617,0.007549885410689753,0.05674909591250935,0.050615227448497335,0.006272698026019258,0.04962980504709173,0.04145286530781434,0.004180983344506868,0.018817449496921324,0.009956424267355102,0.8867073745759102,0.8368842739128637,1.0,success,
PAT_637_1217_274.png,0.654419123324193,0.3205214704603811,0.6200348137601044,0.014577677069181866,0.06599706926541697,0.12508715959610897,0.012328707581407236,0.057027885894163265,0.1086078616417477,0.015985398258630015,0.07227997908464251,0.035338957980855845,0.8729376892913121,0.759542224487092,1.0,success,
PAT_887_1688_436.png,0.6533826313101141,0.35255267783427985,0.37964222044322166,0.016304259445893535,0.09327142181714218,0.05295489895527364,0.014884041750064029,0.08007065571759449,0.04795108859745887,0.02068865454267426,0.007694167736843394,0.03986603728381999,0.6806091885887244,0.3580245490367936,0.9203187250996016,success,
PAT_1469_1627_109.png,0.6321730686915822,0.4137699744029424,0.7950039584908741,0.009517687447457604,0.05486129674891475,0.042644094065570896,0.007949325650219951,0.043731684545061184,0.0280674617411589,0.012155333665150812,0.020098707784454495,0.017178310188561197,0.8280334837993599,0.694236692493595,0.8938679245283019,success,
PAT_447_873_329.png,0.6416277167937033,0.31698647373387856,0.6622546435159136,0.03260301302265049,0.07850810616029569,0.03682989630704131,0.03389781379459241,0.08369599696004672,0.03701486482276039,0.0777135051361931,0.10701932259721511,0.006979835085961561,0.7215124194329902,0.7855681711735514,0.9951219512195122,success,
PAT_1840_3612_959.png,0.6245247630609324,0.45254788144925767,0.7455339611574568,0.006175403210414844,0.022024826594629753,0.01832003356291755,0.004709023559221275,0.01600952489136083,0.013784250962593328,0.0051419515890869785,0.009745548953925764,0.008970835618497763,0.792186762500932,0.6779768378532134,1.0,success,
PAT_1587_2625_226.png,0.6653530358608266,0.2676795549048843,0.580349428451275,0.02918613216382826,0.05381584855444586,0.0890411473202309,0.026831865281308237,0.05056952324065101,0.08547009206276149,0.04390294204329111,0.08260884112031214,0.11224316414131763,0.8001707253248826,0.7970655427677458,1.0,success,
PAT_897_1710_793.png,0.6615936708827774,0.5718141302174099,0.6132709894707438,0.008980716018114183,0.05022261549172855,0.03327266067278316,0.008033813909663443,0.04837724172538271,0.03223161167444545,0.009818672198691855,0.05484078180180596,0.008989086992445938,0.7734205894283412,0.6475891046289749,0.9885321100917431,success,
PAT_931_1761_380.png,0.5973052257991383,0.35141501070634606,0.7766028832121766,0.009430918868977662,0.04031014032498977,0.051339738491394685,0.008061456026772327,0.03967512617641458,0.051464138783825546,0.0015633260210449861,0.012392990035321794,0.06539071985983802,0.9174108599034998,0.837247360944118,0.9839357429718876,success,
PAT_1937_3897_131.png,0.5433281431896668,0.23128566254401225,0.7358769893341408,0.0088001925995513,0.019293145403287037,0.02909260084523984,0.00694838105319318,0.016810336909345937,0.026317963044775315,0.0033749860557892456,0.0002651601561549921,0.0031468026697837326,0.7391823143571341,0.798426722282199,0.994413407821229,success,
PAT_691_1311_890.png,0.516378315088585,0.1838917914567126,0.6423409739794504,0.0800188015175512,0.10908056705602147,0.09823569784687178,0.06880010312953518,0.09700680376570074,0.09272782108296707,0.11129375123676478,0.00707803125645165,0.050538326844373094,0.748129032643478,0.49403445613500047,0.8403041825095057,success,
PAT_359_1596_68.png,0.5328595979887153,0.253840952826754,0.5753189339396236,0.11584731067812647,0.16212261297759992,0.08011737354411733,0.13012020259024137,0.16334766922158045,0.07385162721822049,0.19121071313679938,0.03468156954088539,0.0014241710632246773,0.8833935723593063,0.8451027190353078,1.0,success,
PAT_1528_1795_12.png,0.6284632240033639,0.49800672921003564,0.7854800789491929,0.012065098006906128,0.06331653128843523,0.048617704542151384,0.010828226922557348,0.05878331100215325,0.036547167191280254,0.014788927339185893,0.014105481564084643,0.0197166572311549,0.643508381964331,0.622491433424798,0.9901574803149606,success,
PAT_270_417_257.png,0.629676681796655,0.4624415503908085,0.36535582647109655,0.012231127031820107,0.08731346474907575,0.11530167633438144,0.010278051503655052,0.07541113057222971,0.11772333181807558,0.01261484884713416,0.029568390973351566,0.17758785674825672,0.6638415897866525,0.5186908633666397,0.9951573849878934,success,
PAT_1998_4095_438.png,0.652473905102994,0.17048056216706337,0.9943033505087228,0.010719251734180129,0.012032385069966194,0.006671586561212913,0.009656162143421335,0.010989605188311267,0.005658330247517835,0.0029045806644682494,0.00577667501566248,0.0022150228034614194,0.6306071623793996,0.7061305462669328,0.965034965034965,success,
PAT_894_1680_410.png,0.6773743060188782,0.1778424494615151,0.6334922422637573,0.01615981860505647,0.009742711152233236,0.062478715936580095,0.016287402065409854,0.00739205382100678,0.06599242862205229,0.00010904137800204063,0.0008624905624583235,0.008116215472031452,0.8759538920171597,0.8481720020002059,0.9752475247524752,success,
PAT_827_1601_859.png,0.6541417465779125,0.42925775926976406,0.567427166226686,0.006698755796765081,0.03954558553691201,0.026180274576299303,0.005916302187917912,0.03704731021278531,0.025066023706744628,0.009271737512550655,0.05506730257409387,0.026071338328729432,0.6991948189251886,0.6370927744982552,0.9742268041237113,success,
PAT_1390_1346_709.png,0.8132890152737471,0.15020215357720704,0.6726520491218935,0.27686288288606825,0.09661864644852376,0.07135350107798673,0.25914116778780655,0.09268569965399376,0.06260503939585235,0.08229423194738862,0.06382641839055986,0.04996809584857265,0.7681518624084163,0.7843027195346564,0.9239766081871345,success,
PAT_1433_1499_29.png,0.6133793652129307,0.2789204838348546,0.6052469248299479,0.026363979228470894,0.09578687149511993,0.07719225961683097,0.022944909934161335,0.09046759931197168,0.06791789683266462,0.0037147679926591414,0.06876890028883892,0.023451455032404978,0.8988845179312848,0.7936093452257397,1.0,success,
PAT_801_1518_574.png,0.6680042298341275,0.11173462152426511,0.40804279678896394,0.16959913156531506,0.0763109062425806,0.18015095285030117,0.13503581662074166,0.07128013584817372,0.17864241559031985,0.05751723445374045,0.018592248927813207,0.07953335492113656,0.5146533863499523,0.508014372740137,0.9401544401544402,success,
PAT_1777_3370_697.png,0.6373798309883276,0.23572665726474612,0.5350591337222921,0.016605500694451707,0.09441639395732578,0.0516623314773679,0.015600970156406048,0.09029480598039676,0.049679859264606455,0.030368518539101153,0.07372463111346764,0.039383506204568874,0.8609672659127328,0.7843979952224084,0.9846491228070176,success,
PAT_782_1494_418.png,0.6554401792668965,0.5625648655514025,0.546616104800958,0.008107558338001423,0.09431160668201395,0.0415175618455063,0.006742912868768663,0.08386390061908525,0.03497519399751985,0.013645567766971567,0.007225555801709471,0.001371677706188179,0.7184631369831285,0.656092589502788,0.9225352112676056,success,
PAT_236_1071_810.png,0.6283676106154936,0.5517192867559889,0.6440808084483213,0.01572463938938968,0.09858795078065333,0.13540836087227107,0.01687977199242948,0.08085523764100254,0.14264482964671116,0.02262280336731245,0.032210676666689086,0.18285191322050537,0.9117717509658427,0.7481347479175938,0.9306930693069307,success,
PAT_1550_1888_216.png,0.6036168553918541,0.4045266499352517,0.5693608828686355,0.005661206430066056,0.05132638749966931,0.03229933602290495,0.003910415591498662,0.04993896325010847,0.029966757169605097,0.00947928824810502,0.09314919058497778,0.048888807445737203,0.8427789961221295,0.7813761317223438,1.0,success,
PAT_457_889_346.png,0.6493674322197904,0.16823189267193686,0.9180462019219127,0.014241584032245297,0.01377215080593273,0.06356275626905834,0.013252870018682557,0.01337270000092704,0.06608875160825332,0.003533986748334112,0.009373737018175815,0.007142691759990938,0.9414002832205463,0.852789986576679,1.0,success,
PAT_2081_4488_57.png,0.6242203153256713,0.31725607292312374,0.5366269274604583,0.009388451236829642,0.06343920735660627,0.06792384404379607,0.01020346756078291,0.057419589186523096,0.044843091307310914,9.271912615468459e-05,0.040626966219185545,0.03418813017469757,0.6298790990532792,0.5842434017528388,0.9010356731875719,success,
PAT_1364_1246_583.png,0.5822182494809138,0.483500272641735,0.6630165356782243,0.007079672929558054,0.047814903456698823,0.03813019396941744,0.006469720409589077,0.043757910800347445,0.024880988962332214,0.014215434492446298,0.16095522392516887,0.06294765942211389,0.541578283059053,0.7094940300211956,0.922077922077922,success,
PAT_701_1321_156.png,0.07438149046520345,0.06923915024003152,0.3896138795615598,0.2760348964684673,0.04972324255759135,0.15070591537085307,0.3233133709567812,0.03785040233078321,0.10492886550532178,0.3756876907153843,0.0009329316868439547,0.15654802618723418,0.927103392717385,0.817502124616732,0.9285714285714286,success,
PAT_891_1700_180.png,0.5492912156060867,0.34518371239674767,0.7422190970370012,0.020365531213805188,0.07426266218430731,0.10938669934450687,0.0209219904837593,0.07567236366378272,0.10958183027730346,0.0482352160328012,0.08602541493142007,0.04336794265692512,0.7873792059611131,0.7917975804672084,0.9850746268656716,success,
PAT_940_1775_513.png,0.6858876943297004,0.33594710954693396,0.6471536113502044,0.020361227379657034,0.07498391535221924,0.045631716897294186,0.01815057243777956,0.06948354887406619,0.03571695438399784,0.034457277997395785,0.00938975745895726,0.0013927015504832108,0.5654102306201058,0.5266073047709794,0.9810725552050473,success,
PAT_306_1646_971.png,0.6170883298427697,0.5078137993863312,0.481226190554971,0.0076708274517623696,0.05287629279070531,0.05973204878544471,0.006982255159021228,0.04679295338011471,0.05471487689472399,0.010187737004583081,0.024269642523890633,0.02543060132942082,0.799174621776847,0.6497067653611142,1.0,success,
PAT_1705_3143_139.png,0.6632925290296646,0.2193017934902945,0.7566797057593426,0.014581122876958914,0.03792084415635747,0.0374602201444985,0.012535104075203493,0.035312402802855226,0.033536153489319646,0.006957193238014428,0.032743648219607596,0.03403842635723564,0.8533570335272801,0.840660720892215,1.0,success,
PAT_357_737_77.png,0.6712885933874781,0.16706138009780602,0.8466730926358739,0.06195540543975468,0.033558679672690966,0.07183141420305557,0.03515618370855379,0.0277289528893929,0.06534556666022424,0.0030548187563462807,0.008866323195454107,0.020979397159365365,0.853192521935916,0.8255644716686984,0.9639175257731959,success,
PAT_176_273_423.png,0.597456929832585,0.39076073849449783,0.5688144429635752,0.009123342573058595,0.07323784893421521,0.11697903113465577,0.0073662708150347275,0.06750678786921407,0.1165295263436776,0.011304340324368113,0.01895429100581869,0.01005673951211794,0.8512994315941211,0.8327541264165167,0.9966329966329966,success,
PAT_815_1535_536.png,0.6402737094984807,0.688940945818347,0.4972204002296912,0.004712094383016679,0.05741239064555508,0.05814134737146854,0.002682973568700698,0.053439449304681606,0.057574434816292645,0.0006848322284019856,0.08714608774773025,0.005869753029064506,0.8961284013317792,0.841144044487511,1.0,success,
PAT_1431_1495_931.png,0.6036514220399363,0.5920531956199038,0.5976661819850357,0.005241929140532853,0.05940641089233727,0.041392921104553254,0.004531163894413923,0.05120248082523654,0.031228678708481613,0.0031606388364187254,0.05302717075865315,0.026463101180296045,0.5072373327042191,0.4778692429624059,0.9637305699481865,success,
PAT_160_248_254.png,0.7891996637788856,0.212079841544084,0.5707451303332203,0.06311080367792267,0.04752752105030475,0.06255184101098203,0.0404694081237427,0.0413202132777555,0.06137078689982211,0.025981383450464555,0.03189951974939931,0.10689279637783444,0.7997766987035966,0.7153030507649887,0.9817073170731707,success,
PAT_211_317_649.png,0.6516000339651243,0.39635500484003566,0.4909061529491799,0.05528811590186972,0.15804746555672705,0.11282017218855986,0.041338206192423115,0.14525838289608897,0.09612794328617197,0.014065566799307306,0.10574671370579886,0.09382755237421708,0.587794071105705,0.480092363985926,0.9698996655518395,success,
PAT_906_1723_560.png,0.6501272387730724,0.30025019770876105,0.613441035224899,0.014405493675725996,0.05405868446589158,0.03781177356246917,0.011852889353694792,0.04590646461155764,0.030500245126682965,0.02501763178234763,0.05437468870366913,0.02843042392846462,0.6493107866276192,0.40901538743159727,0.9751434034416826,success,
PAT_1269_936_965.png,0.5946923181449026,0.665151003758867,0.7810314238980866,0.009374993506240898,0.10040035741545307,0.04701734572236374,0.00903047067745791,0.09569326915228009,0.039971615651700924,0.011599236946005379,0.03929527139499944,0.08246262620422384,0.8680479501943617,0.8210847039330929,1.0,success,
PAT_201_946_262.png,0.6134232501735608,0.27735985417905584,0.468955196545791,0.016100613591115465,0.07863300294672268,0.09159581479374501,0.010262940391461762,0.07294607131304742,0.08439720281464155,0.0015377021872355259,0.042577118324604424,0.024436335711904733,0.7777228584865086,0.7885992753710694,0.9035433070866141,success,
PAT_822_1551_642.png,0.6302433584211442,0.3379764908996276,0.4899174649244303,0.1590744613195383,0.1495652868832619,0.14609916850783664,0.11707332692403093,0.12938769067147932,0.12630015223755447,0.001022769915616332,0.14989510524694613,0.18485917720265138,0.799256073309403,0.7817733191184909,0.9907834101382489,success,
PAT_1229_794_274.png,0.5676143371930589,0.7505107675749413,0.8908731387879868,0.005282077068760336,0.06141978322346281,0.03332579560290859,0.004056182270522721,0.046412915815335055,0.021927305835782885,0.005567319854126396,0.021451827133347257,0.02050408671891102,0.8161436316259076,0.6686458749713916,0.8917748917748918,success,
PAT_119_181_684.png,0.6687315985477698,0.3683871645969631,0.5425122731803247,0.019952413119226863,0.11669203008418404,0.08612489693975911,0.018477224835901175,0.10438193135802691,0.07527882890050404,0.022888373575611194,0.17280313070435482,0.07362736186444463,0.6237794476508468,0.43522505911521187,1.0,success,
PAT_46_880_308.png,0.6744395381968323,0.1569187803150524,0.7151102324789084,0.03516170857483649,0.02544195026746385,0.05431270617256274,0.03407865637418883,0.0246322814282898,0.04956140814937137,0.01126023051056314,0.003324732876955727,0.010255680839130976,0.8083177246767431,0.6820406986713267,1.0,success,
PAT_896_1705_582.png,0.6601324954523178,0.6240170734960652,0.5017014805922368,0.010658387152170296,0.10864080655540741,0.10235805537529878,0.009020963133673695,0.09986267243666679,0.09387523934426902,0.008010634692792548,0.19069031682310372,0.1306744788955353,0.6803540290802246,0.5820941115229666,0.9767441860465116,success,
PAT_1017_97_577.png,0.6847122360941587,0.5107246947821739,0.6295761898189989,0.012081629958350456,0.05107922306616584,0.041361900811180546,0.010081521077080782,0.04199723464104863,0.028309917755373074,0.004906343595821817,0.000671764055947266,0.0024040884206343316,0.7879697163482502,0.8181244020875257,0.9925925925925926,success,
PAT_417_3537_45.png,0.6866498376581098,0.1505950069424153,0.45634521576301423,0.18558453394685587,0.07640318561674338,0.07800947400076065,0.16055669694809743,0.06744335148642729,0.07698848646714593,0.10365959388261324,0.02428360780648972,0.0812207529973713,0.9224385520268452,0.8591711758831669,1.0,success,
PAT_632_3700_890.png,0.7091506680441675,0.35061968685399547,0.6950734165293662,0.08820063601689439,0.06593871101532628,0.2194276694180484,0.07823166162883717,0.048981427467188275,0.19532098428514424,0.05378297923248741,0.0025032217723005568,0.12730172617595847,0.8797496294509229,0.8560558927481983,0.996969696969697,success,
PAT_530_999_696.png,0.6528642850118427,0.46392041002375134,0.7070238824809973,0.01308080773997068,0.09241231489400313,0.0843610735530566,0.005652600314686727,0.06169483449259282,0.030044082734309464,0.0008155305132445297,0.025159484474602034,0.00874929438271832,0.8144504170937592,0.8247182538829949,0.9739130434782609,success,
PAT_935_1783_687.png,0.6485846735988408,0.38881925937369916,0.7883697252155404,0.02466631994954031,0.07337043160696646,0.0633457283884415,0.01165980058874404,0.06651675452188802,0.05901699437934126,0.004250013847168788,0.03322793881822489,0.005072981162998924,0.8838376482272751,0.8248247800554965,1.0,success,
PAT_473_911_630.png,0.7220980371281018,0.17708779126186416,0.8836319852015733,0.024120795239361496,0.012008190265942057,0.0858501316061567,0.023739149220779545,0.009340106194540702,0.0838039284638092,0.0010377892761563128,0.007132793977351004,0.10247160471792371,0.696061571550963,0.4579851461496916,1.0,success,
PAT_805_1517_647.png,0.6192117584380574,0.1774760108491387,0.7419970980313937,0.02233532499154285,0.017040640976888427,0.018469288651376925,0.021856026282457853,0.0146263887604006,0.01723503266803427,0.030194438052517588,0.0004519861573583084,0.0012972821934563727,0.843649766435568,0.7641390475445707,1.0,success,
PAT_834_1574_397.png,0.5793411299861001,0.19676651969563197,0.8870006815941516,0.029453935243994145,0.04297177070794731,0.0599950169669078,0.027084754672156795,0.04185298606937831,0.058699012170155475,0.010353028414635111,0.020315204735702058,0.07022133364395144,0.8006080416161541,0.5105518846458632,0.9718004338394793,success,
PAT_151_227_63.png,0.6796650360818851,0.21765001448273008,0.7791176766154155,0.01460053394016992,0.040597139311166965,0.030031705437984373,0.01441881313851597,0.036096524969291985,0.025717158862174787,0.003131940403253787,0.03490410199520133,0.00793666744827426,0.48362435510238977,0.5093078332776831,0.8666666666666667,success,
PAT_263_403_966.png,0.627762054766481,0.5505041891476948,0.7012348554634382,0.011327802706780719,0.10014050264414073,0.0665983558946417,0.010136763300653865,0.08061559006763276,0.042318880957648096,0.025954986031610536,0.018583378448460253,0.01642939162447321,0.9210543525427264,0.889876525194208,1.0,success,
PAT_197_301_198.png,0.6379214986125292,0.3955987430698717,0.43456491136774544,0.0236270374329848,0.11516579908697662,0.07117254295039033,0.015264443524066229,0.10292332579401473,0.054493218558024484,0.006834654105726499,0.15074326279122763,0.06838522663992563,0.7546352153927511,0.8573269397215159,1.0,success,
PAT_2088_4523_400.png,0.6108330510220201,0.559370867853846,0.48987481456319437,0.009710529076007363,0.04404370521770587,0.08826813667975417,0.009256740314570506,0.03948072245727817,0.09087553031362061,0.01357721336857425,0.07824089008954449,0.16396123214732172,0.7661837650743623,0.8232030612238885,0.9890710382513661,success,
PAT_1391_1351_396.png,0.6881383159657696,0.22737539400069798,0.6010021588187299,0.06284035363065471,0.12568698845820736,0.06848724026523709,0.04200348127131741,0.11413873664853157,0.06283346356507855,0.0036724543246337915,0.07711989040241332,0.0016868992262099036,0.8591137959561554,0.8332584531409303,0.9947368421052631,success,
PAT_1615_2749_350.png,0.6364958990129262,0.1735248760619214,0.6786858254752283,0.026935634899283058,0.007789330867677831,0.083875016430008,0.026555134668937698,0.003952310281655777,0.08322590207060987,0.008255343362307283,0.0016238174050194065,0.031357581200419093,0.7126285007972775,0.7352523547718589,0.9760479041916168,success,
PAT_1385_1323_100.png,0.6627886412645166,0.3214651877953646,0.5507490882645989,0.01278209990655611,0.05071192571770166,0.08611691430731613,0.011087634075858737,0.04855494328540461,0.08636603424400861,0.0073105334771998935,0.05293136703982121,0.06252031956802684,0.8986903443159356,0.881260266246313,1.0,success,
PAT_550_1045_81.png,0.6012261451818612,0.5634331556289243,0.771687683872256,0.014836324440432038,0.14873435002422358,0.0662308384542143,0.013248107271404162,0.13432047249393897,0.05929734950005088,0.013870885647678301,0.008217872037538987,0.026681462496692454,0.9149660185768251,0.8739402156471654,1.0,success,
PAT_1535_1812_660.png,0.6252381260898049,0.30998231232425877,0.4820341140343458,0.01176106176530332,0.03998082198653753,0.05072207992809418,0.012420627923665013,0.04029183346101513,0.051880337640682325,0.02528064065581993,0.0772428584711842,0.08787493422096582,0.8631254952171907,0.8480560398881419,1.0,success,
PAT_679_1286_933.png,0.637441864579134,0.6754333760304791,0.6110861497027622,0.011377081017518664,0.12177351627744543,0.15453635238093763,0.009720986348888272,0.11411663282431023,0.1565258266194599,0.010325165610906989,0.10401746613383622,0.03313240002589146,0.5222684507559469,0.6166332671925937,0.9166666666666666,success,
PAT_2089_4529_762.png,0.6757192448214043,0.2858805773946869,0.6450495781991127,0.03131679214018636,0.08962136185589474,0.039557584178116424,0.028813243547164955,0.08077688194989316,0.033736843624671935,0.02375759900075754,0.03503741688018458,0.014376374863013797,0.8311966779419405,0.7969935239255689,1.0,success,
PAT_122_869_60.png,0.676035760544307,0.5478063674871023,0.5832009135748475,0.009411195882326069,0.09699554720920565,0.08697280731735484,0.007775884685199185,0.09769014383403302,0.08283170664742656,0.0071838134946367585,0.20180930100140865,0.11803597865133952,0.7584844776487711,0.730393760757564,0.9609375,success,
PAT_1497_1712_633.png,0.6757730404369888,0.1808493589316777,0.799195608445401,0.015812045890873223,0.016604644950410002,0.02716011388101495,0.014013950069509435,0.014990146554724136,0.0235462253617613,0.015093621893148265,0.002276475905637343,0.013346324604469939,0.8497581346059944,0.7878990040735581,1.0,success,
PAT_851_1623_815.png,0.6180863984012562,0.1377025193226739,0.9604563831550674,0.08072228402247894,0.016587911498223685,0.04525116714240421,0.08104652761417296,0.016386552100994576,0.044783777779223766,0.01903806292578641,0.002229447822435199,0.0009034993011797221,0.7541530431678216,0.8214389447310254,0.9873417721518988,success,
PAT_2026_4230_141.png,0.6265768529665869,0.5196412016960126,0.570253061203742,0.008529343656071203,0.050949656443269216,0.052770607486592125,0.007272022218315481,0.050979712047959494,0.050440347882137186,0.01086552114357507,0.06930228343731587,0.06948910607052239,0.562976616540591,0.33766504731690355,0.9966555183946488,success,
PAT_355_732_625.png,0.6242018627819766,0.582028954055105,0.7800709888708216,0.011916316726824867,0.10435965543203861,0.07876938586088213,0.01019015633095421,0.10426542206029006,0.0706988418376859,0.002560584104636534,0.06867333325004332,0.034720487637523334,0.7185543651959314,0.5661178844431529,0.9350180505415162,success,
PAT_86_131_107.png,0.716186310914072,0.1484422341272845,0.4943170615241283,0.2004285973984923,0.11099609405728356,0.13445539173005588,0.18940665912690088,0.08804190280345915,0.11169301066033618,0.12021691187433955,0.0626319918667076,0.09166293925861985,0.9469194957649396,0.8589787283909767,1.0,success,
PAT_472_910_453.png,0.7355318914509648,0.16093222389095962,0.634144679175408,0.044771787779383725,0.0553684839418959,0.04584855665572232,0.02225517427893391,0.038098156460243726,0.04142948397836071,0.043939033502943974,0.02601660261395536,0.027733285659015894,0.6979363080830434,0.542839409553347,0.9981191222570532,success,
PAT_99_153_636.png,0.6415803407470426,0.14343049281726486,0.7067730340696607,0.10915538968854852,0.04632061236308141,0.07814309073525423,0.0621737926964037,0.031963931284171646,0.056532189112354324,0.014251266727970899,0.018177150993271385,0.006793704988630744,0.7181158274643213,0.6579454962136331,0.9166666666666666,success,
PAT_678_1287_652.png,0.7137085572068725,0.3498736355326128,0.5620318267652278,0.018569547583910995,0.0770753151548179,0.049687223782204505,0.01596049812112055,0.07695509153854045,0.050719917818558335,0.02628429268083718,0.17245667505757103,0.05027925960412538,0.7382140008537312,0.7020255601316093,1.0,success,
PAT_1129_498_930.png,0.6474528214624036,0.4404690909184142,0.5805567021880597,0.012343995803575009,0.10095162693167481,0.08774633716113701,0.011565859802849614,0.09190220628224938,0.08263532907607633,0.01842245506750607,0.01897093174107145,0.04510306497639538,0.7932528994264831,0.8392319686521675,0.967741935483871,success,
PAT_158_621_68.png,0.593296724750109,0.13963545835552413,0.9959580871581968,0.05421217425068011,0.039968421824520976,0.00839472317429089,0.0523730834996382,0.0395532981100019,0.008071386394510069,0.004709644748900309,0.02918298663801247,0.02097342484049014,0.6532553288542509,0.5770354217201399,0.8822055137844611,success,
PAT_1407_1402_734.png,0.5784119754435275,0.17665154174206396,0.7903612704936666,0.015726445916715067,0.03916484467263138,0.056800449531384425,0.0142660279664999,0.038830990558696155,0.052805223239747685,0.016368787366004115,0.05950883708770366,0.044978258286614614,0.853565538638595,0.7999714923166782,0.9847328244274809,success,
PAT_1407_1402_500.png,0.606812267663978,0.33879979325633663,0.6752503923828519,0.005895316167507562,0.029353927354527222,0.04095204279427511,0.004773680997713278,0.028801996116293947,0.03858334949878598,0.002087351372958008,0.05610039351162188,0.05039200729859972,0.6672750702732333,0.7457573853564318,0.9667673716012085,success,
PAT_1861_3648_959.png,0.6140284533296918,0.23926241101046505,0.639717742991142,0.06100794351106783,0.09741090633119859,0.07125844074404977,0.045047848521063694,0.08071416216421455,0.0693190774311019,0.0036095986240823664,0.05068461123177928,0.08960576948489551,0.8080115972489506,0.833746433802026,0.9295987887963664,success,
PAT_823_1558_870.png,0.6303012460656962,0.33389196878943217,0.5637591548164534,0.013678660058461984,0.06488252361608973,0.06835623204637678,0.014153912165071916,0.05382089900234081,0.06101889686650681,0.025493613481504536,0.04346186187688594,0.07438803174059361,0.6493734287339115,0.41169019962126907,0.9136960600375235,success,
PAT_1315_1110_317.png,0.6249374278101302,0.41469010350921487,0.88400446015316,0.013963074055338871,0.031560571675962414,0.03384514420932369,0.013463628320337035,0.02994616120658219,0.03228800419658841,0.020380053369415112,0.03249445488953456,0.0033098599560621444,0.7616542551980141,0.734453155951378,0.9787234042553191,success,
PAT_89_135_11.png,0.6979584748969294,0.37985677351454006,0.5482417004141212,0.051567953764362136,0.14765673566862406,0.04597544854218184,0.047301054952854464,0.1454087450604721,0.04238125074263541,0.033734594638112646,0.12621560932443815,0.014744913855803898,0.8741384162316634,0.8310915687992233,1.0,success,
PAT_2022_4184_111.png,0.6098345606920194,0.22709914018559768,0.5191504116883041,0.03998016337535271,0.07862245223588428,0.04505819073963563,0.023162040805566334,0.06797026847173859,0.04537926025766704,0.02364609975185535,0.023082474790652674,0.06381722633085996,0.4554570352836802,0.6319119973512013,1.0,success,
PAT_598_1137_888.png,0.6521659734886789,0.45185505448213975,0.5620033579109128,0.01073294144658265,0.06542504970363053,0.024863181390127758,0.010441585391076173,0.07008394390790923,0.01954192613767806,0.016568966595253285,0.05611463682822415,0.004863802179282062,0.8209301449683422,0.7979824442876222,0.9863013698630136,success,
PAT_252_383_389.png,0.599470253487058,0.691889938719207,0.8494469792604656,0.011113778006818068,0.13650715776772704,0.055752017521062,0.010823412559493411,0.1378898542532852,0.043973086093506086,0.0030798502402197255,0.20726000700490194,0.02841683805619266,0.8067466345080054,0.667071360418156,0.9219653179190751,success,
PAT_230_1007_645.png,0.6372534760703857,0.38257993641802096,0.7223536405199619,0.0252066608715905,0.09488006938931275,0.10763747307346534,0.0225349520034513,0.0901910022517941,0.10321687536404138,0.011215084755963526,0.10926502372118113,0.07268477810629725,0.7152818224320314,0.6907484546095816,1.0,success,
PAT_338_707_774.png,0.6225293745222059,0.3812883156827794,0.4742469679493901,0.012395737754402112,0.11380798263414045,0.059071229421635625,0.00813466985867581,0.11438216742078915,0.05902074592593935,0.004542589015415643,0.020917566670161813,0.05371033224247573,0.8774680729541967,0.8134278915180778,1.0,success,
PAT_1029_135_983.png,0.699090298557695,0.31602299279476176,0.7985127535382073,0.013674874512505817,0.0506393538504323,0.03928594943489647,0.013397779330985415,0.050338067937203794,0.03741230517490066,0.02345916976627775,0.0454881848661407,0.02702552716917106,0.8287044681833001,0.7597656477992806,1.0,success,
PAT_667_1264_8.png,0.691108962731978,0.2723417604427249,0.5925531487037589,0.12768661321932326,0.09571308463698917,0.07156104995524296,0.11700897415115195,0.08496834891112802,0.06301403737010186,0.05099197494257947,0.028649294929672525,0.03206778732554039,0.6769218734826625,0.5863887504302082,0.8461538461538461,success,
PAT_143_213_489.png,0.6707213346163524,0.24810788471912482,0.6183186012432501,0.04589561686406799,0.09985192481793274,0.06967069134448002,0.03375897901138698,0.08548310128948813,0.07298537018652371,0.0016657198968313006,0.01709755085584977,0.06964345550928086,0.8705541897809228,0.8477199183275664,0.9927310488058152,success,
PAT_914_1732_136.png,0.7581205826317645,0.22269648922473412,0.6690359563789449,0.06883441343787539,0.0859197368222081,0.1284000470939011,0.04523687062630247,0.08976133612124917,0.13331518794415073,0.04206690224247483,0.09133690670481975,0.10904543040151327,0.8536161714794488,0.8158890770516958,1.0,success,
PAT_1418_1449_580.png,0.6233523971685717,0.4340792433672975,0.6951304037809947,0.009649048966148627,0.08471228158320318,0.10711977562963801,0.007307717883234015,0.07324633913151374,0.09732585353109428,0.0036406627076170633,0.010691050852160766,0.04448025888000373,0.3412831670617936,0.3273230019252597,0.7560321715817694,success,
PAT_622_1185_922.png,0.7305156640040525,0.16471067879206477,0.6359996738421396,0.07156708388908528,0.057996565955512974,0.09905131950236176,0.06420954114286788,0.05214185161075554,0.0950412546825119,0.0068751879085676626,0.0049571704289556595,0.007330247395158751,0.42258838607462856,0.34850852227296697,0.9930555555555556,success,
PAT_442_863_795.png,0.6862660535518966,0.31241740100490756,0.718028252824415,0.02379004540809149,0.07108593212439848,0.05450613752895303,0.022796415769949726,0.06773122155170475,0.04173845323620234,0.01427523531425747,0.005635906848518335,0.008268454283703375,0.8872448491838566,0.8579613678078485,0.9951219512195122,success,
PAT_665_1260_16.png,0.6460485199833099,0.375482476455149,0.36646201583607985,0.02069870090418264,0.07844910552752236,0.11340808454562225,0.021762085614080516,0.08359171259536828,0.13027453984199075,0.04366632342976733,0.22339861177013426,0.2510047698533634,0.7595186609521534,0.7391671472399433,0.9835390946502057,success,
PAT_1452_1564_509.png,0.6414591715978726,0.3739772865455847,0.8026776162349826,0.00825354889070849,0.053518284260716094,0.06515092649859776,0.005822345290827569,0.039089017656729605,0.050159700920637124,0.002586741398111138,0.03531653922778971,0.03981701510269664,0.35037609237443335,0.2941403912421603,0.8494809688581315,success,
PAT_738_1397_195.png,0.646926042339487,0.7178004394146665,0.6662085976039465,0.005852427934448663,0.06686882167585449,0.055025531866017004,0.004962445581069959,0.05548852298155745,0.0465824193757466,0.0084344402549158,0.11904008420875434,0.08043303777360877,0.7710818593171533,0.6723088296284717,0.9803921568627451,success,
PAT_747_1408_965.png,0.728857411420056,0.3178788643071538,0.6480359747735052,0.03286549480757149,0.11320350280242127,0.11319313515277324,0.027754504027807127,0.09641976256084286,0.08563561866336747,0.004972606331462891,0.11617263580731765,0.030758698852858313,0.9260837633530139,0.86614982726493,1.0,success,
PAT_1514_1760_35.png,0.6666994332856817,0.25908094193917436,0.3585263589210987,0.09563585814462669,0.10733663271260495,0.08289049581217073,0.06777412283100304,0.0993118182970775,0.0826572760068323,0.059396821511813,0.0008858356540750734,0.13102046467775214,0.8534931363587211,0.803064238273114,0.9194630872483222,success,
PAT_760_1456_878.png,0.6530227318564753,0.5473320389910016,0.5274907954262797,0.01016562874599661,0.1487907025491798,0.09156450612900624,0.007687944987708453,0.1345730970036824,0.08339506382247414,0.008404946805308258,0.0086922082389298,0.005447100332066079,0.871999882351726,0.8451304512530503,1.0,success,
PAT_727_1373_718.png,0.6806179155373653,0.4590427887632175,0.6383965233805767,0.01856189175752569,0.07679065444317952,0.05558038102852759,0.013323899205427345,0.06584030871691589,0.05828950424402787,0.019930212959336932,0.06522944331191793,0.04563562168879054,0.6107546582003469,0.5936488132777245,0.9428571428571428,success,
PAT_135_202_105.png,0.6828517337276078,0.4165067368197119,0.566027533562654,0.02641696310702322,0.15278758372578993,0.14869061476326143,0.022802592875939783,0.1479731673643013,0.14725492646763938,0.009317732738193583,0.21329650656620391,0.22316620443270796,0.43399047300538085,0.485289013166288,0.9913419913419913,success,
PAT_899_1702_32.png,0.6213621008043984,0.383009939609021,0.6330580392750031,0.007452472938067098,0.029312884191320387,0.022372854004203274,0.007044927611994195,0.027760934067399337,0.018738965637822534,0.00781344963478953,0.03020424482421208,0.00013456650369103595,0.7257361423245419,0.8079220119368471,1.0,success,
PAT_2068_4424_995.png,0.6602315455689632,0.2842139610404657,0.6152509004289282,0.04157593019176984,0.120774735399781,0.06348111087380241,0.02884312843983635,0.10214451703244268,0.049911925009358815,0.029070466659431877,0.02887262945055835,0.008445219928012948,0.798494684262274,0.746047322022149,0.918854415274463,success,
PAT_330_1437_506.png,0.6750471222785257,0.31497168031270745,0.5551538227214039,0.014615212134106286,0.09110107627751514,0.06880963908245934,0.011937365823509965,0.08229568348723092,0.06423521691949993,0.006611123736427752,0.07763715104433291,0.06453974943283514,0.46278623960901494,0.4897664277075236,0.8857142857142857,success,
PAT_824_1560_801.png,0.7869069389012892,0.20006886614846214,0.5815095113246556,0.1531003957247947,0.1011255461170385,0.0865115021426937,0.1261891693018362,0.0926754765149941,0.08027199333479444,0.03409746312730388,0.016143504352727822,0.0018901963161270796,0.6130910765748099,0.580195094189187,0.9366754617414248,success,
PAT_378_769_36.png,0.6492087571569789,0.6746837886911402,0.7657236481811606,0.01981206647403311,0.17846785607930502,0.08495843852101927,0.015932241035200558,0.16481771460291977,0.0612915423821506,0.01656436384760822,0.27302647817903675,0.08320549011356859,0.7674756266371021,0.715866581608645,0.9247787610619469,success,
PAT_251_382_240.png,0.6399964219685729,0.1498997661914529,0.976445266009977,0.030450526011141343,0.020863281712484975,0.031315274115808533,0.027199284449862058,0.01772568127288908,0.026288716017038274,0.003374736320766974,0.01760162635412041,0.0071758415019763655,0.841656731572421,0.727773414511662,0.9846938775510204,success,
PAT_388_1590_169.png,0.6266321512172132,0.1718865050354836,0.6648609187322039,0.040712350200048965,0.02140471904343302,0.07187041929098649,0.036321754835743784,0.02280822911910822,0.06866686273491897,0.02828657318215196,0.025829735311229368,0.02200218617091121,0.914932233597469,0.8094851622645598,1.0,success,
PAT_159_244_102.png,0.6598412635384634,0.5386725141242005,0.5922549074647918,0.01393032348247657,0.09078191308089278,0.033874257018349306,0.012910753206448463,0.08128173620727246,0.028242425950927567,0.013046416251715067,0.11237899521040462,0.031632133316192634,0.770339546164621,0.5645618633010118,0.9652777777777778,success,
PAT_482_924_134.png,0.6442977008009494,0.17000768902741215,0.6397760797156212,0.016054142958846516,0.010284428917432748,0.053791668912163505,0.014064997882097151,0.008194324809682265,0.05271586288439865,0.0022890418836007754,0.008234571325075324,0.022849132833663743,0.821708220921935,0.763743606446902,0.9759519038076152,success,
PAT_874_1671_938.png,0.6226741712102603,0.37969099876494705,0.757167268532156,0.026815788466562365,0.09587462747153905,0.1062296033695302,0.019060049148455563,0.07168398543975472,0.08335063929622401,0.005298052771849389,0.039636314872877665,0.018363691131664472,0.5908769363486297,0.31130275459706247,0.9204737732656514,success,
PAT_1008_59_297.png,0.6048468977199993,0.21656059469615394,0.47723948625025064,0.0785063802922506,0.18165926608604518,0.09995274697247522,0.09027085424486349,0.16193983717363658,0.08996763233425292,0.03885949374555927,0.08158494989015044,0.009585482096022724,0.7780659682501181,0.6007091796425719,0.9722814498933902,success,
PAT_265_407_137.png,0.6250602814226629,0.3605731714095709,0.9484016966564734,0.048266697400196304,0.09404069638066884,0.039910619882804546,0.029073081964979614,0.08497986600388709,0.04206956158809445,0.01928554286327974,0.018963900259848454,0.0728490922468451,0.7642222528153971,0.626443977650143,0.9539007092198581,success,
PAT_1451_1560_616.png,0.6194501756015428,0.5542967845465335,0.5012143434708771,0.01572982482419597,0.12582687186635647,0.08107670439177828,0.00785806493678531,0.10833630050082112,0.06324188851764584,0.012437588684211597,0.14551674054952562,0.09160205958706702,0.9339613330394988,0.8513072306142099,1.0,success,
PAT_752_1426_714.png,0.7517627702668057,0.11725125248553116,0.5723996590338072,0.13655584240957838,0.051577723840189396,0.0639170716091567,0.07186384851814251,0.04306675351665582,0.05022098037196832,0.0647527330053017,0.015822131747258925,0.03459703864552088,0.678111839796637,0.6397109088664777,0.9759797724399494,success,
PAT_202_307_927.png,0.6795668523368601,0.1501953547463685,0.7099776059695971,0.011319223092924434,0.03428167987596228,0.04407851572595335,0.008005258392770755,0.03324471540845777,0.04194325124539856,0.0016026518396674622,0.008406148610772435,0.004175503409609926,0.8324340565586154,0.8117013545657995,1.0,success,
PAT_1313_1105_284.png,0.6102745146499541,0.3583850605910413,0.5838791903012376,0.009930176616703042,0.06306343550187334,0.05367774027637752,0.008424341407501224,0.05703108778480382,0.04584217663369192,0.0035652514368890486,0.005854755069147344,0.009253739233892722,0.7215150658823908,0.7729197834178763,0.8481012658227848,success,
PAT_609_1159_942.png,0.6476080444644285,0.5335111338172335,0.7191479238931187,0.013951969463332738,0.1763815166132043,0.11227662296916438,0.01064224606963066,0.16869963559468001,0.11088505391835182,0.014701835039291606,0.012860911967949473,0.017535926784429168,0.9446326379421817,0.8555539908244242,1.0,success,
PAT_507_954_812.png,0.6727323848474007,0.16063256343794885,0.4871971185330714,0.11690999800613003,0.09085975022055262,0.0824882879088636,0.08037760083029633,0.07896487211043535,0.06372195796494722,0.05591048370235817,0.0019142870490944097,0.020511835900258346,0.7085524878086329,0.7033858483637184,0.9049586776859504,success,
PAT_1418_1447_334.png,0.6232029773953139,0.2144219085395556,0.46680022268257565,0.05194671774625172,0.09005224247908224,0.12073757383102898,0.03353780998038553,0.08454295716419949,0.13259371993838207,0.028300603619308935,0.01904898613080258,0.2769025202537369,0.9122576089526869,0.8716848136732972,0.9928571428571429,success,
PAT_656_1246_483.png,0.1419963038800187,0.16961786440316204,0.3046037955869989,0.23853659649792966,0.08155388321078008,0.13324350414881023,0.24060350373901687,0.06754376978902826,0.13807998024164653,0.42132695183137797,0.002550317938267682,0.26131846372768586,0.8415146417355417,0.7824828941765138,0.9931972789115646,success,
PAT_264_1368_868.png,0.6491218124055769,0.4804496619821033,0.6108418188448483,0.00930060052847907,0.09587933003230609,0.05340882183487436,0.008248068950864386,0.09221560763416477,0.048888225660645365,0.010981091517284686,0.1450150870059811,0.05810962037458345,0.8131193400149026,0.77256808139109,0.9841269841269841,success,
PAT_668_1259_681.png,0.6359448859174238,0.3086160999728659,0.5449697186729601,0.013107203668010593,0.05126958667363938,0.02821267307404544,0.012575399533552101,0.04954588019143543,0.023936918712904477,0.021172892593266112,0.031148409907177654,0.000400606042564533,0.9154749476566238,0.8794878656620688,1.0,success,
PAT_186_286_109.png,0.6267109645153136,0.4321834460656509,0.7307996326283818,0.012341736793944857,0.114596660415864,0.09991005988334382,0.009380760724644381,0.10428972269069174,0.07994606083805433,0.0147579590358938,0.09592492561847382,0.023020205736913546,0.9266263028966139,0.8714117804353161,0.9885057471264368,success,
PAT_212_326_597.png,0.6243614934397372,0.2965674847663225,0.6493100354691664,0.020098404280837614,0.08005530377939163,0.06330456533760993,0.016799049606229712,0.07518901879243005,0.058873204475276546,0.005280895514466424,0.00514735160559926,0.03663382374329227,0.8697639507859206,0.7956824912253789,1.0,success,
PAT_48_74_309.png,0.6223854053653535,0.16826427912678363,0.7442101585010282,0.07283343033478472,0.03848130009604018,0.05299293675165804,0.06467327690920996,0.03515925396293075,0.04939010805220742,0.014437513487282417,0.003966264081011833,0.05746360807802253,0.8790910222343477,0.8811717605808361,1.0,success,
PAT_290_445_988.png,0.6310781112882833,0.6317992313204351,0.6271648194161386,0.010518764819184694,0.11422686528055032,0.1423350220787625,0.008392047215105143,0.08589701891551486,0.12613128812353674,0.00847692615774894,0.09983338225017979,0.14133208038661904,0.8457786371144349,0.8573441779148697,1.0,success,
PAT_751_1497_215.png,0.6724294514464914,0.3587515251702287,0.475594498042457,0.029424783000832136,0.15166344597740428,0.07809723684383327,0.016179955329949813,0.13827114270572374,0.07055715726533429,0.017375410847573866,0.0264918695763105,0.05992336203631754,0.8203231505718112,0.7752160305091682,0.9961240310077519,success,
PAT_422_837_683.png,0.7090385415083532,0.38572395841070667,0.5196651860508493,0.029646947053741782,0.08807388551055666,0.06860528801423064,0.014621354249063953,0.07886698009741702,0.055088787552275933,0.0041838889423403535,0.07108969809963012,0.020391396495582748,0.9280151108157249,0.8337049389775939,0.9285714285714286,success,
PAT_682_1292_978.png,0.6454408018512823,0.497024932715471,0.6874770107521848,0.018746109157153214,0.09117635711584554,0.08971173696296494,0.019393234591108567,0.08700119840542907,0.08613479517807042,0.03174789756545956,0.08938037323286879,0.08050643197011098,0.9161210417626849,0.8965511848931876,1.0,success,
PAT_2124_4650_575.png,0.6652434088232216,0.46605805348433765,0.7498594279606916,0.010762140852242473,0.04460136823305711,0.05873853957244652,0.010003286438406127,0.041454680739723276,0.05357677750392293,0.01614860372838278,0.010499721289860153,0.04926996558232133,0.8886928511159135,0.868209211815032,1.0,success,
PAT_1344_1222_456.png,0.6092481340258012,0.41110231987259466,0.6949304984970364,0.035721867708858,0.21194175938173127,0.07627087040868984,0.011737550042928913,0.20586507014340635,0.0726813222656696,0.00449808216145813,0.07091102808734973,0.020022097497932823,0.8935463161582105,0.8841594501180282,1.0,success,
PAT_1105_420_520.png,0.5919850337520273,0.18412001606901518,0.42646616844016044,0.027143046773474847,0.05271169058998262,0.047673180246187906,0.021737128484093232,0.04789800213701173,0.046924875956905004,0.021586858175560053,0.04852106592373473,0.07407615243451032,0.7675855187645468,0.6324764991815217,1.0,success,
PAT_516_966_57.png,0.688836964014099,0.2987327122784234,0.8390995145523854,0.01879091595556294,0.07802125168004209,0.07202672112181147,0.017185164647477144,0.07532964625699792,0.06978417948036793,0.01070743238511369,0.026994856294333458,0.03551486172333196,0.813851395480472,0.791888553220311,0.9741379310344828,success,
PAT_519_979_104.png,0.6804396068922457,0.22248597024361813,0.43922185670764835,0.10335696440854449,0.10238649959058205,0.07211132365586273,0.08311409492201004,0.08894871631710255,0.07089984689036805,0.003857843996986708,0.03301881916883764,0.10640172969330619,0.6854398870141909,0.6281038056533886,0.8515769944341373,success,
PAT_1335_1181_21.png,0.19930509588637627,0.09672050406900475,0.33984983573062144,0.19184023965893104,0.050616195966002746,0.059219458624066586,0.19852173057474878,0.044690918403124946,0.06790268991400485,0.38309781616487554,0.09634845072105715,0.1748460639411108,0.8032598546401779,0.730239291520076,0.9766536964980544,success,
PAT_1907_3801_88.png,0.6361191820781257,0.13357818546111044,0.40666911821454677,0.1716560685989853,0.08094001876514756,0.11146526835199401,0.10010887873373801,0.07266678131100213,0.11769883859740109,0.08560473428703545,0.043243778730485294,0.27057822383929897,0.8540060102433121,0.8058790199822314,1.0,success,
PAT_680_1289_585.png,0.613967853418943,0.49710013901445554,0.3435960998182119,0.012732723473321814,0.07130683374827332,0.09588171655089575,0.009067647396365109,0.05432410846937124,0.09388401776787805,0.015551307504824053,0.050865771251602354,0.19914591037169088,0.7193388212226924,0.6529392642307532,1.0,success,
PAT_639_3676_760.png,0.6329348759150046,0.43258371182170896,0.8149942690424091,0.009384748350521716,0.05122938415127234,0.05996846263312461,0.008523480696472407,0.04518815040278192,0.05142975869852565,0.012440264236556607,0.031818956462099424,0.0388608052716356,0.7700334199672774,0.7781366605700841,0.9519230769230769,success,
PAT_554_1051_301.png,0.6624689705812961,0.569716998137355,0.5197826628097614,0.005347831980770371,0.10981083936883185,0.05866527556693768,0.005023528536308885,0.10966283050115458,0.05513458192227616,0.00557379942734231,0.1841715946957045,0.0754668190968224,0.7637036807316204,0.7111364967265802,1.0,success,
PAT_123_187_164.png,0.6513470682810816,0.1606762762171824,0.9456797054434505,0.017284848624748522,0.018121633581868243,0.06277555939558568,0.01692176674050079,0.018120755872355197,0.06318787447533479,0.02875962617335893,0.003274527047942205,0.04047834346153201,0.7514521092698767,0.7041068216539674,0.979381443298969,success,
PAT_420_834_948.png,0.625000946049727,0.458719990526272,0.5707663477818354,0.012228978790547629,0.1120523795444924,0.08963163266286674,0.008935166808462161,0.09551459357858351,0.08215762255807807,0.01101040655516867,0.0031191878117298732,0.0063248911992023205,0.8840598971909073,0.8241351724343213,1.0,success,
PAT_583_1112_886.png,0.634424431838617,0.39915951347789197,0.6360564226406408,0.010431053570921852,0.11203907411189289,0.05145442662137467,0.007151392772171147,0.1078953679092822,0.047359688614308684,0.0012657824960367098,0.07492198447909443,0.04110406368893127,0.7277439096184412,0.6422875994504124,0.9959349593495935,success,
PAT_384_782_292.png,0.6550469353039231,0.26391476676323633,0.9006759877398497,0.013062215742674006,0.05011034049005554,0.05630517264718976,0.011855068980626594,0.04313123302690966,0.04376422235647057,0.008288090230807892,0.002234285479813858,0.009333816181719023,0.8585679856029638,0.8286086894466854,1.0,success,
PAT_741_1400_780.png,0.6430697219506228,0.42894712600291635,0.6758946204813998,0.015634417696002764,0.0782061187788142,0.10781858505807722,0.012721948118684337,0.06257982339418086,0.09136940180294172,0.010241561943000872,0.012351975785032887,0.08814177455612549,0.6877756772048884,0.5770678437359545,0.8459016393442623,success,
PAT_948_1800_310.png,0.6930860401120654,0.21600580232092836,0.5430834333733493,0.03668527908037153,0.0733637396069282,0.0613230735641813,0.038398041687193345,0.07504610619264168,0.0584054833043501,0.04552054302692186,0.11436683760763722,0.09196804618647558,0.5791208784264921,0.4529542347294451,0.933649289099526,success,
PAT_1278_967_599.png,0.691252604849651,0.11229606804809619,0.7396836277085603,0.07449355189434742,0.049091353857483984,0.07125170346538943,0.06989424861482321,0.047671715762731035,0.061273767767047384,0.019944412959495533,0.05511561159122155,0.0378487419104232,0.910014262715698,0.8720194255757563,1.0,success,
PAT_300_1478_445.png,0.7053046227618187,0.14077782422862645,0.5661525334170266,0.13143721380560774,0.1042529502825271,0.12271199047428707,0.07472295101008809,0.08964948229023309,0.10730769498903861,0.029267674612031096,0.022081220532189014,0.07059311390288991,0.8285475541597949,0.8119502829579652,0.9951219512195122,success,
PAT_138_206_507.png,0.6358666625651602,0.4441516312345715,0.8148414847853519,0.027490440100083946,0.1646948182416012,0.0716834433655409,0.025086093271883457,0.14256975437265246,0.04205875687044513,0.006054980796676861,0.20161928309076346,0.021619099597436242,0.793708583212877,0.6745007893719734,0.9736111111111111,success,
PAT_1441_1531_670.png,0.6176062773304947,0.28471561246702054,0.47895004465575863,0.022227739595057798,0.07224224256657326,0.03820896094109967,0.01970877842472253,0.06891719177721026,0.02923539860629773,0.003760349162813665,0.007817622672234958,0.01211349127168787,0.8049563378811594,0.8220196303332306,1.0,success,
PAT_1128_497_29.png,0.6101186587830987,0.5167378801370497,0.6970397238198248,0.006296356315591489,0.05547644024104719,0.05388771806166352,0.005271566095169323,0.038403481061225785,0.0203757875724017,0.0005501360701641841,0.03665266130286793,0.008722903942987359,0.6470173351300781,0.5399142821392444,0.8722222222222222,success,
PAT_437_857_425.png,0.6795798690607099,0.19448678690204205,0.7924525370059535,0.009741772913459951,0.043398375179989755,0.03657590842270269,0.007148258462749025,0.03855987157623058,0.03439167947230268,0.00038817866773020645,0.005044538795462183,0.019586497892468135,0.8660401776939788,0.8424702400292307,1.0,success,
PAT_520_983_221.png,0.7129105672743661,0.4073731697314313,0.4924488944513976,0.056016770625259275,0.11868780605306553,0.11043506988590308,0.024472622108378528,0.08027911415925608,0.07782601006832295,0.04465075707826034,0.025405656778132613,0.05037475778474021,0.7468955962251863,0.6973837342060656,0.9358024691358025,success,
PAT_406_809_581.png,0.6141711487987449,0.6635748797965925,0.5997113546290347,0.008234690891343974,0.10965979705832571,0.0695601126536467,0.006795780162349252,0.08877131529170884,0.04575194340858289,0.01351035775143122,0.16674629047427286,0.05351261400724483,0.727407130844832,0.6485462746267491,0.9635416666666666,success,
PAT_778_1471_911.png,0.6605422919376115,0.3516721073954824,0.9004563660249846,0.008519006247948496,0.04750006978435235,0.05346377572279558,0.006886553134040428,0.040369128209799494,0.046566466074783285,0.007319746642076552,0.017641032866451356,0.015203724215872794,0.6657153043901508,0.5399847755230464,0.9398907103825137,success,
PAT_514_968_269.png,0.6906227536182492,0.16593624528618708,0.6017003278679791,0.07433113010392968,0.0320915741020027,0.04310645747443786,0.07975138112058557,0.03039991265717619,0.036738745415238735,0.024528252909787558,0.035637950796821055,0.02440742796697093,0.7495723817783507,0.6713867552728251,0.9810366624525917,success,
PAT_1546_1872_824.png,0.832674284672628,0.1518802690158189,0.47645164345931607,0.26102995187451605,0.03085576056498575,0.08354944725415496,0.24391599608002307,0.027292541642014348,0.07792055209219789,0.010934989875666348,0.01402110019105629,0.040343615342408934,0.9148237895091837,0.8984470178514787,1.0,success,
PAT_361_1567_487.png,0.6318470315087985,0.13469793017196993,0.9857934383848093,0.02701986182808869,0.023339875247572407,0.061880443223258856,0.030827884906158422,0.023974749359112587,0.08054165891033992,0.00408459919455066,0.0027678761718668843,0.044798220276266565,0.7704346367574763,0.6385618662835965,0.9439655172413793,success,
PAT_194_298_367.png,0.6424483946334972,0.2761028091802962,0.4617963849642026,0.04501210025230103,0.12339328996809978,0.10499770945270241,0.03635814078198457,0.11541851620303006,0.104435212606347,0.025569394055175585,0.05413637293839371,0.1862640254527358,0.677933418618707,0.7076268367678236,0.9958847736625515,success,
PAT_260_400_842.png,0.6856055067402183,0.18209408623949808,0.8915337315915008,0.013058838235886858,0.009219554521789143,0.028591864654065522,0.012288881285664303,0.007073297182111398,0.02585209992066171,0.010659492317705835,0.0051952560188053,0.012763265696140613,0.743492872743737,0.804567434436314,0.9230769230769231,success,
PAT_345_719_815.png,0.5096612031484505,0.1792192395903996,0.46162871079238943,0.21740825285965484,0.09839234133291025,0.12631985885656433,0.19469641493547138,0.08974476792716958,0.12480740878728588,0.05334755424846417,0.05818546003175257,0.2093545133600614,0.9065023961979601,0.8231831188237789,1.0,success,
PAT_737_1394_936.png,0.670189979758833,0.5140131020908993,0.694853455872059,0.011719435515554509,0.07433468041091447,0.06740444475106855,0.010665361189757496,0.06177277098925991,0.05091929578334556,0.006063060734934488,0.0141919775925744,0.02105832739763569,0.7083448689784768,0.7469215909660072,1.0,success,
PAT_1451_1561_100.png,0.613759439901066,0.5809143000533896,0.5359834818223943,0.010248741677380303,0.09329308216467574,0.07355084283275515,0.00976926978980745,0.08826266816978277,0.06868527449338664,0.013698839260362423,0.14282106992979898,0.07378295760881426,0.8701192707426231,0.7933732483223379,0.9869281045751634,success,
PAT_1066_281_99.png,0.7083610127222941,0.10770281607531312,0.8069596335315649,0.10612229689402067,0.05037310670408209,0.04963304612144601,0.07179604128121182,0.04819816102470349,0.044331532714029925,0.06127988831839007,0.027735514095464875,0.01231320721910445,0.9177710437710438,0.8835999563834314,1.0,success,
PAT_612_1163_833.png,0.6816915457786467,0.33059823947315187,0.6345569615117322,0.030394476095374153,0.0914701624410596,0.0936309688885166,0.029747065882883148,0.09927322225432306,0.09206200453084704,0.027182812042212765,0.22974963191418624,0.11548104644507373,0.7261730325796395,0.503281534463538,0.9820627802690582,success,
PAT_1172_622_420.png,0.6116359215440667,0.5355975968952407,0.7961404034091573,0.00661362292122653,0.06285424604155158,0.041873318755270686,0.005503016503513834,0.049753638027525665,0.02315509797741824,0.007634313171827185,0.03451504726096688,0.01677889095435625,0.6482197170735418,0.7520721700854887,0.948509485094851,success,
PAT_63_98_127.png,0.6595766628095758,0.3049628370817498,0.8524954998656118,0.0826744502288446,0.11470509465438537,0.07225576515305354,0.03967999361777658,0.09621482951169726,0.058979662720644345,0.016287504803182962,0.09032696451146358,0.06492017790224158,0.7235134679032815,0.6274422843410552,0.9530685920577617,success,
PAT_877_1667_667.png,0.7240103766291272,0.3191436365567899,0.6746862289807564,0.04223969624186043,0.10021509555489332,0.12048960470811325,0.037751162966913755,0.08940273840977732,0.10833762733224096,0.06274894551665129,0.03174142503279409,0.06315477698684802,0.7996002410865801,0.7741756296767652,0.9101123595505618,success,
PAT_1484_1682_240.png,0.6355036455324735,0.19000934286866267,0.22063641136394918,0.24070248815852227,0.10865044136989718,0.1003185997095281,0.18356926282054048,0.0866694704325817,0.10549906552401732,0.07287523829542954,0.016004794812881196,0.2156667120359484,0.8843601279123511,0.7208991009034433,0.9805194805194806,success,
PAT_945_1796_583.png,0.6341562850631656,0.25578122931402125,0.7053895160995012,0.013944093816944935,0.10322729976124503,0.053932262433472385,0.011219415236118484,0.0945019451305646,0.048102210323829955,0.0014921716648683989,0.08255499215903506,0.02809197469407998,0.8284422438391066,0.7878173039394684,0.9242053789731052,success,
PAT_240_366_768.png,0.6313765616033994,0.3827210190380347,0.7998472852151562,0.012992242497650741,0.10579098178923252,0.04201449118170415,0.011506886033201663,0.09680984680941629,0.03721344615809736,0.02580145702497134,0.033803356212372404,0.02905291820568412,0.8516093442753159,0.8237871800031966,1.0,success,
PAT_1100_402_375.png,0.64935250566602,0.12777559918540776,0.5285932417915091,0.0695483129854718,0.054862597612831354,0.062370059112294804,0.024477301186829073,0.05007420229024931,0.0583869017501003,0.03060686771925908,0.03635492091694861,0.04874298012720224,0.8124633589411523,0.8051260970448033,1.0,success,
PAT_1844_3618_373.png,0.5601964565996861,0.2273738108793931,0.5299738201799532,0.02101154733761794,0.049872729343766256,0.08312634634615627,0.022103080347200665,0.043286720715687906,0.07897002281077203,0.023281774981339175,0.014324793622046611,0.03272473802539555,0.9291290005756564,0.8762623598787082,1.0,success,
PAT_536_3227_442.png,0.7283530724685386,0.06885728386065483,0.5957884960119577,0.2153455898974095,0.02359192874426397,0.03180226410399132,0.18222857195967535,0.02097804754504187,0.02710410808966841,0.12473135794569225,0.0035326898661639933,0.006863612300418209,0.7922515701412151,0.8207876099075507,1.0,success,
PAT_1960_3957_864.png,0.6108538309358047,0.577573881641978,0.3730443094770519,0.008810100506820502,0.09384321175445673,0.10031718379097693,0.0059314192596131195,0.06976781375694198,0.09647139319904532,0.012043394930645235,0.05772111491251042,0.21162459011125312,0.7637247388434214,0.7189298568927897,0.9802955665024631,success,
PAT_300_647_501.png,0.6261413950332887,0.4425504463648769,0.7326116101843025,0.015617204468754874,0.13800478094655924,0.06447379525101075,0.013856834878730885,0.12918704457985017,0.0637149492604074,0.01126221640786969,0.0873335197040021,0.018232185705508108,0.7364681041263856,0.634124291654218,1.0,success,
PAT_242_369_337.png,0.6736529032660367,0.47980196136655195,0.818479077268837,0.011728711065671511,0.07703329067086558,0.07261201272995509,0.009989756373095892,0.06582214032519017,0.062821415687767,0.016785260313307442,0.024436862297575357,0.002099017859295116,0.8667266054838363,0.8243311143548343,0.9747899159663865,success,
PAT_780_1473_791.png,0.694977121550838,0.101562460808911,0.6712737718855166,0.25576975981684663,0.0652556450117064,0.08378902447646111,0.2572093691364812,0.06258611495771023,0.08279563660587591,0.025960272088343176,0.009154571528831978,0.03953749794289618,0.8698492811686896,0.7676297104375097,0.9933333333333333,success,
PAT_58_91_143.png,0.6997140390697187,0.34471831753296284,0.5759945900557019,0.014622043811759857,0.09172309461948423,0.07345258783170736,0.013376941915081157,0.08633129635082917,0.06711931829985077,0.009382778679097549,0.10633845078121965,0.01752407217318852,0.8612054099830859,0.8595055820402931,0.990521327014218,success,
PAT_320_681_724.png,0.6078856493791239,0.6660443185853941,0.4573149731770687,0.02765994167988494,0.1534923870274767,0.1596949207204326,0.011413951266224534,0.11624378063753589,0.14476546327555634,0.010093331590393006,0.1398259755367518,0.18674754160840457,0.828498854475243,0.7002297613477713,1.0,success,
PAT_368_1652_525.png,0.6563637043982322,0.3743552235481592,0.7245687336578016,0.01174147124403912,0.09841225834105644,0.07571594176234384,0.008759918734764931,0.08899681129141009,0.06718582639315565,0.00484773158347025,0.05123989608630569,0.03067875042517232,0.7813542074531011,0.707087695843895,0.9592592592592593,success,
PAT_152_230_707.png,0.6511026578725944,0.5315637540729313,0.5173868561749725,0.025905132830905987,0.11430251485324934,0.09042725042820013,0.006920262984081059,0.09698004813657425,0.07132944629803739,0.0037969132023016683,0.05832732408746327,0.04752191981626741,0.8757181752150807,0.8675058172590906,1.0,success,
PAT_108_161_575.png,0.608724596371501,0.30372182490167426,0.6107617291890808,0.07362061204065094,0.14443991362927813,0.09125377312623689,0.06679185398952159,0.1235194687887374,0.08892373183071417,0.006316491850445279,0.10320573157488339,0.016135086758329642,0.8461006891236734,0.7864231970102897,1.0,success,
PAT_1754_3308_783.png,0.6120406857381564,0.21395082056526496,0.6091780518027591,0.005388469653093615,0.0339181973424401,0.020403449407180724,0.004120123342738612,0.03418780642234084,0.019614838257444055,0.0007327261106529667,0.047435771082929346,0.017069521337764404,0.6146109703230634,0.2335657704137913,0.9491071428571428,success,
PAT_1071_314_500.png,0.6496762672738082,0.1765793935231882,0.8424720475567096,0.01872317745873205,0.010385316226377058,0.05993614485906299,0.01702994355662188,0.008101682048136738,0.06133546062315095,0.011695430354870634,0.002005067776263164,0.008482762262380317,0.49121441700802354,0.4188658218543731,0.9954954954954955,success,
PAT_573_1090_660.png,0.632526348562049,0.2666480415146067,0.5421939961549582,0.012101195350572143,0.047677734637679936,0.022216829164634536,0.01192500952805715,0.048676903025560284,0.018942720971168135,0.019606185526087217,0.05791260008259075,0.011791007843574564,0.7193375461568879,0.6999211515058507,0.8338658146964856,success,
PAT_753_1427_496.png,0.6199300557487119,0.3258763716976925,0.40268915926451193,0.01678818581582388,0.08231307389273637,0.038985870035015184,0.01364192524812086,0.07815805471754192,0.034243737555012345,0.006542065366751931,0.05327868229614846,0.03747939031479852,0.815350862467884,0.7062351525961966,0.9657794676806084,success,
PAT_988_1858_944.png,0.6476589764625662,0.5779469092210439,0.7069332172615347,0.013191519732474278,0.1492536989295161,0.07009492928732042,0.012726793028274144,0.1326094165248794,0.06874324941325038,0.018822182581328187,0.0031463359323308238,0.026234142053814136,0.8303646426054866,0.7560748582099115,0.9372294372294372,success,
PAT_1624_2807_679.png,0.6731497380461655,0.25125802741442466,0.5569016516476806,0.03683133421947647,0.09431381876657632,0.05091796926372265,0.03530418118157904,0.08822941193963098,0.04773522084094662,0.05337336670908594,0.001203601073799021,0.011106265967408824,0.8668753323578559,0.8131889747105238,0.986046511627907,success,
PAT_1264_907_674.png,0.6090099805981043,0.3052443203365712,0.5088633760230016,0.009357948834504533,0.07198677024486941,0.04310283661591654,0.009191453649192256,0.07350296461855531,0.04194261531214368,0.032828253153003965,0.1559979826663154,0.0850644562540851,0.8853855080736579,0.8622986877981361,1.0,success,
PAT_1882_3718_982.png,0.5345361011031127,0.19507808750434433,0.4483673615746589,0.03339711190304037,0.06257684780563028,0.04894451020769211,0.029169407952527312,0.0592515310703519,0.05000342374682675,0.03984214040484725,0.04188482144741934,0.1307092027593914,0.8815449453223176,0.8649354938846912,1.0,success,
PAT_1300_1056_532.png,0.6731421966457732,0.2509363414067011,0.6535528985919538,0.03552045638351708,0.07357029842407466,0.07711176654365802,0.026223415831970152,0.07127826347177989,0.07960269096364249,0.004913413054199999,0.05168106675196066,0.012739763200521614,0.5759545957568368,0.4971676843203708,1.0,success,
PAT_897_1704_988.png,0.598045418063183,0.16709845290864558,0.6425777050961512,0.022560782634805692,0.012170106267320947,0.09694012995400235,0.02336139882287758,0.010450208489687493,0.10051432831004277,0.005606538961043681,0.004722442767482821,0.038774593412498226,0.5077300303943189,0.41998329565846554,0.8446969696969697,success,
PAT_72_110_944.png,0.6093205589158258,0.16855883815617664,0.675948545700662,0.018554530638085598,0.010952473013263462,0.014827624810817437,0.017402735096274713,0.00863298426439945,0.014253993254822996,0.06320973543956178,0.03136046867181233,0.015323415527196627,0.714645487962227,0.6227137627925318,0.9478260869565217,success,
PAT_1396_1360_4.png,0.5759685643795039,0.36056972068331195,0.6126255021576535,0.012753294542703733,0.0655429967653632,0.07414392628866814,0.010809289441189454,0.06183400625290312,0.06364489420111132,0.007749349115649156,0.0836513271108057,0.01913466284584786,0.9055214360381787,0.8866238264824442,1.0,success,
PAT_321_682_236.png,0.5956234875311723,0.3748517033322961,0.43085275231961234,0.044754394832535745,0.15882828353432202,0.07217574315333906,0.03658470342186727,0.14178923136288824,0.06675566679992849,0.03878013819503686,0.07351214171968545,0.058887441752285774,0.8990042454779152,0.8728910758323531,0.9739130434782609,success,
PAT_1259_892_793.png,0.638813517947851,0.1743333938392413,0.7247273501634052,0.020927006267756013,0.02130611162105406,0.0363924899503404,0.022372459514670914,0.02261630299732428,0.03373278205026379,0.0006455217118602579,0.01904547221898026,0.013390944633451252,0.6919272947739679,0.7023558048927869,0.9104477611940298,success,
PAT_200_304_139.png,0.6020038555745363,0.6395485050524956,0.3511647875230494,0.012518924338620027,0.1311030780103259,0.07801395311758999,0.008743790844761167,0.10643894683368321,0.06497872036172542,0.002299577772316989,0.007690075492324366,0.08985055304485251,0.809163547135195,0.5494210294962799,1.0,success,
PAT_601_1147_889.png,0.6285467977652519,0.483725675425856,0.588600850531555,0.013173718342249664,0.10090276344642594,0.07660236804282951,0.008561079930315754,0.07780998719458647,0.058592009795976466,0.005470039823122382,0.004104779829827321,0.06372709959698863,0.7481460433780196,0.27629200221442823,1.0,success,
PAT_1950_3932_655.png,0.6448231296901467,0.1748144217300893,0.7205037335050108,0.02188038937618372,0.012362157856888803,0.06779112348009875,0.011854921197279582,0.0073748266777427405,0.06708344811264046,0.00044008935986307544,0.0024582470222442032,0.0005384087890005773,0.8559616259237515,0.7411850761317437,0.777292576419214,success,
PAT_934_1777_423.png,0.6521729953333983,0.1800159212943141,0.6293949908160636,0.018432958653899677,0.015254024741148278,0.033529331750056644,0.015550941935039865,0.01550435981772325,0.03018185179733723,0.004824367964391977,0.010362290083053366,0.006046901179016406,0.5407710915945422,0.5259340933869963,0.9100449775112444,success,
PAT_898_1706_496.png,0.6461082298275659,0.5547564860058656,0.6187097477906094,0.008406276760087225,0.08828522855370335,0.10680784113597452,0.007372788970261681,0.09761117111428115,0.10983651236463536,0.005809562278073028,0.23978965645496064,0.19326485556490092,0.7590273180634626,0.48766483433641067,0.7487179487179487,success,
PAT_1631_2837_667.png,0.656732195598926,0.30026453882588783,0.8078430062302235,0.01446324572971197,0.046633419717459074,0.03576102211745734,0.01400158746059929,0.04518272394184631,0.028340770114993453,0.022059741821946942,0.05627798228441755,0.027987994653893122,0.42415018584006475,0.42403977120490177,0.9015873015873016,success,
PAT_1267_912_371.png,0.5901153414025987,0.180891827137091,0.9399062586420031,0.014016670270599798,0.015349203911208923,0.02033046581205684,0.012450535454578403,0.012929165826917804,0.019254610018936174,0.004784000270064818,0.0008751520162546822,0.01114973516993345,0.9028472956569122,0.8430680045140639,1.0,success,
PAT_616_1169_3.png,0.5889994773147958,0.39579643478186377,0.26625919358569117,0.01278738049723486,0.08030637109790997,0.05712925092913134,0.007248887669555493,0.0711867238661406,0.0583168004366542,0.0011754332662853527,0.08119144924508503,0.18279589380965888,0.9036984773263281,0.8743250093599765,1.0,success,
PAT_1582_2574_905.png,0.6351821107815292,0.30057956367402194,0.35864073914643807,0.018757730902426387,0.10488251245817297,0.10062754411194191,0.014985066571553293,0.09665279254986127,0.1049745418702098,0.0020355349212776573,0.06417348531189543,0.29845110102605704,0.7651641120751527,0.7983882349344915,1.0,success,
PAT_324_1464_266.png,0.6491026253057653,0.34782476353808145,0.6580109247419823,0.013986555821690148,0.06669662213662232,0.039203011158868865,0.013539503100745802,0.06044188918485347,0.03159372229972927,0.021878009294670243,0.026093495624883722,0.0037970002841766215,0.7201814293650691,0.47261884060199194,0.8363636363636363,success,
PAT_1064_273_980.png,0.78835089530438,0.17085806799784134,0.7361267878322221,0.29336469335851306,0.05331951130913117,0.1383137608662186,0.27982174543925226,0.04834646121671392,0.12469626245345487,0.08374143972942975,0.06851777704274963,0.08531448765806493,0.7664767764814427,0.7997435250730885,0.9489795918367347,success,
PAT_313_669_935.png,0.6469211937823233,0.27808263485965967,0.7909501238551221,0.019502943657936242,0.0819216417692855,0.05716618237747827,0.01627549375732302,0.07137432480549451,0.05182830746346314,0.011578443965649556,0.024066101890554525,0.007515030878406215,0.7279389274709782,0.5696726110588594,1.0,success,
PAT_1158_570_376.png,0.6270337969061421,0.17493304909732862,0.6877880665289898,0.016967096831214154,0.008802855651092317,0.033819704365281,0.016249614050789875,0.006964336455533264,0.03454888894492218,0.004500538173958151,0.00551135636960462,0.0016234741097436167,0.79649469010111,0.7617675747888002,0.963855421686747,success,
PAT_115_177_622.png,0.6245726551591435,0.4830810482010835,0.9656520230411548,0.07322522831328687,0.16356051348047215,0.05101780291284558,0.03400515712320231,0.14688118162957015,0.04685139315574259,0.0038306206067112215,0.014505493359668997,0.008379281969861707,0.7277486309759265,0.6877683482569428,0.9558498896247241,success,
PAT_544_1028_226.png,0.624031981237161,0.4037574043180774,0.6343577282947704,0.009622171061414294,0.09556467316343753,0.04586520248544073,0.007098259136261159,0.08855640520078369,0.042382878340213544,0.013236033886226057,0.04203019193266572,0.006496908161825021,0.762704424130707,0.6382366904222427,1.0,success,
PAT_53_82_657.png,0.6553546601313707,0.15562403156919807,0.8413748754482765,0.048372510403788344,0.01348823259393523,0.11418208413813591,0.0459186613513641,0.011713662330788462,0.1103448880948251,0.008087806832607925,0.008853737282399216,0.03630074715281251,0.9329140219963534,0.846151075017467,1.0,success,
PAT_1547_1875_436.png,0.7901880327791937,0.21684185505417924,0.8821454120755424,0.026184324204850715,0.03749123298658109,0.04681370562876586,0.02428075512996136,0.03550652269644153,0.044527822465270664,0.0204713106058468,0.009820528595308853,0.011523832514723886,0.8128142599644922,0.8625818812874928,0.9823008849557522,success,
PAT_611_1158_156.png,0.6191290274528019,0.4741600620470685,0.3735543760149301,0.015705088101602597,0.07356101703089579,0.10315020388178107,0.012519692071332076,0.05582592767214065,0.10546036488984893,0.017698323385979837,0.09950348007791904,0.19293375587618306,0.8687980642917836,0.7355576704869451,0.9948717948717949,success,
PAT_185_285_97.png,0.651619639188766,0.5090522862880718,0.7544418644805583,0.012970953249541966,0.09880565509883005,0.05584240381441891,0.011017684422893954,0.0888741148952732,0.044213937747086575,0.0205755495260424,0.06857797513647823,0.023255781474842863,0.8198746024408643,0.7535907962672869,0.9898255813953488,success,
PAT_267_1258_693.png,0.6662129622137798,0.13356859938236285,0.5131601201932227,0.03504319088696654,0.04056547174200331,0.06732490386680073,0.0223676421774262,0.03616423771759777,0.06231171599095211,0.012623137533973742,0.00892347907250271,0.1129420684731679,0.9347690181176346,0.8677547694566832,1.0,success,
PAT_112_171_863.png,0.7150379556688224,0.1773927643346495,0.5972665965286063,0.034128325005977685,0.01611626528088538,0.0405892146840181,0.03610769767746083,0.01673711608912311,0.043616373400590325,0.03065501746099307,0.0014427078234790502,0.0009695093655793796,0.8287562637906043,0.8224946449839768,0.987012987012987,success,
PAT_1480_1673_701.png,0.5949841551676641,0.2592897388840594,0.3855942990222909,0.02395022660972545,0.088556084653136,0.09692340942525243,0.014810158186648546,0.07658715302809596,0.08930889282464707,0.012228959253900879,0.08704345026204441,0.0896523178430787,0.8564905269845011,0.8484403678654255,0.978328173374613,success,
PAT_1494_1707_125.png,0.6216829733810546,0.3129712749404452,0.48661840390434297,0.012335768485379404,0.06691190324448042,0.08381289538905014,0.011596553961544298,0.06119526980541743,0.08616557998874687,0.030259762279767306,0.09844230545791532,0.18911267800210374,0.5229653403034807,0.3990040498142839,0.9965870307167235,success,
PAT_1527_1794_662.png,0.6190254796753916,0.5293958198664082,0.5328055735114559,0.009441781358052674,0.07557653389032776,0.06861699906108124,0.008641171476041168,0.058549802372784836,0.05687941278654854,0.0019187080522014652,0.03216117045345035,0.13796914500188262,0.8082600408336671,0.8422516048016366,0.9822064056939501,success,
PAT_1946_3924_627.png,0.6023738173721908,0.4779771020439977,0.7792128978572002,0.004634390220105521,0.08329394530411345,0.05853927947744688,0.004191269787376179,0.08390177685942192,0.05618407151371048,0.01225943421337874,0.1262426279529854,0.06536486336303371,0.8383360657713965,0.6764451518743126,1.0,success,
PAT_2162_4820_913.png,0.6433802109300012,0.6027750537886217,0.4896467270660441,0.014585515004886697,0.11691521654508501,0.07168151093631002,0.013083396776393775,0.1062200006503959,0.06842174691297208,0.02024187663110592,0.23610174039546789,0.17583516060427823,0.8355814773857795,0.73828965726225,0.9727272727272728,success,
PAT_229_349_256.png,0.664707084827971,0.6247366472466429,0.7087080438985545,0.008955061541879642,0.11472940228394259,0.06335123386849885,0.0074525086646347605,0.10245716112821111,0.0542162216976158,0.006404796311531256,0.11119730393271565,0.03862019101658154,0.8119917809602665,0.7149205601977958,1.0,success,
PAT_338_710_93.png,0.752829928798444,0.16207723410018962,0.7236090069662523,0.04348163933787312,0.02896898377232779,0.04968789502103982,0.038142451963896935,0.031474938210292985,0.04721288386862294,0.08958451291401369,0.05687744012605295,0.024643461253280874,0.8266326884404688,0.7148223045633859,0.9632352941176471,success,
PAT_830_1564_54.png,0.6686517375760628,0.48394848488119785,0.6496273826102289,0.010776654608053573,0.09601176728589138,0.13598746499225092,0.009028632031660211,0.09151002191265294,0.14059915859233307,0.009103655394064072,0.08955194930819166,0.09306504243513736,0.5679261233524906,0.4489655672616606,0.9158878504672897,success,
PAT_1374_1286_494.png,0.6740006778509045,0.16924627731203637,0.6290980703516024,0.04084265192497813,0.0491750425000849,0.07365371312033937,0.036605358416307035,0.043881104189090005,0.0685346407116123,0.01728747782694329,0.042586359042625366,0.02202666252433949,0.8151014061526574,0.8000359738008572,1.0,success,
PAT_1572_2496_418.png,0.6649364867707768,0.1415067837683486,0.88249198656109,0.03648298455486934,0.049027467317293925,0.07255384701818084,0.03502932902582838,0.047913368810089584,0.06978740867132721,0.04928972766939231,0.013738866412723677,0.04499958796610193,0.6441413479582041,0.34763936170876486,0.8907563025210085,success,
PAT_1404_1393_369.png,0.6038796665714706,0.17215445348247063,0.49940442689312603,0.03408527586674001,0.0970351822191912,0.04287084315043883,0.02085299217841717,0.09271288637062461,0.041324680555048024,0.0059381394538655895,0.03262458025042009,0.1073556714485151,0.955449907181468,0.8846110147956701,1.0,success,
PAT_707_1327_245.png,0.6405846113072677,0.5329813445969729,0.7343810174545002,0.007400094888543129,0.1175030752998208,0.08907992378295876,0.0057442361479719175,0.10850684967203915,0.0721625763745494,0.010053006551681579,0.07841433036058854,0.0002800997976006858,0.8831742271494527,0.879548775204174,1.0,success,
PAT_639_1208_986.png,0.6159803874216342,0.17277437079919541,0.697238221393645,0.054392348399871386,0.052335514536480734,0.0501426607341462,0.06043479493122928,0.04460516144733848,0.03534448793950842,0.0296784969470737,0.025239305697453224,0.013480103579799563,0.610218229867634,0.46839509811354385,1.0,success,
PAT_271_418_92.png,0.6449722656957528,0.47257814540598436,0.7419734346340555,0.01947298897690219,0.12427080684150359,0.0869820256801419,0.016753713950773762,0.1132727707776746,0.07695982268291496,0.015068196415546629,0.09022600439953127,0.06792107057085928,0.9103302140303157,0.8630867118694991,0.9806295399515739,success,
PAT_1376_1297_686.png,0.6109055280959306,0.2845661256053061,0.5887067134294931,0.02767873876345333,0.08603824478760849,0.04241392360147831,0.022285561416339535,0.08155195143727384,0.03689701769822542,0.0090235679907095,0.011802413863867378,0.008738485433942955,0.7437672140435028,0.8480680856978543,0.9971428571428571,success,
PAT_566_178_625.png,0.6413918195584857,0.4233303395741697,0.5553167371607394,0.016213982684997345,0.04715721732543783,0.04895509004899614,0.015487838798043519,0.04262455975570505,0.045952112540561814,0.024439145847384935,0.02408666866038589,0.019232397586868344,0.8376517484577929,0.8514555428629377,0.9813084112149533,success,
PAT_309_662_76.png,0.6241989304602642,0.7519010603900691,0.6451787214147107,0.017311090161981436,0.15907830995860267,0.07982422404334734,0.01474164200734868,0.1473445209877186,0.06004865070004669,0.005819912715001468,0.20497113041445847,0.04057636055083991,0.6382242211479116,0.502595581355296,0.9093406593406593,success,
PAT_572_1086_130.png,0.6760307949739273,0.31532097372464146,0.43605508634926504,0.0431343211377504,0.0963848685978795,0.06990191764827847,0.034159871464716704,0.08438653361991498,0.05911500392852902,0.025444189859202344,0.011683446993814905,0.05132808207850881,0.6886483745834284,0.5240522604138006,0.9506802721088435,success,
PAT_459_892_804.png,0.690699839178556,0.4352275270175993,0.5656123113463685,0.022018178594550415,0.1619987973042442,0.0959402387205541,0.012501434054968728,0.13898215863066807,0.08592586125730037,0.01351781348758752,0.07239241268319002,0.07700142773354524,0.7310109069558178,0.5844786669593481,0.9504643962848297,success,
PAT_386_1554_280.png,0.6643263315144367,0.35036577973023936,0.6066334722521662,0.021655426087785843,0.08061532756554053,0.06516139487529438,0.013773126723837672,0.06288923777379367,0.05410115243270446,0.013934619684948836,0.0418174879239645,0.00888341203448173,0.649609535060595,0.2520662685579298,1.0,success,
PAT_330_697_575.png,0.6525790010753869,0.582094813458377,0.5782299466883766,0.010489947923109677,0.1250112035281833,0.07004712991012266,0.009534684322835493,0.10935854304886751,0.05891588079711763,0.01711825884014857,0.012400170126196874,0.01790713919010334,0.7686924904293746,0.5885309812597236,0.9775910364145658,success,
PAT_1918_3837_15.png,0.6474069898626718,0.21441926940343148,0.6298089779073643,0.021209345907044343,0.06195738714133701,0.0647176148507489,0.011788478391169909,0.05175465702053446,0.05434186118116572,0.012928761099310767,0.021890246770055494,0.006849707851282583,0.562754868544953,0.3899201720433509,0.9753937007874016,success,
PAT_262_402_14.png,0.9217866128381156,0.11331098500312237,0.5243471244376846,0.3801400888163043,0.0666987461811394,0.08385656180865367,0.3448284250543671,0.05200360887356687,0.07256922101552944,0.31739181407675393,0.009545629725689023,0.019163229651800062,0.8141672776240465,0.7635165589379742,0.9807956104252401,success,
PAT_1075_324_177.png,0.5919266367223339,0.15327844229613852,0.6160563111038286,0.011666982510695117,0.031825489196155216,0.029727169742489904,0.01072059016738669,0.03140689087339406,0.026121561925723152,0.01739051632501685,0.001986680956409498,0.04412209502257036,0.6966501213565697,0.8389846520997218,1.0,success,
PAT_918_1742_629.png,0.6389606102429044,0.47685328030804097,0.4040983944963791,0.037721791431791836,0.1413229856003961,0.14588645392621602,0.03057584408459428,0.09709047553265508,0.12865771488047853,0.006887233763694746,0.00500555283132037,0.09349567055747887,0.697058288562614,0.368804229705316,0.9548104956268222,success,
PAT_1866_3659_398.png,0.654131562610668,0.3611013488545417,0.620367480095651,0.022864358374094042,0.05208625830974692,0.030406655195904565,0.0250828526308863,0.045821067211317325,0.026095996724784916,0.030087191307248337,0.0475080210242147,0.00501724982640972,0.8515884054170091,0.790786109371805,0.9956331877729258,success,
PAT_460_893_883.png,0.5907497923125037,0.13305446688961162,0.9949099587430805,0.05057766383053768,0.028757577947763985,0.015199959742784618,0.0437478050945783,0.024769307333615244,0.01482858338875778,0.020916147322748203,0.01618532406809378,0.003997323027637334,0.6212417716438365,0.3147957212005101,0.8859180035650623,success,
PAT_304_653_446.png,0.6529374001883821,0.4760440813362382,0.689568482207698,0.016847895531593934,0.08214000769429121,0.04670577125549643,0.016756908023835577,0.07740762308549136,0.03894702763062044,0.021165170223482396,0.0041764569009083985,0.02305859023793766,0.8042701777611442,0.543723085163157,0.9929577464788732,success,
PAT_851_1623_506.png,0.6324302628786387,0.16811035529116666,0.7432668442678303,0.030741328782808386,0.0216817043385957,0.061128021233794655,0.023289714357634026,0.011657522366722194,0.04520086994082308,0.006950952937468379,0.003916923163225672,0.008778519417344643,0.4948233920289785,0.4069735172914893,0.9694960212201591,success,
PAT_359_741_973.png,0.6365433210350538,0.41326526958160303,0.6252948461959252,0.007669105976745172,0.05629912938839252,0.04771455227644237,0.007091133148896021,0.05278801986472521,0.04197921633331889,0.008874640612436084,0.024220550306486344,0.020256454366989418,0.7426360808741379,0.5771593781399712,0.8973214285714286,success,
PAT_1754_3306_816.png,0.6372938821955374,0.31034140532672944,0.5444209914382704,0.019008087369460986,0.10877718528155067,0.07194902564453105,0.02245943046616967,0.11176277976372628,0.07216556299084315,0.015038796508457688,0.16323285516836297,0.0788804177755158,0.5175940118582653,0.3580089186155767,0.9078014184397163,success,
PAT_281_432_813.png,0.7055118045659877,0.34408041256056665,0.5594107399980177,0.10726702887435666,0.15724179605443062,0.09092425090458799,0.1375089891126363,0.15908077439018448,0.09085563343305804,0.008527830368546239,0.0393106510117055,0.03195120353185377,0.8566907930674675,0.7561922425635297,0.962800875273523,success,
PAT_20_29_850.png,0.6218898780246794,0.443319696909938,0.5136972637975531,0.012881526794891221,0.04017468410061557,0.05291498555388535,0.01292747962523106,0.040258897958467876,0.050289305962605314,0.022896916849008797,0.059950611929844744,0.04227402759177967,0.690449003635572,0.5797005308950836,0.9613899613899614,success,
PAT_479_917_41.png,0.6708815257088794,0.36537907126775865,0.7490104329074027,0.05087935513157358,0.163640741896632,0.10007604980501789,0.017871557439461293,0.13684955696417453,0.07318797677547406,0.02635855770611965,0.036071419187089504,0.020860630774096722,0.7697657533437976,0.554595493637555,0.8910369068541301,success,
PAT_904_1739_546.png,0.6757677740119025,0.15521697309360316,0.6273392718634996,0.07191334994267304,0.042541212968722625,0.04405263482733486,0.041798708770148144,0.04123649963174491,0.04124527774752432,7.383533595862622e-05,0.05403504410858584,0.04950263713052161,0.7852571418867991,0.7560295583109721,0.9272300469483568,success,
PAT_1620_2779_319.png,0.6118964903037631,0.1588313966134011,0.7320597722213738,0.08409765065343235,0.05752578778663162,0.038096699810151194,0.03320718226432663,0.052411501000835053,0.030752953650749176,0.028916702462736293,0.000835888408440788,0.0026001348567635807,0.8384508899268825,0.818891591560003,1.0,success,
PAT_206_312_595.png,0.6542242737841848,0.19587753142576272,0.5215327212195622,0.0630159418433167,0.08703712116255714,0.05704436748676919,0.04671140018669312,0.07466592550048069,0.037907228164717,0.009632355636478785,0.016484408217888546,0.018298699383096806,0.6806689038024842,0.4753982102702451,0.9757869249394673,success,
PAT_290_445_686.png,0.6986856469138987,0.2819019387034093,0.5214720234940823,0.04260683298871818,0.09781437342769932,0.10344186504101617,0.04129264468709148,0.09535407995877453,0.10612411633676987,0.002361703733780571,0.11188478733789672,0.16860719947995184,0.892329769162963,0.8586180488968479,1.0,success,
PAT_154_237_2.png,0.615088485873722,0.14751620759801112,0.9875966484955889,0.03677539471177153,0.029617555100134824,0.01918116187167778,0.03702813956113832,0.030027870864524287,0.019142206315785237,0.021886889466668436,0.012931772442049932,0.0019017901360267597,0.841808096259508,0.79827901440573,0.9572368421052632,success,
PAT_523_988_851.png,0.6079626435030671,0.3566170630285474,0.6529139217243689,0.010708529347453134,0.03988544597510852,0.044398506804062446,0.008994517105243618,0.037738089965011254,0.04031859148728308,0.007260760516030649,0.004974645339124006,0.00038197902870884537,0.8582031441426095,0.7962232426817187,0.9838709677419355,success,
PAT_70_107_591.png,0.03807983021401899,0.1266545963506555,0.3400269655995994,0.2789032923468112,0.06895901484053862,0.0868616343679252,0.2967451223069958,0.055312005671638825,0.09022574848338921,0.46998525661779483,0.04469851069058503,0.2113289574147677,0.714788947482458,0.27421141035650637,0.95625,success,
PAT_155_238_413.png,0.6627244519654738,0.48329752946075194,0.6923382594275127,0.014671444785667578,0.13947142741331456,0.19389995224908324,0.011560322037931888,0.13266384837194667,0.1910596778029029,0.019977358158525978,0.042599196651692484,0.013480132100221365,0.49892042931116576,0.5302762930863839,1.0,success,
PAT_2109_4598_112.png,0.5558973045782719,0.2267211245556015,0.33082202239119,0.0513362180804625,0.10549514929166465,0.07323939184856634,0.04231613549405481,0.08656421804949573,0.06781580062921802,0.03659593035780841,0.07922774690432785,0.11549751671645792,0.9315517765541437,0.8283481598118635,0.9852459016393442,success,
PAT_892_1691_881.png,0.6308438673938839,0.7376045890036566,0.5538504357856141,0.010608939980613448,0.05903025383589236,0.11476280506738779,0.0099099918629515,0.04014357249112719,0.1147990649113874,0.019277325753773767,0.03924443879259354,0.16324817905640843,0.6748802586909306,0.6269593290333337,0.9536082474226805,success,
PAT_135_202_695.png,0.7131577660048941,0.3443929548563611,0.48335556315549477,0.032531236962688906,0.11126636476529966,0.1111405206716578,0.028074551401140815,0.09773967539670789,0.10115458328324486,0.05544190370617833,0.11392118786333688,0.07105466212797884,0.7691107099830685,0.8012446804995776,1.0,success,
PAT_311_667_416.png,0.746159304137688,0.26495590602653274,0.45923361711096655,0.049178343692802357,0.06766969438921086,0.03677282251903584,0.04642990036884734,0.06743103951180587,0.0357730234418013,0.014892959600299112,0.06503032090378397,0.005693363290730669,0.7131103168148505,0.714794919788317,0.9454545454545454,success,
PAT_147_219_206.png,0.6308454987019859,0.4800731457289084,0.8679495781515284,0.01311519316473184,0.15214767558146688,0.03305488968957118,0.01273626299344172,0.1441904765582756,0.02421160812267182,0.014485091666157975,0.11366862759621538,0.01377554348286203,0.8542061872902631,0.7073742106943267,0.9722222222222222,success,
PAT_885_1687_823.png,0.647720988517687,0.427170035138346,0.6727004841841551,0.011469883168577198,0.11902191826528878,0.06716012682403502,0.0101242385652614,0.10384650123134061,0.057727351475765534,0.012862907083031732,0.01287110373475514,0.016520205292151924,0.7297161855232781,0.5446053261154731,0.9117647058823529,success,
PAT_1942_3918_497.png,0.6154468571811869,0.5254691604229954,0.5970484088176518,0.006876001773018378,0.059392363086218605,0.0707744500066702,0.00660595990474807,0.05845804549932994,0.07016338537374345,0.009939249828109729,0.11336206921500563,0.10648751280041757,0.7673931888342315,0.8326481152857333,1.0,success,
PAT_734_1390_631.png,0.6580147032690212,0.5260450079559519,0.6612473585398092,0.007860642792609356,0.1021052065196233,0.12419624938666121,0.007365090812453756,0.09784493663564829,0.12524921301755512,0.009398996327550908,0.05319315936510716,0.00880245482682196,0.8696744366064273,0.676646730647898,0.994413407821229,success,
PAT_10_18_830.png,0.6218843118742472,0.26424950148707255,0.8237883795192363,0.014252362976675719,0.0861221587489958,0.055243887102918526,0.013019192965664061,0.08242538073076248,0.05136431152949922,0.027487025221294363,0.09351985740793414,0.04261440825395402,0.8879085164129412,0.7150877203392263,0.9739130434782609,success,
PAT_877_4672_612.png,0.632574184523464,0.49228997040829636,0.9317230501508397,0.012794680843936042,0.07551876289953814,0.04375069882923627,0.010773952370754802,0.07289370854454752,0.03950681850546963,0.001989135407269771,0.05486567680142118,0.023057540338535132,0.8193083094760171,0.8021404649511013,0.9541666666666667,success,
PAT_1026_124_346.png,0.6894162460510974,0.4153616216804743,0.829541427878572,0.003757399236766535,0.03350675696214143,0.03733523197644279,0.0032738100625841577,0.030540769499318433,0.03079743902263881,0.0005393539708626192,0.004503196236862739,0.006274583343781837,0.8521906853230727,0.8708848249262219,1.0,success,
PAT_728_1381_63.png,0.6476008467805187,0.1699396935897959,0.9826306655083482,0.020267327589381236,0.011725597294245277,0.02330306149838957,0.017862804673483407,0.01029282278075402,0.023409749745801466,0.0063067548854415945,0.0016969546516842904,0.000462333204818699,0.5036479835532088,0.1790087527564305,0.9110320284697508,success,
PAT_271_418_14.png,0.7449551101834637,0.1371777877817794,0.7124448264154146,0.13126007390901484,0.04647816529306869,0.06674359298466516,0.10270458690658327,0.03960422764168909,0.06592872006814902,0.06126844297384911,0.020560115639176035,0.09425300691475302,0.826580958405083,0.806266980894819,1.0,success,
PAT_208_314_741.png,0.6520592290069104,0.28077089902211555,0.5581802960383636,0.016773658692466,0.09310294769496295,0.06963298454032339,0.015582799857183858,0.09101413400979651,0.06667342895710165,0.024091483876949128,0.10021074638427294,0.03245724939919781,0.8932245975478112,0.7947752705442416,0.9967105263157895,success,
PAT_2097_4557_241.png,0.656638608315009,0.3505008311593349,0.19377715362523856,0.018895074146623815,0.10526192957530953,0.04335259871522936,0.013021888352823542,0.09888375408901005,0.04458234930088686,0.017232490717773805,0.08224426687988079,0.12751210544121988,0.9163473511574922,0.885684957542966,1.0,success,
PAT_420_834_450.png,0.6426900901659349,0.24940625840013916,0.598840513388601,0.06500155793762283,0.13028549571745063,0.17809213474882132,0.0432978834644637,0.12083806983543414,0.17516436547445807,0.00863390425785937,0.009575298939602656,0.11427955065624712,0.8161043094393656,0.8490419420182045,1.0,success,
PAT_1277_964_77.png,0.6239682403400313,0.09261077786839822,0.6507336153543317,0.16322101761526933,0.06123441977073955,0.06788020996842926,0.12027756824878186,0.05953965507696941,0.056966797072658955,0.014806470603987758,0.02525363250056037,0.0203516022378597,0.7496008105961008,0.6498495082789825,0.9133333333333333,success,
PAT_505_3200_856.png,0.6479727059953626,0.2461082455856711,0.6499180326443903,0.04100467823026854,0.10112155153357896,0.046380327463152224,0.03127535807120529,0.09357751721293255,0.03576791155495704,0.030608131516297415,0.02967841477553171,0.007576842559732233,0.7679774174986344,0.7426800629079615,1.0,success,
PAT_826_1615_908.png,0.653961545559694,0.47074226665039387,0.6756087194450597,0.011007266901695473,0.0779928700320972,0.08140934754925278,0.009772746416978553,0.07590261844064002,0.09983891075541397,0.00041557598814610704,0.06151565844112139,0.027269654929976905,0.5567129007510918,0.24192696459714955,0.9061287820015516,success,
PAT_998_17_641.png,0.6191409252452499,0.44729578050301394,0.7238411972562877,0.01030435303409608,0.05727372309388807,0.05916490294398561,0.008763989787849775,0.05010056330530444,0.052733083741447924,0.0018178368712710045,0.09294945885414979,0.10068164512874811,0.8032962099338247,0.7864576528970664,1.0,success,
PAT_809_1527_902.png,0.6386183219910341,0.2995276942893946,0.5788161206947356,0.07668846296128186,0.14269801390819323,0.07540686846422986,0.04913789745097562,0.13916105540791296,0.07290390007187927,0.10504578119507657,0.1056222690295589,0.043679389997978046,0.7014471571121816,0.783983253053321,0.9838709677419355,success,
PAT_205_311_255.png,0.6510792073253459,0.29104677432850806,0.6747496722728921,0.011742548466186607,0.07205397502594241,0.03898809080017274,0.009115533366251512,0.07006911597395972,0.03645181578420974,0.0194878686916362,0.07779211076095338,0.01672476018039548,0.7895967182457093,0.7812056412638773,1.0,success,
PAT_1568_2454_468.png,0.6360046969618386,0.3940075681255972,0.6776297857147783,0.0076606709363608435,0.08272056141870603,0.07084653726168429,0.007733239555759228,0.08733501820232976,0.069975749139253,0.010803529275056591,0.13905283378728833,0.014651797264041977,0.725624866010357,0.7748212687306458,1.0,success,
PAT_85_129_980.png,0.5884667243650007,0.5853548270428066,0.7888850138210752,0.019412585764515333,0.09845781163751215,0.1245823597238052,0.018949532400499364,0.09072842278461887,0.11798852695795413,0.004224304474233836,0.07102380051454826,0.12250163234065747,0.7276565642748216,0.7663178499552649,0.9,success,
PAT_1722_3214_672.png,0.6090844162564362,0.12139795833292476,0.6099362370930674,0.04967462494945819,0.04067766243877349,0.05849873658644725,0.031797052552457024,0.03493114002124208,0.05921112732833989,0.025298204959701958,0.0010425528858219457,0.014815164808284709,0.6657523224829269,0.6593303884941536,0.8084632516703786,success,
PAT_1021_112_40.png,0.6316396628669858,0.46400166924588343,0.7320941501046176,0.007674159023262415,0.027476773572695054,0.036008060177384525,0.007327964283086728,0.025827815994971505,0.0359991549625609,0.009826345672992984,0.03815918501292642,0.029257261625718733,0.7321224132818336,0.6558266991527135,0.9743589743589743,success,
PAT_363_745_516.png,0.6824911875501073,0.1866194301214821,0.6856922375390228,0.011240214508119586,0.007709453071367151,0.04175987459109336,0.009904505405189584,0.005377627330005899,0.03913477065659838,0.00032970339581387027,0.01034469058301879,0.035387839271221244,0.6486375097024917,0.5099894845244145,0.9503105590062112,success,
PAT_178_276_465.png,0.7301429624027135,0.35529494221467617,0.5602015478847565,0.03141558433952193,0.08520586232393722,0.046929366334448136,0.029550251536896832,0.07872244084714668,0.04139486595917864,0.03409293139178765,0.0697663543825831,0.012575367977699314,0.7162038622224864,0.6382285468549243,1.0,success,
PAT_2142_4733_13.png,0.6359469085187477,0.5462702418350281,0.6672637852913882,0.010952790826017496,0.10004632845979959,0.10317871495354576,0.009660935647743773,0.08793396783575605,0.09469879385631128,0.014793275607217755,0.08944596535161703,0.1192186780379868,0.5839267898110467,0.6564198513738748,0.9791666666666666,success,
PAT_1582_2574_989.png,0.6152643884953771,0.488182638784414,0.4785935175434197,0.006568628970632914,0.06392794381697965,0.12190262273994378,0.005143136267083838,0.05709404102768311,0.12136340680048655,0.005820520429831709,0.022320991439996052,0.24471366604917977,0.5378590838457188,0.624589305971643,0.975,success,
PAT_563_1070_63.png,0.6928516943862186,0.40040509792262957,0.4999378595953296,0.042365518988741,0.14982346362873483,0.133162727356313,0.03347364804284877,0.13337552388050747,0.11732825863555955,0.004654921648746956,0.12843675244552966,0.12843977223563802,0.5941752247093479,0.23268631019621897,1.0,success,
PAT_423_839_596.png,0.6509423373890534,0.3679724147053736,0.7900767727952623,0.009902380206657528,0.06426712492469473,0.06767721110293708,0.007417238914977905,0.05514737106934889,0.05650238231764529,0.01098861237201842,0.08908437634021105,0.027641599171475684,0.590375901739281,0.42894662802843697,0.7650273224043715,success,
PAT_1064_272_668.png,0.21813599226191333,0.08719233778711012,0.3884333864881194,0.22143577570655834,0.04564558222499876,0.08673437191502477,0.23568255933561283,0.03820829650078512,0.08501460330904774,0.29877904785342013,0.025184158526872627,0.17487044262860318,0.8275398183969151,0.795567012401376,0.956989247311828,success,
PAT_742_1470_425.png,0.6322077403459804,0.20744495023481563,0.5748061501050362,0.05580829606828715,0.08459703450064394,0.07114394364549137,0.05029997378731129,0.06991444992665076,0.06895830159525157,0.03900648290422097,0.021739909588363415,0.0008789354774638714,0.4627350866023445,0.5878237330415763,0.9777777777777777,success,
PAT_1071_312_841.png,0.6036015930887403,0.36354396637720976,0.4338640043173233,0.007748529843121041,0.046283272437027415,0.05014963270619103,0.006544048610446906,0.039383017030563,0.04937580563343951,0.006795804717146344,0.048958054069964174,0.11283261665374633,0.6860386858537266,0.664281003171813,0.9719626168224299,success,
PAT_433_2650_417.png,0.5928245741189185,0.7068715465165702,0.6301847152991552,0.004482669320723256,0.08355446649114756,0.0919649514017276,0.0037604658083165697,0.07271320892368024,0.08813198374803714,0.007103506561860703,0.09977595482041712,0.16731128394776185,0.8655686831090057,0.8562445176489963,0.9705882352941176,success,
PAT_980_1851_351.png,0.6311923433177896,0.6290254484485639,0.39980077195807984,0.012557918331031984,0.09856069681457613,0.13063397137008637,0.010943516566044498,0.08432698315967782,0.13954798341765376,0.003058677820383969,0.0009181027350615434,0.05278727019856344,0.6301641545229182,0.5383248212385321,0.9805013927576601,success,
PAT_513_964_447.png,0.7676515622467656,0.26440619621342515,0.45739421551753234,0.09698067484882134,0.08806719079526253,0.10251610298457106,0.06452461541796489,0.07523452359580769,0.08972061784437309,0.058308211578137224,0.03183323486382031,0.010470092444205215,0.8134306871796997,0.7859314568065684,1.0,success,
PAT_1707_3146_743.png,0.6632141784644171,0.17977242977292118,0.8211967381569586,0.01609941469108925,0.013514513052079402,0.03790410813803984,0.013586002996085117,0.011225700461806983,0.0363435091628485,0.006268289519802847,0.0006514443395194691,0.0007831970856138071,0.7139444753268105,0.7171679340558452,0.9297872340425531,success,
PAT_262_402_265.png,0.6876694373893218,0.18499868558213148,0.6247519136581586,0.08552600618586204,0.09118239490683046,0.11957335503490102,0.04455680206996487,0.07819741117189354,0.11520752561700484,0.039815665244633494,0.040478487417735465,0.07546469147564283,0.748986644273133,0.7182561221918239,1.0,success,
PAT_718_1358_919.png,0.6710224124168485,0.2756108813501365,0.6529313914638813,0.01486524867176133,0.1515165465328962,0.07791958072338408,0.013087779368000116,0.12737448766205223,0.06636554047218227,0.0225054480692815,0.09289643191241545,0.0646864338819162,0.731162116944549,0.6001486378773772,1.0,success,
PAT_758_1441_891.png,0.7036675830284754,0.1897486013143402,0.6382795859750413,0.062479238501470365,0.09464006310193156,0.055037870877828146,0.03955314841424074,0.08263570736457534,0.05102654526058563,0.04927554164619766,0.06597272415035517,0.0365679116251133,0.697790827194449,0.5245882097341915,0.9816849816849816,success,
PAT_1244_840_975.png,0.6321078943724164,0.3076405030097145,0.7003319625722629,0.031424764716040464,0.11706761800857872,0.062014261084796844,0.021446762963932827,0.1092761539275661,0.0559919166915461,0.020146690920669227,0.1352491185593846,0.041847572905884034,0.8347529007671293,0.8195956687173629,1.0,success,
PAT_1174_628_915.png,0.6919032565001835,0.1566161389161791,0.5456472020142156,0.03198783702140272,0.02059130860972853,0.017382911370170537,0.030377363313523902,0.01816342209657732,0.014539765001899956,0.04792987312164306,0.005566446690016297,0.002470541190495945,0.7944484878269464,0.805861012032125,1.0,success,
PAT_46_881_14.png,0.7158766145354836,0.1518730383652454,0.721347246937142,0.060294398171613243,0.03364944885320394,0.056297538507729124,0.055624658344880167,0.029658053656171513,0.05926966218933931,0.058054470139236654,0.022959918053486017,0.0396246957055677,0.8001805768957335,0.7270804983262109,0.9377162629757786,success,
PAT_1306_1086_124.png,0.3606155993843498,0.15254833191496678,0.22300762479476666,0.19529723206106936,0.11972391559400306,0.09813493423659982,0.19211442840655896,0.11050305750522177,0.1118128362200445,0.20760017892306623,0.1957403034384189,0.2995315168064582,0.8714934141787849,0.8569543308800892,1.0,success,
PAT_83_126_513.png,0.6518903830893225,0.25578303994604845,0.48219279563352585,0.04540177366913448,0.17700772547054386,0.18895132977228438,0.03458363701177501,0.17881265650415606,0.19244650115900444,0.022791925072575877,0.02383301195349788,0.13725737517816022,0.8753628947979001,0.8574894943959143,1.0,success,
PAT_994_1866_730.png,0.7021498546057535,0.2491121802772435,0.48729181698066926,0.035943805361627626,0.10175381515140183,0.04552399911860904,0.028217536835428894,0.0938599214993236,0.04347625364508293,0.04112548014506861,0.06245648351578029,0.004897652418292597,0.7525837830928676,0.6545634006652198,0.9503239740820735,success,
PAT_132_198_114.png,0.6535030283636094,0.5348928473928474,0.8467367768838356,0.01662964075836983,0.12410334220100602,0.057529280714339055,0.014562670423239063,0.11370663686650657,0.05209731697712815,0.014160669036319955,0.09174442495432755,0.010151535995272853,0.6870645662948518,0.641602172791994,0.9778393351800554,success,
PAT_737_1394_308.png,0.6802219287713851,0.42408054027125264,0.537340911071048,0.02869536795277095,0.09947722511913411,0.05685662865513105,0.025156710780673493,0.08609281289473067,0.04274545150848246,0.009513904547705622,0.07348114384232052,0.027692151838357604,0.73373451738517,0.7411734892155589,0.9945945945945946,success,
PAT_45_65_551.png,0.6468971717274401,0.6356975458119967,0.49156666228157797,0.008271651873118109,0.08839497604454866,0.08028537847542162,0.007602400945962713,0.07705686902553617,0.07859986038177777,0.011054030360266233,0.06606521790172193,0.06939823802261569,0.6900999057255955,0.729277206147071,1.0,success,
PAT_1715_3184_989.png,0.6498648986091133,0.1665986094956316,0.5212701244828898,0.03737711576213422,0.07661350352571819,0.04429724342195212,0.034080203016900464,0.07479520680197581,0.043285598475569266,0.03737414143479943,0.06944526215339519,0.004700177042469278,0.8205886628141451,0.7929187174149124,0.9816849816849816,success,
PAT_141_209_438.png,0.6369768018264738,0.41941346382573824,0.8117918918000476,0.006234478770663996,0.04382835259918176,0.046581433589927904,0.004188125857771292,0.041303666899604984,0.04091010711971223,0.0019731280790000008,0.041493990692973715,0.04894153134020085,0.9044770522947705,0.8676671875107319,1.0,success,
PAT_964_1821_83.png,0.6092593030656364,0.326258310945827,0.689178136104631,0.016796095943834532,0.07614660820204859,0.05818938392222983,0.014551843939100483,0.06588095216906734,0.044998964527188955,0.004002058316691403,0.052421388728347784,0.02375143843873928,0.5959588906016687,0.6277857621770824,0.9591836734693877,success,
PAT_489_932_138.png,0.6621519112568137,0.7000563398163798,0.2786659739716583,0.030454217935308413,0.18201687762947866,0.11388525612742757,0.0172063836769191,0.13222109837711865,0.10364105977133932,0.02568665977570848,0.16317993029481603,0.20601274076636966,0.8334296803181305,0.7503425363290656,0.9881889763779528,success,
PAT_1022_114_756.png,0.6619068179767359,0.1986643218337908,0.6444137643881247,0.044911039435777164,0.06233780677824854,0.024903302650719154,0.03990813636421867,0.054801866511990906,0.01768822114950788,0.061282924712306494,0.006992299373282718,0.002347668254444102,0.7679051302931597,0.7292182986630075,0.881578947368421,success,
PAT_815_1534_411.png,0.6765968002307823,0.38254144208256335,0.7304368528428216,0.008405655955431697,0.08000828648731478,0.07640499004676282,0.007756619398476256,0.07782167761903311,0.0746443645201758,0.0027072696274990293,0.041121663506735406,0.008580982933346082,0.7923528747430842,0.7895814577648356,1.0,success,
PAT_547_1033_445.png,0.6325460331920244,0.33769004153385496,0.49461576354679804,0.01432604598339912,0.054175923790826655,0.028094767384887788,0.013035481580405545,0.054594577158079416,0.02758409539657483,0.0033924156424751414,0.04222315944310756,0.011131004501464536,0.6906981623744342,0.61714558093388,0.9413489736070382,success,
PAT_1913_3816_335.png,0.6488541308950101,0.4796480807306636,0.8174128717719444,0.009064972573016581,0.03952425767405176,0.04532291194000293,0.008900363451637673,0.0350827937427627,0.04084887335566297,0.016312497926042842,0.012564083699680484,0.01529856015362141,0.532994337452428,0.6775039955103693,0.8452380952380952,success,
PAT_1063_270_593.png,0.6166331300470709,0.46155119825708063,0.7795413943355121,0.013948609259504993,0.05580973490974729,0.04452182644483175,0.012639070829793686,0.050606521408031534,0.039732225222501125,0.019334074770718086,0.043127526454161624,0.03467592653133045,0.35924613127998367,0.5355080399831261,0.76,success,
PAT_319_678_357.png,0.6319998608170769,0.5072461018126955,0.6990240564086541,0.010744939818844017,0.12935205650870107,0.0881698049258717,0.009081616242668322,0.11368397692601345,0.07634663806355237,0.013040884997723544,0.0408171768338389,0.03343041216072562,0.7609750543574073,0.7332393233996347,1.0,success,
PAT_1822_3576_145.png,0.6137463996530523,0.33203423547872696,0.5088678462565157,0.024652065735921633,0.08136294056966042,0.04877905907344444,0.021777499264870492,0.07548832387366562,0.040447642844859785,0.018569393889489385,0.07235150322981054,0.0098074270676215,0.7442271698959304,0.7919531875940669,1.0,success,
PAT_978_1844_599.png,0.5546565733083236,0.31840595876994965,0.54773310847409,0.03162568282333774,0.11271323986618874,0.13890148223568494,0.03320802550338143,0.0997076249889938,0.12541334336636004,0.07550258080197807,0.06629198085047366,0.0010031937276219205,0.6306621734253288,0.3223580834557883,0.9908256880733946,success,
PAT_1614_2747_533.png,0.6825668439127224,0.38561706938806456,0.4664823753857568,0.042644770618682576,0.17663458742443688,0.06097673177222224,0.03640890682628778,0.17153496313194472,0.054812325644654145,0.03680678087764038,0.0838246025028127,0.031636904807034905,0.7564104124455273,0.8250374417607517,0.9595505617977528,success,
PAT_191_293_391.png,0.8589636097124712,0.18134602262316366,0.4903876334406369,0.33166050225324173,0.14103443069219113,0.17062941574802215,0.3433348822614684,0.0988399392839682,0.13868244552972517,0.023217067133159554,0.05776170595961867,0.1205524890027963,0.6226729793377439,0.5731484290828154,0.973170731707317,success,
PAT_1427_1485_119.png,0.6385109621330469,0.3131231746223779,0.5663764797014794,0.014401569795041043,0.06442585555602086,0.04153612091055784,0.013110141687493559,0.06323938672454196,0.03840230243133818,0.019326022593793526,0.012354985267504837,0.010857299768415651,0.5325371542506472,0.581268465707577,0.9579710144927536,success,
PAT_272_420_25.png,0.6120298905504098,0.3480071583945867,0.5653006265083363,0.0633909886436009,0.15172722155207802,0.1075934639657799,0.04850336544302846,0.11298369430192833,0.09290118773696943,0.016898130047830525,0.002888837044339454,0.04568367888514291,0.8025309615702162,0.7541148871813109,0.9803921568627451,success,
PAT_1673_3011_440.png,0.6117560142609081,0.4412192083033275,0.5309351396674715,0.008882963552731729,0.06197783600548134,0.04663298394558032,0.0077623073149186775,0.043886800738382824,0.03242399480321229,0.0036053119616394408,0.028456309933952706,0.011113014206545202,0.38153385786446475,0.44218623730986467,0.6127110228401191,success,
PAT_154_236_800.png,0.6091969141740545,0.5361640542023133,0.579413057721834,0.01260474316298975,0.07690358769579998,0.09582383805938378,0.010584938434251845,0.05874133225850608,0.08569596875771976,0.002339702527503107,0.004665316504463224,0.04558758609795288,0.8054084124236305,0.8359866273585228,0.996031746031746,success,
PAT_1453_1565_529.png,0.6043569212070652,0.4511917785922817,0.42404434857197404,0.009710304479507515,0.09934812585736078,0.10092131913660607,0.006674302681178541,0.09012501329143055,0.10096425243415935,0.003946040405886622,0.048218509031025314,0.151050722895543,0.878399833700056,0.8695543372439304,1.0,success,
PAT_114_173_213.png,0.6421534970402891,0.49200758419911356,0.7698029310948626,0.01483875413220223,0.11834106395413338,0.09982673505323578,0.0112171188333998,0.10510636643658532,0.08460491717123313,0.009455620385928952,0.11638072495613488,0.10733386490869579,0.5373796671651865,0.5937128111535179,0.9261363636363636,success,
PAT_441_861_542.png,0.6521266927140356,0.4192834882933201,0.46843618343789245,0.012457779692939236,0.10038072147798477,0.07309179919817592,0.010988919368826513,0.09323358241918528,0.06733125581949133,0.009969872706305298,0.1665727377500421,0.10828122414583524,0.8278813993413305,0.6729647849207546,0.9538904899135446,success,
PAT_1899_3779_475.png,0.6711407030893176,0.19923144745363328,0.7404921857322315,0.034127422721437095,0.05678637555906399,0.0906374373635103,0.032956157244266725,0.054548162512835105,0.08849493353757043,0.016324841870188716,0.03147214558327824,0.046341834158698414,0.5475505995024119,0.6917986388669214,0.9174311926605505,success,
PAT_120_183_623.png,0.685468258970129,0.3484788459849009,0.6954474938127542,0.025059843370097094,0.11390831540542194,0.07427383027893461,0.022235535343176765,0.10244245890118746,0.06068872702751435,0.018776023143250598,0.002021803824242052,0.02668378290756468,0.9010546997614169,0.8222565353230967,0.9731543624161074,success,
PAT_228_348_2.png,0.7636091625934809,0.16382182669386489,0.5366152230899861,0.14472085135153484,0.10032010344256771,0.13127323126300006,0.08621056072275088,0.07192554892460057,0.11749959944670674,0.03197221958432013,0.08510200409064822,0.1380766649282944,0.7335122580223052,0.7913286072155822,0.9634146341463414,success,
PAT_711_1334_344.png,0.6714354215087951,0.28180586562619475,0.5533253369244634,0.018896232778289435,0.04640239859963418,0.047169380803612354,0.02199459529317905,0.03943375504298286,0.04432583085856449,0.04833720393178164,0.05497850260867437,0.06991958412860666,0.7871427906896499,0.8141864472882121,1.0,success,
PAT_62_97_868.png,0.7180603839975607,0.15147744647218048,0.7224276815706225,0.13703868994917742,0.07857818411034181,0.09157489880251994,0.07976586452769058,0.0710581127098679,0.07767604415039775,0.016287992311157497,0.03245418499367604,0.020190757109197155,0.8650812790003598,0.7254911868335164,1.0,success,
PAT_9_17_80.png,0.6549253827034978,0.38283449979195217,0.629094719007018,0.016095633709718907,0.0714047248189957,0.06957029715167927,0.014686448690140802,0.06250263024615528,0.06106692541122126,0.017703109134316088,0.02402357395227611,0.01967605700354058,0.3480741548310328,0.4324532325774401,0.7810650887573964,success,
PAT_328_692_681.png,0.6647051513455581,0.43896790936766983,0.6691249130285443,0.01758958316472951,0.16674472599678575,0.14640794950960356,0.013479599871857071,0.1570060606832833,0.1469274383581059,0.01487473698486031,0.014937527152487973,0.04265079201787225,0.882749516794351,0.8803835940716229,1.0,success,
PAT_59_46_537.png,0.5723985283457564,0.1841394416031219,0.6493890099696905,0.033111830740020845,0.035628751879207325,0.1126568284078583,0.030892659146633587,0.031446048956120756,0.10821299123089463,0.0027529117553941754,0.046548226773240886,0.15358338918105263,0.8302629319876549,0.6968788042553233,1.0,success,
PAT_1482_1677_382.png,0.5815087847781628,0.22228592147471055,0.6912636208344592,0.07274502995103861,0.04804581142988716,0.1840630259939888,0.06972114824402874,0.04776469335587779,0.18222654882823983,0.02575117531796178,0.009116035766443958,0.03569997506534561,0.8109476349276117,0.7307256955727448,0.9978021978021978,success,
PAT_1753_3305_385.png,0.6329535316716034,0.3485891891185617,0.5688541476119545,0.00876656539369518,0.08904832675954819,0.062018532820998985,0.007572983638149698,0.08806995127642181,0.05833486965593472,0.00933882538109177,0.15557533492823689,0.10499802388727575,0.8182961239766663,0.8592743335804899,1.0,success,
PAT_971_1847_99.png,0.6203550915043979,0.18641640453267938,0.7079872068759219,0.023542353487028593,0.08813151256073169,0.067879407805303,0.016545234447795865,0.08624860472238399,0.05632002171035421,0.012943991988265837,0.09806613483875437,0.05636165869746679,0.6175219079325904,0.7190923059450023,0.9848156182212582,success,
PAT_618_1174_596.png,0.6628705698884425,0.5482119813058295,0.656633373382363,0.00674028873747723,0.11928271583326659,0.030979874866415243,0.0054120932731563445,0.1093227569443179,0.024033655715765406,0.001185316010209192,0.0021263927910660785,0.006126175267800016,0.7549225521627436,0.6549704330025049,0.9940119760479041,success,
PAT_1814_3564_609.png,0.66226368512505,0.1749582030457563,0.7693829440445461,0.010274633794032286,0.011501800221139698,0.0242765371494133,0.00923810741178399,0.009536051942372857,0.0218565142687653,0.00033665608635671004,3.694352772456999e-05,0.01902491634933634,0.8843653966440945,0.8217838507125808,0.953125,success,
PAT_1309_1096_393.png,0.7037140924725234,0.17607446312898625,0.5319229898530089,0.04404871522351878,0.03186357441282014,0.09592376919936448,0.03941350065595918,0.031687036381236,0.1012675763726036,0.022239526840427716,0.004715354969593466,0.036554156835931106,0.7691038385043176,0.6991450564373584,1.0,success,
PAT_341_715_180.png,0.577252837574184,0.46196900560576254,0.6287105513565747,0.0060300800620306525,0.07370867264303921,0.066579113402966,0.004257113763584861,0.06263745777664406,0.056277038337072365,0.00032503329995524013,0.05542577501649054,0.06112929171446546,0.8375086782747321,0.8364936682357857,0.9692307692307692,success,
PAT_1586_2623_989.png,0.6588054340812195,0.507891432435043,0.6626656792985393,0.007813095905089032,0.05275160924046673,0.03598533378263894,0.007109098804792587,0.049991760093428254,0.03332061223266493,0.010870139929812615,0.025493247132365005,0.004796853996284378,0.7427791797067327,0.7893669597114483,1.0,success,
PAT_312_668_480.png,0.6567989592990349,0.5029315680633754,0.8389632863238424,0.011989189022550884,0.0954251093201741,0.11365289228719347,0.010642002799119388,0.08987869123874917,0.11117283418705226,0.014015974072019727,0.05189651989776767,0.05765176768002078,0.7941506404238744,0.7676074034166173,0.9602272727272727,success,
PAT_799_1515_723.png,0.6039931046447355,0.23795029639762882,0.7465724274205806,0.034935863322733345,0.09703817478683065,0.08278798552273514,0.033576721055085655,0.09312344302857574,0.0779285398075463,0.007357356505961753,0.07019314115757341,0.04411703084753693,0.8916921800968776,0.8397690269202472,1.0,success,
PAT_1331_1173_380.png,0.6103723654243399,0.3379777858715965,0.4377342905219492,0.02419158636833242,0.07503717677206215,0.07048828619676413,0.02345249846777423,0.06455830149620843,0.07919457108618605,0.031908080628659026,0.003946579860375055,0.15810926191121705,0.8381387740263704,0.7446474118990278,0.9568181818181818,success,
PAT_1371_1278_533.png,0.6185967978705406,0.1778096188947687,0.4604334556622858,0.03090400318901211,0.015155605732268497,0.027719629473758646,0.02732607240757969,0.009358160269730222,0.027255998346422144,0.012508222004578882,0.0037564256390214545,0.021233437422892854,0.7281753939240718,0.6388871612662685,0.8928571428571429,success,
PAT_1498_1719_816.png,0.6378379790927836,0.3348716530630336,0.5497705971882444,0.012107269104057303,0.08735422550106023,0.11218436359534004,0.008612768638415999,0.07083699644726645,0.08026689493303454,0.005182941379898646,0.06256559626648761,0.01086826157613141,0.5177381166062685,0.546004211360674,0.8996763754045307,success,
PAT_1648_2902_292.png,0.6022928810846013,0.29972447200752844,0.5990280927477206,0.011289976894428507,0.06328375409052621,0.0568002343429441,0.009895654689036866,0.061786981034323285,0.04845276586536498,0.012206005434730589,0.027742404487698713,0.01847141121819762,0.8781911772972388,0.8574470018018523,1.0,success,
PAT_1881_3713_718.png,0.6727472440175997,0.22386725934125487,0.6372151212734433,0.03783108389328329,0.06344976194300543,0.042105444314387834,0.03481199642754515,0.058055389155537554,0.03417198198870479,0.0484303256436702,0.04364785880571026,0.018540255767240832,0.8310336360290878,0.7784563167707411,0.9473684210526315,success,
PAT_796_1510_361.png,0.613725890874668,0.3841612964931002,0.33190254768368277,0.0841595965939779,0.17172281379602866,0.11199966037129186,0.07002662317670223,0.12696241169777495,0.098702372000339,0.0017530622876191634,0.06404708867341757,0.09004696601966872,0.8053992514878989,0.7922754475853554,0.9696132596685083,success,
PAT_230_350_872.png,0.6599750293950188,0.2574996559233802,0.8832582555767795,0.01351381704595007,0.045504958142804405,0.03244202897699968,0.012403720672001977,0.041885811374290545,0.02516683894768286,0.014888728825630911,0.020026962817201344,0.0018474150974023829,0.6784383522517314,0.6618230493977748,0.8368055555555556,success,
PAT_158_243_947.png,0.6224958602452989,0.5701496688955785,0.7730098271662558,0.009550208901600441,0.11326346249074896,0.04828509051032579,0.008396932534761639,0.10134301692235678,0.03426901732868749,0.011185406924468804,0.012647628085979745,0.006114534681545436,0.8613897195785005,0.7571090204185434,1.0,success,
PAT_1418_1448_307.png,0.6113050201265136,0.3638992104778419,0.5842735824488525,0.010138662129091305,0.043305892119182524,0.0777797353677969,0.00903934740715975,0.03871330832222705,0.07595603696138285,0.007395818961866575,0.06817394230971124,0.11393423571025829,0.8574079031117121,0.6409701668486383,0.9791666666666666,success,
PAT_872_1708_841.png,0.656124943075731,0.10946575301830262,0.7397951212759435,0.07669688147560064,0.04469847219424605,0.08311863999903213,0.09589413540866387,0.05308824315987035,0.09071840409287013,0.0011944963998922098,0.028247890076641205,0.07697208178189485,0.6968862621270021,0.7096533984756103,1.0,success,
PAT_1102_408_613.png,0.6696821072308392,0.1830698471221347,0.7021916838910304,0.015166310066408636,0.006478783455747182,0.031637788481309374,0.01438437479777122,0.003739074632292169,0.031103571189658154,0.0020223522043254305,0.0008285961913826467,0.023499700768667475,0.8659491193737769,0.8301451649183196,1.0,success,
PAT_478_1829_281.png,0.6891766155894393,0.06074469146597806,0.7302858557642107,0.26388696644964466,0.06418252798693401,0.05782717668259677,0.23317852803880795,0.06161528561574774,0.05162798650297389,0.10604931978846789,0.055383758831694684,0.02459735268843588,0.6627602831528493,0.6162413026987492,0.7975077881619937,success,
PAT_1374_1286_775.png,0.6379406269208401,0.3246385680410005,0.5491215992248655,0.015952502034533165,0.09209906578948746,0.060921172984562934,0.014252693266910572,0.09136239651665487,0.05573032642498456,0.019145608969236446,0.010996183935040205,0.03755718707994349,0.7022595122010327,0.6206768257874699,1.0,success,
PAT_1584_2610_223.png,0.6932316800844183,0.2565127460641911,0.6594036406284525,0.013845967061791567,0.04913640227555808,0.0424742429260355,0.013171986240394229,0.044083486523566646,0.02670506044724351,0.007082186901930182,0.057533019174682676,0.01913157490244366,0.8415459053517431,0.8175490434182334,0.9657534246575342,success,
PAT_1000_31_620.png,0.6159082719512662,0.6902227033174488,0.4416143355133212,0.005990797086095819,0.09031289064826127,0.08364510249759848,0.00498372960740625,0.08076740796740199,0.08637033838413566,0.005400989600158113,0.0990724256722526,0.1487032005650325,0.5331018275234012,0.5408104444836516,0.90625,success,
PAT_683_1297_839.png,0.6683329944594608,0.41397587900966587,0.84907335277813,0.012598112346437085,0.06952016897829844,0.04935346729862032,0.011792931434140187,0.06392446510004596,0.04390940909337278,0.010375868743128238,0.025308579702493283,0.026972252162514088,0.9168826829157946,0.8256692517568037,1.0,success,
PAT_1731_3237_919.png,0.6050618073784454,0.3780305601597538,0.9040047187997378,0.013317418056532157,0.11135981482610119,0.08544213178099394,0.010650523224541535,0.10544272164725195,0.08211168891014287,0.015740953932033442,0.04094630565603452,0.012320952666120655,0.9271105464545843,0.859105551723388,1.0,success,
PAT_267_411_513.png,0.6761910001785817,0.39924183326842977,0.7264515976182743,0.01892965531979781,0.11200661522249149,0.07450236633584091,0.018109488952123814,0.11257054533720663,0.08299183869953593,0.0008448783014555279,0.09462723796575112,0.01319239199315625,0.6696312624930547,0.5919355970493361,0.9344262295081968,success,
PAT_101_1041_658.png,0.5887851510690978,0.3124061671254382,0.43120018776150537,0.049965178171720845,0.13787718928496956,0.09908224571964426,0.04182545907461542,0.12878017378257042,0.0865263932289053,0.0008823310442460455,0.05950528985447073,0.025671447197988806,0.8076486427000966,0.7860492940453081,0.9298969072164949,success,
PAT_1633_2855_594.png,0.6361353385720582,0.30596229717617,0.6495516920270406,0.010789792888098908,0.05150548625527144,0.04816358794022064,0.00928211821896169,0.05225024492788603,0.03352680117838399,0.004964804225489021,0.043126994977330246,0.008734078245083987,0.6824029845955777,0.653844405840846,1.0,success,
PAT_1765_3337_365.png,0.7137364211235021,0.2916489982413753,0.5545524272855272,0.060492870082425404,0.12190404403067655,0.12646002638643128,0.04921881715066814,0.1160032556946525,0.11894114517100338,0.016148766310317975,0.07546828732510813,0.04887988015747535,0.8484351464222764,0.8388598280247557,0.9668508287292817,success,
PAT_1721_3219_130.png,0.6407880432550905,0.24008373081891518,0.43291055937456124,0.07038926520492857,0.11334071849952305,0.09206949590917943,0.013716122631617715,0.1012166122636829,0.09671148962878251,0.008352453913956658,0.02059609569378562,0.15119563308020834,0.7179030061847602,0.619182451395536,0.9425,success,
PAT_1468_3656_337.png,0.6873076552028414,0.2095417744583967,0.6138923110844071,0.05344991286688334,0.04885823648078529,0.1304880947921645,0.053638336766731666,0.047498340139708405,0.13087921155342255,0.03467710523808102,0.0123307033462845,0.03538065989080186,0.8866799034361623,0.8107954932282575,1.0,success,
PAT_561_1068_909.png,0.6521296008901039,0.5256978944878165,0.5449337127801203,0.024560600120276662,0.1150883403452846,0.14012527982119483,0.018652496646673844,0.09618755904682398,0.13668569696154406,0.0190575145123411,0.13041238216376455,0.11478890524970786,0.8770650470355359,0.7765708325521155,0.9870689655172413,success,
PAT_380_1540_432.png,0.6550597082848896,0.36134330527776815,0.5840870236189154,0.012600520881989537,0.05745137456610374,0.02444554900814998,0.00991245796806856,0.054229625911291705,0.021647820904492018,0.012609633518332844,0.004910458923875594,0.01409727786975079,0.7163885079991055,0.5789726292434686,0.9918793503480279,success,
PAT_164_255_130.png,0.6894465438452645,0.27350577669731757,0.7531554757162381,0.018234549326044392,0.07817390363796699,0.0823026962273146,0.016206687540870568,0.07511084507575248,0.06364983687516128,0.010707077843919974,0.01535953955456315,0.022667741723573887,0.8017187667280579,0.6714743835329847,0.9710982658959537,success,
PAT_302_650_477.png,0.6919667711610091,0.17566918382701258,0.6486839245409202,0.0802392984670416,0.1179814631038933,0.1483995697508673,0.01476566732212154,0.09823015427824075,0.11164829082962664,0.005733111487681697,0.06083207773732721,0.01101839575581487,0.6506996098846087,0.32339177735904934,0.935064935064935,success,
PAT_177_274_371.png,0.7165041435599752,0.30427098578617234,0.6265265090897844,0.07859350483303693,0.09524508545970574,0.07526693137893004,0.05183632054999605,0.08725653481334979,0.06869936759861082,0.027815624061746293,0.11127812803430809,0.01474868613096536,0.7974211110989696,0.7769677953754233,1.0,success,
PAT_874_1671_176.png,0.7960058585055121,0.16377347144185808,0.6690821898609997,0.3039456039863331,0.1021798074826418,0.11755727848990567,0.26415759963826035,0.08307204543291051,0.10805723005957897,0.04623227872253498,0.0919005737656012,0.09520608615183479,0.6040322074046548,0.450607723973097,0.9782608695652174,success,
PAT_274_423_374.png,0.7191646145999425,0.19987332695270177,0.6373345530845912,0.04175154904556669,0.05037597493260641,0.06534559522506662,0.040441983065438475,0.04388218434179581,0.056963084605420676,0.008221320438403425,0.007400501815516769,0.04369481079432991,0.8823204984371174,0.8419974327267429,0.9965277777777778,success,
PAT_727_1373_776.png,0.67552094708802,0.3090097821027107,0.6447821624195785,0.034937053632945476,0.07183899300679744,0.05070442401316988,0.010309564004247608,0.05729765799328742,0.041766666569403976,0.007419789599636633,0.03770751987092935,0.024984735530058977,0.685392799947076,0.6678144288621255,0.9928057553956835,success,
PAT_933_1766_191.png,0.7078100937248922,0.22383858442512453,0.6996948635361926,0.05474467576855947,0.08096380197578996,0.038543718058160974,0.04944045255849367,0.0777723480415611,0.03522453238992142,0.04294423577222746,0.08229233641167868,0.047523364305869786,0.8339816315401799,0.7999621975916869,0.9576271186440678,success,
PAT_1554_2393_541.png,0.6257864861487277,0.16166910560894088,0.47830363147934574,0.06011397208918372,0.0660341417761936,0.06448607384887926,0.06129199035732955,0.06599131179448742,0.05661863685977544,0.032635092174352565,0.0530562301946719,0.007405184330442738,0.8296962641784653,0.8328729256437892,0.9800995024875622,success,
PAT_1317_1130_656.png,0.616234671836101,0.3115803287850323,0.7643031967845034,0.01841719121942104,0.04223286572858477,0.0688693258775248,0.0183819897482261,0.0360512334363585,0.05915183541561754,0.0068248262766494525,0.01356934839287538,0.049322804627640715,0.8050459131999179,0.8289656444261081,1.0,success,
PAT_615_1168_968.png,0.5725661792582548,0.22369498122385065,0.23420107714173433,0.06443956316512295,0.10783978120128242,0.07127646557399134,0.0342584260918408,0.10795386105972096,0.09630504631998636,0.03201398136745794,0.19408365712608047,0.23986690121292015,0.8886527168366936,0.8315591755165094,1.0,success,
PAT_406_1542_301.png,0.628628565894807,0.5208812492647664,0.5758878647143857,0.011616140734475934,0.0676389286105303,0.05353873244342247,0.0117026541609523,0.060791501110410616,0.04558308760181918,0.01707483837131968,0.011135478649430652,0.050053165830225455,0.8796444293603638,0.8430628178823982,1.0,success,
PAT_976_1837_503.png,0.6534407470376249,0.23684225144230128,0.3942125357131562,0.09411885402056235,0.09515025141145039,0.10036739237108798,0.05651967598341249,0.07601844710428293,0.09174803576931012,0.016103007460107694,0.0014659044938070132,0.10422185388217509,0.748751411768904,0.6078155728102914,0.986400725294651,success,
PAT_677_1348_51.png,0.7076459593185892,0.33813271217562657,0.6446818477399361,0.11565410783515555,0.136684173487131,0.07602341870090565,0.113753740437028,0.12895789243676278,0.0663005950239072,0.06714209826269198,0.0897419959980073,0.02089363334069627,0.8415042544934681,0.842339629503237,1.0,success,
PAT_296_640_206.png,0.6256046584443331,0.5070477923334266,0.7248143737345499,0.019324376281482078,0.12537898882337004,0.08147015734465224,0.01699058967211723,0.09997272621033765,0.05189502765830842,0.009496500081166362,0.005855097397374109,0.02077142277310795,0.9507603214210876,0.8621941826326956,0.967948717948718,success,
PAT_794_1507_723.png,0.619490190769343,0.4622288132382516,0.8853990524297628,0.006353693574078889,0.07356510308272804,0.057318738978634896,0.0039042622003478823,0.06267769119576569,0.04693938211461368,0.00018710302325557234,0.02856617440632153,0.027357497254374197,0.8653357997745499,0.8023056706502243,1.0,success,
PAT_91_356_273.png,0.8445749164318671,0.11851786622832766,0.5811905600563579,0.3307712851027022,0.05006832370058085,0.11075551745980032,0.34118418459000427,0.04225312516594395,0.10165619869421084,0.12644988355272346,0.007115954178816081,0.0066638173633997155,0.9414472072982198,0.8462125022915326,1.0,success,
PAT_2018_4167_11.png,0.5527742637690422,0.10049631016014801,0.5502171368492458,0.0817949865977038,0.04224289241560694,0.09656797642172578,0.05919958521824915,0.03465362570062542,0.09783297198413339,0.01198352128117411,0.022661699682584815,0.004340116420555207,0.5819684122484938,0.3988951806281944,0.963254593175853,success,
PAT_237_363_344.png,0.6563840848865284,0.34633428642811537,0.641679456114678,0.01925324648018424,0.06779910540793774,0.05746110981991098,0.01693987878942612,0.06430760978847178,0.057678258284402116,0.012932406801323756,0.04063931730896925,0.04898583140705848,0.7418710478726345,0.7270581508237652,1.0,success,
PAT_858_1632_977.png,0.6774936839204394,0.2134934993392475,0.6735252241558138,0.03290894713325224,0.10392202141682651,0.0673884768787417,0.029396842628698967,0.08228494248815076,0.04792937167270192,0.05064298182718024,0.0034773826117010243,0.027447500100461264,0.7603904448786021,0.6196695732671006,1.0,success,
PAT_1299_1055_591.png,0.7270047770321463,0.23972617948913671,0.5832296502415996,0.035979209040426806,0.0827887270493427,0.038138170631009695,0.03396394086617184,0.08030186858742525,0.031234582469932017,0.01091870379412809,0.12167598104316434,0.01658785180533695,0.8921076776035084,0.793099264197182,1.0,success,
PAT_306_658_825.png,0.6487254909688269,0.41512067293075244,0.541444793521642,0.04209684570677193,0.13853118882091642,0.1893004944137794,0.0248814467094003,0.1272196684297204,0.18249545012016657,0.002782116578331618,0.026976677191405007,0.18880641239203333,0.8935831181544748,0.8308920651322705,1.0,success,
PAT_55_85_884.png,0.7530344205507703,0.22757882135176563,0.47470891081308,0.21069764953502965,0.11523719660568507,0.11781098505995312,0.20726600620382243,0.10890919446253781,0.12255847252708849,0.10155288370158755,0.0459340130846321,0.010417731014476406,0.7735192593558857,0.7730284173253085,0.9808102345415778,success,
PAT_1247_852_178.png,0.7453152407109442,0.14063195126827094,0.5120211348524448,0.02793178585182489,0.0371610634661171,0.024181323577400854,0.02657928746749549,0.037078986604977764,0.019377853535415532,0.029085084874374445,0.05346262971761065,0.0060068651464915135,0.8868590408742703,0.8460008502953758,0.9903381642512077,success,
PAT_342_716_845.png,0.7174797592802142,0.233335502867514,0.5243665807666726,0.029150300133851066,0.06364537851620937,0.03746858762965069,0.025126518469787324,0.05933267334231442,0.03329293121078137,0.0027074862765065037,0.05529914944664305,0.008091641421979823,0.6586307107646859,0.5969779065349862,0.9905362776025236,success,
PAT_41_57_2.png,0.6355931650916368,0.5171107102653406,0.4100501386160389,0.017279940310928017,0.12754569701017499,0.11021748942872352,0.01601678251141016,0.1129951948386579,0.10354696407161505,0.0014018009280103488,0.07598187294360992,0.04432074679396264,0.7015916919318017,0.7573932448282181,0.9811912225705329,success,
PAT_168_261_38.png,0.6272494410432082,0.5527216759374233,0.5832916043014044,0.01299396295398224,0.13671121788742338,0.10856627712530954,0.008772198596392885,0.12186674283599096,0.09765427931247828,0.008631747515951972,0.03923636330296831,0.11803136960612481,0.6150244941156937,0.5327053614909395,0.9879759519038076,success,
PAT_1596_2664_323.png,0.649808155656169,0.3940971464471117,0.760771748834441,0.009814334793219913,0.06040863450311929,0.06813500037538907,0.008523815383086825,0.05567257698427172,0.05378605628227945,0.014555314615122307,0.03658669458335012,0.008018583644529564,0.5634687564630219,0.5441358851472381,1.0,success,
PAT_946_1809_687.png,0.6124886580010093,0.3895684249354482,0.8750568851664605,0.03774311767003487,0.14660151041183342,0.06836442435125668,0.014176254524522272,0.14152742525570317,0.05990483833776303,0.0056186982771221335,0.00596636571993614,0.01333878166561997,0.7139411883651867,0.7509519627217531,1.0,success,
PAT_2115_4613_260.png,0.6343733085223054,0.18661091215758654,0.6999106765388556,0.014601768006109024,0.006899702699332686,0.02090977119560505,0.014656653147755924,0.0054058310909507416,0.019289945306160596,0.025058753494334715,0.009250698504932486,0.00774334499190088,0.7331397741148781,0.7853460981531655,0.9547325102880658,success,
PAT_1784_3416_507.png,0.6712926972883859,0.34869259530482055,0.5450780300149746,0.03932666957786224,0.1405497105285363,0.15590532664818174,0.0284775732367748,0.1283154698671398,0.14848746344163244,0.03717097757805961,0.02425046111237722,0.04560328709767342,0.8777724475174343,0.8789217063529396,1.0,success,
PAT_460_894_401.png,0.6266401217674153,0.5422939059854229,0.5854670513386833,0.013641441274569836,0.15323980669236278,0.11966175524459267,0.011589911634609394,0.13371005601535715,0.11220451284117713,0.007505813327515811,0.028609434835485392,0.02926112665195013,0.8246674007641659,0.7274259741184087,0.975328947368421,success,
PAT_1783_3413_850.png,0.5529424169297867,0.18630278211093282,0.30898537709912216,0.060925620259757146,0.09506052399942853,0.10533901964233812,0.045215602432539054,0.09921535581829252,0.12770889674420147,0.04220674908738707,0.1359158695820618,0.25308432714830426,0.7514959878607115,0.8172469945909401,0.9959183673469387,success,
PAT_2080_4484_997.png,0.6010203777177949,0.3284605823158356,0.5499149864995655,0.006513843826677559,0.05256431218252224,0.030080778402033007,0.005311382250911001,0.05254402655218841,0.027132748764699583,0.012145156317375378,0.10963894967245175,0.014526296664244098,0.8094619872069613,0.8364231933537675,1.0,success,
PAT_468_4775_268.png,0.619721519882632,0.16730429400890887,0.8042266103910599,0.023092983072873535,0.03863499354922183,0.04575336754899308,0.020954553713312948,0.03489230243901059,0.03978442676319088,0.025649947659201585,0.0172073399028716,0.027349198192069157,0.6347794298537817,0.6576954061548517,0.984313725490196,success,
PAT_308_661_184.png,0.6617847840112299,0.17214861111111113,0.7743770220588235,0.01889267050783477,0.01599522235273018,0.10445764046337672,0.016431383061210815,0.012046432546116159,0.08988693640261804,0.009537105012904274,0.00022091255374537266,0.02077878160113833,0.411848740441604,0.29938603206692355,1.0,success,
PAT_145_216_924.png,0.8106145113567591,0.2766988224815644,0.5169001401495802,0.3078040392062675,0.15858425011237084,0.16322276362474422,0.3021921556315572,0.13862240867698553,0.15237911240622132,0.15671080139980975,0.012003565470881827,0.19479836167716136,0.7247416035628891,0.6830772671813007,1.0,success,
PAT_891_1701_36.png,0.6237367546804968,0.4344229691876751,0.7757647058823529,0.013963702065719683,0.08657163293473351,0.10246806794629304,0.012733448620376252,0.0841730569820683,0.09981083138589755,0.010300816893428235,0.11700851412504021,0.1442877934403871,0.7498347951876809,0.7299990058370582,1.0,success,
PAT_978_1844_715.png,0.6036232841879112,0.33620865704772473,0.5952827722283882,0.037695383025286626,0.10340488792198109,0.1371847237636996,0.036277082214322624,0.08530604064028746,0.12318138254170691,0.03909004339069687,0.0010098731977853381,0.03318611578219177,0.8223275227290684,0.7630013956762676,0.9907407407407407,success,
PAT_1940_3901_900.png,0.490456004995134,0.11792254223626773,0.5912020876726759,0.07524728077832751,0.06595545632023747,0.10601401736657656,0.07085083677123134,0.06536843547519049,0.11097383161067109,0.04329411332088987,0.007434800144743028,0.19691207145771178,0.9367107606871926,0.8760945809296996,1.0,success,
PAT_1680_3038_587.png,0.6219758453739398,0.2816912086824077,0.47305301590789184,0.03100768283738331,0.08610288501195115,0.12343082939077699,0.027838967085773332,0.07356329588889181,0.1257206369121341,0.057351341042790376,0.1915871708659516,0.22889340368558653,0.8614357945749018,0.8496027243643853,1.0,success,
PAT_1810_3484_347.png,0.663328391987716,0.3141009778900559,0.46166695138849345,0.20375301814478095,0.19376259657954145,0.12973509200956396,0.20752657725498685,0.18912371903976144,0.1261384232229714,0.0004675532850633601,0.1070051102270298,0.07172792862451272,0.9203418041703681,0.8466718505881224,1.0,success,
PAT_684_1302_934.png,0.6751271695779104,0.23250932221083068,0.6242038651163279,0.013396247312800763,0.06519043555635223,0.02590687638296275,0.011951792706525044,0.0627829186508398,0.021044601709423842,0.01135132373416007,0.08739169915181516,0.006186419761393114,0.7837636456713385,0.7835700777708912,1.0,success,
PAT_906_1722_328.png,0.6273974424714418,0.18653131806982484,0.5743575048591024,0.10762057870783347,0.08505713102210186,0.07377204922224709,0.08510334112953608,0.07680018251555905,0.0676261776479294,0.003023442192801124,0.044769887720249896,0.06351853890201542,0.7865608199903107,0.8198544496509831,1.0,success,
PAT_541_3303_228.png,0.6409657596250584,0.1805300705396227,0.6303929061704566,0.03552309679527774,0.011829534810777042,0.05128224499231912,0.03060935981175482,0.0074563094977425455,0.04788443643528395,0.010214564627513864,0.001863215256834666,0.007348546540012935,0.45282481641858946,0.5198620510312112,0.9492273730684326,success,
PAT_325_1506_999.png,0.8673230392493271,0.04919152140749686,0.5908045054230457,0.3506529400608954,0.025491011291244862,0.040709942974966794,0.2807534643181038,0.028091888517497565,0.04147336429661582,0.19533167779684754,0.024409643161666647,0.026372454197739925,0.6502573148825037,0.6694152758797665,0.984641638225256,success,
PAT_1443_1536_166.png,0.6231898635023421,0.5132948231766469,0.7461927124672958,0.01278680173336861,0.05198970590172512,0.055289206411078186,0.012573906620664996,0.04847430841770568,0.05122925763338888,0.025596540280826634,0.0010627523142824336,0.0313645931774752,0.8464070721960834,0.7952286051129986,1.0,success,
PAT_1594_2656_679.png,0.6513779170904799,0.49134805847857554,0.5865714546504172,0.018368987120170623,0.05280937405347346,0.10517641755479211,0.016883053746635398,0.036682722735421225,0.09686037168842156,0.02795645298384236,0.053935318029922574,0.0317398698793947,0.8095051954994511,0.7720000755025184,1.0,success,
PAT_217_1291_419.png,0.6475853214072068,0.7061017979220087,0.6284281542222202,0.01194088513957267,0.11786258401768716,0.09781216508753379,0.010307822040266403,0.1011276607685239,0.07953273861142432,0.0036144806921545266,0.1775620311814644,0.11275437190744098,0.7581215462335331,0.8061580960995435,1.0,success,
PAT_567_1077_64.png,0.667497730590174,0.5080655699819847,0.7535650768095056,0.011260628773436133,0.12049302417076124,0.08598457804378318,0.008420818300967385,0.10406427108198177,0.06574697167235358,0.009179839856173386,0.11767047716443357,0.07671900144846822,0.6750860861735194,0.748390113817318,0.9816933638443935,success,
PAT_165_256_460.png,0.6386450809011331,0.49262882273138053,0.78012841832366,0.008393571254480333,0.03614850836884356,0.02231584645564931,0.008241531394192814,0.03169792463438041,0.018051279358080975,0.013578913431908922,0.04942472745783533,0.020941027621691033,0.815035660723382,0.6950335926787229,1.0,success,
PAT_1222_767_519.png,0.6138329663705332,0.3320158865604301,0.8012823562477837,0.01353551559847697,0.06476431159116788,0.045672044239734214,0.011209179165283448,0.06418130635097258,0.030071008335477396,0.0021870128324653453,0.11291224862807159,0.026884072344058207,0.7703015785096974,0.7034188888167231,0.8888888888888888,success,
PAT_990_1860_636.png,0.6179120670772844,0.3507488283503647,0.4972736588925507,0.02348885823499507,0.11724812076544555,0.08279613872394297,0.021132802629970974,0.11040535651940593,0.08308162058558227,0.01909310620932819,0.04453308118193211,0.04684855521048181,0.8877494857968646,0.8132175286637439,0.9900990099009901,success,
PAT_1018_107_68.png,0.6260890687753495,0.5727221616888318,0.7597892442945207,0.0033439682225929646,0.026328131485746198,0.02368481412585441,0.002908465576127325,0.023397192049090625,0.020324076341322515,0.001299897487567689,0.019957420604336473,0.01754155023781845,0.7193387468463647,0.6353198663256863,1.0,success,
PAT_1869_3663_335.png,0.6665465282461833,0.15322653985738208,0.601165888982381,0.0587873638829593,0.07291811688450195,0.07220104132290496,0.03265238277246475,0.06526068795081498,0.06552604893327163,0.04383061401197384,0.07558564191606959,0.008814622962264207,0.5813148852048442,0.6274941475749187,0.8545994065281899,success,
PAT_579_1099_551.png,0.650683008562403,0.2929755044489735,0.6321289451190816,0.02231400371242262,0.10326955862890648,0.06686439640904006,0.018117028628158782,0.09548481667572918,0.063531800311544,0.011979084722192192,0.05771487187833996,0.03389888900313687,0.8709136828890538,0.8661895958291593,0.9731285988483686,success,
PAT_513_965_496.png,0.6429267056506289,0.5412154341007208,0.7101949603479708,0.010083921186249787,0.1190911341590779,0.09037549452983996,0.008209852861347957,0.10590390704143203,0.08444535445338096,0.009312866475978312,0.04540959608353001,0.055361882374530325,0.8332943612947081,0.7660832996934143,0.9281609195402298,success,
PAT_303_652_943.png,0.6675443790300765,0.3558547886662991,0.7261708742051541,0.024491474548689978,0.07888047447851411,0.11636002929520857,0.019968297869142053,0.07380219907426358,0.11671366701134753,0.02666444734508862,0.01790855233569194,0.06942703485441515,0.8803320394244867,0.8242230740329547,1.0,success,
PAT_385_783_22.png,0.640846156043181,0.26167995273195727,0.8113976036652105,0.023160370148351078,0.07544961542059829,0.047160499050787584,0.022038977645029767,0.06263335958309539,0.03550023933742531,0.002598677574350461,0.0018548371360040394,0.0024432083558286743,0.09394754830975513,0.7492394298085816,0.3112676056338028,success,
PAT_31_42_680.png,0.6382110823329864,0.34828724119889376,0.4958222463064006,0.04305989958423375,0.1106018135642634,0.13173828303516452,0.03706643246318009,0.09951975338374949,0.12432041928985642,0.029828431073305555,0.08729125874903271,0.048367185807458135,0.603239213139277,0.59443586924566,0.8988095238095238,success,
PAT_779_1472_741.png,0.6469798876194325,0.38663845625378274,0.665479113416227,0.012479205279421559,0.08919222061927423,0.09597824112397771,0.010203629860089356,0.08753706143945465,0.09118121865383559,0.015185485965965266,0.018155686467244303,0.02360785982149094,0.8811146637315725,0.8794917306819109,1.0,success,
PAT_2016_4155_600.png,0.6079977695050924,0.18705536674435877,0.5245586894791663,0.1461041788392041,0.1001990019606468,0.07876033655557574,0.12011326335519185,0.08309278337024734,0.06990897659765986,0.0625977600056453,0.027751675800213454,0.023294870097464337,0.6466222039228274,0.7036334281955572,0.9378378378378378,success,
PAT_460_893_307.png,0.647008052734197,0.34870333867336967,0.49680671255037956,0.0328972699841991,0.11946515582399804,0.07067748863084057,0.02075364106605837,0.11996971383027263,0.07142194085556765,0.022564846111365236,0.1497692994434516,0.08545245132202839,0.7207133187622417,0.5225968857547947,0.9787234042553191,success,
PAT_380_1540_525.png,0.80096008272806,0.1956937472104583,0.6796178455070024,0.0654646524699649,0.06851967309660813,0.05996829660160987,0.054799442036574914,0.059287785906997376,0.05928107001288399,0.03149989766523302,0.049056643335804534,0.038133793347954525,0.8081589890950374,0.8292272290874548,0.969187675070028,success,
PAT_1798_3455_379.png,0.6196366041850803,0.326569129083773,0.49212541557440737,0.041431077050455116,0.1409360716827868,0.0923543226206238,0.011918339624510735,0.11537352676524182,0.07265733924011923,0.004627258311846008,0.01740529239067068,0.06973635180413373,0.819107758795884,0.7909576871382361,0.9664660361134996,success,
PAT_867_1650_825.png,0.6685408631687055,0.20431810310198242,0.6117616532948238,0.018868213586998014,0.04802267744292839,0.028667303734629695,0.01675779994597676,0.04333520492978131,0.023914058284668215,0.014662079353394357,0.020599052804954776,0.003225888741870686,0.7592952076736588,0.6439615449282472,0.997716894977169,success,
PAT_503_950_552.png,0.6139045329036485,0.4107582371557867,0.6730799809566338,0.030138192849771227,0.11871814195157335,0.13248817791974807,0.020829771178692013,0.09482075366124372,0.12042487611770548,7.828824745743645e-05,0.06118247267768179,0.13886644738287857,0.6808536626910889,0.6285640715277808,0.9723756906077348,success,
PAT_591_1126_21.png,0.6108312835571289,0.44245758729791496,0.7754360772905201,0.025094091256781085,0.09882188934857233,0.059674029640363814,0.022503804310220483,0.08822879624575065,0.04773644389783785,0.00535660337323915,0.047543430410206367,0.008229177229457596,0.7395791267904949,0.725529970259693,0.9942857142857143,success,
PAT_1572_2494_224.png,0.6692081780549555,0.2728428744151816,0.5869702465436577,0.0836986134349067,0.09726973550832037,0.10388471686504105,0.052319104078566346,0.09343612005969144,0.08880051710855091,0.05669039045140565,0.036882465770616824,0.0038821416902208306,0.7247477441360154,0.5856710751612546,0.9814814814814815,success,
PAT_2056_4364_112.png,0.6435904131371311,0.162003587746162,0.33171453340352586,0.24474809448165402,0.09775553016043793,0.09176552305405151,0.21286984587065572,0.08860701878781892,0.09283668255210376,0.03568619011872435,0.09024257876838584,0.19461113204801195,0.8995924976175826,0.8625943764997513,1.0,success,
PAT_1538_1830_693.png,0.652141829446772,0.4816694330863798,0.7804839210288382,0.006581448342928807,0.0288440703259971,0.03568705666242692,0.005624347390815199,0.023474373682585092,0.029479772458120994,0.0010632886498473542,0.01733216136568294,0.047596284201412487,0.8318094053351797,0.7425029348883756,0.9583333333333334,success,
PAT_270_417_728.png,0.6299107959346077,0.6412214100402627,0.552122065944556,0.010736015544062259,0.08232904434708306,0.13853412122674247,0.010170177752922172,0.08555986703164427,0.1410625938102174,0.012113645919986737,0.17750466479266325,0.21944603619149805,0.5382444936488144,0.2493819333894188,0.8518518518518519,success,
PAT_1833_3599_827.png,0.619041449252506,0.4763511685403741,0.6836003172085646,0.012376772414861428,0.07419876174947995,0.058392424163759005,0.011690560061000986,0.06649696621238668,0.03573336572577589,0.008568621824652843,0.04999814166997013,0.024479013950285067,0.7969064384128326,0.8066604379338862,1.0,success,
PAT_714_1337_914.png,0.6196964045041891,0.6171780753838347,0.5237697253564222,0.013432037537405411,0.06373479650022576,0.05458612620746519,0.01170957078926437,0.05196858702607189,0.04698636229851057,0.0033875751030268,0.029113516594141742,0.01466008785775097,0.7998320314379317,0.7715428640373981,0.9980430528375733,success,
PAT_1379_1300_924.png,0.5982732747507292,0.38383509266274757,0.7882600028035709,0.010979705545094254,0.07299450962714245,0.0534811379591398,0.01125397777748731,0.08462913020145588,0.053689397424926955,0.014151996966433385,0.21088103728344007,0.07870642341741463,0.7938146565416597,0.6787506539875217,0.9533169533169533,success,
PAT_1151_551_241.png,0.7177577145680745,0.1501619989664659,0.5321062438754527,0.13232785948305836,0.04408049875246432,0.043358624468074015,0.12057441986683436,0.03905388831888781,0.0391822845250293,0.05546742571732008,0.0019744734275569387,0.0044466581756210655,0.7184176043161383,0.80760309123993,0.9581993569131833,success,
PAT_295_639_240.png,0.6298931660447988,0.5509330168849149,0.6112366785794777,0.023280128336166026,0.12172719526011537,0.05201899318509958,0.018794751175411913,0.11579930290095455,0.05033695681079611,0.028657420020078997,0.10144466935735169,0.10832825176976635,0.8571110262286733,0.8690952445875384,1.0,success,
PAT_539_1023_928.png,0.6366489794695511,0.25757735298217993,0.6366744573195233,0.06693182089170345,0.06623987563618895,0.04807887929544793,0.052044733951346296,0.05910536305657203,0.03945605877228981,0.00210069606327947,0.024432581658342944,0.0033809675170779485,0.8795877384134334,0.8735207651261491,1.0,success,
PAT_747_1408_742.png,0.6874724616069718,0.38988367514595296,0.6431948583085826,0.015992806515287724,0.1286208637720889,0.1258704154461337,0.013106199829400346,0.09129474444251558,0.07143860988656232,0.01373417965350446,0.1250653394553503,0.09185580365900303,0.8911849139805896,0.8669751485452549,1.0,success,
PAT_323_686_356.png,0.6258193632228668,0.09207048098668719,0.5514563661374181,0.13249272766505524,0.04235219680746938,0.052181586614268215,0.09916503348227779,0.037509574697327186,0.04320659797543185,0.07235912068475032,0.0051518008744534105,0.04391837200305271,0.5734195233350743,0.5086912078986595,0.9645776566757494,success,
PAT_798_1772_469.png,0.6536032154539417,0.4304097420955921,0.4911245787256938,0.01724248380842218,0.047607708739292175,0.04034491503222039,0.01963995108349315,0.04683578876359671,0.04053585682528424,0.021482659585758453,0.014490062934366887,0.0034477885953762,0.7025358857701711,0.6916079408829743,0.9058823529411765,success,
PAT_631_1207_982.png,0.6532798969549762,0.2943650753300456,0.7006196135790929,0.02544025985394684,0.09676144434707128,0.11959832205285634,0.02033720557466095,0.08294107185156617,0.11273308147816372,0.026540858789765625,0.02718936205565098,0.0585486582636493,0.8456593338223438,0.852361879492785,1.0,success,
PAT_334_703_907.png,0.653310167922586,0.5157140790588536,0.6581269127369257,0.013649571611519574,0.09162301267182785,0.07358976392883712,0.012183361867063076,0.07906905513047859,0.07091920532235353,0.021739436892308263,0.07863728401850817,0.12760121488894527,0.8728851601732193,0.8136278039146826,1.0,success,
PAT_1906_3798_588.png,0.6226828637713973,0.41586205374873125,0.6431486548107616,0.004571753090023385,0.03776192334878426,0.0583629956521525,0.002127812130690886,0.028137748676678245,0.04708559440741683,0.0021216399826774553,0.04144392881319303,0.08137547395237432,0.8434714190665182,0.8119504517487445,0.9927536231884058,success,
PAT_38_53_198.png,0.6712161206067193,0.4433781968167486,0.5493823391389293,0.017194404581874285,0.07827974394587948,0.12871570508023283,0.01595225426127386,0.06053233957016467,0.11494449402186843,0.02589426095709718,0.02199233347885088,0.10542568278518849,0.8630361156633862,0.8031603966321349,1.0,success,
PAT_721_1365_819.png,0.6644281646687429,0.19018825178384832,0.8480140927451758,0.006346290177979225,0.11862435688229946,0.1279708125597784,0.002319953138359021,0.08899659983349861,0.0984092893960986,8.400470920825064e-05,0.02554465927477878,0.05220603648702493,0.8179790501212438,0.853379112259942,1.0,success,
PAT_361_743_82.png,0.6840579395088282,0.39089770636949056,0.5921989066541845,0.04255445871034961,0.12382909457677317,0.028817383416104608,0.01845157807083986,0.10671143194314675,0.019860817090419113,0.00839794360815647,0.04221599337882653,0.009931929718422716,0.7860497521208585,0.6129250770450149,0.9906103286384976,success,
PAT_800_1513_509.png,0.6562346487456239,0.3560972343471563,0.5992532922237243,0.017136763676091,0.09780449039903906,0.04682790224609966,0.014188187592332181,0.08827242693078516,0.04099613980017039,0.014891236683223733,0.02221349674114287,0.0055658803106614085,0.7386530225136974,0.8203405828524981,0.9328358208955224,success,
PAT_333_702_840.png,0.5792570456621329,0.6014457014738409,0.14158111369644305,0.02760726721339017,0.1415814262188354,0.09302692053440656,0.016781681219661698,0.10875879755224978,0.11148473483118675,0.007221591774423707,0.25059921653840334,0.29500819060490446,0.6806974849963516,0.5473010397343582,1.0,success,
PAT_1439_1522_320.png,0.5942050777852743,0.34492931687064576,0.5115301887157776,0.012137531625508532,0.10181587786660236,0.11500137095776723,0.00995769162984423,0.09638125519702857,0.11520737093883196,0.00890136328763202,0.0689798094424725,0.08404887354994728,0.7349466623976053,0.6686357779991655,0.9956896551724138,success,
PAT_423_839_717.png,0.6843314007812863,0.2208783415373531,0.6333137624229546,0.04073592129085554,0.10286983261436436,0.06819006770779668,0.023516625704531224,0.09289135451625866,0.06267337462992242,0.004250749515760314,0.1030596362886132,0.021883666062771145,0.6050509709306389,0.6494939949233877,0.8948035487959443,success,
PAT_837_1583_124.png,0.8115476457910915,0.18942536591980447,0.6963807761708934,0.061461395837633916,0.04028577856468135,0.052812963891027034,0.05871978731021003,0.03696486404212582,0.048051672039399106,0.018312669354999873,0.023164382146140056,0.004823922654400237,0.7920251782005259,0.7302895388174832,0.9414519906323185,success,
PAT_38_1002_668.png,0.677330398144737,0.18956882129598024,0.8075389200024161,0.0300780934990725,0.058835260737414394,0.10214817050677862,0.028863806287284723,0.057141821701485816,0.0983625060279859,0.0012774761976997537,0.019383934917399176,0.03679724034923382,0.7086707097435184,0.5980315896643894,0.9859437751004017,success,
PAT_568_1066_235.png,0.6177121174274638,0.207183227997884,0.8170243267839196,0.030586375213325967,0.06100417823426206,0.03843141083695587,0.029645624666866363,0.05661895742970691,0.026143710072638014,0.021611869726906402,0.03923890218712092,0.010824545854715484,0.8707229277745444,0.8559584613867877,1.0,success,
PAT_451_878_634.png,0.6710742945226015,0.20632655668099112,0.5642507903423395,0.06016580868059037,0.06822413450880409,0.04384150742194748,0.049036811403272366,0.06435262153446897,0.0378723308731257,0.06915713325755948,0.08117100013938905,0.011252671143145765,0.4996657280843083,0.4741665560481374,0.9887892376681614,success,
PAT_166_257_586.png,0.6359389622703644,0.41921113259316717,0.5676673188464522,0.01427086770423087,0.04564319117178407,0.034698983530498224,0.014156621518191258,0.043125823693001324,0.02966152295698964,0.0027009592414482123,0.05976155049128262,0.02618814878630593,0.8994641431943248,0.8455748809524903,1.0,success,
PAT_815_1533_460.png,0.6573718151343567,0.42718465216648815,0.6811833015074596,0.012496305013391421,0.07561556573531662,0.0636464565255124,0.010094008412323937,0.057556755847987695,0.057506821366560094,0.017143614856113883,0.022350027075865253,0.03738769407269871,0.6186366858236003,0.4876968032351775,0.9672619047619048,success,
PAT_257_396_494.png,0.8454230780051512,0.22550058468741538,0.4710148808385295,0.2625434865926889,0.10702388876173806,0.12439277369972623,0.19207386487102232,0.09234331988683321,0.10914730197763028,0.13661480883461366,0.14537963752663058,0.14551036154680652,0.8784579772629044,0.800778191488395,1.0,success,
PAT_660_1249_373.png,0.6593887372868633,0.25478997097235545,0.6365910940245406,0.011924826040169504,0.0504634457022375,0.0351129793137252,0.010642701837150343,0.04455189991712185,0.029385802367240275,0.012393255816923066,0.03215024334492933,0.010193817750279277,0.8544787498607376,0.8638836404245078,1.0,success,
PAT_1320_1135_471.png,0.6848234154551334,0.17292250233426704,0.7977637721755368,0.010837796094181434,0.015549344548773351,0.026396256236094148,0.0018308991137144792,0.01697860962566844,0.018727718360071366,0.0003746338114404403,0.03429961131739517,0.014521638112609314,0.8259920456924135,0.7590173568122028,1.0,success,
PAT_860_1641_998.png,0.6704002002248028,0.3424335595137122,0.5335243809143675,0.018103738318310036,0.09467083796621206,0.03387068348378615,0.016567595979270603,0.08484775631173064,0.028474169490673888,0.010921200591057337,0.04720748625178939,0.015673152176121863,0.8237202749156881,0.8208576330378038,0.9942196531791907,success,
PAT_857_1627_310.png,0.760110470597716,0.22818795408520726,0.6489938143637288,0.14416866296696504,0.0973132705802464,0.13393435981510463,0.12699068668216348,0.09104450660768737,0.12762395550698077,0.053401100077578825,0.014264730410644327,0.005466410790971876,0.9095829437503007,0.8720504210683824,1.0,success,
PAT_1636_2869_739.png,0.6326582561883834,0.3235367616771517,0.5566335966868838,0.009703338233547836,0.05401597533309102,0.06625642939106297,0.009083400598836468,0.050195186409090015,0.056841732360994414,0.006743211490288401,0.04853730107168985,0.052844530580702376,0.8105122711345569,0.7863851310777396,0.9902912621359223,success,
PAT_829_1566_135.png,0.6774230695491039,0.39259207548047925,0.6529533146292484,0.011915807496493413,0.0862885279004351,0.05177505092466642,0.011289898703814947,0.08076119705014592,0.04793147331334469,0.002734467749904152,0.07100768164470961,0.04839172844067974,0.6093381156584591,0.6568915776926474,0.926056338028169,success,
PAT_50_76_728.png,0.6635899015514763,0.35395165338351386,0.6552251369727242,0.0434826401634138,0.11536337599348322,0.1304478772583973,0.030496860193347124,0.11272887185612737,0.11842679891778464,0.014434764749715454,0.15433602920767736,0.12194013340901433,0.5597287908588282,0.5553719342796738,0.8813131313131313,success,
PAT_1786_3420_346.png,0.6576501902287853,0.1708145856767904,0.5132441165442555,0.03666825773961691,0.0339054270836863,0.041809900740443565,0.02949687378885904,0.031002286503590264,0.03797293447415267,0.008467061687233565,0.006736326177227248,0.004397241051911083,0.6440832270461506,0.6625308454264898,1.0,success,
PAT_51_78_959.png,0.7202731517067716,0.22961936116162668,0.6251482358508037,0.08427326303687531,0.11081830810567404,0.06104966889448972,0.04952357341507922,0.10029937263182227,0.05121731912160532,0.019926771467539735,0.09420977503952349,0.04061218002422651,0.5636511742711248,0.4788553017108714,0.9990723562152134,success,
PAT_937_1768_126.png,0.6543564029417832,0.337789916425411,0.5410380043206445,0.01520892202090044,0.10083180923504916,0.08096108940051326,0.012172408316582426,0.08919341422664831,0.0696488300710915,0.0035303436605224033,0.07984095167191918,0.07260649808311459,0.8269784421854124,0.7372134680341048,1.0,success,
PAT_626_1186_898.png,0.6774052772939119,0.3799266122675702,0.7689869391601297,0.011739115794438718,0.05772877218045068,0.06936094071524386,0.010172386167616206,0.05553030828408333,0.06520861036134157,0.004448091604115865,0.05918185998896758,0.08104381745254208,0.8194335134115605,0.8220079009486171,0.9947275922671354,success,
PAT_263_403_382.png,0.7086898599299547,0.25501108731558375,0.4759094895577211,0.050423407459396954,0.08939361173336091,0.08334526699348027,0.043799561073446666,0.0824099468345521,0.08061461059117428,0.0029617841127221804,0.032920211104440295,0.0020645794028538167,0.8281511732737754,0.7291980100296473,0.9895988112927192,success,
PAT_1498_1715_345.png,0.6547111924385124,0.1996772462785581,0.778385482737251,0.03972721639354455,0.0861874054294611,0.1146210746727461,0.03212859084561208,0.06752920287609947,0.09427832053192431,0.0009134252090065489,0.00028577717073779985,0.007403783204851244,0.5326789070151108,0.577620776423029,0.9688473520249221,success,
PAT_1534_1810_719.png,0.6745841837240525,0.33260084127800416,0.4719420159904356,0.01721254480605515,0.06041054956668931,0.07233581382475697,0.018269416792455393,0.06104121031494003,0.08280722364530381,0.03740879917055856,0.13418984735865344,0.21733965927346555,0.9053372482224001,0.8782124222761395,1.0,success,
PAT_368_1652_733.png,0.6611045433194479,0.2418839462234338,0.6175651767764476,0.03699169057408334,0.10703677179979555,0.06803511423621574,0.015442789033264863,0.09495845025366625,0.055339434796158146,0.0043968903774306515,0.04166120372676679,0.02538347863928414,0.7212876769483503,0.7458042259672821,0.9823232323232324,success,
PAT_1364_1246_238.png,0.5779852995317026,0.4353532583167355,0.6673447037260514,0.007158670924822684,0.054522050242279164,0.024742504227787523,0.006791430992860937,0.056236755135182004,0.020809621705445425,0.008890302251355564,0.12127190208215499,0.037131555830806184,0.8078201060882841,0.7524865524466636,1.0,success,
PAT_360_742_782.png,0.8230357028143089,0.14289118805159537,0.6070477696577612,0.13761854721647354,0.053229121095078,0.12301777262418553,0.1005946621251892,0.042300871749955296,0.10975522576087396,0.01077946613294232,0.0032234667120474014,0.028274138747907296,0.8236397224795382,0.6888570153381346,0.9681528662420382,success,
PAT_650_1230_636.png,0.6356636630394886,0.2810776482603108,0.5984670003245854,0.044981952077123605,0.075046241029678,0.05430763761775191,0.026787901765598712,0.05946297270711817,0.03824698058966641,0.026849388393454396,0.04284750562316453,0.024148539958226856,0.7470249897808972,0.39592968798679307,0.9762611275964391,success,
PAT_756_1496_599.png,0.6016210948794721,0.1777602819330409,0.5853391069620965,0.013794005443765685,0.0076484555457939285,0.03919937187971976,0.012369813873193216,0.004147715107699579,0.03845134042188578,0.010451086008839797,0.0011053736163917083,0.012048632574561013,0.7937534422901982,0.8192747955239753,1.0,success,
PAT_514_969_995.png,0.6212862164094693,0.11335182715471574,0.6019958483567233,0.09175160049527005,0.0464221325773492,0.025221455332434015,0.07320606347456654,0.0419208463919902,0.018906657429327185,0.018672321375935514,0.029071445570310925,0.01738284098040066,0.8997836452984751,0.8420782394469151,1.0,success,
PAT_1653_2916_994.png,0.595119362892782,0.39387959744083384,0.5886011604697672,0.004268344638642031,0.045501264426935625,0.06348705373107627,0.003060552330155225,0.03645518740849051,0.05380183302848882,0.006502162883153377,0.06543631729476734,0.09461391248193585,0.8434227994110615,0.7474542452211393,0.9978902953586498,success,
PAT_1326_1156_783.png,0.7619125148663802,0.23820812959944684,0.4488403925802059,0.06525149969518734,0.09105537675322399,0.06733444337796571,0.06390588022559839,0.08323657770365057,0.06612550529560965,0.12715889619001644,0.15624492320515415,0.1579194140937269,0.823790433641634,0.8383714671875644,0.9901960784313726,success,
PAT_686_1355_168.png,0.6161184662201193,0.2716559705432182,0.5058319205280852,0.051575893421093796,0.07036698194066827,0.09398677847981168,0.03604029913599808,0.045471884654085935,0.08452638486563413,0.007657437098267018,0.021158213133315007,0.10214558662795892,0.8721796975584419,0.8371221122425654,0.9947275922671354,success,
PAT_1811_3487_560.png,0.6603051427788784,0.3148122023397371,0.7069938725282637,0.013993591214316993,0.06345364420330984,0.026280265822367546,0.011719421725116388,0.058515493548846005,0.023282631207426612,0.006291934521120071,0.008235077408053904,0.00024251572692379764,0.7312203297426473,0.7266095588054263,1.0,success,
PAT_1282_978_328.png,0.6383320186607437,0.41435637482269333,0.6542771392876461,0.01467960605048965,0.0922868259149516,0.10275022485449554,0.011472519144976519,0.07677898097019055,0.08428799381372015,0.013294775577943499,0.029161040089238865,0.0030070536902999656,0.5532019516032978,0.5486952199628277,1.0,success,
PAT_874_1672_743.png,0.6527557735921182,0.5562887135136952,0.7098759041701953,0.0055051493886556484,0.06636760105830537,0.07099561386368991,0.0043925623151591705,0.060021150800431224,0.06861180728251227,0.003871427433620372,0.02873058486764768,0.02850670765335972,0.9251470871971268,0.8715633679830186,1.0,success,
PAT_883_1682_256.png,0.6548072635390942,0.745736516458358,0.3384329796376424,0.016433213674523706,0.20212270061088589,0.11566791908393223,0.015892047047211266,0.18596011772479756,0.10637860043904886,0.014165888575204299,0.10537676292779807,0.054053019316265716,0.7862278297047518,0.7994486974479986,0.9577464788732394,success,
PAT_599_1140_399.png,0.7466448348867486,0.11808839804088536,0.7061908776637706,0.2569815262875611,0.0756721920848592,0.0928500063918275,0.21434547622858324,0.06465546911890728,0.07884571777248595,0.06796665730997234,0.0202898756038615,0.024083920068744602,0.8005341752935577,0.7714181704197596,0.9937888198757764,success,
PAT_628_1191_564.png,0.6286545410416385,0.1738226987720772,0.7513947626981076,0.048672673277205564,0.03411139100130042,0.04710904755981575,0.04116520193859699,0.029807141669072643,0.04558432775341062,0.0018368016549211398,0.0057941019429173235,0.005800971025267221,0.9196553956257114,0.8623390315439001,0.9918032786885246,success,
PAT_1245_844_471.png,0.6319515090219012,0.43347092747133453,0.6591106587963905,0.011409404834942934,0.041602571902007966,0.12005647521124961,0.011256951071462209,0.04068510439509429,0.12306813591926276,0.03051464810164567,0.15600161898703557,0.24929518304182063,0.7352225670512094,0.6828746680055475,0.8879310344827587,success,
PAT_375_764_705.png,0.665278538428851,0.45266619179352957,0.535846847891508,0.019663364275954276,0.11198351341465866,0.14682469707525886,0.017143191019316967,0.0945482745782463,0.1392477293243878,0.0203345920751117,0.09047329723809955,0.1082455697932172,0.683060570933689,0.7071550717924702,0.8547008547008547,success,
PAT_1161_578_233.png,0.6036713473067207,0.47307625471868026,0.4501449606052587,0.00543553612002493,0.13970445800579723,0.0774822280482189,0.0031955997973326707,0.14986725743173415,0.07117854842113197,0.0012199831976111063,0.3098255627294425,0.08898299178630004,0.711720636297158,0.5424603091185816,0.9839357429718876,success,
PAT_2159_4792_718.png,0.7023327902379216,0.12903745293900024,0.8064627194414187,0.05579407531525906,0.045619060860504795,0.14088945339648312,0.05530282709914383,0.04593520574484138,0.1544669822378726,0.09507653564700685,0.026227848069582116,0.2724945847967194,0.8541233624578148,0.858351128147475,0.9806451612903225,success,
PAT_830_1565_911.png,0.653524625595063,0.4771075520963262,0.781862329325284,0.0050842438052718635,0.04003397873476404,0.037167188269591984,0.0035901574142310905,0.03589121603712252,0.03097169842429378,0.004308793649725592,0.04251654397590632,0.030704515594502158,0.6831875341003131,0.6008826447552488,0.9777777777777777,success,
PAT_269_415_906.png,0.625189620549152,0.36306961449844305,0.5804131538837928,0.03572161415935951,0.13910728115873247,0.10831147836916447,0.01969286976423328,0.12675539075458456,0.09134946669544533,0.01005677168218284,0.0845630186301945,0.12436407999988763,0.8996735408591441,0.8211865058521166,0.984251968503937,success,
PAT_369_755_733.png,0.6798237540246372,0.3318506801645049,0.7196055480085105,0.015915628848485547,0.05783338810603328,0.03432965735200424,0.015585769166862638,0.0561053356849804,0.028361902225333295,0.023460326182205192,0.08195961262637855,0.029187251359001576,0.8033371457486452,0.7424879703775328,0.896875,success,
PAT_187_287_482.png,0.6760968936443917,0.30574000003760976,0.5625376802682327,0.01624252813592173,0.0630794249235803,0.0855781378242769,0.01650240731814021,0.06859051834636995,0.09429351695114484,0.03282516773268982,0.12039490563959057,0.08735581473422516,0.62767199329791,0.5589990523180267,0.863849765258216,success,
PAT_567_1078_978.png,0.6764454957459106,0.582256026423925,0.6769391921560957,0.018681503134971328,0.14396548695373254,0.09089544892212979,0.01631914067821232,0.11941586878790832,0.07489591827633578,0.006065767459200326,0.11936010885801657,0.08399033102718789,0.8482977243702234,0.8093049030806978,0.9907038512616202,success,
PAT_912_1729_244.png,0.6429388970900708,0.428890083088752,0.580582310225566,0.009269736153981563,0.034482837399803845,0.05370860891866611,0.006934767769284136,0.02754753447472164,0.04998871509311639,0.00889841446042499,0.030954804152877435,0.060365265946058067,0.8079031561798778,0.752236684480753,1.0,success,
PAT_63_1075_331.png,0.626043123934424,0.43405611591303656,0.7730250353739182,0.022424013372093283,0.12248368961102404,0.07603297814481269,0.02140913590781211,0.11052021451440634,0.05594749598321617,0.03483618529844147,0.1071194735368039,0.06060790097866475,0.8531235363890761,0.7840956904537277,0.9858012170385395,success,
PAT_188_289_859.png,0.8068041800307237,0.175616164408221,0.5777853411785036,0.11171607165884742,0.04835236160532842,0.08098696675949613,0.07701914652695606,0.041545621798021355,0.07798464379064303,0.022928539391649218,0.02752079305320898,0.0284986833732771,0.7130051498613766,0.6677064828499573,1.0,success,
PAT_480_921_1.png,0.6319424922730794,0.49259805677914303,0.8697406228704309,0.012707836142609287,0.09932400640712827,0.06345127453879458,0.011746309165045559,0.0938749308354998,0.052830408030520803,0.015647814553024376,0.0772096792058915,0.0409214197243849,0.9267065796417091,0.8719395776421156,1.0,success,
PAT_1730_3236_201.png,0.5739005451419135,0.15951598276111906,0.35253421969967097,0.12167406142202836,0.12838790507183265,0.1119107945737163,0.060323617895896256,0.1284258763717496,0.10652094572455514,0.03889707787961206,0.2586216763336686,0.17103668919526577,0.8262829748330143,0.7868871794413863,0.9886363636363636,success,
PAT_299_1455_759.png,0.6510968054044931,0.5107917798708842,0.3951305217962964,0.00947310219521469,0.12390844668551686,0.06148818238345857,0.009066325482623606,0.12259581899173376,0.06097744903121385,0.01646002383855934,0.1752678619921802,0.10100715334694443,0.734956215730263,0.664059602509324,0.8940677966101694,success,
PAT_1718_3202_152.png,0.6160693703994429,0.4479499954488233,0.5264430922583626,0.009332550833726862,0.0757616183840058,0.09275956045441731,0.00859959718039032,0.06339387256037218,0.083923711492317,0.009568467385116087,0.09875049913653694,0.07998856959582379,0.7487831057436349,0.7195206269641637,0.9956140350877193,success,
PAT_1694_3110_213.png,0.6886513763222945,0.547207801002212,0.594773749868328,0.022773574104741585,0.15025057219330684,0.07740424742583467,0.022080566219896212,0.15589847686183714,0.08384656790491081,0.03710131758352359,0.38826248374487426,0.1843518134004578,0.8410476690218475,0.7976397891898115,1.0,success,
PAT_453_883_719.png,0.6644048465164265,0.4471645656428125,0.856482092932791,0.04750699615975413,0.11778058528219121,0.05316167790742906,0.01701810433212751,0.10688455204761127,0.04853372419269021,0.006006415293904944,0.058599743676785665,0.010069613450406911,0.8320866801259803,0.8181448555363784,1.0,success,
PAT_59_93_573.png,0.6431010889850141,0.41638621651575586,0.6704483909042007,0.008726974227445538,0.04290860381131468,0.03847565363896036,0.007952364586528713,0.036352496263350215,0.035078188827679865,0.011864509101981547,0.002074609247028736,0.014190021851531176,0.7850944907650232,0.6767036560366704,0.9963898916967509,success,
PAT_1581_2570_738.png,0.6193844554779878,0.25082265535835346,0.664839370101778,0.01580287271336949,0.06806751483994299,0.060873918489053346,0.01140365642234793,0.05394167564460849,0.05672498198297986,0.008009268588692938,0.031747040319215325,0.04611460338876405,0.8442551349502114,0.7282017965777458,0.9225536368393511,success,
PAT_1136_517_92.png,0.637560216518728,0.33395499463726014,0.48048587464725667,0.01279288169410564,0.08169769071459697,0.0622627456236949,0.010842252555157288,0.07611638235757669,0.05787354384164458,0.012057141094866037,0.047173468764623305,0.08204643080214802,0.786578353215915,0.8212208529230761,0.9785714285714285,success,
PAT_662_1251_43.png,0.5328741018307892,0.19400029993798712,0.3467422491105536,0.16341595243362037,0.11404190145813022,0.10329618238007768,0.13862054216844538,0.10689758896148113,0.109027340305451,0.12385367416681442,0.06921366329834244,0.21926419571494726,0.847307736811129,0.816931028982561,0.9590163934426229,success,
PAT_1278_966_295.png,0.6547574531186524,0.2688016883066977,0.633794749019429,0.014721778123055565,0.04232975088666779,0.05096365177708428,0.013889191941937225,0.04022427109000273,0.03184840233126984,0.00861190305875673,0.06250913659999796,0.008472372116259508,0.7198214039204545,0.6532622562448819,0.9897260273972602,success,
PAT_656_1246_489.png,0.04331733858064345,0.25969531173753274,0.35156374681142094,0.31660927589844645,0.12289399476082079,0.08208461344767443,0.3640142522534869,0.12796001773971868,0.08833867810966572,0.3580083987712887,0.20261532387780812,0.19139895105640264,0.7784569999845836,0.5975441031476995,0.9968782518210197,success,
PAT_1324_1146_143.png,0.6139378362778477,0.5023928906281847,0.5812223520134271,0.011847054516385696,0.08553192354306415,0.04854166971334706,0.011022297414864709,0.07971086538287271,0.045661400348916824,0.009831360371409421,0.020632262749348207,0.016416417098036096,0.9023012353503115,0.8829314709250977,1.0,success,
PAT_56_88_274.png,0.6961543840574553,0.4575079483688043,0.8925430139958495,0.02878247962793677,0.11260206070137418,0.07514294770196953,0.02460018147784569,0.09366874328011968,0.06436337667320342,0.035781139834971915,0.10878951192389491,0.026716330809170352,0.8025210013575284,0.5439584801374501,0.9702380952380952,success,
PAT_193_297_295.png,0.6436836819240525,0.2790019097412706,0.7694059766474103,0.017403982965588878,0.12106158168632997,0.07182350275479468,0.011813601102453091,0.10612750065467087,0.03799334425856625,0.014598571900937114,0.10738656435368285,0.038240705694578714,0.8493404059551919,0.603638220589169,0.7309941520467836,success,
PAT_771_1489_70.png,0.6705597514910077,0.10478461981545537,0.67151810510476,0.13048128427330533,0.07376317331075206,0.07729510761661208,0.10495986186873271,0.06838817464264357,0.07357556641492208,0.0430025617509718,0.03534363943216892,0.00892377999153715,0.7346219306870456,0.6054749022885986,0.9966024915062288,success,
PAT_260_400_566.png,0.647591345168209,0.5002037540995046,0.7436305910264462,0.007173560839840719,0.03937285608926005,0.053008458859631784,0.005925012259717556,0.03634293478593334,0.05226117517300692,0.003741442434418237,0.0206063530088908,0.029173678610402543,0.9362714143485555,0.8648552666503271,0.9880952380952381,success,
PAT_419_833_148.png,0.6231677209797284,0.5922427143594668,0.6357100347064241,0.01070552605608533,0.07239435359457999,0.07656696241170896,0.009252715843848092,0.06239574571660973,0.07177982904121516,0.0037880671788526697,0.06343080696740211,0.06747485896935601,0.7323311580927776,0.4726596418579022,1.0,success,
PAT_757_1431_907.png,0.6552951002568673,0.47193703568383877,0.8059280233832664,0.007379960588031393,0.024842254581083627,0.036713253807280334,0.007029129439912586,0.02342463985531302,0.03437422205226521,0.0015730063104865306,0.01083996400492565,0.024388185225781123,0.8244781592800513,0.860015534137873,1.0,success,
PAT_1547_4231_928.png,0.6517335452818791,0.4047299682315566,0.8033339562439872,0.00794441554217229,0.06399128823953587,0.06196642496538882,0.006554667881177487,0.05630772748977975,0.05078418892975815,0.012365624554567252,0.05152044180823451,0.028642380169271675,0.9446526232988572,0.8985374314575724,1.0,success,
PAT_445_871_524.png,0.6499214079705345,0.5523872985960399,0.6071699480848549,0.014517937245572703,0.21763998701885512,0.10860678260944519,0.011148234373813098,0.18818119960569676,0.08835660593410413,0.004574989824110847,0.20362638639056851,0.05855573140071446,0.6050038825047885,0.4012061976929344,0.7569331158238173,success,
PAT_904_1737_511.png,0.6474582200013087,0.34811921191733713,0.7001553348264535,0.012257125531879205,0.11015488498428888,0.05569527157142792,0.010554348293560164,0.10180325395013698,0.051278910233802204,0.000484196937140761,0.016318946672101653,0.006385517854070155,0.881561432660326,0.7929861019630768,1.0,success,
PAT_325_1506_440.png,0.7000472093530534,0.14233729902386164,0.7060831075899644,0.014974429783241068,0.022461586394243258,0.015875618961235325,0.013498006279823298,0.020485001202928475,0.01179450957685282,0.02048763198701885,0.004379069835633326,0.0057292924478039575,0.6262166393385181,0.6413136495287178,0.9659969088098919,success,
PAT_866_1649_674.png,0.6557726384423821,0.1517409783460888,0.8880407534499377,0.0040269483333457605,0.01098906948782063,0.050095720633776895,0.0007987029064746537,0.009885933226696468,0.05168210339257582,2.368772026504947e-05,0.0019913062664272396,0.017847902516799796,0.8932960250854455,0.8410912903723414,1.0,success,
PAT_471_909_344.png,0.6454964772720111,0.20886145487800134,0.41711531127353313,0.06221595718102984,0.1014023188185927,0.16940296028600924,0.012297860548852266,0.07309738406128936,0.17537783436760013,0.007820485353011481,0.008063409918834835,0.32552402041112255,0.7623545834147625,0.44252001589104495,0.9971050454921423,success,
PAT_1575_2516_618.png,0.6933401963815412,0.27067225495080943,0.6544466914817746,0.009023845068974986,0.055393168018548385,0.023358463741624695,0.007318972246556357,0.05599408931605225,0.01704814406237529,0.001779835948697755,0.0828597066185931,0.014355471510211548,0.6815431000635302,0.7534442660627215,0.9078014184397163,success,
PAT_300_1689_862.png,0.6533085284310001,0.39460872637343225,0.5479526585408939,0.014148879819954613,0.0556678222279607,0.05048155032323201,0.013468271638161198,0.052176649518897285,0.04638654728065184,0.02900192183533521,0.03692854978364302,0.02776561353318896,0.7722431848273769,0.8082125911861804,1.0,success,
PAT_753_1834_712.png,0.6065733165600089,0.7317062089136885,0.8488307705413809,0.004025730121797922,0.06292553430752393,0.0779950913114601,0.003071991873699579,0.04609458508803945,0.06371482203333625,0.0034422776273690344,0.035489355778035137,0.06460643631335627,0.49133253599623683,0.4779326127217819,0.9829059829059829,success,
PAT_263_1480_753.png,0.6410495814539465,0.5324408565454162,0.6807384890991434,0.014796718930528186,0.07896938611602546,0.08881162022560467,0.014996313934884467,0.0707210901769188,0.08436870622567991,0.02729619977233734,0.06664151321262873,0.07138601457481031,0.6172289271636153,0.5643443692719575,1.0,success,
PAT_1312_1102_578.png,0.6268547312632934,0.1817142123136841,0.6172684433428065,0.0192317380470882,0.039052535701067724,0.03590555278707301,0.01711396603299911,0.03511250858268196,0.035045124884018446,0.015064923543104354,0.041972566250024684,0.052380605808971636,0.882210231179022,0.7223096659208309,0.8984547461368654,success,
PAT_1033_153_301.png,0.7465315726948195,0.22043510402365615,0.6379184707994509,0.017049410700365746,0.026517171485199373,0.015895046401524192,0.014727181079818857,0.02441966562032461,0.012391919542068822,0.0064938818378526735,0.01595063080853279,0.01302870628120334,0.9332484974239159,0.8873921133407626,1.0,success,
PAT_972_1843_756.png,0.6409670003711221,0.2729836147873056,0.38684063985922496,0.05897212210958655,0.08091990695514038,0.07893968949397663,0.051525542626653924,0.06653655843200518,0.08014625690677145,0.05424124230360934,0.06971341161559766,0.11278828044274597,0.7184734610285849,0.6059012216619247,0.9685230024213075,success,
PAT_1245_845_32.png,0.7930968712844326,0.22347000450438026,0.4907619986578785,0.007967081389455108,0.015605562094568403,0.02401824790705161,0.0035552684353737513,0.013259526656524901,0.025107336083536373,0.000363226865833926,0.005338386313428256,0.008870922898882194,0.8223956848215459,0.6767498420261844,0.9955357142857143,success,
PAT_716_1345_460.png,0.6600001149421647,0.5577022246207352,0.7286002678339429,0.00637031495489809,0.09388442300261822,0.11239431246751354,0.004928044760044944,0.0877757855475684,0.10633201243017922,0.001245780940983031,0.07454018657131467,0.11008330968628444,0.8787180094786731,0.8536601833420719,1.0,success,
PAT_2088_4525_507.png,0.6122661037427161,0.4937209961214182,0.3935754271813359,0.01069291794455354,0.06350539826346382,0.08169576503377149,0.009942262401498455,0.05357444810279647,0.08227963588223136,0.026485398028680704,0.040463209670990485,0.18414358702985317,0.933228714422744,0.8236939603742501,0.9901960784313726,success,
PAT_161_250_197.png,0.6644464024950176,0.17466392334757158,0.8459010385422289,0.02619385952347786,0.020217134399338983,0.03345718239894013,0.024495563252017544,0.016202755997963145,0.02777400684736796,0.017188468467907034,0.003350319247004102,0.01261078584353481,0.7100905665425354,0.46213230504659597,0.9782608695652174,success,
PAT_665_1261_17.png,0.6381950174317683,0.38003390445163177,0.4830288790469406,0.021550337012066118,0.09683209356763242,0.07810895870986012,0.022958045278675357,0.11145983574591362,0.0817853229675012,0.03904061840048038,0.1767435265858806,0.11019324644106532,0.7025416597675662,0.7350586134666542,0.9298737727910238,success,
PAT_417_828_723.png,0.701008568826932,0.16421792269802132,0.44317019555659926,0.19281917880111749,0.08452644598241726,0.07075216460132974,0.1700234971975728,0.07114665973747934,0.06676121916865892,0.10057146534114286,0.00864066076589845,0.06230882436669977,0.8084928864698757,0.6801559277729853,0.983132530120482,success,
PAT_1332_1174_839.png,0.5750947721251546,0.33982935545557436,0.441411028784559,0.01163760704573908,0.06604094685594272,0.053891923137303725,0.010537631568114412,0.06068022929630766,0.048461218669208606,0.008569859579360342,0.014143340440793128,0.046496902381392036,0.8324411881144571,0.8777675269734484,0.981203007518797,success,
PAT_14_22_850.png,0.6393744367063554,0.6060832039945072,0.6718421472635298,0.008630541272529928,0.0952101562570438,0.1359094787806652,0.007213431961846758,0.08343884616416729,0.12266875791393657,0.0038551566350113675,0.03321276383269678,0.058986424972097384,0.7425350329624861,0.6880779321936487,1.0,success,
PAT_272_420_10.png,0.6151589172746601,0.3705841099804924,0.6900869943186254,0.030181921211164676,0.13096067109124335,0.11213494680752557,0.023667962734611643,0.0823603078187887,0.07673464785411235,0.011976877560170055,0.025929890494689634,0.04780771537832662,0.7551960901370554,0.6274710417417684,0.998989898989899,success,
PAT_1223_770_120.png,0.6137679176038873,0.5519159505519267,0.5938194986788338,0.007997222081914635,0.05663556586600225,0.040523868232591576,0.007850508415343786,0.050686425416694755,0.03558402892194429,0.012761600090615685,0.10411980872496213,0.07580781103964152,0.95038255069433,0.8991986354950207,1.0,success,
PAT_1726_3228_674.png,0.760508246944184,0.08095017778907287,0.4927293645570189,0.21039519700758239,0.040445059169667015,0.08852109851526051,0.18444862267157422,0.035481758835204075,0.07142236239773461,0.012921514065676515,0.01817575215279635,0.0034573546777983966,0.7412805904289184,0.7344726117793979,0.9902912621359223,success,
PAT_73_111_609.png,0.6413591072469632,0.5063873918822809,0.7452373713197021,0.01442172497807504,0.1597206984551439,0.08160599664443983,0.010988361506692508,0.17118304301157344,0.08303900841513857,0.001578474010027896,0.06726292103012277,0.0012791371669205187,0.7791190889414039,0.6884775461496692,0.9536423841059603,success,
PAT_677_1348_657.png,0.7013451706213756,0.349132678318633,0.5832730966297637,0.12135571675636611,0.1460925419736744,0.09253895655059524,0.10506018064723185,0.138940995677897,0.08679061104556257,0.04154199003507178,0.07231964531695878,0.03822359289277699,0.9326999230454123,0.8492042195555073,0.9918367346938776,success,
PAT_100_393_898.png,0.6433387977370199,0.38578553372568536,0.5312876370060219,0.015095636676785314,0.06703903380033789,0.09412323075736738,0.014080117433190839,0.06254452471626937,0.09177345817791566,0.03251267739779454,0.147218887555022,0.2104490576718493,0.7540073272728582,0.6574756909774913,0.9841269841269841,success,
PAT_1492_1705_728.png,0.6465347785257367,0.4001990721214677,0.6325630783734836,0.011064203540665011,0.07455362522709916,0.0664921855103391,0.011368250709856262,0.07061610183490458,0.05963464796685741,0.012416857863925341,0.09018466332131558,0.06581184142178842,0.7372006211019897,0.8088122282200225,1.0,success,
PAT_720_1362_700.png,0.6345640295140875,0.229769537223732,0.46522106308991557,0.1549213545692415,0.14778247273839915,0.09847848016260892,0.13548806770496946,0.1377083010559459,0.09072699050980122,0.08746622433705661,0.09462939237086485,0.08014228309422405,0.872184097856596,0.8339734962878219,1.0,success,
PAT_439_859_84.png,0.5990613608384122,0.45019059296600256,0.7750869570930807,0.013833403600076016,0.08778209879934613,0.07800918598454709,0.01100125716812479,0.05718598963085395,0.03977587557750133,0.017093603674602775,0.06777850406127495,0.05148967633701729,0.634577418151048,0.5416665946334166,0.9909638554216867,success,
PAT_1547_1876_839.png,0.7927629465030672,0.19222081021856188,0.551993979976702,0.1208122473855404,0.04699183193527251,0.06712033621617415,0.09787297166342628,0.04110349315526241,0.06119873870872318,0.015208520072472866,0.017607365439837236,0.00870977081529034,0.7523570729736724,0.8513040108902815,0.994413407821229,success,
PAT_2079_4480_586.png,0.8851693496601203,0.11151387994899242,0.6356759112970044,0.35472827105082805,0.0376170614371579,0.09970816393101872,0.31009195312201715,0.028838235606515068,0.08462982960106984,0.13388948085222963,0.01386305085191486,0.05386445932699069,0.7576528654956285,0.48019914547565534,0.9913793103448276,success,
PAT_876_1665_569.png,0.6714864114672516,0.31235982458203226,0.6855948791766351,0.014747824657865848,0.07694032413934272,0.03665447382383676,0.013691972475741745,0.06834711539763036,0.02672134909198366,0.020185316920959748,0.005360036873003404,0.0072408508540448,0.6467546313591008,0.7897692046262091,0.9157894736842105,success,
PAT_237_363_858.png,0.6535058297902704,0.26378813175527727,0.7103191109492324,0.02148962339609064,0.05601088529408741,0.04886652938168838,0.01996770098081156,0.04994701912550215,0.03877741654317478,0.018307028087512122,0.015232856105026893,0.03717185389812039,0.595937012356826,0.5235811530786185,0.7894736842105263,success,
PAT_388_1592_576.png,0.6442577063882118,0.36641354971875056,0.804978363841476,0.016945853644182343,0.09014502943450302,0.0737208968305752,0.01040940162716776,0.06333387602169974,0.0408439755385252,0.015655150268411293,0.046766378529357944,0.019115686386064756,0.6180899137018935,0.379555853248167,0.8503401360544217,success,
PAT_58_91_845.png,0.6992486048083695,0.3415868062613732,0.5774833030251421,0.013882620000299635,0.08916938370931314,0.07045744971396567,0.012411395801509873,0.08310949959925228,0.06345845523772203,0.012549111750784034,0.12697980549675805,0.02687163392650571,0.8684251345594736,0.830724603262815,0.9954954954954955,success,
PAT_36_50_14.png,0.6477635230388112,0.5098155126522779,0.5405892703575523,0.009604593568879565,0.07107073896255713,0.08643907574798469,0.007391083583346846,0.05236922586558561,0.06968506119349471,0.0022974230196965094,0.010984299842179301,0.035025507106308584,0.774332338169272,0.6551784527538477,0.8715596330275229,success,
PAT_201_306_781.png,0.6557317981644387,0.4381318294858717,0.5535937594377558,0.009381359219515117,0.10692879825726855,0.09466007821565443,0.00818712443383861,0.11487729678055146,0.10132860791512478,0.010467650397383387,0.02834398886732592,0.002853198571244664,0.7449958238422325,0.7916375002952609,0.9119496855345912,success,
PAT_771_1490_334.png,0.6508204024987985,0.21787093285036913,0.336433611289288,0.18645664803540288,0.16116828429470845,0.09797243032430102,0.18001940113059292,0.14436966686773978,0.09165465430516334,0.031460812066826806,0.026293386267137647,0.06920567392632421,0.9102492520251562,0.8595799186393448,1.0,success,
PAT_84_128_233.png,0.6548125816142957,0.4968469906963871,0.658985331374678,0.008982297561223833,0.09938409282268361,0.08566701021705016,0.007911211896787108,0.09435504230187274,0.08270228445174897,0.019251314365650054,0.075439933468613,0.04076134247288743,0.7453161230318971,0.7258640997454163,1.0,success,
PAT_1301_1063_739.png,0.6558225945312044,0.20982606383616995,0.7057273318062368,0.014361030420642507,0.04213122869800867,0.03417614232213824,0.012357643988573645,0.03709054484289473,0.025682133109836466,0.02123545798261917,0.032720718608633514,0.0015263157778545589,0.8067019108238158,0.6613102663400905,0.9958100558659218,success,
PAT_1401_1374_593.png,0.6261798418414599,0.25785570027841087,0.5531747534432211,0.03510193163027856,0.10594820765126213,0.11759449607097863,0.03475432619987008,0.1013844665019355,0.12361623327423646,0.08396241859634965,0.17995970088209573,0.21996246174263046,0.7957637478715489,0.8235016467977526,0.9771428571428571,success,
PAT_1184_678_86.png,0.6346343253918643,0.23162487266715157,0.6167093640280779,0.018947188121927357,0.07018393411289063,0.06315662572456512,0.019330590812607577,0.06448154279491107,0.05678290701835,0.021827820719701664,0.03911742160166515,0.0513677398741319,0.9360927046456073,0.8888492523810446,1.0,success,
PAT_478_1829_141.png,0.46896075176206037,0.07601352209017638,0.8022921344207059,0.20343952760496017,0.06362918231768663,0.07584632957183406,0.18138731335075262,0.05899648747217676,0.06932134606661973,0.1092006874900462,0.07103821255885316,0.0625368425715006,0.6708277422476422,0.5761765901335397,0.9758454106280193,success,
PAT_181_280_417.png,0.7066700427274152,0.16527518771986852,0.5867068244302446,0.03736338348976484,0.031182409959588687,0.08525148308406523,0.045383254116545424,0.03384985960168707,0.08475620423156366,0.06075923286417261,0.05159603634908923,0.0988672472505624,0.7751670179037755,0.6318802887183281,0.9504643962848297,success,
PAT_364_748_278.png,0.6986737309199871,0.2535836770132407,0.542046161638087,0.0598756540040766,0.10313637059026443,0.22081893473062558,0.05806775181763257,0.08810887385311718,0.20082841704112306,0.008008075558809304,0.04790135039131674,0.02739389626426858,0.6685706932936661,0.7064668903781344,0.863905325443787,success,
PAT_251_382_576.png,0.6385561270207407,0.15357007000330997,0.9771627169386273,0.027937734939760976,0.019915975144301854,0.03256150414278095,0.024027418809896183,0.01731433655152186,0.02987041858013278,0.0152836881863981,0.017132146468510523,0.02174424685355214,0.8913229179228721,0.7481724678949166,1.0,success,
PAT_1249_861_810.png,0.6055461591062733,0.4217771130110395,0.49485874400721114,0.009976983096887404,0.0660379283347146,0.07609908790219261,0.007905415431678376,0.060026722341131065,0.06929854364409367,0.0017616164989182911,0.011656609403803642,0.04475112345569027,0.8122686652948916,0.8250085784166536,1.0,success,
PAT_191_293_314.png,0.6426810799383027,0.19496569849268858,0.530714881522105,0.04262437932965242,0.07613868002713148,0.11652110637384064,0.04102642630002278,0.06379585847013554,0.10824286676915713,0.026522558943669595,0.017864032223644938,0.1237241912026914,0.7020985791433938,0.6444536524953872,1.0,success,
PAT_573_1090_164.png,0.6063460418075323,0.38043222652863856,0.7832691479184178,0.016271629006760845,0.09821529729181039,0.06329615419572648,0.01579368717020905,0.09738639774041553,0.061585196476621355,0.007750613898441432,0.01015188496802022,0.0015502184486232418,0.9137997394498942,0.8725959187397494,0.9801762114537445,success,
PAT_1928_3876_437.png,0.6755009075515349,0.20936810429577507,0.43993522306655547,0.03956773483048005,0.08225784170083515,0.1052470190488584,0.02513357134977365,0.05758718070847136,0.09519983948021875,0.0491625203115106,0.010555128168704991,0.04277561533200647,0.8219733662248851,0.6953933058597374,1.0,success,
PAT_834_1572_430.png,0.6318803777829656,0.45511517956378666,0.6655582778375866,0.02493664099090764,0.0713796844734398,0.08109593323570458,0.02321616357790261,0.05565436135204539,0.0606092609725722,0.005047430008273877,0.0015759260245331586,0.05953155696497048,0.3976564318950972,0.6425370076174148,0.7784256559766763,success,
PAT_1310_1097_774.png,0.7949561151390785,0.10856570349642615,0.28829622031314556,0.25783466964121593,0.1064628180042109,0.07248468937554571,0.1559521814671383,0.10566625589385754,0.0737839711038072,0.11696789358148516,0.10481692955679513,0.1356535836084231,0.8011276633596758,0.7987078833815683,0.96,success,
PAT_318_677_278.png,0.6847908270474173,0.46246036645542776,0.6456057685442993,0.005664315930828231,0.09762070578783973,0.06316472865484322,0.00470564630914167,0.08908448231894157,0.04972903347751042,0.0003299694961673557,0.08553603300714563,0.033149880583602465,0.716231298018601,0.6116649320443536,0.7604166666666666,success,
PAT_46_879_386.png,0.6380605295568597,0.1648849897712791,0.7694641589532051,0.006966414324190795,0.010739625064377322,0.03983664820258443,0.0036339051870975083,0.009025278087624303,0.04126723407077121,0.0002498395891938306,0.0039566243919370025,0.02326104972060561,0.7381628705002925,0.6490766858795933,1.0,success,
PAT_1411_1415_723.png,0.6115122445736326,0.3640282956180689,0.3006542316757042,0.014650624147065727,0.0853885791641561,0.06643284842886082,0.01257699938452188,0.07909790435751665,0.07184111250794976,0.024407634178533043,0.14697099631804192,0.1604357095828403,0.7219825080272702,0.7079380588076244,0.9200863930885529,success,
PAT_641_3704_317.png,0.6219329285353528,0.42270666422964837,0.4847601313959038,0.013340192073461031,0.14493165105799205,0.10329580612782638,0.011880379351699942,0.15368998653820848,0.1067314583606707,0.02011379468802777,0.28915479520617693,0.18262432238560888,0.8183209393391115,0.8642551918179758,1.0,success,
PAT_242_369_930.png,0.6721714772201491,0.5199870238304164,0.7644910310204907,0.009588387523976921,0.07029855119521107,0.06134493881703457,0.008368261312654295,0.06039748152450477,0.048963078003835814,0.006456006058908375,0.014745658248650706,0.018747746724109726,0.8288261494026263,0.8684497166040732,1.0,success,
PAT_13_21_350.png,0.6470790336678736,0.6329440319288184,0.49305760360209155,0.005973049623894078,0.10860666301673148,0.10517208261533996,0.004053400513329693,0.09056998989487182,0.0972197746066911,0.00064270552158858,0.05395785755791682,0.05862275140646872,0.6897243405244403,0.7535645963797167,0.9337748344370861,success,
PAT_1495_1708_278.png,0.5343874850203374,0.14479015899601436,0.5489686077710547,0.033936187307157334,0.04932471177038743,0.057114684957658354,0.027263634799540394,0.04287855079681354,0.04454196485899695,0.01531877760826919,0.014711404048720345,0.03587049533430231,0.8332299541226219,0.7289291891286043,0.9578947368421052,success,
PAT_248_379_695.png,0.70050959741133,0.19412244349794713,0.6929540309274395,0.04199684294071171,0.06045609362136974,0.045642962351988545,0.03817551267093999,0.05742863752729603,0.04775185244943155,0.020086128008222518,0.01971884212206937,0.015164100619557752,0.6581493917626396,0.6088960138704091,0.9928057553956835,success,
PAT_1345_1223_175.png,0.6137536517609632,0.36411233199112364,0.4920003060817197,0.015776573111450434,0.10339679517401772,0.10341415474582184,0.012841610953839976,0.09816295773694644,0.09966756143169857,0.001700429729241964,0.08317270189624831,0.10501831209110152,0.879198913547786,0.8335738149014628,1.0,success,
PAT_392_792_22.png,0.6279511434939964,0.6203941269179066,0.7206041695638067,0.007920970965441358,0.08861049260670752,0.08300041940270184,0.006512897210448336,0.07713333971025986,0.07283012304088064,0.006420063895030066,0.047418082835282815,0.05946369775247684,0.7577192489334288,0.5619499271838113,0.9963636363636363,success,
PAT_146_217_187.png,0.6394067762867338,0.482682309787739,0.5331520888960811,0.01497358822676964,0.09399967564337812,0.09279277690063893,0.012097433927666006,0.07537971562197744,0.07684498811227986,0.0025736489000443108,0.024369930298145714,0.0332812985250065,0.8132683042883483,0.7166777660577881,0.9878048780487805,success,
PAT_367_753_130.png,0.6222601366396953,0.40909404338832017,0.6283005357237574,0.008308788241694709,0.06326059923115836,0.07907802458319271,0.006217213135267294,0.060387088925507565,0.07769289971871494,0.012062126190081004,0.09738010658896784,0.08844640097954537,0.7042897963132893,0.5047638862561701,1.0,success,
PAT_570_1084_637.png,0.6830626720714718,0.283363913929522,0.720709469831577,0.00886785762304466,0.0483402844625663,0.04041469836414261,0.008652559006171807,0.046395841036118116,0.036396056294841515,0.002756005488451526,0.05035440463917776,0.028069026954509857,0.8664156780242538,0.7792913798570255,0.9944444444444445,success,
PAT_570_1085_344.png,0.6795221095728762,0.27341386059470846,0.7244045792111159,0.009333436544286939,0.05256715815834894,0.04583457098898129,0.009230684011894402,0.05340993466419093,0.04381801085833478,0.0024557081414086053,0.054511157557657675,0.029342837301448044,0.5216762119387186,0.48488238455213456,0.8955823293172691,success,
PAT_986_1855_702.png,0.7172264501703628,0.2485267861831396,0.4903241017885462,0.09563994336069735,0.1144342948069558,0.09366295589523999,0.0850518754139662,0.1004107656978333,0.08107231881675445,0.0008832352497241421,0.01728370111013447,0.001073077140856582,0.649604069265183,0.45942670078502884,0.7842227378190255,success,
PAT_1671_3008_622.png,0.7014147867505423,0.15395546634521853,0.5726775090166646,0.1106134353943523,0.08298297553740433,0.1335292098131008,0.05967350977810495,0.07063806857086802,0.1397373853831528,0.08248149231982103,0.011686030932862634,0.23441314799587437,0.6610104980167327,0.4705153782770914,0.989749430523918,success,
PAT_370_758_322.png,0.6233450606600294,0.3901832949829882,0.8621624677955435,0.014692538274269522,0.04657399495294337,0.05159436522013645,0.013788652778657711,0.04115428741301165,0.04847188104043247,0.007600495608781601,0.022130370999337956,0.03885621054302191,0.7835789554180037,0.7819427128214219,0.9553571428571429,success,
PAT_1063_268_919.png,0.6464950988229391,0.25194606037371026,0.7950716472477345,0.013877571190463792,0.027318104666317913,0.02549867024527449,0.013363387166353225,0.027064997302794776,0.02133054641031027,0.024079858085410185,0.03920843771154303,0.0051622576647936125,0.7226642576194997,0.8291014404801061,1.0,success,
PAT_422_837_617.png,0.6284741488016812,0.4055784806793563,0.5186534039090331,0.03406887974715897,0.1759222494594049,0.08615998188679386,0.02092644651408229,0.14932467475774333,0.0764198305922543,0.03471837294343661,0.10478953706554223,0.024079241327104484,0.7450702764651527,0.7982370786252062,0.9566265060240964,success,
PAT_662_1251_380.png,0.6215628617528831,0.5292718684634456,0.4689621722690851,0.019185511438834017,0.09637031936155312,0.17386589409272113,0.016898169010276742,0.07837934645089167,0.1790763053347811,0.022102980227130805,0.027721716617955416,0.25652288376454213,0.848844169906724,0.6778236268270712,0.9303030303030303,success,
PAT_575_1087_29.png,0.6459530517701109,0.3642793247561603,0.47207730385685154,0.06701300362242218,0.12950924246005585,0.15992506242705462,0.03883795887854032,0.11137649623628261,0.15570552110710395,0.015209251177741282,0.029579015681463983,0.20006108773166797,0.7791473537956202,0.6486007200460372,0.9337748344370861,success,
PAT_383_777_129.png,0.6810548116632202,0.2809021178481999,0.6556761057095827,0.03988421665967703,0.0781053897848593,0.07351917151722658,0.03614301663627426,0.07094636691845327,0.06638403723334027,0.03105144168864808,0.05325112719910677,0.03828939679481924,0.869884359810509,0.8312557846013289,0.9747634069400631,success,
PAT_1089_375_60.png,0.6285478474964346,0.27938175748539495,0.7374016560234806,0.018764520592181227,0.08583262324455984,0.08758157289496818,0.018643406422012964,0.07831201687374163,0.08288372912388786,0.032425303257280075,0.06827504556985953,0.03470618711377427,0.8957157354033939,0.8369362412247907,1.0,success,
PAT_388_1589_976.png,0.7163289653203232,0.15839996660904543,0.5269114713823625,0.11627391134350533,0.08445779545834128,0.07539790637440617,0.07926822870943014,0.07854666846105884,0.07245397653580302,0.04159500145385404,0.021332574431204815,9.897397757718807e-05,0.7495783918249098,0.7637576412187801,1.0,success,
PAT_545_1031_428.png,0.6811633880822442,0.2415242341146985,0.6140977384638066,0.03491663811347787,0.09573215601108671,0.05762611432386403,0.02198623830783372,0.08896338121787103,0.052740691661002495,0.01323037056272085,0.10455236410910845,0.022937583891367352,0.762626499341372,0.7132732661184302,0.9416498993963782,success,
PAT_406_1542_754.png,0.6290674470139129,0.48866162619821035,0.4394051828730341,0.019008370242319578,0.07211850763414417,0.04618575707554665,0.01741116435379274,0.060992619873895544,0.03946635220099134,0.020687522919211828,0.0519727229370876,0.04638061752377204,0.9353490459627462,0.8811807914542001,1.0,success,
PAT_872_1709_526.png,0.6493265892820387,0.18415772939009858,0.9388027299317517,0.008070181909733881,0.005774356850899558,0.02913672419120889,0.006956313472214984,0.003854767448502551,0.029240098980566183,0.0016540284487376767,0.0031822764340261323,0.0024599806702819693,0.6217353407290016,0.6151046677552909,0.9619047619047619,success,
PAT_1241_824_82.png,0.6095726389262066,0.4069454316141846,0.7906028984482282,0.006223485269536258,0.0416572974474212,0.031137294114500606,0.005450067341589479,0.04830827630993982,0.034427538651800656,0.004807867387270351,0.11119032105932436,0.05646253056025474,0.9203412097236786,0.8892567235939677,1.0,success,
PAT_949_1802_582.png,0.6330019022141368,0.1410430329203241,0.41871634273108493,0.18480970881657532,0.08145713089923644,0.08417249909273022,0.1495764256977124,0.0762207404733003,0.08188237829112992,0.022244072499429595,0.0640131215832821,0.13777403827984602,0.9211841806489354,0.8631800766525007,0.9923076923076923,success,
PAT_169_694_411.png,0.7380337012533124,0.30960741268923336,0.5322422411744119,0.03981287628977925,0.09124825514535716,0.029998036227227912,0.037615401376301746,0.08562927825170528,0.02285327622236126,0.06466690122224723,0.1057975759053578,0.013088993283076666,0.883866488314355,0.8285845835189367,1.0,success,
PAT_537_1014_452.png,0.22325491590189886,0.07276534664317211,0.6153320995877211,0.20405669040863875,0.038908839204049125,0.07695491384839867,0.21463682507084547,0.036242739283324346,0.07319321265803452,0.26628470879975535,0.004883616457321965,0.03085733850203476,0.909179428475384,0.8863591591442416,1.0,success,
PAT_632_1206_634.png,0.6765776514413847,0.4060996870381107,0.582014828625086,0.010546685252837393,0.0795714391048445,0.06912165417932918,0.009425871118223517,0.07216479714923817,0.07499442392435951,0.0014290161136845509,0.008712236464309409,0.021019087664108538,0.5974151452430537,0.6862891725436069,0.9584295612009238,success,
PAT_1184_676_904.png,0.6487718467640882,0.22450835041206996,0.7506191950464396,0.006276450856546808,0.04893900986827096,0.05571824724054319,0.0047206245257262825,0.04733653010099537,0.05019151900727101,0.005455131839297107,0.027676134493003157,0.01642412813078442,0.795197879215193,0.8053050976590909,1.0,success,
PAT_1946_3924_929.png,0.6120462137020326,0.4482230731327182,0.6714109268195266,0.007544118166255425,0.06809067773285388,0.06058455796879081,0.0067036275594392425,0.0729675754120709,0.061068110028495125,0.005468302185497562,0.1395054194045603,0.08626172557476441,0.890443848826975,0.7841635001329357,0.9789029535864979,success,
PAT_632_1206_637.png,0.646560559642921,0.5510440097607671,0.6075097019199837,0.00740163924308743,0.06860804965905311,0.08472733243287357,0.0056462482876626025,0.06460179581602164,0.08272659681126264,0.005864166108718965,0.033417330506719245,0.0017060201109971862,0.5608855250403337,0.7062610130077255,0.9941860465116279,success,
PAT_822_1551_573.png,0.6583971988327268,0.44579826780898224,0.6054715792968581,0.012603872370598462,0.1352192316116031,0.1082247470126016,0.009590268271735937,0.11701547908681562,0.09547462038048435,0.00866481388625715,0.027054730141010286,0.07446382496845949,0.8766819082783779,0.8590946381765566,0.9882869692532943,success,
PAT_683_1297_195.png,0.6691519706408054,0.15053721865329495,0.6697547844882561,0.08513343050295304,0.06796025088695118,0.05839954161416778,0.06458166493760356,0.06209944289709884,0.048828125311342056,0.0518213241679415,0.025616195438170272,0.0038700554933808196,0.9256921848810522,0.8689791848539957,1.0,success,
PAT_982_1852_526.png,0.6147077572414326,0.17074414936797283,0.6633582917092226,0.07102913504109656,0.1047136642359609,0.08317983835763335,0.056145152151819866,0.08975319229670496,0.07509805523645481,0.003452292393118878,0.03205417778809286,0.005824516003818392,0.743319071482912,0.7167634909844627,0.9655172413793104,success,
PAT_574_1081_628.png,0.6662974183033483,0.31705105844950465,0.712711557772601,0.03775215729968722,0.13667018476761064,0.12597696539931377,0.031790640714059695,0.1310033465208469,0.12161023245321614,0.0024613988561659047,0.052902838123288776,0.06040027631950984,0.7144411701748127,0.740166995704929,0.8673469387755102,success,
PAT_1408_1406_950.png,0.6106262350723323,0.4253970921439209,0.5235825312294162,0.008883432789994908,0.05658012364050717,0.06780852789280087,0.00657433951258613,0.04792488403097308,0.06428403786115237,0.0025534664931734755,0.025862971338359075,0.06775240289067153,0.7764011947216616,0.8518301396960942,0.9837837837837838,success,
PAT_736_1392_562.png,0.6336485983773172,0.6317406683461577,0.5354185824697071,0.012989086869532708,0.062115973770914656,0.07435542975249748,0.0123428782541843,0.0520773048518062,0.06728222462693007,0.02451844285478681,0.02169225102745198,0.030112862264460083,0.9103842263500833,0.8689649200446289,0.9948717948717949,success,
PAT_691_1312_389.png,0.6148987145218892,0.26483158452664723,0.4715780819958627,0.1157111728587492,0.12540002281198245,0.14352029701800637,0.10226021422010328,0.11331819687392676,0.14299483451005066,0.039560277441695824,0.09080595250417534,0.16925604308675457,0.8787946305406178,0.8254323693223926,0.9758364312267658,success,
PAT_687_1304_898.png,0.6448523385184846,0.38147175522318827,0.6597683736983926,0.015495285108810012,0.13149176608754903,0.1059480799625129,0.011992954492324553,0.11036281630208672,0.09169428779457633,0.0011745501697505902,0.06705556918404298,0.08433057617996575,0.7969589064310956,0.8069413995548965,0.9766536964980544,success,
PAT_838_1585_979.png,0.6104359414120701,0.3170950485739645,0.6673190452271173,0.018460829722312055,0.05484360304025285,0.026756252233003763,0.016818131069209066,0.04943692090742471,0.020691724542409196,0.012062121167137403,0.015739183537732626,0.004289553539137736,0.923226236398262,0.8697919307034658,1.0,success,
PAT_1414_1426_124.png,0.6088759794054805,0.5189674656515791,0.381834084969264,0.010170732074783733,0.07338903526154399,0.0694482848829229,0.009155202299865162,0.06634517300502911,0.06885458797223676,0.01207547572634024,0.12053975115586552,0.13616455342200545,0.7740372332928761,0.6985334858962182,0.9580838323353293,success,
PAT_719_1361_160.png,0.6507315695841803,0.11949309188007852,0.5590345227088365,0.17897497851329666,0.06105244913723485,0.09858460075086561,0.13471149437722876,0.04507437702197661,0.09212285798666865,0.060345759092705245,0.0193601346808457,0.11285214747685657,0.7845447050003311,0.7654929319005119,1.0,success,
PAT_1107_427_352.png,0.6123037089542399,0.36245245256747816,0.41833991997570175,0.018878790809166414,0.07583597265271698,0.05002769515353998,0.018702343727061838,0.0703603461133031,0.0448763912672771,0.03866816663539849,0.1684389692533132,0.08165316070912348,0.8467562406904614,0.8164418735667119,0.9326347305389222,success,
PAT_992_1864_653.png,0.625797799303334,0.17937052425478117,0.8508719593196996,0.018214223948287332,0.009529602272158886,0.044519778984139426,0.01760588022170397,0.008116499142391913,0.044814700360261625,0.0010505512892621028,0.0018830764454687565,0.008180769636279117,0.9158757168967038,0.8872892179511805,0.99,success,
PAT_1051_220_356.png,0.6184587310847687,0.12509478111486286,0.8312177892304958,0.017212049947415316,0.03954082074166331,0.033708118601542415,0.016414151577624568,0.03931445326645106,0.029246579110528772,0.011583495300157882,0.041192561896658514,0.01123030862980412,0.7836090834501628,0.8503698411436021,1.0,success,
PAT_1209_737_590.png,0.6439355818825564,0.5117984541055529,0.5588512556471817,0.014937287437864597,0.1051877711543883,0.07366561554210198,0.012821184776685523,0.09359053845020915,0.06574949276363612,0.016679904346922174,0.07490494848139712,0.06346207935965165,0.8337360117440222,0.7172356147963801,1.0,success,
PAT_2152_4781_332.png,0.5860740993378145,0.2395966676826171,0.45114012213981736,0.013415738935979563,0.04428147964844047,0.07518177886228321,0.009668481473906844,0.038570050415637984,0.07446076176351431,0.007309729759625978,0.029095428328045958,0.10887839584287984,0.8878160720274066,0.8923342705374383,1.0,success,
PAT_323_687_169.png,0.7680899420438212,0.12270023745276028,0.5203246951388399,0.20835192751734885,0.08183675922833203,0.06182593506858252,0.2003316026546258,0.08367693601860675,0.055628895647222204,0.07567249624675883,0.0031436315592999614,0.0017839277472251336,0.7711332426627686,0.41174030338661344,0.9414893617021277,success,
PAT_833_1571_134.png,0.6379240182475903,0.6211785372910692,0.5629706786535431,0.012161736204973708,0.14999738771141885,0.13632281310150055,0.007578296515781002,0.1008462841670337,0.10416718977718102,0.010000739181087286,0.019223293119938423,0.13415228268052315,0.782199100112486,0.8508415400307379,1.0,success,
PAT_233_354_828.png,0.6260492123818565,0.2272058259498627,0.5711821043328148,0.024192000592987442,0.05627673232366926,0.06797281612648949,0.023341353176251703,0.05446825749819897,0.06182681276174679,0.018484053742205003,0.05317503492622891,0.09140357125554477,0.8180301079071821,0.6836593965408109,1.0,success,
PAT_1536_1819_562.png,0.6153815716526801,0.5108279183227136,0.4580122983519318,0.004814869360290539,0.036361691665698005,0.053230942821048656,0.003528642181913435,0.03153558062897421,0.05002960094349015,0.004174343684405733,0.002271345513409906,0.0033756719956878345,0.6423567921670241,0.7677684795175012,0.9617486338797814,success,
PAT_387_1614_866.png,0.6635464078425538,0.45863012920910795,0.5979299883861142,0.017133521356680947,0.14724936948553669,0.05384516560750634,0.014985221724134565,0.13978826718532375,0.04996302939599668,0.010336551817568956,0.08080207491046543,0.03787240422530336,0.8558212086554955,0.8615210403815625,0.9975124378109452,success,
PAT_1707_3148_237.png,0.657850089670586,0.3047703792720035,0.5560224835887817,0.011603573249450484,0.06397476304689131,0.05415484955004999,0.011664002657588594,0.05684190030730381,0.052181133184706026,0.01958582695814136,0.0484020303878126,0.057495554439359386,0.46799308533438627,0.31292354836791536,0.9489655172413793,success,
PAT_851_4520_743.png,0.5975713157442079,0.4967974772362771,0.8311703754720886,0.008692368949895326,0.1122704710809032,0.08947747384360977,0.007890542226042567,0.10099761508489351,0.07579072526672233,0.005134874644841858,0.09439131213121527,0.06616239112496802,0.7049336468392714,0.5043013407691864,0.5977337110481586,success,
PAT_167_258_479.png,0.6495049072388358,0.7364513717699738,0.5829314754943695,0.007367320485500168,0.14640768460661405,0.0803628529976825,0.005582071828888433,0.13889924441078275,0.06705355818085368,0.0027395405074519394,0.13852710246065647,0.06238194868008107,0.8028525852530659,0.8238798993430346,0.9301075268817204,success,
PAT_1755_3309_828.png,0.6406626231504313,0.23236716794726336,0.5681086936527623,0.02782331126471405,0.08628212429807747,0.03373890546934024,0.027450918790217098,0.08647877741824239,0.031062190146956593,0.013924995793623414,0.1228824909398026,0.035116806672986556,0.8405363300419767,0.7630201909526961,1.0,success,
PAT_710_1330_243.png,0.5469140953891001,0.3301091909357249,0.3328549385163719,0.06824201892382044,0.12163192030085339,0.1449421423887109,0.04946808185912536,0.10677991189617128,0.144303551374165,0.03320895939091623,0.10318384523184243,0.21209913304726152,0.9202650502456878,0.8758888547595094,1.0,success,
PAT_145_216_110.png,0.6400745730302395,0.6256675434401402,0.4935988195021269,0.048550560356226194,0.20140670995681687,0.19122091346690429,0.03185259583824573,0.14854313325399096,0.16859217693483128,0.02696805604520078,0.08948319343216249,0.13215169249622938,0.6115184011723558,0.7743865896798944,0.9771863117870723,success,
PAT_317_675_144.png,0.6595359995918271,0.18311031020723387,0.7652403140687347,0.009294067901425547,0.010862201601640026,0.028885148309473942,0.007972638755800832,0.008930426989607937,0.022633850522411035,0.004476115685834733,0.012836731606892915,0.02168176464360272,0.6298268757867179,0.6581532484351148,1.0,success,
PAT_324_1465_43.png,0.7760598056451621,0.22846838730487107,0.5802417752165682,0.08417455356945494,0.11241723010650814,0.020955523680401954,0.08058661447082918,0.10642728840356237,0.017846915595712665,0.0683471776857464,0.11764366854398314,0.021133637726541865,0.6795354956375697,0.6973163566142595,0.9901574803149606,success,
PAT_894_1679_640.png,0.944364296417697,0.21054863134634616,0.21971488600317304,0.30655918607784166,0.10917997584783726,0.10142780378413135,0.31261012721636294,0.09814108162152248,0.1091299589372475,0.26916905858843826,0.013227301647401685,0.13186062226122838,0.806517359858117,0.7933204101800189,0.9866071428571429,success,
PAT_373_2598_235.png,0.6190600161689204,0.3309440372064,0.5567597182061125,0.008895619563385434,0.09826066875517912,0.09857721187771912,0.0070875307758068535,0.0949924091130297,0.08539997769478307,0.012874598698920891,0.010793664134280012,0.05708920183953159,0.705101174832005,0.8035049275924856,0.984304932735426,success,
PAT_31_43_129.png,0.678620630368674,0.27836777929064227,0.7844291558333427,0.024221891410593506,0.09904049770371219,0.10751854180242021,0.02156457820885675,0.09222039928376842,0.10642330713647678,0.015751746139041164,0.03327411545834896,0.031918851660813985,0.8189382831879539,0.8314847647489122,0.9922048997772829,success,
PAT_220_338_339.png,0.6325050545351878,0.6217119965417877,0.6071244512073111,0.01156384919118549,0.14068003222783731,0.1118051726601901,0.009256653060950373,0.1411301603684566,0.11863982914482486,0.003931274972557791,0.07037408736645712,0.013130152478848078,0.7860345580295649,0.6824652750981998,0.996415770609319,success,
PAT_1980_4018_929.png,0.6460018009293789,0.4135819845179451,0.7497920240893292,0.013501875900432616,0.08114098870022882,0.07671118317904602,0.01297367545301069,0.07564032028020495,0.06260157683952564,0.008305126065220965,0.006422722618839971,0.021204766168707923,0.7382748281073848,0.6772876639988157,0.7752293577981652,success,
PAT_69_1053_332.png,0.7473053416550259,0.17914864010120177,0.6085725396490734,0.14465595339198412,0.05386207838059161,0.04841745348283596,0.10732632405812834,0.04595707204947966,0.041249877937714514,0.066935128415288,0.0031035747945190595,0.0015012566393698412,0.8476020596500387,0.843797181532421,1.0,success,
PAT_1074_322_864.png,0.644135693245989,0.3743922747020681,0.7208801977219799,0.011842634311221753,0.07260207518470425,0.05596722317070919,0.011102505564811016,0.06854921872721072,0.05244104234348591,0.008468637180638597,0.017537032605229375,0.0016788258874639306,0.9252802801064235,0.8862072677141254,1.0,success,
PAT_213_328_117.png,0.580715456368556,0.1796987159717995,0.6711712875427682,0.007441798082935743,0.009601377949464278,0.029018943236327224,0.004838848658196651,0.006869672750650955,0.029462973928069142,0.0003706626928510401,0.006288351178513285,0.023857753390168268,0.9340294743205919,0.8901431411205027,1.0,success,
PAT_980_1849_295.png,0.6342695485523908,0.4664713284059118,0.5893630247489681,0.013030873905452508,0.10160773280836803,0.1824992818224485,0.009887128709834039,0.09750601717320215,0.1825344937168069,0.007819304979742961,0.018605076535765264,0.009844790325606367,0.953922978753147,0.8727019095863277,0.9953051643192489,success,
PAT_369_756_130.png,0.5508592601543072,0.2730589835934374,0.770019287715086,0.005203596772921348,0.042117032208465674,0.04745197454692417,0.003197253829672139,0.040847004849770496,0.048665826917854337,0.0003905009773677174,0.008623778771470636,0.008476576158610305,0.7651227430661682,0.7018842693487028,0.9972677595628415,success,
PAT_1303_1077_501.png,0.5988579216354345,0.5562434907928144,0.7441967427223545,0.006158226106537254,0.04758634489952887,0.07070097216992213,0.005201430027464621,0.041034763156159906,0.06466513949153953,0.001199625991622434,0.05225048891450068,0.06738373364455941,0.8389746954399973,0.8396199060939764,1.0,success,
PAT_742_1470_834.png,0.6782847727797574,0.24263238351898872,0.6109270170004455,0.07606886939834032,0.09020173678429899,0.08578878743016072,0.061790514917174265,0.08053243067718883,0.07422043573540725,0.03481202707216937,0.034962077248203244,0.025155202162040702,0.6601062786854053,0.6518724743602994,0.9940298507462687,success,
PAT_215_330_341.png,0.7219676575915303,0.37990020130343416,0.596072529465339,0.1565970899753898,0.21369780443683054,0.19395596571699997,0.11961617990094682,0.20244254448659638,0.18129471006488704,0.03717617443852122,0.10946212349697737,0.06288190647413017,0.8489196720209866,0.8316307658008818,1.0,success,
PAT_1185_679_115.png,0.6229940725132259,0.3265339495761261,0.4630404883008754,0.00887935281621668,0.05080982165382165,0.08816130332643181,0.007600062745899574,0.043921657538116485,0.09055630157471775,0.0007989553865384222,0.0339808859055824,0.14463370676947085,0.8323619635302343,0.8188064459800336,0.9981949458483754,success,
PAT_404_805_575.png,0.635824492748449,0.24704131273179494,0.5660761447683942,0.033109587052358086,0.12500297108190214,0.024636168112300016,0.027982243155098337,0.12379638507782759,0.020802061866315388,0.032262929637050936,0.11139112401495263,0.00818796914536346,0.9273544603612338,0.8990122250983446,1.0,success,
PAT_890_1693_904.png,0.949221555339402,0.43363536585977286,0.29947574464361165,0.17951351090149573,0.0412290198161359,0.07195046720652062,0.1872854572098147,0.03563465173006485,0.08013570842183482,0.08823082283851752,0.06628008408347036,0.16139594260969442,0.7015943187553648,0.6012555171440741,0.8793650793650793,success,
PAT_756_1495_858.png,0.6229255308290284,0.5290999066293184,0.18909803921568627,0.009529115218165529,0.043214913504371476,0.009779749847313736,0.00592651458536127,0.03528959703095007,0.008612244385527388,0.0023551844528245484,0.005525676937441548,0.004806722689075643,0.8240387052391469,0.8637809524400831,1.0,success,
PAT_1554_2392_767.png,0.7358228930236109,0.18765142363377849,0.5052361751079055,0.21670468628803582,0.11367944386974017,0.1362153486099943,0.20462476862354675,0.10691579972219165,0.12364052905195284,0.04420738446157644,0.09452213182571453,0.008994629535465093,0.7973306251867778,0.6839803319862792,0.9408418657565415,success,
PAT_1969_3980_995.png,0.5980122719840957,0.2723373258777161,0.5893449386916866,0.0081422580240562,0.05889696351257477,0.029788986750275862,0.006069999730312142,0.05590011084723657,0.026328641139906694,0.0041169909132560654,0.043134545982982664,0.002062131830801839,0.906253378161129,0.8732909666764744,1.0,success,
PAT_1202_722_827.png,0.5978886203521697,0.5222963465165438,0.6238661246834295,0.011691543112815896,0.09514327095225306,0.11311598524177689,0.01050397506445917,0.0817414769408879,0.10397041771078758,0.015427711058387987,0.14170124497143882,0.15788578801066777,0.7658345605774539,0.7805248083381696,1.0,success,
PAT_101_1041_898.png,0.63075722170707,0.5228233540908561,0.7316402316745775,0.011199745609701267,0.08415200176330039,0.09670566759102614,0.008883275930054755,0.06817723360171667,0.08311941162330276,0.007237743516506138,0.03390523466495676,0.05565184318191152,0.5854458184642684,0.7717349939649792,0.8885350318471338,success,
PAT_388_4500_103.png,0.6105241112852655,0.440386861155242,0.8321944416803063,0.009382535651074792,0.054554302375477794,0.044451707801241906,0.008868971475447256,0.0526358315078191,0.036383702149208705,0.009626478193405556,0.012693023772456624,0.014229399339525384,0.7855660997783621,0.8034110002346712,0.9925788497217068,success,
PAT_455_885_115.png,0.6523246512196454,0.32352601612810294,0.7312193093097494,0.018846672522516778,0.03964913028502035,0.06940158467128496,0.017137750464041986,0.0324408623959133,0.059952728204634535,0.018868034066047715,0.0175216370955516,0.019081111186933453,0.9365110910410055,0.8779855056448743,0.9974905897114178,success,
PAT_2013_4148_303.png,0.5954865836308542,0.32199785728193897,0.45894447546725065,0.021702098183773957,0.08711366738489386,0.03900583887782256,0.021248041387395663,0.08513133031511017,0.03646239435456647,0.03921557565681732,0.13955944601999828,0.05147973267754574,0.7645670677387255,0.805928938939151,0.9210526315789473,success,
PAT_307_1685_651.png,0.629863004629031,0.34964480312140406,0.761994162608689,0.013479307546489745,0.051283133972928864,0.08548040699840652,0.013833684232249514,0.04770727174897673,0.08939563287877575,0.011812366057054016,0.03921236136601253,0.04602561302669406,0.9219372733230913,0.8955418567331741,1.0,success,
PAT_844_1605_308.png,0.6346674930198096,0.5325341816759606,0.7035066710212771,0.0201744701696462,0.08619010802881613,0.16492321332515034,0.019498365322894205,0.08255901978226213,0.16982694245640642,0.008944493690315861,0.006545715701335442,0.014980719464183667,0.8658374903291851,0.8233614224588773,1.0,success,
PAT_172_267_557.png,0.6778330319293298,0.13764711470566282,0.5989614704664921,0.1962347364223386,0.049209847477649185,0.10297716086570569,0.18827155043004887,0.04838510243651707,0.09755746828211007,0.20279014992054778,0.08683245271232803,0.07867571785991723,0.9273755288240865,0.8790651455298684,1.0,success,
PAT_1415_1440_629.png,0.6596812975335585,0.2653468350589752,0.720049245706317,0.029919298159053382,0.07094310731181884,0.07070816981671703,0.02813839164404134,0.06596940526795834,0.06501075236982541,0.03948698115644444,0.06615934470439902,0.008876403882925321,0.9343364787446069,0.8021539386028606,1.0,success,
PAT_1414_1433_570.png,0.7870980070268255,0.12614532344250254,0.6613155253522627,0.23487693652398578,0.08450218170223232,0.10933824373898708,0.20260238672556782,0.07945975264492998,0.10114839492886896,0.18490753458912104,0.012241058878984523,0.03027140065514411,0.7564746771951032,0.7637516922754561,0.9566929133858267,success,
PAT_355_732_102.png,0.6405952595937832,0.5576014130065406,0.742298946538176,0.014431348977146858,0.126558726695502,0.059979669875102344,0.013586693432197353,0.12039787165129873,0.054708982303246105,0.02213781764130679,0.06018882922191382,0.022000036388720834,0.7932909177796059,0.7846546569447002,0.9971181556195965,success,
PAT_2062_4397_39.png,0.6086806588471144,0.4017678387611702,0.5226159040841799,0.007287824499826644,0.1101786274823488,0.07350540178482699,0.006285347159779084,0.10959435507720731,0.07306342268144521,0.003933585209188017,0.16578465308527165,0.10798244108835309,0.9224772975799933,0.8728875585055401,1.0,success,
PAT_561_1068_557.png,0.6695745140548509,0.2985239743320636,0.5995100995226449,0.055116643893580695,0.12099278951925396,0.10748287676397812,0.03709973038083895,0.10597869352436787,0.09429638661484793,0.054319829998382516,0.10825138722444086,0.09180558359172397,0.832763272198637,0.8247317887894928,0.9493670886075949,success,
PAT_781_1474_517.png,0.6385995191356697,0.5133306351037543,0.8534829469766019,0.008722382462418512,0.04125366119821821,0.060073246666977234,0.007391780208648394,0.03140629053381184,0.05003756834184407,0.005494989655414883,0.006898115287317097,0.02798123444064582,0.7335442563984736,0.6939304749175335,0.9256198347107438,success,
PAT_2123_4647_95.png,0.5651415582636574,0.13996519222768686,0.9990843151411274,0.030692101330007937,0.025789734845211115,0.0016651305428447697,0.03026496345697033,0.02436421661493546,0.0008390543757570701,0.023044779523296515,0.024272275406358526,0.0002056936161307643,0.8535227175231795,0.8652119502728799,1.0,success,
PAT_1571_2484_488.png,0.6705972279822141,0.19866132371003223,0.650918633725165,0.02226887942190386,0.05777952617010803,0.05171519216696156,0.019778484290071716,0.049515897898815914,0.043674178965158586,0.021398579774038494,0.00542145800984678,0.00728530805525307,0.8791591573648663,0.8562834345237775,1.0,success,
PAT_1520_1777_935.png,0.6625615491569574,0.27738637527849014,0.3979972087095776,0.059384379684571505,0.0996008753929079,0.12872302227279223,0.04398333234297314,0.09207457613405201,0.13612880139198424,0.04631521184232738,0.17515864682734644,0.24800436488427596,0.8765604478705616,0.7798697287103111,0.9977426636568849,success,
PAT_247_1294_292.png,0.7325569453957783,0.25033911500797884,0.5887765908143595,0.051205197648830275,0.10675104201674211,0.16431061367845484,0.04887342185088569,0.10871795001708141,0.1659624954224873,0.0008475623296571182,0.004721085625979782,0.005470909209485453,0.6688075455462543,0.7919883222707006,0.9237199582027168,success,
PAT_406_808_560.png,0.6214686695346685,0.38102387496897866,0.7261483778923362,0.011651919155513453,0.07994446769609509,0.07099069801631738,0.00976424064077604,0.07172971581057135,0.06192097933433624,0.0024724055633418927,0.0524665869785122,0.014819431398484406,0.9156583171494987,0.8770191111457266,0.9956521739130435,success,
PAT_78_118_164.png,0.7367363469295065,0.30366029973387193,0.4419866154269775,0.160245055561886,0.12299585895615235,0.16428948618319295,0.11611791096994985,0.11371840994861537,0.15701840905092412,0.11557465169374267,0.022500466103450023,0.03167249381873821,0.9196602698615883,0.8711864863724671,1.0,success,
PAT_81_123_52.png,0.5545171926568451,0.4090139855225244,0.6863776793871671,0.02163318333023005,0.10971240763106963,0.11237806940306978,0.019880230719173737,0.10151340500227048,0.10090076399020356,0.024336174761155703,0.09676007367558265,0.00116816929087038,0.9408048293035627,0.8872376267569698,1.0,success,
PAT_2077_4463_77.png,0.653949863902501,0.17801817357543256,0.787342285003029,0.018292641100675324,0.010033708935091158,0.03616722250242524,0.01698609530676828,0.008049116148539906,0.03613200653948026,0.00775846983337958,0.001808284449764691,0.015460911694903379,0.891254999889268,0.887557080194162,0.988394584139265,success,
PAT_798_1770_256.png,0.6024684579830452,0.565409382143662,0.5593334696961949,0.00849045224033567,0.054575696565965386,0.050193454541993185,0.007635916844120913,0.04648102899514808,0.041540038989734095,0.007013623334366296,0.06171765530749418,0.042628020791793175,0.9238928049321575,0.8697952819964733,1.0,success,
PAT_377_768_643.png,0.7561550880932982,0.183454605325569,0.6520566981909994,0.02453189238540854,0.017492859439639942,0.08496189653234756,0.023883043829389505,0.015676903601255503,0.08468748339217917,0.016673103411280327,0.0010080481908611716,0.033220188739908285,0.8155409792102442,0.8154661435368622,1.0,success,
PAT_920_1748_942.png,0.6231473469207823,0.488283132881566,0.7967046567817173,0.011204730711289987,0.052833357028359625,0.046420495514290346,0.010381412431134548,0.043176801191477925,0.03658643552966798,0.005893273571596562,0.004267419515044946,0.020373990805921394,0.6911257427860831,0.771190867434216,0.9878934624697336,success,
PAT_118_180_500.png,0.6617573068229219,0.37526832722951786,0.4115162402746811,0.01600318527649965,0.11461334223228418,0.12129955244020715,0.010932822165528263,0.10014659560811566,0.11869509626034547,3.7632848808202526e-05,0.05923288058541498,0.10934584933776309,0.8218146864706126,0.8280486631474632,1.0,success,
PAT_684_1303_368.png,0.6303742214475563,0.25032586663764506,0.49058131636896474,0.05940557952770915,0.12096137458623002,0.1163279965080715,0.026571659099225542,0.11207952784287332,0.11306245250553483,0.010281067832296268,0.029518814988814146,0.0190785111513182,0.8187266992376144,0.8004653209399023,1.0,success,
PAT_1787_3421_516.png,0.784617414035854,0.07443328183429147,0.5742017244914267,0.1526801825982449,0.026619604019107814,0.06404482300582826,0.11448458048971319,0.02358870995285172,0.056892302558949726,0.18885791497521845,0.011650106433707924,0.08277906626115272,0.7501505333597351,0.8049434693715102,1.0,success,
PAT_1421_1464_297.png,0.6402396414552457,0.16784565743984065,0.5744069857381662,0.03310612924756515,0.0399023325995678,0.04366171756054009,0.03099426228264014,0.03503973511337081,0.02698489016806065,0.035917292630577906,0.00955510997102152,0.011857783537663757,0.28711582656443224,0.4844244780012347,0.7631578947368421,success,
PAT_70_107_155.png,0.7469116639177983,0.16367340757974147,0.4095487124258156,0.2911328190945933,0.15597274182333168,0.16602695906334017,0.2661313758625455,0.1203737304084653,0.16437878261306574,0.13916045667525087,0.015694769290254817,0.22182809317079488,0.81673113157821,0.8362606229797444,1.0,success,
PAT_464_1794_271.png,0.6294385044276724,0.41723671655944694,0.7321631066597203,0.013635900940449286,0.06394243509809838,0.042089230861086395,0.01228297594826863,0.05314511216530286,0.03558418726986292,0.017505777715775158,0.008235474835511791,0.006089698949319322,0.6812902956114621,0.4611709127053669,0.931350114416476,success,
PAT_636_1204_666.png,0.6520638108256426,0.3853558930625712,0.645114162764626,0.016858533604391657,0.08620615380631251,0.1096872374905809,0.013519654003653226,0.07707067415274657,0.09933965599712388,0.0006158109439758795,0.054980148050910116,0.025721418941495156,0.9146083291734455,0.8784851528782114,1.0,success,
PAT_943_1793_256.png,0.7006641740818021,0.2665313219612341,0.52510369549923,0.0518927774350438,0.10742629120324848,0.08680780531976005,0.03754238869254047,0.09839261278573055,0.08038140999443208,0.058106295632423546,0.1050813641628244,0.05640669462812398,0.8526146686282685,0.7551967384675539,0.9885452462772051,success,
PAT_522_3168_747.png,0.6146261541581033,0.21609436651259367,0.6359668791456116,0.012268877078295236,0.054221170480758786,0.031218889761769116,0.012605586526327942,0.050378188760690876,0.026014190743938473,0.036455870678520734,0.07278802075024501,0.008082461902283011,0.919234748282515,0.8663193129468033,1.0,success,
PAT_562_1110_360.png,0.6544410858975969,0.4834682166886808,0.8046644525226956,0.009560415110750871,0.10353799111435219,0.057337338805065294,0.007020738266032656,0.08824082868912324,0.042824456691275756,0.00932731361774428,0.010481640475376974,0.021382135574149586,0.9160893357709208,0.8884744378793664,0.9889196675900277,success,
PAT_689_1307_354.png,0.6274957971002755,0.5323100119061149,0.6514311814211823,0.011745235288382849,0.07499750585806285,0.057777956161939835,0.010707883249448132,0.06899363826859523,0.05107353231330925,0.012866318923204605,0.08316258283433053,0.0039450442170735345,0.7870160368695055,0.8354818022148011,0.9732824427480916,success,
PAT_1260_894_63.png,0.6340102270467985,0.3921337934969825,0.6531434734213426,0.010602803057577695,0.044203836389900365,0.052492633064052704,0.009805906294765692,0.03177882945726957,0.03636352885756027,0.006024102455154197,0.0001228419591767782,0.03585973990412139,0.7863874581139092,0.793674437750138,0.8753993610223643,success,
PAT_1148_542_708.png,0.6424072914742063,0.34584036819517383,0.4582478964468337,0.023248606869797687,0.08673642859128138,0.14765818186559013,0.022398204654333276,0.07434517672135217,0.15509006736003617,0.04670979100663075,0.031032097698711236,0.2655609424921649,0.9216458439179205,0.8879387428219944,1.0,success,
PAT_983_1854_274.png,0.6093799869493217,0.37757246672189704,0.6101625105893052,0.03721701488041017,0.1270289642838166,0.1549569552885846,0.030787391190688945,0.09456603459260118,0.13516635099832183,0.007443759889126669,0.019096448362503904,0.0667318750452156,0.7537022847817003,0.6941810029498334,0.8611111111111112,success,
PAT_75_113_647.png,0.6509322592936332,0.36215896976342,0.6862486381334765,0.01692956602030063,0.06063500886712548,0.04665598238831024,0.012840783309074556,0.04794879342664168,0.029635649624485633,0.00033908502109830527,0.008064077288152893,0.01374342174251908,0.7518030333279493,0.7719113773134115,1.0,success,
PAT_159_245_181.png,0.653584846254713,0.18921444225237855,0.7037591609675616,0.05198426204414357,0.08321799999878865,0.08241737134046952,0.047239045228438935,0.07269121369279762,0.06848875653916947,0.057781001148992,0.0005135305921451783,0.04657218188926704,0.7386588969310004,0.6555209106541053,0.9441747572815534,success,
PAT_1850_3631_519.png,0.6104880606637008,0.3756486601425982,0.788891103175791,0.011009702088407467,0.06349929617824862,0.10333197365199748,0.008383083700094135,0.0449125644870573,0.08144190821029598,0.0082065478272333,0.011934527508593529,0.003824867888542527,0.5443737950081111,0.5059955578587654,1.0,success,
PAT_78_118_685.png,0.7748978049188973,0.19810467155632466,0.5914950390619649,0.09282468821549521,0.055673103500823655,0.06473374686318888,0.06923998064626706,0.04740066888763255,0.055811113521306036,0.10523719755280617,0.008714481823473619,0.03651205717261896,0.944971923930155,0.8786381781120547,1.0,success,
PAT_217_332_906.png,0.6826742135091618,0.2910011446228295,0.6827192663183954,0.04006562540132004,0.2813407121634098,0.1823484478093791,0.03899266821305394,0.2881661070856439,0.18657559458372913,0.021368966409717416,0.09218344558987318,0.053060063056546314,0.9053911772883638,0.875974572314223,0.9989440337909187,success,
PAT_1633_2855_460.png,0.6212502921637746,0.38377743545913096,0.6809136908298209,0.011086223783512454,0.0816609883286758,0.08028815649631828,0.009227001120420238,0.07350189905177963,0.06430605545427943,0.007580411281436107,0.02905475420080139,0.02851076074879244,0.8070712414208149,0.6774039139635283,0.9918575063613232,success,
PAT_202_308_692.png,0.6845496461475333,0.23435718329625466,0.6136992803026757,0.015871115151850405,0.09471575456250754,0.047356794079638026,0.014287740190927059,0.08756032177518876,0.04325927121478999,0.023083239968453975,0.07485250053151454,0.0337631799063306,0.8357565921189449,0.8540590834739848,1.0,success,
PAT_767_1501_691.png,0.6970652611428668,0.26857352846906346,0.38694766705437394,0.03923421220149498,0.10031632954960411,0.06447868796778052,0.038135229296994255,0.09330949399267711,0.056674809525218334,0.06306985540655674,0.06660597079803104,0.04296265779994757,0.8553027278571941,0.8853575367355367,1.0,success,
PAT_139_207_342.png,0.6571542571662111,0.2862192760494763,0.4540193661780002,0.15507406297999077,0.17549968333593313,0.11839677062615783,0.1389279517205559,0.1476165635043934,0.08376407580954237,0.03152093836576321,0.13031192994605173,0.053021160470369644,0.8009540139754676,0.7728392372484689,0.9981549815498155,success,
PAT_1563_2425_443.png,0.6073910223084783,0.36181578409703,0.3486347154375907,0.012810336202124946,0.14747682427840958,0.11174679477514685,0.009633711274778063,0.14383306232130555,0.12001246636393587,0.0021225405235671562,0.05746384565680995,0.22391251554145997,0.9078431054779226,0.7805061529187471,1.0,success,
PAT_842_1606_971.png,0.8359337173946019,0.15219472369562773,0.5523364599997908,0.27520991261597694,0.06805932701683871,0.05845176102998906,0.22996904368884347,0.05740668953118833,0.047673801092065635,0.09749563900714549,0.07608303408739454,0.029583452267349708,0.7709061715836873,0.7972847756954434,0.9805115712545676,success,
PAT_775_1463_616.png,0.6653183868896663,0.25539918572835196,0.7540422258353582,0.02622881793547734,0.07114747530524673,0.11075119588798815,0.02383537443252965,0.07236201875837123,0.10593911295764037,0.046897467086256875,0.02868891616787439,0.05974737367645322,0.9046302247259836,0.8437330744760877,1.0,success,
PAT_531_1004_792.png,0.6333754228883995,0.40791254214640876,0.8042860404365203,0.015122523713474128,0.08017939927803079,0.07679636538603671,0.006906134387965289,0.0735059991202907,0.0691423484168482,0.009073783960927765,0.023634158349215728,0.03692067448515024,0.9627035432677895,0.8943098481237362,0.996875,success,
PAT_1180_650_843.png,0.6520478082036415,0.3311707556159615,0.5920908343668808,0.01756147572040663,0.0629608506275191,0.058120284893497846,0.017115023550373448,0.06156010635486546,0.04249373325357716,0.01975299853997367,0.0655953381698311,0.031156584742105586,0.72208258880065,0.7444002751653189,0.997289972899729,success,
PAT_1063_271_448.png,0.628592239091764,0.29734217386376516,0.759453983905701,0.026010382445542563,0.05892547312853419,0.035417039710716205,0.025018016576133645,0.0571272031443965,0.030433993043269363,0.02754440981216217,0.05013205524841777,0.021876202489844898,0.9223929860752965,0.8713922875910984,1.0,success,
PAT_416_824_540.png,0.6867232377239633,0.7254820659057171,0.5846769885263657,0.008129695337802178,0.14211002652329524,0.0543318166659589,0.00785666037796032,0.14584562155778766,0.056897868237096715,0.014364049476927774,0.1675722043586233,0.019837278473744613,0.8993518310483324,0.8637252342157177,1.0,success,
PAT_520_983_932.png,0.6481620146482631,0.517770911094227,0.545995299995302,0.019223335035303924,0.10675734130791212,0.08877990495644654,0.014237241014739006,0.07613316490124003,0.06475647863559984,0.02238317516024474,0.07044445313203967,0.07823323588062137,0.8411343456208021,0.8506167483037239,0.965034965034965,success,
PAT_1415_1437_743.png,0.605044094374445,0.31849795960504385,0.675362491475606,0.01241991799128412,0.060511740270464874,0.10134050290578844,0.01142589790580846,0.06487856246737603,0.10147714470670578,0.007053915070642189,0.06798472847593534,0.046548176727864043,0.8217069164704832,0.7521039264488012,1.0,success,
PAT_624_1179_323.png,0.6310236896668161,0.4096099805492362,0.6825547833800636,0.013237600671223225,0.13997811327250181,0.0618914463416985,0.010842208908816873,0.14024285525386246,0.0526146616569167,0.001162562799136345,0.1596754456619231,0.04465821962398575,0.9586626512579395,0.8947971246027742,1.0,success,
PAT_517_971_88.png,0.6543788604098332,0.17123869646286835,0.612387805098226,0.11318077197683984,0.03510876226928743,0.1280067554337001,0.0849466074164657,0.019318751218175435,0.11848721451265516,0.03375204661939269,0.0009355320088544894,0.02735727449522951,0.7732493578470774,0.7346043096142711,0.9552980132450332,success,
PAT_1734_3240_299.png,0.5867360295628595,0.4963542592263492,0.8972968870327587,0.003936551527686283,0.046854309705770474,0.04313465416436306,0.0028803492903242637,0.043538962461262674,0.0374713311919165,0.005415133113732414,0.022134898668324687,0.049349017015951846,0.7014532207758315,0.7749871553740344,0.9459459459459459,success,
PAT_21_31_965.png,0.6261247773381684,0.48156664013269174,0.7524777600520635,0.007311969930531909,0.06070091260236121,0.06228891051636017,0.006295323609247074,0.056632127894646445,0.06479991293758262,0.008978437122307052,0.0008959733912573542,0.034528722583034965,0.7303998516585852,0.6986752353974955,1.0,success,
PAT_149_221_679.png,0.6823170197751612,0.2723734169654005,0.5356979956707412,0.02675269788965741,0.24992741012641895,0.12048183035004002,0.023295212177493498,0.19835455667298152,0.09742888021985174,0.016748068913334416,0.09265167882866937,0.014364221218604922,0.42279719961642315,0.5591556717932483,0.9875,success,
PAT_148_220_174.png,0.6311979481584358,0.237249249793437,0.9022902495798627,0.021471798384469415,0.12453548364974171,0.09548125847837254,0.014832084863987221,0.13887231491130134,0.11221413195559427,0.0005783853198967077,0.1357322394841218,0.12470181017026682,0.3587806396541082,0.5095642008215819,0.8075117370892019,success,
PAT_85_129_896.png,0.5456308538479322,0.2873692709603019,0.6120597485092265,0.06781787435481532,0.11154074323970431,0.1426984326749717,0.06352554089978688,0.10090156792053455,0.12695169933239767,0.04709999195012039,0.021420972141227013,0.023463737218052727,0.5355891213198638,0.44897065010030274,0.9481132075471698,success,
PAT_1577_3527_831.png,0.6196389155761761,0.6348436701087388,0.4993281070845137,0.005093635308644282,0.06404450001805055,0.07835259683471085,0.004842825095376386,0.05337530244977406,0.07571151974455935,0.0064239483121317975,0.07659254054829245,0.09844641397394849,0.6991588250275835,0.7972633709397142,0.9796806966618288,success,
PAT_645_1461_111.png,0.7042439340654827,0.12997425414197644,0.582377022255451,0.1512851397182703,0.06980648397044606,0.048810326346479166,0.10870858793861546,0.0573970048042344,0.04066630207176185,0.0773143374856823,0.011608487978156279,0.026318312838797486,0.6080032936864395,0.7115156623335722,1.0,success,
PAT_2140_4726_85.png,0.6441969265580941,0.45131852888453294,0.8492292199177519,0.018413552278909992,0.11034709613726594,0.0660829238133782,0.015328814731846385,0.08787825597972412,0.03523691913823803,0.02010259562160491,0.08795376676248023,0.017900040981916776,0.8671488143374356,0.6824204755129926,1.0,success,
PAT_990_1860_478.png,0.6208133402536852,0.40375440823811537,0.5703963887713359,0.014315679618744217,0.09205759800532243,0.1032011467675961,0.012853194731050285,0.08421668558995458,0.10374998031993106,0.01357429916434872,0.01290176415017713,0.06370046209022084,0.9159274141091893,0.8738268592740316,1.0,success,
PAT_553_1049_461.png,0.6214771429311795,0.16256960415650318,0.7833254045449634,0.07430712183544512,0.0782358856583387,0.04381037129004795,0.05405467418012899,0.0736890693143714,0.03546644117359062,0.07665384105433672,0.06385386741286522,0.018875988402973665,0.7483573001904238,0.7230572510254972,1.0,success,
PAT_1455_1585_690.png,0.6800443032214414,0.2737477240821616,0.4704756929882058,0.01582214407722218,0.04305968502068898,0.04151831479833714,0.014259003192207995,0.04064285806244517,0.043107731539641106,0.01735605905508469,0.0070034655613676056,0.07166724138307756,0.9715297636952429,0.8848669795471926,1.0,success,
PAT_744_1404_951.png,0.6458720728640189,0.37441761125039885,0.8560577492766728,0.02663459434292471,0.07984240645689726,0.07876418726967951,0.01696263014019127,0.07556893618032719,0.07326622297869936,0.025877076603899242,0.026993578925132156,0.02230779166958663,0.9266614114899402,0.8809559003604178,1.0,success,
PAT_488_931_321.png,0.6755587569726714,0.33084459657156096,0.7103440324621397,0.020163890668054855,0.05197760040420831,0.06193149934804478,0.01878824160539413,0.04439534290109067,0.053051075023828165,0.018881673834598364,0.01848408233329235,0.0660284709366139,0.9193618834706208,0.7704664081505221,1.0,success,
PAT_2082_4491_519.png,0.6796861651838461,0.24491190786207206,0.7053320238003148,0.023945124469128335,0.07204342949066594,0.03896991300243178,0.016730183783850834,0.0663755442719992,0.024107472087363777,0.0026476573524581524,0.07345554886470762,0.01876106672474176,0.8996132686519671,0.8705208434013424,0.99734395750332,success,
PAT_1701_3136_33.png,0.6251687532969076,0.3632328451539746,0.5201096934681553,0.020320449522996817,0.0608285632651294,0.052964267287818674,0.018417050395077274,0.04962858414145295,0.0392094575379426,0.014158205984297704,0.00787135853276788,0.030749049837756726,0.6448395988987552,0.6999386237457231,0.9662309368191722,success,
PAT_409_2614_24.png,0.6812366845849046,0.32746170323655344,0.7423731067737621,0.01575800456192174,0.05395582104412193,0.04001921164156955,0.014894139052673488,0.052776033002500757,0.03141043114521872,0.026146200948525846,0.019971256404498428,0.0012238920141857124,0.9803945434029459,0.8983519570627126,1.0,success,
PAT_763_1439_668.png,0.6505959265973049,0.24251147267417605,0.42896154538798953,0.0633181210142711,0.11197132715541548,0.0754726690124273,0.05316775914284928,0.10505372260200957,0.06702222640614316,0.04944199400729627,0.09482195831183116,0.06266270339847257,0.8416531977707874,0.8290506281984207,1.0,success,
PAT_2070_4430_290.png,0.63883097257974,0.3324255965636763,0.5685444955392487,0.008593856627041074,0.06736507571723775,0.04762381199401351,0.006902212009607707,0.062486975027799076,0.04446851051374278,0.008275216464936995,0.0036248327898982247,0.022196352365743688,0.8654644740108657,0.8178196863984862,0.9180035650623886,success,
PAT_857_1628_916.png,0.6537688926547419,0.4449887194072744,0.6048717138756271,0.06945625186010333,0.1583824725102129,0.08652996514553313,0.06371682200248989,0.14808875265557542,0.06946330777447812,0.028155390963579583,0.038029998943756416,0.0062214465880328085,0.8897921446646893,0.8673616308093547,1.0,success,
PAT_1304_1081_84.png,0.5898218741441755,0.3799991223731977,0.5841038066469557,0.007203128282032555,0.04364769966979635,0.05917238049241083,0.006690847051700837,0.043981096447456854,0.061893998038125675,0.007302322179316039,0.08535130061534535,0.12916392295532708,0.9017994176150708,0.8422050687189463,0.9798657718120806,success,
PAT_115_1138_970.png,0.6561245310891012,0.18014859425065893,0.8101053917181693,0.07136157405255045,0.07700556431846048,0.19236000639761458,0.07271288982418628,0.07365291269330591,0.1886280369782488,0.03551711014936245,0.03571046154211682,0.018404558260915027,0.9316806462777552,0.8812773416628303,1.0,success,
PAT_267_1061_324.png,0.72581883925914,0.21752182653157698,0.7166637993431504,0.08264604916567615,0.09164675976287519,0.06547738992971734,0.06739810579302541,0.08769314485242427,0.059182078677928296,0.06905241600857484,0.10319930265022956,0.0355532555699829,0.8245474904921213,0.8379990800495235,1.0,success,
PAT_389_2600_833.png,0.6422236394932045,0.3678910523221364,0.6483086088373194,0.01450562567815273,0.09428310780950043,0.0725313862608955,0.013049870173978824,0.08705450046762885,0.06288162727175076,0.013625698595981027,0.018704337095832024,0.02722441958778332,0.8436660590698821,0.8436702326991601,0.9975845410628019,success,
PAT_653_1234_311.png,0.748823873881494,0.16142707969073844,0.6443438321389545,0.20363363048245328,0.08267967019649984,0.13566854927754468,0.18101147358560768,0.07923570535904664,0.13875292396822872,0.06280140524015347,0.07635893963145576,0.15951416068263097,0.8527805016277965,0.7805714119860375,1.0,success,
PAT_106_158_270.png,0.6590642809147513,0.25718987074499794,0.6680029298957931,0.03798194030443503,0.08598620260207507,0.08407691390224056,0.03529239007646827,0.07043504804704266,0.07629496624289134,0.047434743284249,0.0025509929657151487,0.026554214013687627,0.6513034121679373,0.6903053976186975,0.8768873403019745,success,
PAT_113_172_610.png,0.6544479854036139,0.4042729394131338,0.6614427409255111,0.012406752984539094,0.13513170498132338,0.09745483998928782,0.008578099672804072,0.12427055369026989,0.0905833300923483,0.002414193683928782,0.09017645015377274,0.016519506437455034,0.8437292849737379,0.8468350626377406,1.0,success,
PAT_486_929_317.png,0.7612926466237645,0.11628377700375465,0.5214953149156399,0.22005921612665255,0.05581920060340094,0.08132591768838372,0.2234645219135397,0.05372598541108919,0.07862429605252363,0.05813291409289544,0.08156030914127334,0.1128035981645974,0.6838944887554921,0.4585801402967902,0.797583081570997,success,
PAT_849_1613_824.png,0.5691209449357463,0.5539486044316905,0.6993805078804666,0.013934408717139022,0.08260295386873662,0.03828665543174418,0.01273747433544462,0.0598064208244429,0.01872347124706055,0.013233262505815368,0.026802566848535547,0.011619438663976522,0.885603891796639,0.8743190607445912,1.0,success,
PAT_104_1756_151.png,0.7362649463922368,0.12369674909601304,0.6775650766843416,0.044467701888432236,0.031247155693673534,0.04840232521472177,0.038428384673129375,0.0302628127578673,0.04671820649402372,0.047628190569924476,0.053361963744953486,0.0609470514399969,0.7812668612438444,0.6896158583042932,1.0,success,
PAT_682_1292_642.png,0.7044684957332251,0.28436733103022294,0.6361594553378633,0.06052406580152185,0.11949293006565884,0.03860622137365074,0.04907662710439718,0.11941202504890455,0.03801606573039227,0.03229117986317765,0.15915215405034008,0.02488238432290213,0.9363798352135989,0.8686372383310663,0.9914089347079038,success,
PAT_443_864_894.png,0.62486679978964,0.5525215877727381,0.5483017326484875,0.009569838989285689,0.07512461184433321,0.038889346815585424,0.0044322338003909174,0.06205972052850456,0.01794334971515014,0.002159800744285355,0.06341982266478102,0.0134013217790252,0.8887577674691269,0.8591198040614935,0.9949494949494949,success,
PAT_730_1385_585.png,0.6602075007458073,0.2193522719824799,0.6320729692801134,0.026276233769659787,0.03977898402999633,0.03466502783850674,0.02582816978931922,0.037010197425543144,0.03082723611187033,0.04349748795655744,0.008518910274280533,0.00810227389248852,0.9611165740474854,0.8948664531666045,1.0,success,
PAT_838_1586_622.png,0.6667191531130552,0.3701834811188316,0.9017632840747357,0.016415814785097405,0.0729568324227681,0.07073845845694736,0.01475031307153861,0.06266536109023502,0.060596739304956786,0.01678646844521386,0.042525269960599965,0.03606212926595975,0.8959348309430752,0.8585976104658877,0.9782608695652174,success,
PAT_913_1730_815.png,0.6707802116781957,0.4228648116216726,0.5667707606649731,0.019053534594868343,0.13308903442965325,0.08275571498275683,0.01772993203268722,0.12075167402503903,0.07433790676963527,0.00281914199340147,0.04974133245747597,0.038272062683773256,0.5229140330374468,0.4864034988384098,0.8803418803418803,success,
PAT_320_681_410.png,0.5701604893696379,0.32864782276546983,0.21389417010823467,0.10910690878217857,0.1461994112933555,0.08817001092427577,0.05184011715315458,0.13307206341848113,0.08689680865732637,0.027338452099380264,0.15678059049596577,0.15963353306086844,0.9119975273933378,0.8673358936947815,1.0,success,
PAT_309_662_737.png,0.6951359701964948,0.40039570193565466,0.5874229488873781,0.05379819973388149,0.2763855038091304,0.2617678567681115,0.05546351976652565,0.2507654246007751,0.24638998745920607,0.023152610937147322,0.11196143230313854,0.08903522327578817,0.8371589791111086,0.8721107823586286,1.0,success,
PAT_82_125_907.png,0.6671372264858779,0.36192102201110987,0.3824962838161201,0.145984790501818,0.1956893756245506,0.1735656076115039,0.11046464131117002,0.18425534590361886,0.16830581721168,0.05598115279431113,0.08722115296143568,0.1359551399039517,0.8754622750760405,0.7991182193574166,0.9672897196261683,success,
PAT_191_293_699.png,0.5931414663861913,0.45863322042791976,0.6317048972165918,0.0194116406910755,0.1866093890671251,0.1849829886427941,0.014870498990357408,0.11467535948971593,0.12315127432128709,0.0016477560112848424,0.03350325653910752,0.07780224964770077,0.6434690377862675,0.14129687836532104,0.893305439330544,success,
PAT_619_1175_767.png,0.6785574787731736,0.19574477886926023,0.6827759342476117,0.05310728740078659,0.05705919519152083,0.0437578449622792,0.026587505759127068,0.050479747323838135,0.03545326393110467,0.041539523426664636,0.03273465745405971,0.018572016910353373,0.8345263978347532,0.8421946941808672,0.9814410480349345,success,
PAT_693_1313_304.png,0.599812353376174,0.5780127119391855,0.7973233724049205,0.012927924506421058,0.12039967921947076,0.08914347680179163,0.010292637975367133,0.08974539336592724,0.05058394594030365,0.0029124106878717112,0.04618246578700824,0.026288970720962035,0.7769285569397725,0.7420709803707449,0.901010101010101,success,
PAT_387_786_782.png,0.6540254205462397,0.33518719893332216,0.7868478806887251,0.018097705150716886,0.10103237886895561,0.06883674019855454,0.014471974099165686,0.08756225808256071,0.03397806458063393,0.007976078289081477,0.06305420111275128,0.013851323555042927,0.8737893415846265,0.8587032975086488,1.0,success,
PAT_337_1697_721.png,0.6291003598523954,0.5812626490960745,0.4084488426739896,0.007983814438943674,0.043707112955305986,0.03868581442751114,0.006072351250258942,0.034199284991779565,0.03425401787448876,0.0012723843274377107,0.0028127437729374982,0.01228685245417288,0.8771890324411942,0.855508435851145,0.9875,success,
PAT_40_56_499.png,0.6398517184630904,0.47897883117503703,0.5655446711584715,0.01419484671283183,0.0487632392058503,0.057305863476325186,0.01403511931320076,0.03908833694483192,0.052827008414054695,0.02761109267177678,0.01996732814677754,0.02476400676814472,0.8678014572124932,0.6852200455229434,1.0,success,
PAT_460_894_429.png,0.6850151677235256,0.18437240207548966,0.4987357550613355,0.14301422373384093,0.11966464207811002,0.08301492481387057,0.12776827203108365,0.10333868003345073,0.0747541354722865,0.030853135950222804,0.04221907268850436,0.015111980147889836,0.893823594643927,0.8664045780991461,0.99609375,success,
PAT_650_3858_329.png,0.5662196349320597,0.1863112012495809,0.4543625474658096,0.034676333641196155,0.06510197269780105,0.09060071695120109,0.03179851449760681,0.05969107908334378,0.08145986810865,0.03418924876997814,0.056074844077640906,0.07633624720357324,0.9202947931012544,0.8885673726543265,1.0,success,
PAT_223_1067_569.png,0.605607666778671,0.5769615603824964,0.5829389041412272,0.011640592408225412,0.04323037840521418,0.05677100242119752,0.011105818630763565,0.02940129861365028,0.05741120129845714,0.0008056527138434275,0.04226995727588956,0.009061964377755194,0.5780780547852199,0.5395612140701289,0.9835164835164835,success,
PAT_581_1114_116.png,0.7545917476386182,0.25306490831223505,0.6187972553877512,0.2268763153308097,0.16260660769845062,0.1316298534524888,0.18766157892980645,0.1519451142087616,0.1286150682952538,0.05837265933714283,0.016813995253465636,0.09093641305909805,0.6933027979566952,0.7267386572142067,0.9163879598662207,success,
PAT_973_1839_34.png,0.6429269747716198,0.2659135241358948,0.5698200879957019,0.011199693738085196,0.04154132241132894,0.10158783732764144,0.010564152001859776,0.03694876077146224,0.09440197459385519,0.013641231912261591,0.03974174429522473,0.153646607696585,0.5298164419405088,0.4114603881560456,0.8360655737704918,success,
PAT_479_917_598.png,0.6719689292726206,0.3756852533956732,0.7407601502422334,0.04891891440535691,0.16111224516484263,0.09468776511932124,0.022824690395630103,0.14476451063516116,0.07744837077584955,0.017418491537069355,0.0032228368219902603,0.034910723324971804,0.8536621330100396,0.8646677784769323,1.0,success,
PAT_202_308_721.png,0.6768642294759813,0.14137472967915737,0.7138732798738455,0.013024413171365495,0.03284917156047322,0.042834847981221995,0.010442949801944818,0.032323274517351265,0.04087255798173188,0.0027010345004343764,0.01293766039787042,0.011317526374068576,0.7344184414767796,0.7472642474549177,1.0,success,
PAT_43_61_210.png,0.6508150481867895,0.4679814526259718,0.658822817644879,0.016291188658918862,0.08391426707076632,0.09636643164445338,0.012043136163282918,0.06694524415116347,0.08375491461130667,0.005667336547202713,0.025136686462071234,0.05713426085832207,0.6166873382437417,0.34919929587130083,0.9897039897039897,success,
PAT_876_1665_386.png,0.6770467007644789,0.17477182026023722,0.6825165721810378,0.02704235864011258,0.016165017073941905,0.05119604983154229,0.020734309741967157,0.012454045226240686,0.05152049231651168,0.0020967438178505263,0.010066130509261945,0.0356580546961498,0.8149340602321467,0.7694836869512234,0.9558139534883721,success,
PAT_785_1479_108.png,0.6433928801567335,0.30350041595325844,0.6968978834750477,0.0292310831075878,0.08883146264929531,0.10290586477173241,0.028118851878161114,0.08061287628112895,0.10624712111309786,0.04841053111175195,0.010888994160342003,0.08973259743180473,0.8811784531092065,0.8674055062829292,0.9954545454545455,success,
PAT_214_329_300.png,0.6919283887872238,0.3739793152341632,0.5918791687824886,0.016716054355431744,0.0848480603386881,0.08589696057832537,0.013779382106841138,0.07546099568921216,0.07719499730993441,0.04081282713182901,0.022692786421252165,0.017532917321000596,0.7161218564585448,0.5729424593192264,0.8961038961038961,success,
PAT_383_779_429.png,0.675096386582903,0.283357731220342,0.5972161787089265,0.02869231056334456,0.09857042416017113,0.038243595634585514,0.02700031773413624,0.09655518593173305,0.033597315032619327,0.00698075862123291,0.039626786631379474,0.01184370772781651,0.7855928501735598,0.7263386764141572,1.0,success,
PAT_131_197_260.png,0.6469770703866697,0.5264914143278766,0.6668463472441075,0.017590045065037283,0.2134427664665407,0.13338997879102596,0.01477962351416029,0.19654745708115431,0.12459298628516124,0.013810414956852826,0.18669650640031582,0.06691973607494361,0.8351371271808021,0.7778792803144813,0.9966329966329966,success,
PAT_564_1079_31.png,0.6959114740045697,0.3922913605626299,0.5821923439621247,0.01993434288853104,0.09955472142638166,0.0522424886123641,0.018636690456347017,0.09813126897119026,0.04414445168553884,0.00520770152574891,0.1688502182378412,0.017514511800921784,0.9041191966755073,0.7699709517479394,1.0,success,
PAT_695_1314_822.png,0.6699437102247562,0.3203920958972962,0.5753182057732925,0.029830482315965925,0.06357903699083611,0.042769043655581616,0.03064397411373158,0.05590587444855131,0.038456429948023625,0.04144262108606595,0.011716468635194766,0.02441360820923577,0.8778947948225353,0.8514353516883478,0.9952038369304557,success,
PAT_527_1360_225.png,0.6419170521378221,0.47029614701590505,0.505856711140379,0.012507909858857075,0.10276539959690545,0.12593281222026825,0.010897980483570102,0.08330538956596814,0.11102213645057245,0.003461241596053494,0.056194940623930156,0.04959351552027902,0.9253409944836566,0.8630086116214313,1.0,success,
PAT_726_1371_397.png,0.6551936168607134,0.454704531972519,0.6187367146788126,0.014750628049190456,0.056367009294534164,0.04848574845888828,0.014332628529718162,0.049231182420543314,0.04283366545037987,0.02263923545828948,0.04720986337931454,0.015513907148096417,0.9106766264094242,0.886031055691322,1.0,success,
PAT_774_1462_821.png,0.617207737977472,0.28173656614374054,0.7263500393837813,0.013369011024029168,0.05147838490929076,0.05255011107844891,0.012660432324897847,0.047200264050135374,0.04891341360337125,0.016635097473891296,0.0014341283318656806,0.004859888383206501,0.9030880215944967,0.85589895819158,0.9977116704805492,success,
PAT_715_1338_761.png,0.640981264040958,0.6057416800561758,0.8356159685898186,0.009741560418912129,0.061720500712657,0.040967060018589845,0.008361679109847265,0.04529559296345921,0.023955633852726095,0.005034317954537847,0.006313692923841874,0.010184751279445403,0.7745041799361314,0.83032745883688,1.0,success,
PAT_503_950_368.png,0.6428721975560052,0.33819338042401526,0.4335326971611188,0.07609707384110395,0.11327535077895001,0.11795723719689415,0.08166521061331809,0.0922034225806119,0.10439495718205878,0.021294268559235736,0.004853564746965633,0.12820626633705295,0.7179665813559326,0.6994320472738892,0.9785714285714285,success,
PAT_575_1088_134.png,0.6348189643357044,0.25197961647539296,0.7675670136534869,0.07107097295475925,0.14971551787714144,0.11169057187249044,0.023685458222428415,0.13625684269066432,0.08024948627159538,0.01810592594049333,0.047992485439553756,0.03129360534930892,0.8530315086557829,0.7888076328563891,1.0,success,
PAT_30_41_815.png,0.6314817573146554,0.4994794534084332,0.5534225497254337,0.0071239433836957815,0.048775436280813045,0.04510829659557798,0.0069832421501922195,0.04150674515206276,0.0367113074662964,0.006932159096698598,0.06789944595604286,0.05545250860126971,0.7276830656989239,0.548089337725453,1.0,success,
PAT_698_1319_166.png,0.663506026623859,0.17844169267279053,0.7871057649015041,0.049515064294804116,0.07260011332074513,0.08220040121035778,0.04117055316997179,0.06709911674396538,0.07835427759457327,0.027887433670126506,0.018547525204606258,0.029109639285963773,0.8723246030009328,0.8440566382544277,1.0,success,
PAT_627_1188_503.png,0.5754097227182426,0.1782220885576979,0.6610183813473631,0.0077330451232160485,0.00936644054816941,0.025399899382109948,0.004166767562259085,0.005946419535922699,0.02475245719687134,0.002750539356132246,0.0017200094055183912,0.028508928922982513,0.854076803335331,0.858504884142704,0.9814385150812065,success,
PAT_886_1684_103.png,0.5916874682257505,0.6130335462817004,0.8314333914101607,0.016543458514977502,0.05548113135476042,0.11518858186001771,0.016865546589020463,0.05466771565492696,0.12059729226972424,0.03649878857118512,0.09608872923794964,0.19069241690877214,0.7373953333983434,0.8316282935777857,1.0,success,
PAT_856_1626_630.png,0.6137442563164787,0.5630091660237957,0.8734893046764222,0.01124555839153923,0.11045761787895471,0.06687690973066011,0.010113420411020277,0.10452508843128132,0.06032183198469298,0.010479022279426193,0.05794413124308029,0.04481761364906112,0.9327961217564007,0.8973315392379629,1.0,success,
PAT_645_1500_364.png,0.6384658016669303,0.447309148159314,0.7094346612124902,0.01250879474550915,0.05520218721225365,0.08218889888532815,0.011908022844762915,0.046693704203494786,0.07857267305997379,0.018854421184383182,0.005692057221197255,0.0018200390511567965,0.8210628552087651,0.8505542728370357,0.9963898916967509,success,
PAT_135_202_593.png,0.7024986830894182,0.40941211406611644,0.722776365780165,0.041225500709498486,0.12471311763470412,0.10226782844891173,0.031014456430749043,0.11288813622339905,0.08878686554529584,0.040146077703165396,0.12883272698842324,0.05739776320825407,0.7700930115393221,0.6949233268738201,0.9857142857142858,success,
PAT_215_330_224.png,0.6368087440761806,0.5857387946793698,0.5515206705569335,0.029082803562668413,0.1770308062336096,0.16874730584496897,0.017588784997689292,0.16420881635578347,0.16612777501201445,0.014097497168315857,0.13914909694195132,0.03707260814786206,0.7059614119350331,0.627310502867264,0.9463487332339792,success,
PAT_715_1339_508.png,0.6198508365714787,0.5257041079803177,0.7292226606871335,0.016769788103827687,0.07908864755782752,0.051941134212165764,0.014285659421846633,0.06593818649831307,0.043265136936902954,0.007170773611019301,0.03419310233955858,0.0629920559981928,0.9002851156794134,0.8708915694886218,1.0,success,
PAT_90_138_605.png,0.6508070482732861,0.7199847891208955,0.5483240316368547,0.016871564003949163,0.16612101632961318,0.09638055881934147,0.01633752694107748,0.16078465327291686,0.08698939222699925,0.02952295898720981,0.36416263569812285,0.07205063869911588,0.8178617101485827,0.7842390134919651,1.0,success,
PAT_943_1793_787.png,0.6645445704946399,0.4266050048280093,0.7316462783741698,0.017904022212399888,0.14560731912084438,0.11254852363325409,0.015119639427447075,0.1274860332024464,0.10501952570259579,0.02007024818253345,0.08079345417555794,0.05951067044136382,0.7559073307178756,0.6189774886935464,0.9763705103969754,success,
PAT_482_2928_201.png,0.5922994182926884,0.4577610581050026,0.6063548621601511,0.011667199021689716,0.06333538957138832,0.06014776476525092,0.010199721123432544,0.060919834998134796,0.055793464220041264,0.004974483716689251,0.06296339371394871,0.042810615188260126,0.9168775547650834,0.8501481506028546,0.9877488514548239,success,
PAT_474_912_879.png,0.6808885250866851,0.332193467895348,0.5667089952318601,0.019717088166653463,0.10552904870978304,0.08671510485356079,0.017592613713327786,0.10727938304676968,0.08554918180158555,0.0126310317694784,0.1019887478525976,0.007799328039784004,0.8638664588999123,0.8622992597721258,0.9868766404199475,success,
PAT_279_430_356.png,0.6445384448895186,0.45481263360466057,0.7742878580530554,0.014889158707337945,0.10183249217749166,0.06406139049174392,0.012538328346539543,0.08657750701225744,0.046144935036626006,0.019544362275623842,0.04428951013593896,0.005693846273959746,0.9035074487048521,0.8351578335780603,1.0,success,
PAT_45_66_822.png,0.6002026186615063,0.47952711775436396,0.44718142692663515,0.010235307579724157,0.12391685457291562,0.1275425875646649,0.008591058936907519,0.09208142101233587,0.1263109484637502,0.005476053954453953,0.10695847504096817,0.19180510508192045,0.5056273268782531,0.417470014015864,1.0,success,
PAT_229_349_141.png,0.6657020570149974,0.6334786918254156,0.7144508245351915,0.009106986823417764,0.12397380371448005,0.05924262631877753,0.007702995194642674,0.1109059956246495,0.048160879222368426,0.0026600179411608513,0.1275220349882925,0.038253464593146935,0.857215663135372,0.833187877700282,1.0,success,
PAT_219_337_358.png,0.6970313080559662,0.3195985651932473,0.942035976592293,0.0320979830883421,0.09703963995052717,0.08057151333570776,0.028766561894705365,0.09333583169469321,0.09073162719085252,0.034495224628546275,0.06186535472637894,0.04083319129660323,0.6962006241843206,0.5303309307153293,1.0,success,
PAT_738_1552_502.png,0.5913781376049788,0.53973477805838,0.7002485601035987,0.007280710916221976,0.06893144528487595,0.043980947008930515,0.006169785369930236,0.06092918807008554,0.032444869261670936,0.004861902648993461,0.07079054742263546,0.026711234434381725,0.6099463863783281,0.6058491463889187,0.9953757225433526,success,
PAT_739_1398_331.png,0.6461415306255907,0.3844510144559161,0.41876433056623275,0.015776904665380346,0.06291890506517822,0.09201175258206473,0.012266317885924452,0.061850891041017195,0.10159404531371671,0.011728420243389968,0.041382062342012194,0.06458701463171429,0.7781147481648366,0.7781684581776755,0.9629629629629629,success,
PAT_160_249_76.png,0.7374815231440872,0.1691375632821936,0.6942786288827458,0.006730543626972668,0.009532554719520662,0.021467432224330743,0.002099687700072601,0.0071177467834731166,0.021903128265476253,0.0013137312761481704,0.0024375511898963864,0.013543621676980977,0.8235332328530979,0.836838067696279,0.9836065573770492,success,
PAT_336_705_711.png,0.6698679800736074,0.4327729369141874,0.6784198456195658,0.011682235626154424,0.08586460123428968,0.05527416467946347,0.01090663436874321,0.07834689372476837,0.043835648678878944,0.014948491248919994,0.06741894134457321,0.0387367752922424,0.7226474829726879,0.7962361844104114,0.9079754601226994,success,
PAT_181_281_54.png,0.6463543822988982,0.31312633209399615,0.6374245973121573,0.02904401500530971,0.10646288268536361,0.10410747196336352,0.027506016373260302,0.10337330124836602,0.10431048645479021,0.04344266914146155,0.055279944471396336,0.09728661920338377,0.8720168199905745,0.7540656058225709,1.0,success,
PAT_126_192_208.png,0.7690674500044838,0.14158998729912958,0.6219176293366788,0.13104906588034232,0.05687066221585918,0.037936445842846216,0.11183165975527878,0.05444668565796529,0.03304002221260748,0.0847971542718126,0.024235630177390083,0.0340824783055409,0.7207827338816908,0.7225382708530412,1.0,success,
PAT_172_266_950.png,0.8289862715073562,0.13953326904532304,0.5780726454516232,0.19173194645868433,0.04063493093297177,0.08453283170365843,0.14303115099779232,0.033370415850321515,0.07566297682671243,0.10563380601818374,0.01427542024106146,0.05566303420828189,0.501694767947158,0.42775451839126694,1.0,success,
PAT_987_1859_724.png,0.622573000499986,0.23509507075648903,0.7140272630190339,0.039181204005463904,0.08515985211699359,0.07109841955240197,0.0334883256498859,0.07571936930392978,0.060186538626562175,0.02098167931196097,0.02519174710818914,0.030813977825129846,0.7752903084108925,0.7393609708341685,1.0,success,
PAT_190_291_366.png,0.66866882959655,0.43458839536454863,0.548942240468159,0.008148723990909608,0.08652480505568678,0.03617844179891537,0.007719430757032976,0.08020319114726578,0.031146525333652506,0.017774609939740237,0.0582044845720357,0.010126972641218646,0.7774048704274426,0.6598201279628783,0.9530201342281879,success,
PAT_830_1564_740.png,0.6462597145487324,0.601267460161322,0.5523242507705424,0.010238613770265524,0.08428356303821971,0.1471219376656989,0.008942344407293457,0.07776862140719633,0.1458507061576224,0.01015937853509333,0.057490412557539394,0.0740308007868653,0.895178236715807,0.8314260427699904,0.9945054945054945,success,
PAT_360_742_768.png,0.6212222158299793,0.3159190579502504,0.8936493511809734,0.05331689979751535,0.13621924619159792,0.1307001572704777,0.034686276768422106,0.13377156600851492,0.15145266771619323,0.01389577065710365,0.09766094025907901,0.178965852210609,0.8908292649090409,0.8429999657187768,1.0,success,
PAT_681_1299_458.png,0.6723044199216801,0.26234768521444657,0.4439748822675595,0.05925903152692228,0.12188679307715992,0.09526874107875556,0.05238854118337908,0.11692817528668077,0.09704302547035717,0.04716156019281049,0.007329483080651844,0.09673211744408988,0.7877468473209323,0.8410971394870439,0.9433962264150944,success,
PAT_747_1409_466.png,0.6616755519075963,0.21533674409984538,0.6745046016084902,0.06938366147019613,0.08458825960893115,0.1352548812806576,0.05646001654644571,0.06036331536813491,0.08045784686172677,0.0033913355839711164,0.07966668099900776,0.030463487321997218,0.8414029757121149,0.8456640020508485,1.0,success,
PAT_136_203_436.png,0.6249197397963969,0.40912176295156744,0.6411161491437594,0.0094865501381529,0.154414181088494,0.0700721096719047,0.007892833563189436,0.14672289761903073,0.0647007711202875,0.007395809975843232,0.014331347518400817,0.02313394748049713,0.8583824980789031,0.8136162914443503,1.0,success,
PAT_498_944_488.png,0.7168886074037851,0.2551355126736065,0.6636038554065032,0.02074477173426949,0.06745252061756997,0.038547813151885595,0.019963484458605324,0.061631238007514744,0.02784266236036334,0.01174245043027595,0.015357206106670629,0.018823942571425722,0.897896324765068,0.8796671062358511,1.0,success,
PAT_492_937_43.png,0.7337442902410465,0.23353474345648362,0.5196959758341491,0.12741170101172555,0.09341417704789533,0.10101743980618587,0.11136831958087694,0.07711475636787349,0.09106394505156487,0.04121394699734916,0.030974439514952018,0.07545028972383705,0.9036271162652726,0.8489976367397501,1.0,success,
PAT_414_822_420.png,0.5932925692778849,0.4755738133691336,0.5659546241306759,0.016861364617025698,0.10603642029328347,0.10618922410191813,0.015004419462653691,0.08992311630156583,0.09286737791446528,0.0031584295892505073,0.04430191850917853,0.05973984831217383,0.7333498183365845,0.6828886639495694,0.9829787234042553,success,
PAT_754_1429_380.png,0.5805106248557106,0.295240296981737,0.430141528691229,0.05799304809411117,0.12440804043586391,0.10284302820383798,0.029370994745849036,0.10856739385548711,0.1125394127347356,0.03382700833402426,0.05404289205931709,0.13940264628763555,0.8184215084412189,0.8162524915404258,0.9815789473684211,success,
PAT_386_785_536.png,0.5721687755595527,0.3614227021690509,0.5125377327226768,0.03544800005010176,0.0942489541932642,0.1346733901259817,0.03127732589649844,0.08001671295648227,0.1251756830219428,0.05247137480497486,0.06335838040961728,0.1320314052184579,0.7653863685090638,0.8132122284600811,0.9483870967741935,success,
PAT_273_421_905.png,0.6501756451251859,0.6280069100811055,0.647140612342498,0.010063569945213588,0.06331749922105954,0.06295005432193385,0.00912447114039358,0.05623704235949183,0.056508047560489535,0.006130668784419255,5.172898049587982e-05,0.006017946783052341,0.8953643087289017,0.8622304767357508,1.0,success,
PAT_491_934_46.png,0.6325155379707287,0.38712923899067825,0.7733427756348441,0.01421099529358967,0.08212366153244771,0.056153125479141475,0.01239743071510955,0.07481254933182419,0.04838075687393601,0.012684292237431708,0.012868116656671535,0.023426363846858145,0.9204792673239117,0.8749966405868495,1.0,success,
PAT_46_880_140.png,0.7092797782287906,0.16622740411582781,0.7382252498709241,0.04157664997683634,0.016758094033275724,0.05445331387129862,0.03253385078988851,0.013776905800431099,0.05403634024344246,0.03223049701167737,0.0008318989994613168,0.002044824035720816,0.788334367988829,0.7730508810568538,0.9863523573200993,success,
PAT_326_690_823.png,0.6629554305039371,0.38217020256430917,0.7002448120438374,0.02040613354628272,0.10515719005651486,0.03295288389938939,0.021432084552526823,0.10545402021678915,0.03114386596271003,0.02230141151594659,0.0964886036944213,0.019025788129260812,0.8987595206241263,0.8498161796709847,1.0,success,
