img_id,hsv_mean_h,hsv_mean_s,hsv_mean_v,hsv_std_h,hsv_std_s,hsv_std_v,sp_hsv_std_h,sp_hsv_std_s,sp_hsv_std_v,rel_hsv_diff_h,rel_hsv_diff_s,rel_hsv_diff_v,symmetry,border,diameter,processing_status,error_message
PAT_1516_1765_530.png,0.5968116642973145,0.7215925964991126,0.56234936416291,0.006291497554081678,0.07470358697952992,0.04959856073766024,0.006266087061749572,0.08166543720315678,0.04907934643100118,0.009937414647194092,0.18849993628512185,0.0836081459758703,0.738506036996911,0.7769824067007008,0.859504132231405,success,
PAT_46_881_939.png,0.7312108546305436,0.20061785144985056,0.6687424599651609,0.062350753850358535,0.1317853587048985,0.04303861033533881,0.05686913945477683,0.12476400307719504,0.03875393269165705,0.06588486032485102,0.04827654854048488,0.01700650615486421,0.734335796442402,0.5791518460394469,0.9602739726027397,success,
PAT_1545_1867_547.png,0.6748718271220129,0.49514623201956565,0.6064426198049151,0.009140036753759455,0.05858206764807376,0.0696100011206504,0.007574717697176769,0.05189726522448884,0.06734230114098294,0.012132480956984892,0.0776835264762532,0.09298430754623666,0.680112040578572,0.6251634324426469,1.0,success,
PAT_1989_4061_934.png,0.646455017402229,0.21499030535128205,0.6087482927624708,0.027248235439209977,0.06470233892818349,0.02972775123347092,0.026081288747987433,0.06380693995965475,0.030373753320538377,0.034894583400616436,0.020770318600901033,0.0006742536972703661,0.6909980365115314,0.7793220040033234,0.9790940766550522,success,
PAT_684_1302_588.png,0.6699098406940134,0.3975852095203989,0.5265093981686195,0.015144555775342836,0.05975623689375569,0.038256223111186455,0.01509328041404141,0.05982690160071383,0.03448679990929742,0.027132779162931244,0.050404854257098175,0.010770461201802695,0.8812807115563794,0.832369890317704,1.0,success,
PAT_1549_1882_230.png,0.5559386616934465,0.1579438075752265,0.4851796804453224,0.06313613726764199,0.0747302332192855,0.1093841759690958,0.04544394579262286,0.0582067670990826,0.07713979052730682,0.03946535922796109,0.010903081360853356,0.06303384684284924,0.9060159509323997,0.8571223543161426,1.0,success,
PAT_778_1471_835.png,0.6065384865668235,0.42058105585602834,0.8255396544297133,0.007944680044067965,0.047343981507340975,0.04694022059073068,0.006948889977237474,0.04154051086093425,0.03578364371152076,0.009581774598958266,0.0761586426960078,0.0443582672857894,0.8407485218576722,0.8420324196666232,1.0,success,
PAT_705_4015_413.png,0.7039475404136586,0.13890822981191678,0.6499379607849087,0.05324689265218642,0.04082123379042863,0.0403435140989036,0.04580534587001896,0.03749753436032395,0.0351892035337232,0.033216336700942706,0.005088897688789146,0.007455565427238242,0.5617824371767137,0.49632210579364133,0.9802414928649835,success,
PAT_2140_4726_141.png,0.6541171513538984,0.40123737233826434,0.8649907278552177,0.018796983469952764,0.10542293361622454,0.06945437046130241,0.014873983343184892,0.07870732035090877,0.03451054906114299,0.016847405293907356,0.06832432971734198,0.014033617895517048,0.6260470109738987,0.6761869323030152,0.9571865443425076,success,
PAT_967_1827_247.png,0.7139503062107172,0.5213604025681069,0.8603466558698208,0.014522796952397386,0.15727100614634493,0.10914543160791634,0.011794447798436596,0.1519878660248826,0.09951592361478998,0.005534497962954138,0.10447140074707612,0.05813045419666796,0.7964053730213786,0.7298131104285577,0.975,success,
PAT_2088_4524_465.png,0.5965427900090489,0.5354207934109039,0.602242503386987,0.01174026467804747,0.0890634100545545,0.11253026115203063,0.0110705252927041,0.06843401051777491,0.100153714294226,0.010895158001608726,0.07349639877644598,0.12989655164272473,0.8930624268629338,0.8480816251096084,1.0,success,
PAT_636_1204_521.png,0.62560424207731,0.4222141382611595,0.40225777209292773,0.02951331555757306,0.116403989386697,0.09204427739161339,0.023351264290146317,0.09486051403595896,0.07953875936974372,0.027359401838524474,0.10949830565946211,0.0063033124275438945,0.7243801781214705,0.5625637678344998,1.0,success,
PAT_38_54_234.png,0.6409979803108148,0.38835185773085296,0.7040061222924168,0.013559871037110753,0.058610576370440724,0.02839290144162027,0.012592569245851318,0.04755879989527562,0.01682654361187812,0.015702297745563955,0.03840661277797203,0.008909182249619008,0.8935878379463373,0.8587766128008161,0.9704510108864697,success,
PAT_741_1401_619.png,0.6611393747313407,0.2506540182690933,0.6068119877731405,0.039946676023744326,0.0937338202256248,0.08937459590160632,0.017863493931264896,0.07987780958346272,0.0818958269309137,0.0187442574993914,0.023821912524158634,0.009207900138771596,0.6552574552499082,0.76950604049994,0.9345417925478349,success,
PAT_380_1540_959.png,0.6488986926207303,0.35555826601605367,0.5991915892655632,0.025575679028100595,0.0875501789696278,0.05000306841790095,0.022785550610020328,0.08369596385864893,0.048791521643869205,0.032140152976126754,0.010719975432492757,0.02614832168158021,0.8778521020916796,0.8406062910192906,0.9761215629522432,success,
PAT_1783_3414_120.png,0.6205776036293369,0.1827509090478007,0.5522504251563217,0.06482844427563195,0.0725159690930769,0.06540165135339643,0.06950983975360217,0.06446915680438572,0.0593067071162264,0.01061401188187282,0.008734082357531259,0.06258385062241656,0.7793464854603888,0.7231158997062825,0.9571639586410635,success,
PAT_759_1538_566.png,0.6511596017610993,0.5240654844299815,0.7115484461115895,0.0067144408266859934,0.09526171752056779,0.03691714681371606,0.0058126146907840695,0.09295638867869074,0.03467334198435468,0.007911271145760108,0.009305767704931078,0.015251341035994015,0.8889708226892996,0.8606827875893152,1.0,success,
PAT_821_1547_77.png,0.6382655344294537,0.3436505520808446,0.7594765241544233,0.008464842710032828,0.03922895916369332,0.024318665920037275,0.007488143700444079,0.03800629150562933,0.020517278900059027,0.0067788609523904125,0.0012751952672749312,0.004339783556544852,0.7121417267988357,0.6592706408952151,1.0,success,
PAT_1693_3103_879.png,0.5977645624295357,0.27114188874058887,0.6199171239250935,0.020209741887489044,0.07132832918248187,0.0571765775843421,0.018554555439851225,0.06531992168063794,0.060234321226303705,0.02039436215960551,0.08203779931554323,0.04443828898324953,0.36056338028169016,0.26924267806088115,0.9574468085106383,success,
PAT_875_1668_588.png,0.7021007053415372,0.3879446966866864,0.5007277507974367,0.022912785075613708,0.09347154852460227,0.0407245562915129,0.02107034279303884,0.09009121876785024,0.039497618015075064,0.014795373950562091,0.048195144911503285,0.011743495739283627,0.9298081389033777,0.8780910646097256,1.0,success,
PAT_1653_2916_346.png,0.5989704319733307,0.37640048712595686,0.6512545426428517,0.005676336700629845,0.0351033841081388,0.047024492215703866,0.004508582959444742,0.031397845093067075,0.0447521696094079,0.00557179856498201,0.038380254690236704,0.077771556599182,0.7481642756948996,0.7509311320574588,0.9915730337078652,success,
PAT_1790_3425_942.png,0.6731620796165501,0.21370748474739443,0.46720284902295556,0.0505705523864577,0.09073144413283986,0.14310039923525547,0.028587851844989815,0.08298714959777878,0.13183747454999584,0.03848778202322399,0.120465172876763,0.21663632180491804,0.8373492596485941,0.8074059096223782,0.9717514124293786,success,
PAT_106_159_325.png,0.6553559710508382,0.6148444452562374,0.5349853319167547,0.014695516227572937,0.12130676008159408,0.04519211081450456,0.012723926060602322,0.11114140185822173,0.03862375528124282,0.00046060591392781526,0.06070202466425889,0.026818507980884365,0.8042069481364184,0.698381113462523,1.0,success,
PAT_435_854_68.png,0.6427726741047294,0.26337240586867694,0.5817160473471703,0.04091070386024725,0.08988527765805535,0.06059022257118384,0.04107455558323498,0.09633699816514556,0.0718395061913027,0.0072106376096398445,0.12579413082289553,0.08445537611971077,0.6682328399161623,0.5961074025915927,0.9807692307692307,success,
PAT_1902_3790_168.png,0.5998214116244586,0.12441059996304954,0.2969114233157417,0.19491810086211186,0.06951893499557371,0.06094065533925674,0.14061064576647034,0.061931141527452424,0.04961225957400661,0.007931052102730578,0.08886414764271822,0.04446663838302822,0.673122219882039,0.5152179302837949,0.8176470588235294,success,
PAT_42_58_13.png,0.6438008802590272,0.6109621936702107,0.5201872160104581,0.009222855048694639,0.07346067403005008,0.07059780479908351,0.008636949246018726,0.06298942022033727,0.06553247809359491,0.014384156971435719,0.032779534175734426,0.05949576914974686,0.9338400017030217,0.8722837358983424,1.0,success,
PAT_302_651_529.png,0.699569636437526,0.241440550184294,0.6212957592125987,0.03579799887631581,0.0850782890604015,0.10423580128839602,0.021924524591913745,0.06977912412756146,0.07627628642760387,0.008179099876535803,0.018977746177100685,0.0033806357256096486,0.9064204112274445,0.8552519982814673,1.0,success,
PAT_359_4450_86.png,0.6834375838593141,0.1709686288246179,0.7103410970909896,0.0643612641866805,0.044604121655571774,0.05298995825219938,0.046397213453455634,0.04033061127707593,0.04497752446587835,0.01456798462555216,0.018001018207153996,0.015759853657159817,0.7890527907184114,0.824524432636119,0.9975369458128078,success,
PAT_107_160_609.png,0.5451700307181948,0.2326008322055978,0.5399690557796973,0.08877907519445105,0.1277347756721347,0.06338636545171189,0.08052351636674406,0.12085041622220857,0.057215217757393196,0.1061957413338183,0.0017088600016429423,0.004773411116491655,0.8141624260234909,0.8313760565890584,0.9672619047619048,success,
PAT_134_201_587.png,0.6446978634350209,0.6590714088631366,0.5914460079689312,0.006872097036594667,0.0803606601406423,0.031072140112920813,0.006063325709663929,0.0712144822686271,0.01957939577476134,0.003804334932894054,0.004479142378073564,0.0011962797921927226,0.6284664590057825,0.6954256643867008,0.8548387096774194,success,
PAT_1453_1567_250.png,0.606548670091015,0.725071654468239,0.6535317610915333,0.009376048135804872,0.10633240303328273,0.12852057623793495,0.008939699148702573,0.1037181793676474,0.129024492949652,0.00642413142109264,0.08107447809099366,0.005125299429212915,0.9019673516439904,0.855880061649429,0.992,success,
PAT_79_120_532.png,0.624804320996754,0.5847918768805621,0.5800479363434449,0.005546396641442837,0.057682098682048204,0.032163886774837294,0.0051936856969643725,0.044055246128412474,0.01814647148833624,0.0007065604405457609,0.055126922123897915,0.008796356570590413,0.7003385070073573,0.44739481151309085,1.0,success,
PAT_1926_3871_371.png,0.6000428479099327,0.293003091281427,0.5360866138484504,0.022015748562338268,0.0953226371063318,0.08661528137045257,0.019936291668560313,0.09532873040614388,0.08418781637458225,0.02050406214225199,0.05991153381137182,0.015892020198072565,0.39098910119020475,0.33770923880777,0.7160493827160493,success,
PAT_724_1369_896.png,0.6076604803727425,0.4768584796257048,0.9784663371179146,0.017313809607574546,0.11034648616454172,0.022068547354963802,0.009595817910197856,0.10053866568484941,0.012422778284731725,0.007421991577321307,0.1355556965720081,0.013117475691964975,0.6958057790426821,0.7621378547414975,0.9788519637462235,success,
PAT_1582_2574_34.png,0.6450277059702474,0.3393036110649967,0.5865714865438179,0.014174026648694802,0.08853452069893913,0.13137735238083903,0.012411572120256594,0.07963509627240163,0.12391332416371834,0.010779787621315665,0.02833564622943302,0.19972556101083616,0.7067144955803033,0.7439271902095806,1.0,success,
PAT_1431_1495_511.png,0.603627403146898,0.37747796130067013,0.5408599448576246,0.007818304311443005,0.06898265835647861,0.05115667793341541,0.007380639902094671,0.06265328943833158,0.03921418537184315,0.0014271614882816488,0.03805870559509267,0.023393650721272197,0.5672132780604311,0.31178313047360084,1.0,success,
PAT_944_1795_371.png,0.6538124879620061,0.30076804628154064,0.5499786621332956,0.03179964232419174,0.09096697442396734,0.057042456346311596,0.02759290612367173,0.08691057628981211,0.052810102792427746,0.0020013830036096653,0.09608695180160928,0.04419142081074101,0.7561562503986801,0.784611847519884,0.9581881533101045,success,
PAT_394_1562_579.png,0.6452491767894213,0.4817190525879575,0.6202742182289461,0.012766708169376565,0.0664303049490173,0.06522619755222951,0.012215115578264298,0.062235370385476885,0.06305008283402312,0.020400588974285466,0.04889083104663339,0.04135548780509202,0.9165640287257721,0.8692597148834812,0.9861751152073732,success,
PAT_1842_3615_850.png,0.06305176607292896,0.26884865350025056,0.34405222349985404,0.26108599982853037,0.12022847845374553,0.0779489228019483,0.33795173886448693,0.12715964620983536,0.08522528452838699,0.4509985032326447,0.22067063874487566,0.21866075938232726,0.8405518417650133,0.7746388542464374,0.9696969696969697,success,
PAT_621_1183_56.png,0.6560750731961514,0.28764873996614765,0.3416240935174243,0.03126194954548808,0.09644663989432307,0.10645474945451366,0.032296792912362926,0.09050046119269888,0.11867316059472083,0.03998528075222446,0.15067262567155645,0.20025460795677608,0.9579119201130839,0.8378122272804042,0.9907063197026023,success,
PAT_374_762_794.png,0.6545461465903676,0.43889487266988014,0.6541868397105034,0.016365505741673923,0.09895809676530597,0.07934204748150325,0.015633765791558518,0.09613098873411942,0.07408810303875513,0.002548632368911383,0.11211940765475076,0.047647831750949,0.803230238145229,0.7504648946405362,1.0,success,
PAT_265_406_276.png,0.661397091988769,0.39606130176145793,0.6236544356794226,0.019352716349191387,0.07299822764839596,0.08580647395020104,0.017030154414491953,0.06015820026151658,0.0676493362877949,0.012040494121811443,0.04045085354895822,0.063690015742902,0.9011549716275435,0.8762691928285641,1.0,success,
PAT_1074_322_662.png,0.6042721069693511,0.35777670710875564,0.33633697708420673,0.013532831338178467,0.06204725128057122,0.05859133982686909,0.012363514044213703,0.05156909619208778,0.05205901106605216,0.0020170045672563853,0.01709970554886764,0.03897258701093115,0.6417372334873338,0.6233396624462045,0.9609756097560975,success,
PAT_289_1399_481.png,0.7420971743864202,0.13557228575501581,0.706495896441855,0.07438584926630208,0.06327477739073266,0.08864747459725135,0.06777414885113459,0.05581648841670489,0.0727398018592606,0.0010647689034954055,0.019086852575362773,0.025150094301544468,0.9293655690887523,0.8954362392323676,1.0,success,
PAT_1803_3463_639.png,0.6553601353645573,0.3467675391282954,0.6883345133886177,0.013513727798541436,0.11446699358620067,0.07615071326801343,0.013473880920713189,0.1256684761310814,0.07412041166937151,0.0013729791892936464,0.26335080437884006,0.10640268704711209,0.7332371078292095,0.8106327261514945,0.9495145631067962,success,
PAT_1029_135_239.png,0.6528954473212892,0.3113919090998139,0.6984713603337309,0.011354746068870391,0.048552521498989344,0.057738526691190756,0.011329741546037402,0.04970034506134819,0.0565851623076331,0.018536168058261478,0.07447227077816398,0.008838408707484646,0.7663821478940391,0.7855946848171107,1.0,success,
PAT_2020_4174_799.png,0.6386103812109737,0.28002366352030333,0.5394387046549318,0.02288289963108489,0.10479602468762543,0.07114403490753099,0.01931100159528445,0.09819271423333181,0.06561186163444255,0.012210786019975472,0.01015179402604044,0.009083383422432534,0.5331557866814354,0.6528992460718556,0.9583333333333334,success,
PAT_682_1292_986.png,0.6556830957567752,0.5384351526651444,0.5409790686518313,0.01067557943255286,0.10187387867733237,0.05329278756929582,0.011208191705986331,0.09275831412542843,0.048574700679386455,0.025225031231725127,0.06981476487461724,0.008150767760410682,0.9459726171342162,0.8871690543980753,1.0,success,
PAT_805_1517_154.png,0.6089610171440184,0.442372243014853,0.7742697078831533,0.010047540421643046,0.07338077702271524,0.06592048147067922,0.00922547356092699,0.06974259221840347,0.058740655129163925,0.017153444653126668,0.020357100324113364,0.0002498028914535988,0.9126780626780626,0.8735689575212621,1.0,success,
PAT_680_1289_182.png,0.6381928209879109,0.2158748683860001,0.3888626436125453,0.029376873379830856,0.056533686463442014,0.08955184759584048,0.028916780325643928,0.04476194339150755,0.09994518575059333,0.06535356805254382,0.013562269410479666,0.21785220957192286,0.750286683282912,0.6623447897582577,1.0,success,
PAT_53_1370_245.png,0.6544149088251275,0.24214474491272445,0.5146658149425586,0.03649217552519169,0.12426959869452793,0.03302616913230109,0.030542609100559864,0.11042192872473462,0.020631317328281572,0.02872940406469853,0.04883215292889262,0.00495418788072477,0.6834543875458846,0.6683695920379873,0.960352422907489,success,
PAT_868_1657_698.png,0.6532554446290271,0.3195790080738178,0.8405132641291811,0.01447254977229114,0.0415455429893779,0.06846752687246067,,,,0.030971225618017684,0.04361172276397185,0.0025348642130648136,0.7236842105263158,0.765048396993174,1.0,success,
PAT_183_283_495.png,0.9506571389075928,0.07530274174422365,0.5376357995855642,0.31892565321233846,0.040772889198830084,0.09055186145000532,0.32366759398005424,0.033263068122169545,0.08434722002251328,0.3352894587871838,0.062112603377459816,0.029679507680343775,0.7581160721621188,0.7448253087885173,0.9583333333333334,success,
PAT_479_919_97.png,0.6826964556690354,0.3581690308205277,0.6487737422214992,0.03524977725602065,0.12567765243339657,0.09574434862420192,0.029118786488323972,0.1002713068689552,0.05749561710228864,0.03856173428082314,0.016885838185898394,0.02806343029456604,0.8008238164853916,0.5917794143413327,0.9807073954983923,success,
PAT_333_1469_499.png,0.6425705076080787,0.3169327017316765,0.39747461912977416,0.12351289028248048,0.173750709712312,0.17895470384684284,0.09111557821853292,0.15383376481942235,0.17249990246240646,0.04065472276163844,0.16251755556590516,0.23511040002027134,0.8900438088724906,0.8288850637250565,1.0,success,
PAT_867_1650_901.png,0.7569722963141503,0.11149803323012172,0.6918049745554439,0.26916588846774403,0.061655275966313504,0.044054865155664424,0.23532818734528171,0.05892960762851763,0.039214565808942926,0.09471959945041933,0.01480459842722065,0.011956784899757933,0.8776288186592704,0.724395014596521,1.0,success,
PAT_620_1176_980.png,0.654917219635642,0.37923393376340225,0.7286046114907649,0.01502996115716391,0.04699141098658569,0.03198065192108744,0.015053716951671755,0.05107418892709102,0.0319767823400711,0.0262171861400557,0.06445893760305826,0.004777784113255579,0.7860409276320183,0.7352431742718953,1.0,success,
PAT_26_37_865.png,0.5854496534970359,0.336184563011669,0.4848586778505834,0.03799409591264128,0.10624068022161336,0.1296934258070726,0.03308536223786777,0.09964662234654116,0.11535650558397019,0.009672353430695876,0.09531767079324538,0.03675214369322405,0.8398641305596624,0.8297712935814315,1.0,success,
PAT_2051_4356_460.png,0.6471049829486419,0.30032512164422354,0.5708821506006178,0.014904992002954299,0.05451357332155243,0.03727148950985978,0.013207681095405172,0.047507186513107924,0.027063914820291347,0.016744264376783256,0.010214192202781525,0.01571978064503987,0.6586947879331198,0.6096233846096223,0.9971751412429378,success,
PAT_1381_1314_517.png,0.6640412829805026,0.2590399790876313,0.5222282994631215,0.03087461256763576,0.06255968806694155,0.05240613784807749,0.02347114038403947,0.05976749576197497,0.04676520468063753,0.010526891956476053,0.015767821687960842,0.03615110973047686,0.7539191461644981,0.8009754778109002,1.0,success,
PAT_544_3299_671.png,0.6172016816513494,0.41473074492442447,0.5000424851909664,0.004604486064085898,0.07138486753814488,0.05458631551126824,0.003097226863532334,0.08444109781855132,0.05822197595291108,0.0031199778000927363,0.16102726820633934,0.07170795774051575,0.8608520894685032,0.8526841957066459,0.9825870646766169,success,
PAT_814_1532_545.png,0.6261441350739321,0.42270960855114464,0.585352664409955,0.03936215487776517,0.14771788624282908,0.08688615888096447,0.03930586804006513,0.1265182601758103,0.07177257566664176,0.06629581164312973,0.06839421014033253,0.047991157182162625,0.7639269204762551,0.566452171928293,0.956140350877193,success,
PAT_1014_86_861.png,0.6589441282130984,0.254787618698337,0.6837239514435385,0.014346839548205047,0.07427959121023203,0.048086049950589946,0.010331626505249512,0.06557581226001674,0.03294246857729851,0.00884686581605594,0.021360941357355945,0.004508008913182815,0.7269023416610412,0.7570508140738212,0.9277566539923955,success,
PAT_1984_4038_265.png,0.6041949388022563,0.16793227050367532,0.35694454302230083,0.1740963646929377,0.1143668900277831,0.13288380819676093,0.14250121760676362,0.12451845943859642,0.1470925630560492,0.0012368696813708545,0.16028905269887683,0.2755255072954068,0.8281726539547372,0.7972386680194022,0.9742647058823529,success,
PAT_838_1585_282.png,0.6754027744384694,0.5685092367666704,0.6424676021305891,0.00919782118903087,0.05720551658598798,0.03220999665133983,0.008224882092958904,0.05530206870754928,0.02875044654873675,0.010780868532030278,0.03410007288516814,0.010405136992761133,0.8046827594053398,0.6893409617565512,1.0,success,
PAT_1255_876_939.png,0.6066492949132044,0.2291557622431332,0.5988477115458166,0.027995536595182547,0.07669808080991816,0.04517641332832851,0.02149541593486642,0.06796408135342728,0.038005139022104284,0.0023165954001347208,0.003730092330050061,0.015682009122884977,0.671925114787336,0.5995078044132188,0.9895424836601308,success,
PAT_701_4056_457.png,0.06632115595441467,0.07209450409503107,0.3935082437684374,0.2817937071740892,0.05085340865346228,0.14875798727852566,0.3262390454956396,0.03579561102003601,0.10860130618622628,0.3717122913542235,0.002786327040530015,0.1649318242788924,0.8538051911898383,0.7941869668391717,0.9681818181818181,success,
PAT_411_815_692.png,0.6079128613560201,0.5023559455500347,0.4005708309771964,0.014852276321676405,0.13041208744084726,0.12946263302623032,0.009808833887375223,0.11068161985097608,0.12237745335173333,0.002136815052658076,0.013553825396649732,0.19290258454908887,0.7530441348127428,0.7484547121728128,1.0,success,
PAT_288_441_312.png,0.6347213888584423,0.42089261064731137,0.6063313989845959,0.01611405399617983,0.09533528677877079,0.05102205131826947,0.01713595850423803,0.09632063454138066,0.050235096139686734,0.01348447003000383,0.08280515749456219,0.036591405286963585,0.9344158969299303,0.8933748396558351,0.9982300884955753,success,
PAT_692_1308_364.png,0.6742058593476313,0.3130194244721954,0.7199537075969297,0.014868650833519431,0.07073683036655082,0.06888064260238537,0.011323125377901554,0.06161838683755727,0.05797559388094457,0.0009189513956949706,0.023038529041932043,0.01352827188848571,0.6082488976937551,0.5529408382530107,1.0,success,
PAT_1278_965_701.png,0.6073223465102403,0.16912360059504075,0.6656477878808537,0.02876063002825551,0.04061754810629076,0.07511238486374265,0.03470505066676722,0.03553401919000582,0.04307698819773908,0.028366058814638252,0.03631951477561263,0.01400724553594157,0.7369964068450323,0.6624271398355495,1.0,success,
PAT_645_4043_374.png,0.6625876075671068,0.3175102705131682,0.5927942992858487,0.02767671802333869,0.047720970329725214,0.022114992657509262,0.02813307602962396,0.03777448705094,0.01817315909222341,0.006588381670525539,0.034318027274939156,0.008990023563812288,0.5990658940134477,0.44239975456675956,0.9222846441947565,success,
PAT_963_1820_823.png,0.6635885940138482,0.30565283049671443,0.6514403973907427,0.01009880547056131,0.049135421932464854,0.01967013262311399,0.009328780560421761,0.05049895357711443,0.016092175945800008,0.00817898462219312,0.0921572376013399,0.02259777680454278,0.8744445136102438,0.7125378087722574,0.9888268156424581,success,
PAT_882_1677_789.png,0.614820160058049,0.6147700811734238,0.7997294219204515,0.015736126703151065,0.1529666053075717,0.12486874662924688,0.014736297173120453,0.13670209782947118,0.10589538541451121,0.024481612876769136,0.03781373906767671,0.0011946616977654978,0.8358440447012859,0.7649903458575998,0.9805825242718447,success,
PAT_1725_3222_943.png,0.5563074020657497,0.08094451043659674,0.5953063305990999,0.07559826218130752,0.0344178012435687,0.04447204883274995,0.05100321270793412,0.027083936991123454,0.03833289357329358,0.05934231440753229,0.017983666792830005,0.07571692628673976,0.6763804715527513,0.6423453488747916,1.0,success,
PAT_98_152_562.png,0.665312805740023,0.2671646406018647,0.6806807210818521,0.08585006050178084,0.13690302858807482,0.058701665314183554,0.08793970418019524,0.1356029710671885,0.05623535435930043,0.0051395472217328755,0.049207919740510836,0.00800069650501345,0.8803898333503555,0.7995352705566244,1.0,success,
PAT_1884_3730_813.png,0.5897528121018983,0.11763224181360202,0.7092754482145504,0.04988713660806253,0.0429441992292994,0.043114704838534676,0.04619970038301495,0.04246093417846827,0.04132522379581501,0.05343900603281213,0.0029705393582138834,0.028039630445306107,0.8454515981141696,0.8070626260036629,1.0,success,
PAT_369_755_391.png,0.6965541152099439,0.3624905787862132,0.6060531280716301,0.014694068250948293,0.06543725437410043,0.04163897729696562,0.010824457014860192,0.05740539417215819,0.03141457697843655,0.001094552455959293,0.05785972179055482,0.012398029419009582,0.7083068183471666,0.7113069434453115,1.0,success,
PAT_1276_957_406.png,0.6031131821126052,0.5612733302379117,0.5360809257414361,0.008293204684240494,0.12293124521597615,0.12587464422580305,0.004356643901606481,0.07426550010074096,0.11365675991934839,0.007415193205446416,0.0468384175451958,0.19398985390320234,0.859291124873538,0.8372562289850777,0.9975728155339806,success,
PAT_1070_305_907.png,0.6503888504588885,0.4578515143275408,0.6344034013661495,0.016111847934417105,0.041707353927586246,0.03971868837664923,0.0135087153256288,0.03521473326419131,0.03298922169499747,0.011976176411290534,0.002087045235549423,0.014183089322969522,0.904762139673285,0.7728179190033924,1.0,success,
PAT_1688_3066_491.png,0.7283324533967986,0.21572031040738593,0.6226371963285556,0.13491844250386018,0.09567263327188105,0.09921487673625105,0.07308401957731858,0.07388979608720139,0.08477526489226371,0.07442469821252876,0.0018675725806398813,0.011810555116459787,0.7221876927740614,0.7327899960852496,0.9548387096774194,success,
PAT_981_1848_906.png,0.6386901529511562,0.3906098761988089,0.737299705396278,0.014942081775466817,0.0681399670000381,0.04723406171518986,0.014381915004367104,0.07382946362834492,0.04146225651637393,0.014515221732524314,0.032611838907346646,0.0076867288241226905,0.8245474261765535,0.829474657921716,1.0,success,
PAT_409_812_974.png,0.6305743904077054,0.45281967540797013,0.7192699914401359,0.015386654593503253,0.16585431813069443,0.06939078350851187,0.013036984824680698,0.1640091543730242,0.06493383775879112,0.015302845918895495,0.11884724515155681,0.0003130266146500471,0.924821524887754,0.8851702339894008,1.0,success,
PAT_276_425_539.png,0.28372448250308296,0.09879818192467309,0.46090792271274567,0.2594972125965302,0.0691558229262961,0.12475641649490875,0.2719403364709587,0.06081329846061503,0.1146133218288829,0.4805200893948204,0.024314090005890465,0.04818647776634383,0.9254170648154938,0.8506647250408416,0.9895287958115183,success,
PAT_430_848_476.png,0.6597098377608809,0.3996517604973621,0.5672995643637327,0.019862241192815842,0.0992521070561231,0.07580119900044482,0.016325729647833465,0.08434945883804235,0.06822623691262641,0.002591225146296081,0.02516196735082621,0.0013735220493131806,0.8463130946269086,0.7891924017680179,0.9875621890547264,success,
PAT_419_832_706.png,0.6839121664111568,0.5068753287009737,0.467708847966171,0.02364833709104693,0.15471953602863248,0.13348596750046685,0.01973566937360007,0.14520385851854903,0.12733681745622605,0.019204856678833773,0.09544638741123318,0.04562646759186567,0.7420675371069916,0.6595258388730808,1.0,success,
PAT_1423_1472_18.png,0.4897644296943005,0.07848535995594819,0.5896360937537408,0.11365259813016045,0.06593816499383785,0.06431880695477608,0.09311852762751176,0.07392877596579756,0.0663731126634848,0.07244204546690534,0.17723837572937795,0.12575815079904984,0.7265896452760408,0.7788902738924518,0.9956331877729258,success,
PAT_55_84_506.png,0.7389832823202662,0.29622233718531826,0.5399887013057544,0.13465899406036685,0.15636570419676007,0.08579935576984407,0.11566494485954817,0.14325574354109047,0.07313292738149595,0.06397114553444348,0.09278929474116807,0.018508314493418054,0.8463514248577213,0.8176611228197689,1.0,success,
PAT_1710_3160_488.png,0.6060233186225222,0.33756235579395577,0.5845562117319435,0.015560350217660123,0.09344484072666705,0.05656503577238933,0.014480871860084548,0.09334681895355776,0.05665650386059021,0.01439146890482811,0.13288914108298333,0.058190592526141116,0.8735913160948883,0.7556170292855272,0.995260663507109,success,
PAT_1818_3568_132.png,0.6226540199237928,0.6172395700609555,0.6299322911291902,0.00589560400007197,0.07784872457907376,0.060096347905166575,0.005293381565275134,0.07595420837555925,0.06040951638416601,0.007331769762468336,0.0720552225773422,0.015399804406297957,0.5742328729934684,0.6828888884439508,0.9789964994165694,success,
PAT_1414_1429_59.png,0.6860230113083459,0.2984484449843556,0.5880193827033796,0.08479115832498216,0.10229146971904628,0.11952944835331382,0.05495841592305561,0.08783968269008205,0.11140788551124438,0.020403771170849596,0.007901561358450826,0.0009429364578067423,0.7909485748372218,0.8048383217992903,0.94,success,
PAT_1573_2499_849.png,0.687700030380888,0.22213779367875586,0.6821800483083015,0.03629295546230441,0.04764121123620295,0.09747371437642419,0.03523484444070845,0.036435381686656575,0.0846389242269894,0.023003182416900674,0.028914589895395332,0.013135788371288482,0.4492192812377716,0.32903170029684187,0.9648562300319489,success,
PAT_377_1580_534.png,0.6370953301482757,0.5159549659520084,0.5074156328588663,0.009677900418237032,0.06085253560302351,0.11482461158460243,0.00771069018524509,0.05389823655039047,0.10948104031665928,0.00043408515202345813,0.005518464334553497,0.043287948125731224,0.5787387922219488,0.7510841485512669,0.9444444444444444,success,
PAT_802_1516_910.png,0.6244587241246552,0.3421357830861063,0.45587711067550907,0.017097529250686052,0.06258361912730424,0.06556528273999902,0.013072171104895086,0.05043448232038416,0.05210522680041576,0.010936104807698716,0.0487518409675487,0.0065717969048982305,0.58091828691701,0.4890021041043587,0.9794344473007712,success,
PAT_962_1823_942.png,0.6192305250892967,0.18306986983248733,0.6746781846979875,0.027227273088375713,0.04999721179144335,0.06255244536474357,0.028529816860243095,0.04566973629964979,0.053265091399920445,0.02391108849930027,0.005945192277956479,0.00801151803132083,0.7432464970232537,0.7107926775759127,0.9807692307692307,success,
PAT_1109_437_254.png,0.6428779101634057,0.40278787729864657,0.20069419762414803,0.044787642096672756,0.14502328436098966,0.10500502673719489,0.024717948194364077,0.11306101835101681,0.12331834516558565,0.054188222798763834,0.1761520810000811,0.2611626249206796,0.8581485645320477,0.8089467538019058,0.9809523809523809,success,
PAT_241_367_374.png,0.6756575833581837,0.27258469382928185,0.6806298199262983,0.08053009798931843,0.1378928349380384,0.14430357649990544,0.052749090358034864,0.12100088348842578,0.13696802551989704,0.0036863406054618193,0.07308934906849354,0.10911477745406806,0.49729003568930663,0.5527141378011288,0.9840425531914894,success,
PAT_1492_1705_578.png,0.6511613992734149,0.5175690288156202,0.5937578354641074,0.010362213038522064,0.07267724358879186,0.06794539227838294,0.010374247162453748,0.06662893247771894,0.06343248273244331,0.005299630537610432,0.0480177492067112,0.08034389992577118,0.780957942253251,0.8397242427509097,1.0,success,
PAT_492_937_958.png,0.6644947633247769,0.39438152439661206,0.5894184428092215,0.10163286018211146,0.19178209673175786,0.10366567468965286,0.08541682483948934,0.16890762002238444,0.08212980550633009,0.05358954823731747,0.1247925635642343,0.017482295774994716,0.8122177286548726,0.7882620174476441,1.0,success,
PAT_1400_1372_276.png,0.628900412685932,0.3002627012525685,0.524054442698057,0.018172244850890286,0.06640940477451174,0.08230635168231155,0.015817814355168488,0.058775297899609974,0.07320452372695044,0.02692374887209057,0.09744997595530303,0.11338628190872002,0.9088618560182395,0.8423558935422315,1.0,success,
PAT_966_1825_584.png,0.6083534031679023,0.45088794481095623,0.3705078263202924,0.01001719949372419,0.07256312994097673,0.0674050445445259,0.008280891093529376,0.05933744669909632,0.06952649760037193,0.014353489000459518,0.07639072864053742,0.13300144504257377,0.6882584819755277,0.3406533776704253,0.9585492227979274,success,
PAT_263_404_410.png,0.6708556256244276,0.30751704238466937,0.5604029117346893,0.01666255493525374,0.08280219604049129,0.06741416220973541,0.01400764419688905,0.08141727437005639,0.06593388168320832,0.030976474185996573,0.10688188416133987,0.10618989932461353,0.8495987900606331,0.7823999819471446,0.9828767123287672,success,
PAT_549_1043_676.png,0.6636688170668562,0.48171364567895797,0.812922342859757,0.009991544366062808,0.0621317246275155,0.1349572803063102,0.008222701895247335,0.05429478934956852,0.13954436635744044,0.009240142057287355,0.057835550368788236,0.05674349416848079,0.6729026459122784,0.43374714164261097,0.9485714285714286,success,
PAT_461_895_72.png,0.6502874488287329,0.7140018415368174,0.5757751411681565,0.0072800281921989235,0.13889341439267766,0.11263094965412909,0.00565660507961183,0.13752438615475746,0.1025181597811384,0.0028466039908564434,0.18865320604659375,0.09687800227714671,0.7829936140673648,0.7335257111354592,1.0,success,
PAT_875_1669_946.png,0.6354885518921431,0.5737123830086356,0.5150120852824913,0.02425673678793945,0.18073205504040232,0.16767957966246821,0.020804646410438325,0.13265423033366563,0.13074900280797827,0.024653329997527132,0.053553315365514,0.009124031376658626,0.7426817128323779,0.5379136537584592,1.0,success,
PAT_1721_3219_737.png,0.6367103932554451,0.2383528135000483,0.4699898471878105,0.06968265277352503,0.11821537182825605,0.10947650133132844,0.028796307927741707,0.10223051914303011,0.10404772030430054,0.0028311293154996992,0.030152668566723356,0.14690059120696736,0.7272546140129668,0.6060375909414774,0.9313725490196079,success,
PAT_714_1337_709.png,0.6327682989831124,0.3526644430896762,0.7653628293664747,0.009810837981553749,0.062298455795212794,0.09020388108332428,0.008420312800113183,0.05393671080883936,0.08386043336263622,0.0030610293401995,0.0228630825498381,0.04238537118213215,0.7828875468081264,0.7538377712226673,0.8654708520179372,success,
PAT_426_842_458.png,0.6407470621956882,0.44686208004965694,0.6357315173600449,0.017269335233160172,0.0640973977664732,0.03195934654137069,0.01901961109168837,0.06513020007399294,0.02592482426417373,0.03461293488383019,0.13685050823626782,0.042637872632637075,0.7946274234612976,0.7174964183408343,0.9630484988452656,success,
PAT_847_1610_165.png,0.7817941141599378,0.16177158808668965,0.5692469863754275,0.04897539233852117,0.05864437386655712,0.05061180841275967,0.043629536901815986,0.04954003954274124,0.04715265012464931,0.009345775362653007,0.03676358255143386,0.024668377962200227,0.7817936452587457,0.7200743466763384,0.9982668977469671,success,
PAT_168_1486_97.png,0.6687208788542266,0.33246260524145477,0.5793650694427949,0.035045139131186016,0.1006815600998566,0.0705610948162757,0.018815315561829388,0.08345499787081358,0.030699142694106514,0.03325014260840157,0.02978054389860163,0.007721719921466308,0.8317783997237036,0.8562105795582654,0.9963235294117647,success,
PAT_441_861_415.png,0.6124597647936261,0.5389303729050572,0.634391940984758,0.006832864759313623,0.06630156782175585,0.06267723543582646,0.005841511439443534,0.050630796009232176,0.04536051026604242,0.013962300117192683,0.10410864814025839,0.0867299478790663,0.7939699739150159,0.6170967898423299,0.9855072463768116,success,
PAT_958_1812_62.png,0.11790030890079936,0.16516895808697024,0.3411644861393741,0.1511957221412355,0.10322705748362779,0.09957133316666116,0.19733206671443174,0.08445962469433971,0.09233331769050884,0.3991648100707986,0.09707946129455804,0.1540567483951233,0.7920195232094842,0.8094289206232061,0.9964285714285714,success,
PAT_319_680_832.png,0.6292135366113999,0.43693599503351255,0.7630650630087361,0.020136838737199524,0.10530937752866917,0.07558349619250221,0.018299316169175493,0.09062011463117893,0.06510568906995662,0.021921412622004196,0.009765470976482227,0.029320663531162805,0.800065371573986,0.8078544662969418,0.9867549668874173,success,
PAT_999_20_223.png,0.6313012032868295,0.5421544671625523,0.4323942649753854,0.010624261422335633,0.06669515651890738,0.06084043955158882,0.00894361050939213,0.05833291205855549,0.053935402512148185,0.0009693464998182972,0.014584586882004591,0.017548809028409662,0.7368386043203721,0.725158757164402,1.0,success,
PAT_1305_4097_251.png,0.6218369151423319,0.40282035048092735,0.7042818601308457,0.008723987772849433,0.06834681972288142,0.07132317275701468,0.007984298013106258,0.06785851809182898,0.07044069523668609,0.015759586370483605,0.12462089865718712,0.10884584509419182,0.874532368814629,0.8633261171230425,1.0,success,
PAT_796_1510_130.png,0.6300472589663328,0.39479602041405554,0.5307491609547886,0.04212657938602261,0.14288883102849861,0.12308205467056829,0.025469323978924235,0.12649586321105966,0.11302807790932858,0.003617552385600378,0.1426654437873518,0.10598009276703957,0.44676803546596183,0.5590439646982008,0.794066317626527,success,
PAT_963_1819_298.png,0.7025054775118986,0.29197406675601584,0.6164349485142954,0.03530057053813958,0.08212495095436995,0.04205308936338701,0.02543674725756739,0.07866035212581429,0.03671902202545628,0.00224090176597787,0.012004374715449406,0.005259700426445413,0.8878817388315658,0.8392433389861772,0.995575221238938,success,
PAT_1730_3236_7.png,0.5866338239680132,0.3480941026308193,0.6308102814638763,0.014759489792834892,0.1265358461124956,0.1605126469587092,0.010097028585546668,0.10948717989033419,0.14648735713310945,0.005536668078395637,0.15551751023862748,0.23243770932122287,0.7569583855459063,0.7013399224881387,0.9705882352941176,success,
PAT_1546_1871_376.png,0.6055853979753018,0.5511207624881191,0.5774335991128947,0.013717566642120703,0.07424397376364932,0.07186512645535201,0.012576015948874468,0.062113634613416006,0.06385232685368519,0.008227371050529638,0.010015787388272024,0.018768100343082184,0.864975303407728,0.8228876737546077,1.0,success,
PAT_2154_4783_625.png,0.5897318041403761,0.2444084008281919,0.7377635689438468,0.01911108267424166,0.051154446147153525,0.0728637692400087,0.016991793955660157,0.04686026596315232,0.06458357747673565,0.007403324195019994,0.019647857224561194,0.028318874263615235,0.8389139529108313,0.7342420650062824,0.9923664122137404,success,
PAT_413_819_268.png,0.6633254335045202,0.3555587028611975,0.5795545865981793,0.023167507401053004,0.10268061970417519,0.12274697448254145,0.0180407005069618,0.10541140798991974,0.13574295535090322,0.01210797007782713,0.0885455940363769,0.02551884597804599,0.6908856083411766,0.6484525908676808,0.9834437086092715,success,
PAT_690_1309_981.png,0.6628415438982451,0.34154150634018826,0.603154739088197,0.0347678464097767,0.12789233430605668,0.08062771627089929,0.022475715552057154,0.12056470153217398,0.0776470877029306,0.00015699676341193305,0.15050487671197,0.007096537021890947,0.9299111326686533,0.8797808711535232,0.9968847352024922,success,
PAT_1754_3308_390.png,0.6099187168155468,0.18893896771734472,0.6225525731252295,0.006537485235115778,0.031660040334818645,0.013224200807093925,0.005089886666692779,0.03217491934079004,0.01130105762079387,0.0027933460994948372,0.05275206793055928,0.013530880647759758,0.7938863129313296,0.5952666229728477,0.9783464566929134,success,
PAT_118_180_386.png,0.6620128292164169,0.3908079053569422,0.36622527175504643,0.018855624374176594,0.1294024366057875,0.12141217392040973,0.013446531502787806,0.11555831832648715,0.11669542056088984,0.00044672543877545144,0.05759872378587416,0.12644499920352192,0.7386393930569835,0.6817781675282718,1.0,success,
PAT_850_1611_332.png,0.632447029799377,0.4219261316990282,0.4708640401957602,0.016582228352296394,0.1040279274994453,0.09802373560418814,0.011463925319341251,0.07669835968824146,0.07645230050099097,0.008415845806881114,0.033892049823034565,0.0709926602546902,0.773172980459532,0.7787217646536081,1.0,success,
PAT_771_1488_562.png,0.6281185148533598,0.22043189938033386,0.5659855581726625,0.07058743797426845,0.1388307159215492,0.10761300605254698,0.044039599995248264,0.13066464028231506,0.09970093508417567,0.0026044582254946312,0.11490429930808316,0.06058209160100425,0.9123285745950681,0.8828656849346943,1.0,success,
PAT_1410_1410_46.png,0.6183188844841537,0.22801066074529788,0.5437013556604386,0.07598344985559866,0.08516292121440237,0.0944777041838148,0.07477237989894692,0.07425208871923455,0.09092278037041288,0.10832148114853782,0.049413232281793396,0.04371754427248592,0.9001289310202787,0.8238454405399925,0.9798850574712644,success,
PAT_365_751_709.png,0.6132318652946209,0.48216181823526455,0.6645494252309765,0.010934029547415328,0.09442006548875656,0.05806124832315241,0.009259772959919036,0.08475107675247084,0.052376373206036386,0.002947033112732811,0.025209706925561848,0.013791526637805473,0.858689681943833,0.8476505954255182,0.9888392857142857,success,
PAT_63_1075_498.png,0.6324266343344821,0.3745345418622879,0.761933285461301,0.013022451476468208,0.09936154463056193,0.08970600644538618,0.010124990911586569,0.08820134826565232,0.07833300795789784,0.012408829511209597,0.025196759511478206,0.0031520630537030803,0.8232159404805915,0.7858363692508165,0.9844236760124611,success,
PAT_207_3951_140.png,0.6403323299862076,0.2282167236830356,0.6425936316651358,0.02019154456000085,0.08036796801563557,0.04808440412963895,0.01804312110868837,0.07627319275644193,0.0427088399821756,0.00772719623281688,0.09780841065814908,0.0049887119145262115,0.6205954066381015,0.44171142479124675,0.8837606837606837,success,
PAT_483_925_716.png,0.6241178516294993,0.6068975266069243,0.5840941423049963,0.018698552941543056,0.21169002181348798,0.11219382794606639,0.014296883275521725,0.17343472368816545,0.07927344345812741,0.0009452812324453596,0.20318582199203689,0.0653588276545558,0.6356067429233714,0.5287460654357596,0.9028871391076115,success,
PAT_358_738_837.png,0.6872136150112858,0.25334168459224754,0.6037217949842003,0.032633218836834274,0.08546209532859417,0.03513572217834297,0.021110448448288053,0.0777506419462727,0.02305981336891767,0.023096798714519355,0.05265592828620136,0.002718243905757922,0.7813701701100767,0.7287885837864418,0.9836512261580381,success,
PAT_875_1670_121.png,0.6767239968513467,0.5669246675779231,0.49039805854879576,0.013415210473431952,0.07896738120579082,0.055466775719157264,0.013292038127928212,0.06795429282497482,0.046485734325387516,0.02405678813042979,0.044523482020949245,0.039148199086292024,0.9321528604554317,0.8804825357924976,1.0,success,
PAT_645_1300_463.png,0.6688657317139868,0.3100128813308158,0.5970411200502378,0.026340084189358005,0.13489061682164663,0.04812568439583916,0.022518787407267538,0.1268371646477093,0.04220592713310603,0.008598112588210683,0.08058312302754728,0.015798800363692633,0.8554417122242494,0.8721866200505315,1.0,success,
PAT_514_967_300.png,0.6409221628617368,0.5139750700826956,0.6559665457471681,0.006615698171497098,0.06915243114869403,0.06640904970367688,0.006104863019656875,0.06124394626346854,0.04767322177635059,0.009486854524366034,0.03276710913979736,0.028955917750073668,0.7951178914149815,0.851831425747186,0.9783393501805054,success,
PAT_1286_1000_517.png,0.5034059059175169,0.15972918714199666,0.6586425723933635,0.02836142166034818,0.051430082672732844,0.10739587753447154,0.025443600896681087,0.04550964773474828,0.0925336232038005,0.0389796682060384,0.06071220994894247,0.08367118214052427,0.8825973089740262,0.8031801814898613,0.9200542005420054,success,
PAT_330_698_211.png,0.6498874713687919,0.3080278642576074,0.8186411697593584,0.02145981181296802,0.09946842881053002,0.07472514280276514,0.017661459323037587,0.07960800090977346,0.04113370952024507,0.019874918519354245,0.018637396244556348,0.008925156880428053,0.8025338584993544,0.7879925356317512,0.9936974789915967,success,
PAT_1062_264_741.png,0.6679934083455806,0.44618699268463774,0.5977753281891973,0.011596464285679375,0.08975297302938642,0.07714550219873943,0.0111443867275445,0.08492914920578734,0.07218338984897535,0.013655781508656477,0.090940569791156,0.08820771367619751,0.7459980942220277,0.7638517309893987,1.0,success,
PAT_792_4351_858.png,0.6239497715991804,0.2688654991320398,0.6849080727214722,0.010908845808397356,0.050151076777646415,0.029641569731919816,0.00987317854572165,0.04936755742712448,0.02601938912631822,0.018501337038093466,0.006999481523123796,0.009871243876328095,0.8439764578131047,0.849562294422448,1.0,success,
PAT_1728_3234_299.png,0.6540910817268346,0.3746598450227152,0.72113630677707,0.01297028530694375,0.06507630050743268,0.10386318695898178,0.010481496702598065,0.05469007904073507,0.09651794398697223,0.01047973490250216,0.0020810134828492255,0.015048960843491721,0.6120178668777725,0.46518009024822876,0.8731563421828908,success,
PAT_722_1377_120.png,0.6562968640862561,0.20861281236983203,0.5317844486885134,0.11154123837470345,0.09586869598717376,0.10642236951840282,0.11199362270391387,0.08489441662478606,0.10335062607912344,0.039534099319037744,0.09837927856378874,0.06628369594078914,0.7204824219316217,0.7573750585803802,1.0,success,
PAT_2076_4459_450.png,0.6573923760862087,0.3333679710380838,0.6764457929384509,0.011725300624184422,0.0364380564364313,0.03147891008882113,0.011528129514093564,0.03406776527733826,0.028210871288388596,0.01232672027931743,0.038930936198101784,0.0035936888617716933,0.7900496111248978,0.7502233438067849,0.9080267558528428,success,
PAT_280_431_466.png,0.7564574870416951,0.22276447575367142,0.5912594488344789,0.11077067640642206,0.10830822548649158,0.04425557135368407,0.09914125589229321,0.10085637921475485,0.04262688908720614,0.03941831818116097,0.10270587866411678,0.014425577945500145,0.8031333988430505,0.7461074737659532,0.9398663697104677,success,
PAT_1411_1414_355.png,0.6520886534983455,0.28014952917783725,0.4823169877983223,0.016654120587190603,0.09246273786953432,0.06861764340157732,0.014631354359269497,0.0891590398824226,0.06247093959624256,0.0005706925243104245,0.017173840262198425,0.028624142960418153,0.8381087937645137,0.8512848654275034,0.9911894273127754,success,
PAT_1651_2914_833.png,0.5919885716377173,0.5072950904178624,0.827270485038716,0.009157009270515768,0.06947630911006,0.08532265003051352,0.006563103975353372,0.05153665959372489,0.07080446366407184,0.004965949384383903,0.007709400819818857,0.005017569296283164,0.36671524992355864,0.08914981998425885,0.5264270613107822,success,
PAT_966_1825_546.png,0.6474304113929699,0.14915404693421408,0.376113192976301,0.13657747132673678,0.0749468039507327,0.08839996329851424,0.057795335545515254,0.06363660428433393,0.09261542414418193,0.029418750077839916,0.0601717320880345,0.15797486450598902,0.5875387877648769,0.6139823817434117,0.959915611814346,success,
PAT_396_796_394.png,0.6704037163260166,0.2751406997937071,0.7623455306535281,0.0240508415585448,0.10402435526947978,0.10204895502464265,0.022849759497264303,0.10272109543855194,0.0976148600463981,0.03628402838662434,0.10150616613233379,0.11776937319434666,0.7903928555655865,0.8500145808547557,1.0,success,
PAT_1701_3135_5.png,0.629426156077285,0.2613062691127386,0.6486059523713468,0.014168229802994646,0.05585262680833426,0.04008171596904034,0.015417839651568904,0.05944173503407226,0.03934350833506685,0.0145290132178341,0.08916134220174685,0.05462223537117472,0.8321476603304148,0.7078069489458259,0.9667774086378738,success,
PAT_2042_4301_636.png,0.6223296499111239,0.1402607083050362,0.6317561005593461,0.02976830637535302,0.08085647632336589,0.05331111262092789,0.022412413284846628,0.08370634098110658,0.052543680628092594,0.014449482348006705,0.0576925600639801,0.03216657309176896,0.5870849936385688,0.746909224062314,0.9076517150395779,success,
PAT_216_331_678.png,0.627760480263758,0.3233061512340203,0.7667198272298988,0.016830213048999655,0.07011640471920978,0.059287953347719066,0.014820538050147452,0.0647651739142735,0.04643063358138595,0.023274194129047823,0.0006577855042884662,0.0025967777040439843,0.3527217928797981,0.4425477841358018,0.7698412698412699,success,
PAT_747_1408_427.png,0.6635163124397336,0.29492427041516484,0.5510634415121884,0.01758975251172864,0.07784605739114618,0.05165497511862331,0.016256383400148875,0.07316800402200463,0.04521553833914565,0.015691316024481476,0.08817637993299787,0.04378508300167927,0.8131641361434944,0.8255415676525389,0.9825242718446602,success,
PAT_691_1311_686.png,0.6424483792078222,0.1904925948537891,0.564129358967129,0.12073992373903848,0.08012668147236171,0.09652875157248195,0.09307126563199619,0.05386292381980143,0.06946023203016258,0.016820594441443543,0.012446845324824263,0.01721510297641493,0.8216556375615762,0.8550297538769978,0.9962121212121212,success,
PAT_34_47_108.png,0.6246651558254037,0.5090254659749565,0.5689169778799196,0.006205867077705185,0.0930395903744023,0.06570732151588138,0.005499842837282379,0.08951280564903163,0.060739431778327434,0.013471336411942916,0.15303418057190638,0.06866206457717172,0.8490741384102278,0.8245607399335962,0.9864864864864865,success,
PAT_1277_964_152.png,0.5135673540156296,0.06021414880249273,0.6538369774913146,0.15952415631760664,0.04594317676582892,0.09089992216559854,0.13682563819986043,0.03785702886341184,0.07480689020687144,0.030538249091114505,0.0025432375158039727,0.012954866213753635,0.8602126326351567,0.7659070125547345,0.9090909090909091,success,
PAT_361_1568_456.png,0.6504106515376317,0.4122945833113344,0.7967774510041749,0.05731312997548392,0.0717946291818032,0.10729479496044318,0.10037196417084841,0.0685725034512443,0.13313938466501893,0.11488908709115246,0.043914795620806246,0.15854775379703312,0.7883748335759662,0.7824786377464322,0.984375,success,
PAT_162_252_773.png,0.7448354085963296,0.2472934150081538,0.6170968591901901,0.09902512054680308,0.11501935977720368,0.07454814749180294,0.0796180361646998,0.11318729295531209,0.06869990850928302,0.058635795979906175,0.02084342412105175,0.010584194752065401,0.7142838329666565,0.5742304364263776,0.9873417721518988,success,
PAT_1794_3435_711.png,0.6221669253319952,0.3571614137805342,0.4556082854075489,0.017396320274468725,0.05683776429636275,0.03017582884442807,0.015215054946980493,0.04972286648646352,0.023881135790579863,0.007692033037464559,0.006216089076949205,0.00285825975666143,0.3539973174403753,0.2406816778513016,0.848968105065666,success,
PAT_1702_3548_386.png,0.6109107222988747,0.20080968742848876,0.6716635338616735,0.05832042645990896,0.107130577533167,0.055636213707439874,0.051022152154840794,0.097094752407509,0.050386928231533644,0.0185762754678971,0.017730462955217824,0.019382169131688443,0.9243846944591145,0.7998585919226566,0.9299363057324841,success,
PAT_267_412_275.png,0.6792882573000241,0.33313373788349926,0.5878921522106043,0.015547256322402286,0.0942900789071984,0.07569669645729211,0.013049395144424577,0.08670639634471555,0.06302515623566679,0.007602793777208364,0.08053047318364792,0.05047401594573464,0.7108123471501927,0.583438847983257,0.9149888143176734,success,
PAT_395_795_43.png,0.6569207697172804,0.2918512511244655,0.5715649741510044,0.01542956898335953,0.07647470399512415,0.06682468186771942,0.011462410136860215,0.07569675805870407,0.053748615594155,0.0017502859320573173,0.10334722216513237,0.003112427493448422,0.6809339669302934,0.7372674123721451,1.0,success,
PAT_465_901_627.png,0.6121834379678203,0.45500072199076924,0.491986615539024,0.005783437724468523,0.06044699243104353,0.10019675049941507,0.0050381649891352845,0.059660505076719175,0.09955491702329639,0.007086263352805291,0.13433072445621524,0.186240477196967,0.8330364276467455,0.823843429241687,1.0,success,
PAT_249_380_366.png,0.6055579937070912,0.469558599695586,0.59064798714487,0.029501287517730176,0.09945164729789344,0.056446139045039256,0.02706194683817558,0.0861961038646029,0.03812942317127114,0.0007404794740704151,0.021294039425503064,0.020891933337294666,0.8552091330148668,0.8823333473753604,1.0,success,
PAT_985_1856_397.png,0.6680252669193618,0.2665013437451599,0.5033957010367007,0.059517434447139,0.10674165089052248,0.09519540744935102,0.04949240095726721,0.10021403606125437,0.0861391363086522,0.03901727129560852,0.1119724867608114,0.08769486265376547,0.7096897038485666,0.6253280840924292,0.9860724233983287,success,
PAT_458_891_709.png,0.7657389407683413,0.10432302361785,0.5003176355497404,0.21338179337631832,0.047228752810092055,0.04624034769003504,0.23444610298055713,0.046019863188950204,0.04583773490428226,0.17592691028646182,0.025811812108931492,0.02151510372118992,0.7806068383432544,0.8393625449297644,1.0,success,
PAT_747_1410_179.png,0.6410795378479562,0.36084737711773235,0.7997528889394119,0.016187445530256025,0.09731347253946657,0.08997975404978473,0.013793039220034768,0.08836262393503785,0.06861164180966293,0.024303803559816987,0.0544524423253922,0.0026037869722922435,0.8152779767191976,0.8031195750800512,0.9506172839506173,success,
PAT_1316_1114_517.png,0.6382400719761697,0.4188654490764074,0.8299453604371164,0.016271511886679704,0.03644831666124484,0.04655596560758185,0.015738519285054663,0.032724091178708066,0.04166254419618088,0.034468973393809124,0.03689064873184661,0.03742210777131372,0.7041912987575643,0.7163220681890572,0.9558823529411765,success,
PAT_398_799_163.png,0.654332074888298,0.28279833014043604,0.36007239683341014,0.056728672608004654,0.12670812793343875,0.14525191068075072,0.0383075355359886,0.11712491670662632,0.13945763614513462,0.012333111896713846,0.1833912956857549,0.18879988491968241,0.8475920191359565,0.6957262068131497,0.8122977346278317,success,
PAT_953_1806_326.png,0.6441512195936908,0.2370123635237333,0.62004499737587,0.053265016822849204,0.07747156099213157,0.053748088691120625,0.03847726126458692,0.07045288019723808,0.040708978543830876,0.05140784337974777,0.03735343051602774,0.006657767036347018,0.8290912597315605,0.8184331322430262,0.9800796812749004,success,
PAT_466_903_893.png,0.6369338789463768,0.296306903202208,0.6289452609760694,0.028396309933053032,0.11924624643694585,0.08586512090107877,0.024819297986828196,0.10585952094400448,0.07181816897897138,0.019732414873321207,0.053841129604856985,0.04563840071979142,0.7237257851922031,0.6064986282559592,0.974025974025974,success,
PAT_1132_508_325.png,0.6812861108064786,0.16037057353568598,0.6163110676098318,0.051390418259366175,0.04123319968965981,0.027279934294577392,0.04989964636187844,0.03719282784578748,0.024102931245682465,0.06120695599858305,0.00973267330577579,0.025301937869496194,0.6901608580865797,0.7643417675176132,0.9874476987447699,success,
PAT_300_648_84.png,0.6992753616685454,0.194233533933784,0.5819412051046412,0.05769189357173011,0.0847606302291851,0.05243666180385006,0.05468231628035908,0.08445316325552632,0.051290896759375974,0.06309029701646789,0.006437274964593398,0.04879251272159335,0.8917767843409802,0.8525311975858175,0.9954954954954955,success,
PAT_82_125_365.png,0.6279739577183158,0.5916793428786686,0.5910337630168456,0.011022516931882947,0.14186542020875378,0.1753273747059859,0.009419017235124985,0.13340303068503293,0.17049901418656271,0.014831287251298874,0.06316264285526596,0.1484106281164429,0.9265249589289588,0.8601833565942362,0.9709302325581395,success,
PAT_478_916_806.png,0.699816014947473,0.28727513552581746,0.652200682181797,0.014611444154894659,0.04775044274669774,0.08453129638573388,0.012326582650826009,0.04088046112491387,0.0760007056083456,0.018608091062306976,0.029651881630551602,0.04137331178560266,0.7094891540294221,0.7686793379511231,1.0,success,
PAT_1089_375_677.png,0.6572534386126272,0.3073060725444912,0.758297332789929,0.009260259994756981,0.05180250012626739,0.048850718117841536,0.008532385177647568,0.05026932785259664,0.04456711845813811,0.011911028601510212,0.11725267072638354,0.05124161792549231,0.9126384997345911,0.8921174425013875,1.0,success,
PAT_76_1039_269.png,0.6412025500736822,0.21639591054653376,0.6085589179176955,0.05890928264395506,0.07761621503811612,0.0618329385222126,0.04170943131884588,0.06776987361739553,0.051203985536841086,0.02650785527321007,0.13015141334556068,0.05489593128656023,0.7435785581256751,0.5413726470240096,0.9285714285714286,success,
PAT_663_1254_732.png,0.6958257511284427,0.17899818513341292,0.5818281304696463,0.058330352160973105,0.12050641503446713,0.06313893854434435,0.04210418171431827,0.10863357803208636,0.04994983131233826,0.06106507505254828,0.021954297093835368,0.023509717743914527,0.8450540608511266,0.8377271086178195,1.0,success,
PAT_206_312_760.png,0.6440470681261612,0.22867668719523396,0.5042032154875736,0.09211264873327393,0.1152121633888299,0.0687555393645167,0.0948400722669149,0.10257350915350953,0.05452209493359631,0.019517613767511457,0.03764804321212056,0.026864512780387484,0.5853992365128059,0.49772606302737543,1.0,success,
PAT_1566_2435_150.png,0.6562750132302517,0.5369453089612648,0.7658906213605418,0.008376917049971247,0.06462434784257991,0.056960955536291415,0.008318440805534321,0.059131932014031705,0.04464663455666319,0.020452868942210815,0.04739506189614662,0.05410686077838123,0.770965703624342,0.752941278650313,0.9948979591836735,success,
PAT_1955_3947_778.png,0.6323724699379173,0.3978402206869733,0.9521986668854092,0.011635925088916445,0.052453421128995106,0.05315450364032444,0.010562579795093568,0.04697999098848095,0.05529894117412366,0.007987900344811057,0.01528057598510274,0.012419913312368691,0.3361849075405629,0.49692796814471735,0.8148148148148148,success,
PAT_1638_2878_536.png,0.6153012789188466,0.3568616312142751,0.544047281933167,0.014155273221607215,0.07027099358824491,0.046471384848987475,0.011177170860565225,0.05626842018378812,0.034747169408682166,0.002826258210278275,0.03287942780793213,0.0021304593073130373,0.5575115440954844,0.5302879179983637,0.9412903225806452,success,
PAT_1298_1051_831.png,0.6305145738772536,0.6050905926314704,0.6483583870519153,0.008833000848181569,0.14248777031396276,0.17371398337986735,0.007652538026526682,0.1366248006296364,0.1762457810862733,0.0160435755538256,0.010770341521844085,0.14443773768574597,0.9486187310633958,0.886612904411706,0.9905660377358491,success,
PAT_167_258_711.png,0.6470306939709473,0.703897982948506,0.6877793395798365,0.008454422142354283,0.19060992605843755,0.09638250864059338,0.008487998241216857,0.2046840625085182,0.0954401968387749,0.01304892903850643,0.37005890646515066,0.13459361716429785,0.6689611332890656,0.7642258799403017,1.0,success,
PAT_54_83_405.png,0.6602398611533569,0.5148817785562252,0.7049876985014537,0.008703833793684767,0.05824257518684108,0.01610354687691919,0.007356855421128988,0.05781112517901925,0.012662551242228391,0.008125580353571454,0.05947652534218667,0.0030621297856370244,0.27991107031666007,0.1741817697251804,0.9261363636363636,success,
PAT_997_14_40.png,0.6867835855002136,0.2859731890512795,0.8757573158259379,0.02257658190309294,0.0605699905774885,0.049814925675487294,0.019850907455648808,0.05466621050732652,0.03754241686601032,0.038961094102568934,0.003786331542389443,0.008329312162081215,0.4523364485981308,0.4858148562484505,0.971830985915493,success,
PAT_373_761_708.png,0.6404701918160445,0.5202440760768997,0.7016175573426614,0.009402081398827748,0.13916426370070734,0.09792716648190751,0.008217219418848554,0.12243570361659181,0.08393616955410588,0.010703987830265996,0.07590542513327397,0.07980730268821157,0.7683351195264189,0.8030501075257879,1.0,success,
PAT_1509_1741_810.png,0.6214631565825331,0.5730110316496694,0.48966755314820304,0.005825446361683259,0.049771061092850705,0.06264601461585338,0.0041840355091753885,0.04523944451420102,0.06504928929521084,0.006158801297901798,0.06017306985838311,0.10864228639233903,0.6600277908548766,0.6741034777271315,0.9823529411764705,success,
PAT_228_348_535.png,0.676233031958939,0.5473715246538554,0.48856666296008006,0.013672452982065174,0.15819859664828417,0.10917359082167452,0.012964908280336916,0.15053743453145,0.10128486086601213,0.020841151432595004,0.23063320782101066,0.14588910584201303,0.7733693961222867,0.7947564224004899,0.9798270893371758,success,
PAT_1871_3666_675.png,0.6171291154806267,0.29420041293751975,0.711515427185202,0.0137536827243227,0.0906541804359776,0.06162427775111554,0.012605589616815743,0.09293208074976894,0.05587135512334903,0.022308398191763244,0.17736455711835014,0.016587424306474308,0.7868890708895349,0.8077440865785848,0.9796954314720813,success,
PAT_547_1033_911.png,0.6361254075678945,0.2949668115109292,0.7400017058105294,0.016770805996830812,0.09867567402540116,0.06360827823166518,0.014213204667913463,0.09405304324941594,0.06015626892480292,0.010849812741209301,0.008936607687927811,0.0060108967170166006,0.9188086125539325,0.8801859622758906,1.0,success,
PAT_56_86_479.png,0.6969782187939073,0.45336615937704605,0.8935527749523435,0.031434913401358996,0.11693853939743024,0.07695584486928103,0.024507987977331256,0.09313381027456934,0.06481006345644731,0.035225998692172786,0.10521078905597175,0.028789432744758536,0.7677903662679573,0.5564181608525199,0.9941690962099126,success,
PAT_699_1320_901.png,0.6815530913952503,0.4589509961287886,0.5407891837988892,0.04305375514584899,0.171813784469838,0.058182655589772966,0.037759512743017684,0.1724283399076597,0.053803829858168915,0.007191087240079873,0.059833736576746455,0.009006652604593324,0.8482979443773948,0.8140312286820975,1.0,success,
PAT_221_339_566.png,0.6236152593790776,0.41221207878904736,0.8551514948290845,0.010238300659402228,0.0736244339791797,0.048305400466707324,0.0065063606845336295,0.07572082887796565,0.05097336272458676,0.005412919588317698,0.050326581247917945,0.036946263208868735,0.5598725466404362,0.45181634567672857,0.8588957055214724,success,
PAT_803_1522_907.png,0.635727938318787,0.30558168683984854,0.6107968891742079,0.0193547108195588,0.0965311151285721,0.041529346222380505,0.017412328822901058,0.08657861205130299,0.034809442659657464,0.025172688566901434,0.008475749098156016,0.0034916532485234075,0.8538939584211167,0.8384550418580448,1.0,success,
PAT_115_175_206.png,0.656624159079654,0.7443737917433344,0.8035059016010284,0.024003571934308354,0.16090237527471868,0.12014330915069774,0.012811993954934538,0.10493663291305272,0.09140381949808654,0.02495315394402111,0.19910240464285855,0.15149542902710134,0.912623388575984,0.7289045937610434,0.8627450980392157,success,
PAT_759_1433_973.png,0.7663263629300049,0.23270425566276923,0.5817234743455783,0.16250590732568082,0.07878953511713878,0.08367356435369164,0.15132673374503078,0.07575769936839835,0.08124648505609561,0.113912904557006,0.11088208747381903,0.04593948272914361,0.8524356611744259,0.871312488899068,1.0,success,
PAT_782_1493_140.png,0.6830705747433097,0.1977448591280735,0.6494459515380018,0.025595897135629653,0.08735105931134629,0.03609233245213989,0.02224840147604866,0.0797450767156574,0.0328191343258807,0.015237452890202894,0.07948339419291496,0.018269349606577334,0.5306788749277564,0.5332357723695548,0.9955555555555555,success,
PAT_1942_3915_388.png,0.6344804136086449,0.5955165940633858,0.505335471521382,0.005479074399476007,0.08913063171545992,0.12055141723049025,0.003381513762310374,0.07930762249404284,0.11888102849951679,0.0008914638278575638,0.087279778272768,0.1719146480386371,0.8262420356021922,0.77186847661859,0.9978070175438597,success,
PAT_1125_492_523.png,0.9463371383961563,0.11612831928262447,0.5612232010356478,0.3267216643817921,0.047238091574464014,0.09938686923906229,0.3302236421075978,0.04569966057637379,0.09235153763597066,0.20426491611847394,0.02254723951485378,0.06017594422326833,0.8878689975288854,0.8750568840519614,1.0,success,
PAT_256_394_449.png,0.6620923766137794,0.41242026789480446,0.7044103978956554,0.02095772667364601,0.08843614552882814,0.052538295572690484,0.020341763283059044,0.09221459386573155,0.06057344479178514,0.03332285840122758,0.09079551338880171,0.018837525774270558,0.31924480478386696,0.1081931255419436,0.6666666666666666,success,
PAT_385_783_574.png,0.6940310723304814,0.3259173073468559,0.6497754696284108,0.02377060997728585,0.07200865431904777,0.06021520759687752,0.024585949688511688,0.07015649700947457,0.06259463259174797,0.03211844686468505,0.05340407462901958,0.014566485659836093,0.8253136680626707,0.7500211310787761,1.0,success,
PAT_721_1365_142.png,0.7058086666912587,0.20678314368055856,0.5864457307745794,0.08464412393838765,0.08906859478045423,0.0735662681840168,0.04394998515805003,0.08193049323198406,0.06605182326608694,0.05775774826615129,0.0661702716374386,0.005003248586971543,0.8097895933541845,0.8264901571667606,0.9728,success,
PAT_940_1774_962.png,0.6486083292691041,0.49313653484362296,0.6804589259086155,0.01370126589341582,0.09699450609805782,0.09531881235858401,0.009822133804575445,0.07617736584408334,0.0797702372183798,0.0030380123447082655,0.005873812727265448,0.04820369981235506,0.5879514667373781,0.5588086882685636,0.9076923076923077,success,
PAT_316_674_924.png,0.6631843280952474,0.33122755338654886,0.6549183602547195,0.03188424939448363,0.11426892940604663,0.1623412906430161,0.024977025349689555,0.09870693001012212,0.15223946036471975,0.02451674155725772,0.021317505246001456,0.07523884772139555,0.6103484886490986,0.5387366920072287,1.0,success,
PAT_1094_381_446.png,0.6178335628771883,0.5451801096817702,0.8498842106602538,0.005573971005700495,0.027428808790349143,0.034853637795076345,0.004837548453248765,0.022303409944914733,0.03279868921196795,0.00968530049774764,0.010242121815028926,0.006688661360782722,0.5974771661610772,0.6208162548942145,0.8135593220338984,success,
PAT_412_818_61.png,0.6360359540064424,0.43592319313806716,0.8505484672742336,0.021335644205809925,0.14953915605231832,0.0775953705212314,0.00966449805281422,0.12330565764949361,0.04194647287546127,0.010327504732133343,0.08015293851126415,0.03217145952402034,0.7960635957515407,0.7724098553904869,0.9784615384615385,success,
PAT_359_740_46.png,0.7679338822505509,0.12146010605500061,0.7366510835323267,0.15908094117493218,0.043640849839353374,0.051494452862173606,0.15782756075119445,0.041189117187031825,0.0487944512095272,0.13147150738240312,0.023383047583497116,0.047495429651043586,0.8732923766205741,0.8738631883170409,0.9935897435897436,success,
PAT_842_1606_720.png,0.6277841872838561,0.531921753103863,0.6701324296908071,0.01631806860915088,0.07253064456930203,0.07024731811492461,0.014587318328975299,0.0613520633061469,0.06474684946036047,0.023991217275691274,0.052469318744648774,0.03840418365480791,0.6943522723674485,0.7391298493335657,0.9590488771466315,success,
PAT_1082_342_705.png,0.6124100808712273,0.41826813644197314,0.5400204858062627,0.011560888258907512,0.05888075890392914,0.04493462113170657,0.01071242036942423,0.05822506076776049,0.04090965009940461,0.0012789883814778118,0.06297441582755342,0.018511440199069584,0.8455369669235668,0.8225378395245532,0.984375,success,
PAT_1821_3575_920.png,0.5779218625130379,0.2287086012081935,0.485803111922525,0.06487079333008917,0.09409528800479228,0.04757750662435747,0.055714565675992325,0.09744052000685327,0.043125377775842855,0.010746206970575795,0.1389262153157423,0.010095348576258045,0.7262560142855496,0.5452843811087652,0.8414239482200647,success,
PAT_526_991_109.png,0.7356680642601359,0.21111654523546755,0.49773528156866365,0.07151363766604751,0.10112473201493205,0.11582872543810946,0.06156276185153187,0.09072972611330038,0.11050055923929854,0.05634016774130654,0.07372053131242062,0.11539485053901144,0.903887520426304,0.8278592091089816,0.9323943661971831,success,
PAT_1460_1598_959.png,0.6293764254289399,0.17392935170239124,0.6319553536794424,0.018060821755211846,0.05682591474091529,0.04451312585601956,0.012708049392155208,0.04991969809160175,0.036900438581363854,0.004816832873365229,0.020853479090451266,0.0450158008389373,0.8546312200930657,0.8306941320819285,0.9957627118644068,success,
PAT_880_1673_410.png,0.6237609473277088,0.37701519213583556,0.9590462072228355,0.022512859790855107,0.05160655589645705,0.044524092161007,0.01878071438173464,0.04132339868490327,0.03753696532599837,0.01698678266753275,0.05502944376718916,0.022407711975786726,0.8265581064764951,0.7899954774582444,1.0,success,
PAT_730_1383_535.png,0.6881100320693986,0.2400532461624008,0.47855786026814046,0.090577945454845,0.0902170129579066,0.056594503300699955,0.08110677999212332,0.07982232000958707,0.05498500229571505,0.02433965020497908,0.021451448141508178,0.011129773450302027,0.8225977523554435,0.8286450904110849,0.971830985915493,success,
PAT_948_1801_993.png,0.6289706427817738,0.4314795952799971,0.544057063651513,0.054013849339998976,0.13494877416830298,0.2512883073192761,0.031109220112142958,0.1120962710803494,0.23647381025251127,0.011648328520558238,0.009882179120588086,0.22181660087250166,0.7920199888418875,0.8180967833268546,0.9271255060728745,success,
PAT_962_1823_857.png,0.6361605346669024,0.2014696864765038,0.6625474325123721,0.06983635867345418,0.11429528963741166,0.06720212766352332,0.05279019119419752,0.10197170077759363,0.05787485997891973,0.03527722342273236,0.015973475272231585,0.0002534154736610894,0.8415463255471981,0.7982022188413259,0.9329608938547486,success,
PAT_21_982_266.png,0.656044388604511,0.35966868053624546,0.6938155064346323,0.013182084358346594,0.046060229443065086,0.0410961660344447,0.0116658118958382,0.04229868219319239,0.03696426798512497,0.006966843742362982,0.0591496737792086,0.03876418929143821,0.8271779681133102,0.7982275334303417,0.9934640522875817,success,
PAT_257_395_866.png,0.6237261812931413,0.6156839320819946,0.38136185308086096,0.03041452397619409,0.17508961859949582,0.08182667002913672,0.027901031427780457,0.16299103842914436,0.0764150243455417,0.006385010534927223,0.1616735695661462,0.06379185658956488,0.9173405290812144,0.8890993839899733,1.0,success,
PAT_1217_762_198.png,0.6193344434989133,0.7009143596416446,0.5015612240319469,0.008884419255408189,0.09389748234657846,0.08061642102349549,0.010448711034983437,0.08114441290267935,0.07954218982193928,0.02350266003054197,0.12064607864914934,0.14525860223542797,0.8784450326854498,0.8673621844893308,0.9886792452830189,success,
PAT_397_798_482.png,0.7380733200290267,0.28087318571788605,0.5796773611215745,0.044103571034832714,0.09847403435429784,0.10466546722413096,0.03430070222935458,0.0848551432939602,0.09237775807932078,0.029800906186352765,0.06766474777899459,0.014606845502931565,0.7996377004341029,0.8351924012750849,0.9877300613496932,success,
PAT_1481_1674_735.png,0.6349238185215518,0.45061840737385317,0.5481446442554124,0.01349741807450318,0.05120621315212539,0.05905193340304832,0.012283873168895124,0.04744391367352416,0.05482230768691957,0.003769731562020616,0.0611886732160391,0.05996576972149903,0.756636378007732,0.7769514635067507,0.9819004524886877,success,
PAT_665_1262_774.png,0.6506293186393616,0.3400332034185266,0.3773832956354052,0.029023853192423957,0.1447183628268306,0.12096182426411956,0.026270708497104955,0.13603933664221177,0.11859084881989952,0.04153752384146354,0.19070270799444844,0.12285074914026661,0.9031981047564437,0.8272866724879215,0.9483146067415731,success,
PAT_976_1837_861.png,0.6408835568059003,0.4479754727169678,0.38398749834506296,0.056215824550369706,0.1750546345589931,0.15943270043180544,0.01785570494619508,0.12514209799914686,0.1314169344899686,0.007397193625179613,0.08503003505439061,0.23102080143933346,0.7867008675911629,0.784976143649373,1.0,success,
PAT_827_1600_1000.png,0.647942157517015,0.4966643964247626,0.5756645297482355,0.01317754987546897,0.10668717003022192,0.07235321220512543,0.010487103662201066,0.0952941869595685,0.06239699241367043,0.015026633761935512,0.01614622463501275,0.04421343055905014,0.8306310404679846,0.8375937561557099,0.9666666666666667,success,
PAT_1764_3335_366.png,0.6111798514230838,0.30754129336503894,0.6489515528547065,0.01124077845673336,0.09954218003966787,0.11191815420396305,0.008383372242462335,0.09582806297842623,0.10293570223738957,0.009089770579897226,0.044943958394738026,0.09463392532713966,0.6476671510203243,0.684910934598464,0.8099173553719008,success,
PAT_645_1223_124.png,0.8137797920182673,0.1505611061254195,0.628165541977209,0.2601099610449461,0.07038905010734699,0.0804323282248347,0.2083247185178486,0.0624507127814285,0.06862617894249622,0.08074624425402166,0.0336049356206722,0.056366874678472456,0.7014563412594231,0.7029809117765244,0.7705882352941177,success,
PAT_185_285_862.png,0.7462080385818695,0.2824550382479527,0.6387806202485821,0.04195521216436571,0.10163984266813494,0.036044330550094164,0.03879176832127797,0.09487996306151242,0.025584100937679904,0.0140163012525139,0.09182452678410791,0.008330400085477474,0.7483275824509964,0.7432869062950743,0.9373040752351097,success,
PAT_1333_1177_261.png,0.6638329147908745,0.15786579915109877,0.4574097041399626,0.04999258418395198,0.04465716675707127,0.0473394768950957,0.04825697272563545,0.039880749880232755,0.04647898348291608,0.0649502079738158,0.005794393751854587,0.10122239380280662,0.8769276464897585,0.8524452582223859,0.981081081081081,success,
PAT_1461_1600_867.png,0.5697361068972946,0.1373740159214384,0.43691745496149653,0.13652960356811536,0.09150077110891823,0.08929665677647733,0.11981813414434447,0.0851692400938127,0.08849508947670606,0.10774435822422303,0.06701079717265497,0.11041336088568937,0.9000613589416715,0.8510203322830825,1.0,success,
PAT_1658_2933_322.png,0.6139453793286229,0.47303437347926897,0.597755020628956,0.006244230039634419,0.05184415939598985,0.023156031852589562,0.0063056365157520946,0.05565579006277242,0.02236229857978776,0.0135792104237137,0.10403682597479424,0.037126172730316376,0.769438248024374,0.7192059865825854,0.9461883408071748,success,
PAT_1013_82_876.png,0.6882219703355287,0.21304023763916813,0.6275849323977666,0.04685846061108663,0.06800220860444964,0.0695644993731727,0.04290797080046765,0.060695584367604395,0.06224851946001878,0.02682190631425827,0.014252780788879482,0.012933393111882019,0.9090660037483809,0.8796655970556689,0.9916666666666667,success,
PAT_2066_4417_201.png,0.6331541466728569,0.3056068520614831,0.39810499598009313,0.016870227322548136,0.10245196519037549,0.12750622270913345,0.015204261832503825,0.09670481853285043,0.1230122328520694,0.005659184149436274,0.09492384510846008,0.16202933181989548,0.9136330323669088,0.8087060612879149,0.9781021897810219,success,
PAT_1593_2651_122.png,0.6468921585414552,0.44007332005731237,0.6820711441863625,0.014936481273928121,0.09885006658610578,0.13697100428774084,0.012145476378775956,0.09210208585689778,0.1326696816179903,0.0024089807056070197,0.017652509467403765,0.03345855810577025,0.9247204687825112,0.8456621729165201,0.994413407821229,success,
PAT_375_763_732.png,0.6721974848625709,0.3956517883535324,0.6946280421716425,0.015074210772361187,0.09565806544517448,0.07101159926675223,0.014149858894927286,0.09301458790928425,0.06364756668019268,0.0006433322480942946,0.059010273108691,0.016238398645522012,0.8738674770527513,0.7837116205092697,0.9876543209876543,success,
PAT_495_941_26.png,0.6322674892935163,0.5720236273489624,0.5749493955966254,0.006465940007260821,0.05902834620457353,0.13239482729951957,0.004198925655658028,0.040168536122016464,0.12929956722782032,0.005700527897365346,0.011163533688139604,0.17874251359691862,0.7612466885710689,0.664019941853211,0.9576837416481069,success,
PAT_535_1012_145.png,0.6719899850816297,0.33993838838455376,0.8486111847804947,0.017194496246367496,0.085991801526049,0.05414169065421536,0.007143680421326769,0.06687602647586931,0.032838742125350616,0.01328900149915771,0.028441007798506168,0.011008230149992415,0.7287703054914418,0.7283232830661155,0.8545454545454545,success,
PAT_1583_2607_628.png,0.6363668422602106,0.2854708847084816,0.5413931058476967,0.008793590684071716,0.03724101456284812,0.04705885934198084,0.006994889536392058,0.03471917490222391,0.04058741093038269,0.007280534187737291,0.027609604229274887,0.05407409627910276,0.7678631169544567,0.7043053628775151,0.9025974025974026,success,
PAT_121_184_502.png,0.6172671327034152,0.6432117572354586,0.8920148237434293,0.010409005246247006,0.08016285293074374,0.05290525928646187,0.00934437222586923,0.07057001904879869,0.043724886700726454,0.0114118405674073,0.010421595394412564,0.01624841548336098,0.8548370830053815,0.8633784043422013,0.9771428571428571,success,
PAT_614_1166_885.png,0.6602187916854731,0.2943682726984459,0.35398226052432,0.13899512558544053,0.13277008319612804,0.16313109407577123,0.05855745930934284,0.09248990666151463,0.1599203127177966,0.02996078281779633,0.08500401993167003,0.2405436795275111,0.6057782834473416,0.49349194735720836,0.8913443830570903,success,
PAT_524_987_738.png,0.6582296690374856,0.5048826303549716,0.8108047508588023,0.011886928241356303,0.11902602131282018,0.06740833816978897,0.008927185477563,0.10820591205538924,0.044718274672441195,0.012423080088402748,0.003374315284712437,0.01537527123383009,0.9119412310423234,0.8600840601747964,0.9961089494163424,success,
PAT_381_775_566.png,0.6288861763662729,0.5448727406395308,0.4805622668813618,0.012477178623644633,0.14560872174462766,0.12270675533735165,0.008939100097493461,0.09543652636908204,0.08655167464977068,0.01615588790539017,0.13707161590435973,0.1498013814858517,0.9484967057877217,0.8812686920305014,1.0,success,
PAT_1774_3352_474.png,0.7150044436101676,0.09953665161686978,0.6489027334806521,0.27375567828439995,0.05856357997657258,0.08905713859802263,0.27932508672384154,0.0503289636789042,0.08251625135403855,0.05965704767854321,0.030024084538598464,0.004895159713427688,0.7616773430078047,0.7900344696068111,0.9880597014925373,success,
PAT_375_763_980.png,0.6405244770472172,0.5169690907389208,0.713122104450372,0.006991139196878937,0.045911893135044075,0.03459916144585189,0.005578807572146194,0.0357579483755152,0.023906956479181667,0.00660043449132696,0.000635563579553855,0.02507932678567304,0.8059651117358492,0.8126907495200659,0.9337748344370861,success,
PAT_79_120_739.png,0.6254319520785856,0.4995468491238016,0.5859085982137467,0.006307845448459455,0.07035716687618922,0.02662798338971369,0.005301646622912769,0.06087991527470249,0.014011006882903458,0.0009436051328008608,0.05744677340776283,0.008081441210811446,0.6240201592493173,0.4905806398701104,0.9601593625498008,success,
PAT_587_3431_6.png,0.6222892403438497,0.2625220010926035,0.5959180074038961,0.014207990352500295,0.06623581995594006,0.08321135816142182,0.011134208079741803,0.055770134099651,0.058747357641511094,0.0014039432405622183,0.02430785300562302,0.007025468252262357,0.6715704188298579,0.6657078418736609,0.9924924924924925,success,
PAT_666_1268_870.png,0.832994214044625,0.1671284750837313,0.6428179529923592,0.08664254407284691,0.05566835945993741,0.04880816327408343,0.05761964227393704,0.05005630135774829,0.036059654120873336,0.01937855269146572,0.07102814867933344,0.004422767724719945,0.6966041299587691,0.5486163853777484,0.9977220956719818,success,
PAT_691_3994_671.png,0.6127155575909409,0.17517620452806226,0.5989002258904931,0.16703602353651262,0.1160904986786119,0.13738115077176313,0.09568114202622674,0.08107549623191196,0.10218002019793294,0.014558919581979761,0.010639263941992577,0.005564787439182428,0.9006193530135793,0.8190080894076526,0.9691067830758898,success,
PAT_364_749_377.png,0.710498034752123,0.30591718921070965,0.5601104296983664,0.06181659102211149,0.12512532150147473,0.08339864998075615,0.034363106824798255,0.11619201927982908,0.07142102507344904,0.013270236527727757,0.16695800166173017,0.04794079515660077,0.8368738593659572,0.8061043991339527,0.96875,success,
PAT_576_1089_435.png,0.7344240607924374,0.23606407862605225,0.5343289052070264,0.05179666396207033,0.08464841380388632,0.07162941822855504,0.05442217664132303,0.0806358583237105,0.06397431891106198,0.05942509500006455,0.007439068307079355,0.012984244333341333,0.6541951949115332,0.699859115297107,0.988135593220339,success,
PAT_952_1807_58.png,0.742199402299093,0.24181727429052843,0.574102028490423,0.08340603498595746,0.09876186030295654,0.06846638057703887,0.08230965593292594,0.09931066146234664,0.06530005888830943,0.02139949138789395,0.09148917414474958,0.015025916887449031,0.9337119844575276,0.8904887842569223,1.0,success,
PAT_485_928_796.png,0.6225477261836538,0.5395416301704279,0.5185273633894191,0.010582583673180143,0.07264120929931683,0.061905798981125484,0.007622725210517966,0.051898126432330105,0.0545550346442476,0.006099021624002414,0.022208304401484136,0.013856260841968004,0.6203028859279341,0.6829378326868809,0.6796714579055442,success,
PAT_39_55_233.png,0.7141876259201337,0.2402787282773127,0.37661762836728135,0.10725134306869713,0.10881389370176502,0.09014697662181193,0.09581787694357881,0.09689043217871822,0.07935366458413123,0.0675228217714031,0.013364722818442837,0.06833083172812937,0.9423377425601365,0.8901009926088668,1.0,success,
PAT_340_714_68.png,0.11258476618924614,0.4496115501113579,0.4057082628593586,0.18544620805286158,0.20943874766627313,0.13255978619375655,0.2554497537017481,0.21625561574385208,0.12187283016860014,0.4942580848210703,0.35669965013206456,0.1788899902243461,0.8725250044256272,0.6788302020558252,0.9818799546998868,success,
PAT_1981_4023_673.png,0.6491373698115519,0.4534528224468088,0.446486160069353,0.02498330009814154,0.12085487349958694,0.1008083573908273,0.016165322528349155,0.10071036168373909,0.09649667047179379,0.0009006421103878084,0.09429187213058687,0.10844621314143338,0.784367693941801,0.650705743549523,0.9125230202578268,success,
PAT_315_673_227.png,0.6643148880315521,0.2419269235315166,0.695307199976685,0.021208368947745294,0.09867247579576956,0.06341681098367818,0.016514086290963143,0.08519016761586569,0.04792318785039969,0.010204741447495596,0.0053244581393992185,0.005060634631987249,0.778886763192604,0.8092417602567559,0.9738372093023255,success,
PAT_59_94_849.png,0.6087034487700173,0.522351656219407,0.6808468554651073,0.009864408409165908,0.09661712619863762,0.06802749378037867,0.008698061783122529,0.08701117088175356,0.05370499070407653,0.004557216697802838,0.09563056829217464,0.013811289746183397,0.884904307478016,0.760550790953239,0.9746588693957114,success,
PAT_1324_1145_309.png,0.6027818318324927,0.6049834450515821,0.6154598883554927,0.00691014609256739,0.04407596195576393,0.029373383179740597,0.0067372085109878264,0.03917233222499882,0.021721952235796968,0.01191448133061057,0.03456826815651104,0.005705480373181082,0.6716225307057664,0.7302499535342052,1.0,success,
PAT_1914_3822_863.png,0.5869786422964381,0.13439276485788113,0.5519167046663627,0.14146800201587448,0.08647707644214037,0.06106290803215293,0.11322667631258211,0.08456824367601143,0.06033564328208571,0.017367870527429514,0.15315069859697064,0.1108011725302907,0.8547013743390203,0.8402356289996746,1.0,success,
PAT_672_1272_705.png,0.6950331462950308,0.230473537107384,0.3443575744101946,0.10477714078913626,0.11864683151449627,0.14066848808425517,0.052161067970728114,0.09660993131663927,0.1198633663940313,0.06067430765909331,0.13557060797052417,0.23416982878157738,0.7913499981489126,0.836267421098404,0.9654471544715447,success,
PAT_2122_4642_680.png,0.6248053127306932,0.44498138965487394,0.7295897126981967,0.005414192990418589,0.06523182015115607,0.0921813344817602,0.003444327936948585,0.05851799259527199,0.08563934183632839,3.4949436832615924e-05,0.02569243260712617,0.013946758376887525,0.6547717614405293,0.7010083375236692,0.9924528301886792,success,
PAT_886_1684_297.png,0.6081849990397092,0.2727183648340023,0.7687877273668317,0.03034074526847001,0.11140001958340455,0.0927653208476845,0.029601283039447892,0.11284327440367073,0.09498012895385617,0.03405706120672573,0.13043646303182244,0.11765083966113077,0.868419966716649,0.8769270134920236,1.0,success,
PAT_270_1386_755.png,0.6324701305184317,0.24329373829338263,0.7242340181098272,0.03946594086944716,0.09489270125199281,0.036186286895268586,0.03468000443083396,0.08869476073848546,0.030542413348721938,0.02867558666095983,0.03794170927114843,0.011872870860862972,0.7641120899434232,0.7456416922989925,1.0,success,
PAT_908_1726_939.png,0.6490694313717589,0.5345252497719815,0.8222766438007509,0.005541196863481813,0.03652240857088106,0.05940635554575159,0.005475347595297225,0.03446369989587465,0.05995343279774723,0.016843532356890182,0.062386735854371156,0.054500868034119465,0.838019163166304,0.8088245211421632,1.0,success,
PAT_666_1271_645.png,0.7829359714219499,0.21016473187755147,0.6156529681617207,0.03959264433044363,0.056984376735570136,0.02326017854350472,0.04048637718330271,0.05889660017439652,0.017140715825365273,0.07313710121566888,0.10204648197206556,0.01187004729772001,0.8666521956107613,0.7994931879026848,0.9941002949852508,success,
PAT_115_1138_870.png,0.6283841060665326,0.506835265021095,0.6160750367748089,0.009276798945584242,0.08794095516004861,0.14591484868840585,0.007127608199194956,0.0791782136385427,0.13765341504684125,0.0038488749733374228,0.008616777626136995,0.1365116706354279,0.7804581897446099,0.7612783700054366,0.9302325581395349,success,
PAT_585_1130_474.png,0.9630506482842607,0.1276913269002289,0.5588289840842884,0.3244620623249222,0.059275739759948584,0.11495259417826717,0.33774721254100154,0.05544149066164902,0.10378317224008961,0.19847058233513007,0.0003328469091041786,0.03362360461066505,0.930365947432745,0.9040248858202824,1.0,success,
PAT_464_1794_78.png,0.6495956511629477,0.44768723214952766,0.7996987000550133,0.01050658523618087,0.07556938644531089,0.07225502474488031,0.00887610069089956,0.056880243941289446,0.051038480921738384,0.011389045120147046,0.034962861626768094,0.03738069601876892,0.7796560905826688,0.7534808778190151,1.0,success,
PAT_587_1117_880.png,0.63584068144398,0.4930658330593734,0.769271228051962,0.015698968013685866,0.13259554365202478,0.0665684396406752,0.01212047683496094,0.10935225380128012,0.04510286444989032,0.019774194526382634,0.0005627415796512492,0.0018375421036647133,0.7556636473990126,0.8245064755744329,0.9921465968586387,success,
PAT_500_947_77.png,0.6660798402215277,0.6193186931149862,0.6584128724291115,0.009401176028284568,0.11625370702141036,0.06287840936021252,0.009196516318864447,0.11214908778773446,0.054885222056963674,0.010839231906055128,0.19303422323577324,0.06592431832321177,0.8115052932059235,0.7868462952945461,1.0,success,
PAT_2011_4140_988.png,0.6151979884155839,0.40136466879896165,0.7435111790973284,0.017601250125751613,0.08589671925193054,0.074854444555545,0.012053927772145671,0.06812858247226636,0.06918185254806541,0.0013202956652966532,0.009745709699915894,0.03890796711597866,0.5287368306373965,0.570992797353197,0.9538461538461539,success,
PAT_600_1141_542.png,0.7118731631871428,0.32717955051840264,0.6023890534066948,0.12020232394412136,0.1480553758260374,0.1592850442827072,0.1072475368009556,0.13770977162873702,0.1537580027980949,0.013122566821082494,0.04222393643197203,0.10860733718934468,0.8698558938949978,0.8714318367649369,1.0,success,
PAT_1661_2956_357.png,0.6296912292642486,0.49960999424811664,0.8523033253368125,0.009184948427200714,0.07097866237856613,0.0510402615304447,0.00805378997866503,0.0626177765240103,0.03357221144645371,0.0015594394033411638,0.009134242819018368,0.021113397674231038,0.47898903775883067,0.598943185432013,0.8787878787878788,success,
PAT_1682_3050_600.png,0.5945312049512607,0.2745149788322147,0.507236659067017,0.009834817504814275,0.05168518460657607,0.0737872215963475,0.008399718469830866,0.03989058623639092,0.0648738082951622,0.013696868086338299,0.0314939848017633,0.10427744436821962,0.909551276286417,0.8621475781674252,0.9911699779249448,success,
PAT_832_1569_413.png,0.7762154479698228,0.29285042042602216,0.5616347941468438,0.16486720081267545,0.11816189290848225,0.09437591176620977,0.10058622610374515,0.09938436900139358,0.08524512721894038,0.025678766993384745,0.03719883006332603,0.022442830081324416,0.778252438321446,0.6686312189752494,0.9956304619225967,success,
PAT_131_197_974.png,0.6450782542996115,0.6040396684885673,0.646697333624236,0.017225809499504544,0.18309333485631168,0.13297484674683768,0.01624250882903489,0.18247490760359236,0.12576171508412526,0.006453271344499158,0.3127799685313114,0.11356408883923752,0.8687535364985371,0.8424479155234086,1.0,success,
PAT_270_1382_561.png,0.966715235949614,0.16330243290549365,0.21420102507620442,0.33757462281889483,0.07598698952302836,0.09730212959245323,0.3486038838439605,0.064430157032473,0.11458356573811432,0.3375033466714309,0.06645939884345861,0.2331959600901406,0.7566610907124977,0.8181693393328534,0.96875,success,
PAT_170_264_785.png,0.6303561577707477,0.5240449179951076,0.6937909408809574,0.005394398294395644,0.05314860562722121,0.043297084729080094,0.004512434283736658,0.05008566113585593,0.0383364602386509,0.0039591826705097964,0.02287266948835842,0.006637476211021953,0.866238113666945,0.8666941488451078,1.0,success,
PAT_1364_1246_420.png,0.5761417471511131,0.4662182919208277,0.635559271153251,0.007129694453135675,0.07973042846016182,0.05043002033775684,0.0063556342826305585,0.0760655201664919,0.043238897778538773,0.0051689568725298805,0.15031298117048214,0.06875703123389276,0.9169200002413762,0.8671443394410168,1.0,success,
PAT_192_295_164.png,0.6229773281617367,0.4998691427140939,0.795524480017992,0.009450362812527925,0.053636197556639634,0.06530914530890175,0.009235247901557301,0.047155971554787485,0.06296493483984009,0.015373416963980605,0.020769349047414842,0.015370001698239877,0.92505630870935,0.8908864177838535,1.0,success,
PAT_93_142_269.png,0.6181399700650313,0.36512733188608204,0.48918839624262456,0.01663662500054535,0.10495950552533342,0.08235832091215997,0.012188878238734102,0.10089627245212542,0.07927933097938157,0.009990847330392998,0.08280694425684648,0.02917389003232962,0.9422086186171086,0.8917405983756845,1.0,success,
PAT_831_1570_991.png,0.6518265790031879,0.12785732901873273,0.7325294142106246,0.20493095341829956,0.07204216812171607,0.09635901137942553,0.18032380025030512,0.07280728769956331,0.08208805688195839,0.01328220879264145,0.11258503053437535,0.0774269625970333,0.8739364704833945,0.8541712373726187,0.9984544049459042,success,
PAT_840_1595_981.png,0.6572072059856844,0.427690181326387,0.4899685273218918,0.08785401782395404,0.1468665129259094,0.08054492374404894,0.060184268074514366,0.1313106195017257,0.056262962891972745,0.005549350172917952,0.1344407428159201,0.00016517724388331878,0.817631155104023,0.8223423982532279,0.9789719626168224,success,
PAT_792_1498_936.png,0.8246631607004764,0.055891731346661526,0.6176745739801177,0.3276715333351048,0.044058062854432554,0.09031976382600841,0.3085752791779493,0.04024957784989577,0.08335461885939859,0.07614701069387987,0.010640645974425898,0.01071195551957449,0.7617442830265531,0.7258651481029147,0.9270833333333334,success,
PAT_2155_4784_483.png,0.5862656757580093,0.4892720338418493,0.5444390780094597,0.007869408205095714,0.04388319039828393,0.08414063252921877,0.006496544892412127,0.03373924833944762,0.08156350876372243,0.0033420592801070214,0.026010131112687962,0.12301759406430457,0.8831730266771791,0.8667166822868855,1.0,success,
PAT_291_446_704.png,0.6647192348728462,0.36509194613059953,0.5921092993768189,0.043426367118592206,0.13077075880851796,0.08896108355888772,0.012806739778394253,0.09565890641925612,0.03964200137924462,0.016103048218197576,0.002480422345862876,0.0011717086021467704,0.8253695915869033,0.7732517502837393,1.0,success,
PAT_1392_1353_161.png,0.6373288016856012,0.4326170962051596,0.7408162186602475,0.027281337659615826,0.07700910644424747,0.06863045185998541,0.02590504513269141,0.0686040066486762,0.06544600129716059,0.01445072268726406,0.014219169618004401,0.015047451024870706,0.8876139658897026,0.8749383528643923,1.0,success,
PAT_939_1791_329.png,0.2814546040397231,0.10577886517661933,0.2959934100604981,0.19256360006234666,0.04816035422722107,0.055828499683904055,0.1804876903669825,0.03500744656686638,0.05861753969897215,0.27647808372019345,0.018243970510422883,0.11159638506737685,0.5606809920339852,0.4580634228376033,0.9962121212121212,success,
PAT_1057_242_297.png,0.6217325016286315,0.3500822953243765,0.5284226091546246,0.01583162591997681,0.05602981549532276,0.032746923683932457,0.014547326376404237,0.05319603696180678,0.029194188580569522,0.024017192628318026,0.006677819189748746,0.0009305095033068644,0.821464635384981,0.8519291119701118,1.0,success,
PAT_1760_3326_525.png,0.6405413193875352,0.44387409251916293,0.6685805507427902,0.014052526667056486,0.10188792117922144,0.06091654133758326,0.012747871136161411,0.08678089350803908,0.04014795635294623,0.00997375827034972,0.020374138546963738,0.017266002797770463,0.6429271555795232,0.7658744044704429,0.9129353233830846,success,
PAT_346_720_265.png,0.6951298673848125,0.29858918193910383,0.5382938754238558,0.02930119139172375,0.13569036648321245,0.05062753117225041,0.02874554187727422,0.12586154010973633,0.05114582094368686,0.0014264592529484174,0.07296040582264351,0.0010755569667162401,0.9186734712688525,0.8840140264087777,1.0,success,
PAT_838_1587_73.png,0.6460904789397617,0.49541557513693735,0.822400836177926,0.009307463023316954,0.09221295823345567,0.06798107612495836,0.007414197726152085,0.08297301442532569,0.05990840639575317,0.0017428117493444183,0.03440186908212961,0.0028504597427411182,0.7243671738061132,0.7571104316927629,0.9603960396039604,success,
PAT_738_1397_966.png,0.686418024679225,0.42462609210721164,0.9253913293438211,0.0159060498492993,0.11195687069269182,0.05921088706299086,0.012630626976935394,0.1020015362778847,0.04443147881510569,0.013911006053448303,0.05565661350351986,0.02716604513726295,0.9538300512925454,0.8906777748354782,1.0,success,
PAT_372_760_267.png,0.6288907394564619,0.6645509039849916,0.5665201668861223,0.017769532077234737,0.15225698214849237,0.1442285436325945,0.015054514200819902,0.13028646214284736,0.13135802927018456,0.010083548903570182,0.12792616576490579,0.11692583429076553,0.5250558045596341,0.3414253344038757,0.9985358711566618,success,
PAT_1922_3848_451.png,0.48907963399766563,0.14617807345422576,0.5639812326975849,0.08933702913194488,0.061917440290761225,0.1205618302853395,0.07830891429030894,0.05397030611033791,0.10979959730665116,0.06435645521602898,0.025253086046214138,0.08276379402417444,0.9380365105908584,0.887048724169967,1.0,success,
PAT_286_1458_381.png,0.6034273370198342,0.579835041440345,0.6930832757626271,0.009850967169845999,0.050670382857823035,0.06936676080497628,0.009108938233381735,0.040178972316719165,0.06633458665879101,0.0031680687340402375,0.04007681341916369,0.06086944505516079,0.554022708180945,0.5242567043614198,0.9608695652173913,success,
PAT_161_250_338.png,0.6908851997749704,0.3551664023910101,0.5799478252644208,0.014760671268890248,0.11106984812637907,0.052364750459885236,0.014543548456905217,0.09774412492138766,0.044561326291952204,0.0019630990742496596,0.06727331230623962,0.030163007576849976,0.8241413242325669,0.6676360875344247,0.9121621621621622,success,
PAT_349_724_750.png,0.6437251885684993,0.3068030072605033,0.8996266385154007,0.019885755557997674,0.08016785050026434,0.03929186844267843,0.018904009180877868,0.06933317166876274,0.02480784810306672,0.032142483334188655,0.009329117070698223,0.0011229063650014526,0.7720888180910972,0.7906107430985944,0.9539641943734015,success,
PAT_522_986_305.png,0.7348266516980886,0.28853826091006474,0.6283759489544036,0.048398695856279594,0.11010855949649039,0.07709316149143688,0.04364993165890233,0.10890868115290574,0.07170237029089366,0.08042969973578948,0.06199850015410441,0.0485528155125452,0.8898191400348694,0.8445469551413275,1.0,success,
PAT_793_1512_513.png,0.6019236539010727,0.45309865070848565,0.7640163203272378,0.00787354369644787,0.08169332250453323,0.07906119355554479,0.006857536893408357,0.07744263853327575,0.06928059014342051,0.01605461800565027,0.13147950523370183,0.08018951921381878,0.693759555729702,0.673614534847451,1.0,success,
PAT_462_896_893.png,0.6804623632563601,0.4527702739952588,0.47499833903715044,0.022970051121107355,0.12560297633974396,0.08531352950774206,0.01981393709947875,0.10436107240536795,0.06561272888655337,0.00805301344846904,0.04691406484493199,0.07594152453564412,0.7827690220582368,0.6907694254497941,0.8888888888888888,success,
PAT_895_1699_872.png,0.6039621937963607,0.5483872414279432,0.6326980811442828,0.008864724716292054,0.054002675605720404,0.10185290273961906,0.008606856813401375,0.0441457833275709,0.09941150778967667,0.012140345481595224,0.05426106844765405,0.1327146237812722,0.7778051730687998,0.735504552117143,0.9944903581267218,success,
PAT_545_1030_854.png,0.6684703689206615,0.313269626224749,0.564262826214313,0.0158314753461965,0.11438848444088708,0.042021876235316426,0.015695655117529267,0.11569286955622259,0.03719825000108431,0.03330832020749265,0.19415520940040853,0.03604190323276035,0.665650527147958,0.7197413170388426,0.9282511210762332,success,
PAT_145_216_158.png,0.6234252401811097,0.5295826888596471,0.5797950992387628,0.03381408178304615,0.17273067805595926,0.14649597690620084,0.0182210791298668,0.15336597083624273,0.13008668252545538,0.011440157292437508,0.1351737085261086,0.011942290485437712,0.7314942299932347,0.846333868681999,0.9785407725321889,success,
PAT_214_329_70.png,0.6664356858897155,0.450882464634097,0.7553830403054469,0.012891093658213847,0.1275340885852367,0.1292834966863797,0.011479715473775796,0.05888761692981978,0.05551644216960846,0.02024631259888052,0.004899545169162078,0.002129017111817899,0.5907233105379546,0.5665917967644951,0.9132720105124835,success,
PAT_1124_489_151.png,0.7750466369964432,0.12457477982592409,0.607484926582188,0.11311403317079674,0.043129894985934794,0.034708942773493644,0.06603458116069856,0.03563318418356332,0.02430579605575278,0.1466044536973719,0.01882052257938001,0.02349328958156638,0.7882641458770203,0.7274330805871051,0.9584905660377359,success,
PAT_513_964_343.png,0.6620485593344546,0.5477324634934518,0.6885860849916174,0.006490626255214525,0.10976584751930228,0.08377683972843844,0.0052016990657417364,0.10188289095519895,0.07502810743227807,0.003471518025104577,0.055721510284441444,0.038107365069344756,0.8500540310942801,0.8401469961767446,0.9949748743718593,success,
PAT_439_859_283.png,0.6308160036657124,0.4978406990350893,0.48131446201818795,0.011222097614191823,0.05657458776664501,0.03376403541698714,0.009614408899702161,0.05020475505958512,0.028664229532196783,0.011050897877668575,0.0713271934960748,0.029533892371447434,0.7514516757878418,0.5927640542347892,0.8453947368421053,success,
PAT_108_162_660.png,0.603651466884855,0.19920117576184854,0.5616601046074918,0.07384932069427093,0.1345871223036284,0.08148454543268493,0.06378151558056679,0.13174579396992736,0.07560198855846487,0.0382099878106316,0.052363320454370255,0.007780220542175864,0.8779503272022442,0.864141795062541,1.0,success,
PAT_354_1817_500.png,0.6325465527020567,0.327556475958259,0.3684371416960567,0.030306429230460126,0.10309860221306233,0.11901978457993749,0.013062815427044676,0.0911414738806864,0.11394645802144683,0.008789815214663498,0.14410202898609997,0.18224425793561927,0.7588371652596559,0.8095396896235366,1.0,success,
PAT_1619_2774_616.png,0.6189652523677652,0.5891482722755114,0.6802409212247804,0.003578387198381684,0.041430624622800116,0.06009752210226469,0.0030510005922399154,0.03944014586222394,0.05757836192628563,3.9258846099462136e-05,0.06885178418244398,0.07851939629342342,0.8526289703274195,0.864150636575033,1.0,success,
PAT_1993_4076_174.png,0.6784528625336963,0.31833093277503505,0.7092471095653521,0.013617733747218027,0.05619721769372086,0.06067471238140358,0.012588866251937498,0.05160061074503137,0.057817449207868056,0.007788513765922526,0.034406960148334,0.008492700572528045,0.6164793596663065,0.5885181575110868,0.9923664122137404,success,
PAT_510_959_174.png,0.6919059380450008,0.6897237563555468,0.4546518493053428,0.0057947215183369715,0.14730190550399075,0.06271198788396948,0.003857524608806853,0.14282630813396108,0.054319833279279826,0.0027346766266002002,0.2990948194430553,0.08686218629242187,0.8456161276043268,0.7887502201087888,0.9719626168224299,success,
PAT_974_1841_693.png,0.6770454797176991,0.294809628940558,0.5244549269701417,0.011766199194072848,0.0537635198298162,0.04776147316583697,0.01082689778617823,0.05443277240346206,0.04862694039576782,0.0021727352777854017,0.07222602034113412,0.024675009746462084,0.8229069304263223,0.8358763347047908,1.0,success,
PAT_580_1104_684.png,0.6647909566904935,0.3136718615203503,0.5239944764726814,0.026894752004100218,0.09305176517938389,0.0743906751189896,0.024057889835092328,0.08858341098612572,0.05997656996236366,0.028931123387015607,0.09766268178611284,0.08774485828489464,0.9642908880197016,0.8880747501231491,1.0,success,
PAT_207_313_709.png,0.6401649352454861,0.46884944256587097,0.4614803754170991,0.0221002023511863,0.13345020115159925,0.09373279312635907,0.01914019917132236,0.11594149718137516,0.09212388452891772,0.04090859028083461,0.0965355793271741,0.1337541824020142,0.5333875140591329,0.6542435315280495,0.8580645161290322,success,
PAT_1945_3923_428.png,0.6378899815921003,0.5502473855273573,0.5224858119600545,0.01563798552456102,0.10964317677463509,0.13233378693027392,0.015724727156823614,0.09536696815290818,0.13648447463914712,0.02675163621380076,0.13550524209464176,0.21265878469139143,0.9035871579984502,0.8339690458456909,1.0,success,
PAT_1875_3689_646.png,0.6657793233919486,0.32233857683904454,0.5599789470139422,0.027390787992014866,0.0746741152443254,0.045125347053153964,0.026480331953844204,0.06637712061862171,0.04196126147271788,0.02966782579115809,0.04024901374107809,0.03283767054217113,0.8256363951270318,0.7992146940978381,0.9151515151515152,success,
PAT_935_1781_341.png,0.639394521794713,0.4030146758176537,0.692488541223065,0.015494798462255842,0.09377339852707717,0.12203166289614892,0.010628216665976548,0.09797980192459343,0.125808799246925,0.0011487856993183086,0.033437840968487675,0.0021061825182662197,0.8963420087317382,0.8584356779754031,0.9883720930232558,success,
PAT_493_3016_512.png,0.6009143732019858,0.37906085645596943,0.7742520714722156,0.017578800971765635,0.0668795827773885,0.0913925282962836,0.016416817971077382,0.061770037412770935,0.08220439083043088,0.015584004668362895,0.02994764191350746,0.046988894087174105,0.7998172151229955,0.8090072391460651,1.0,success,
PAT_177_275_905.png,0.6881608417593138,0.1537456129448459,0.6227160581507982,0.21060027983075505,0.08700604813054479,0.10511904391621166,0.1798712557398637,0.07874783076113738,0.09493162751669228,0.04626829471175024,0.014768245538586633,0.03318981872748128,0.659416857447144,0.7707339537114759,1.0,success,
PAT_2157_4789_969.png,0.61562401934544,0.4131580515432397,0.5940220157210495,0.021327964930820804,0.06621814459577409,0.05265429795756607,0.018854810640216317,0.05639475704170931,0.04190022730726003,0.010562176301222494,0.01273687776620469,0.03929111596309465,0.8061957945035787,0.7799773537394538,0.9666666666666667,success,
PAT_1393_1355_270.png,0.6446544088050777,0.3048418015115774,0.5920464721157142,0.0250512352294059,0.08989614494419021,0.10412960344682708,0.016998258093693444,0.07294536649365913,0.07030053347944687,0.010725262894101128,0.005877443972732599,0.012573777784698481,0.8876651490236664,0.8699154179208475,1.0,success,
PAT_806_1520_708.png,0.6371500295331596,0.3601741803344659,0.7135969732850944,0.011145897834168474,0.06734148684761618,0.030990167397686258,0.010609268783363253,0.05721855793094557,0.020601045532388756,0.01681887240833346,0.01850179606117691,0.0207822757395556,0.8181659071850784,0.8303124630172452,0.9832775919732442,success,
PAT_923_1753_706.png,0.6263911780853263,0.49436480988651316,0.5336588051757365,0.012719561856941383,0.08407955508943492,0.09450020451885519,0.011072084918002134,0.08133295459721622,0.09447233063025369,0.012802132051987927,0.10606545605407108,0.0577042741469016,0.8402163320032864,0.7686936951488805,0.9090909090909091,success,
PAT_497_943_580.png,0.6384346762818444,0.5224992866023334,0.5972446814711606,0.013105077591124574,0.08817845509142272,0.10184024165327929,0.00998120597188709,0.0686984494428666,0.08440101797771664,0.011056330449179086,0.0733901737427522,0.0739522474065476,0.928013423924501,0.8428294073926864,0.990909090909091,success,
PAT_1334_1178_413.png,0.7231350520534678,0.1796572916095073,0.23137644532717455,0.23744205325625675,0.10351432106394565,0.0820589475650261,0.2095074004150417,0.08965028831570633,0.10130864613944385,0.15349847076976697,0.011697201449307776,0.2589883527378354,0.8390925149330184,0.8465266669060738,0.9885931558935361,success,
PAT_521_984_412.png,0.6283231177378709,0.7979489634753705,0.4984084793052781,0.005392257199544789,0.09257707652714782,0.058199345234691044,0.004795900406605972,0.08958949657125972,0.0531401956843909,0.006533850489623521,0.21549294503728056,0.11205444183482594,0.8826282855522369,0.8564894193181893,1.0,success,
PAT_2125_4653_497.png,0.7119168082753008,0.1409654997151807,0.41035392969862994,0.07697103014071248,0.06806461584854623,0.12165152596664615,0.0676544904302929,0.0637532712073394,0.13695957389895103,0.08725419056018582,0.022703964556030493,0.26574442981588,0.6009136355760902,0.6549989448041829,0.9444444444444444,success,
PAT_771_1491_390.png,0.7132261723670541,0.26066687091503266,0.5527506510416667,0.0560920579510956,0.09550375552940168,0.040586218898262014,0.04998206571583203,0.08892487739722708,0.037761324151365495,0.008427789875857173,0.008343525052937728,0.016410414916034677,0.9231324892583137,0.823803513633565,0.9288389513108615,success,
PAT_1256_879_199.png,0.6310392284527797,0.2552985603403687,0.5198009543683512,0.01245948540159043,0.07479192031759453,0.07150543177247456,0.011031903020883584,0.07151317363711325,0.06783768251788387,0.008956783088533468,0.06589026443355159,0.0899728434189202,0.9364618609901629,0.8803829436310099,1.0,success,
PAT_2009_4134_828.png,0.6432655591684733,0.321590718894084,0.6700043477598115,0.027811256929740766,0.046259000414062765,0.03386853573057427,0.02504316720295407,0.03912890078921078,0.02584063389083725,0.02064795746360583,0.004826638751011747,0.00797687174984818,0.789035203300366,0.667189733187885,1.0,success,
PAT_679_1286_677.png,0.6604727370851472,0.4664528020032348,0.7528154369448519,0.006159616050179374,0.08787210868853229,0.11515695022381531,0.005923080428492703,0.08129277209511933,0.10624405803753166,0.006715247048200249,0.07784253718017409,0.07073897286688158,0.7893651782434187,0.7635155026130492,1.0,success,
PAT_1976_4000_701.png,0.6469719331157754,0.2394433959260394,0.5672819438543097,0.019756861207813985,0.04137027441127175,0.057700890409650527,0.020274770824292163,0.042595736811974844,0.05610754026318342,0.004851077506358179,0.03741441492270206,0.01840296672170194,0.5477040764296045,0.5401051115677965,0.7864768683274022,success,
PAT_879_1676_668.png,0.6295338738081265,0.5934960684302591,0.6520188096410733,0.007938697842725984,0.04895254993216328,0.049926300416203086,0.007327361610252179,0.042718328501400615,0.04811470262335626,0.015144996322041809,0.040935619280138336,0.08470863438892151,0.7920395761146284,0.8192589039615016,0.9166666666666666,success,
PAT_561_1069_418.png,0.6564481669386072,0.4311853667086669,0.5858699035169623,0.02349225951694946,0.1358369909637897,0.09335313278492954,0.021274486420019393,0.12551580607580798,0.08096922060305382,0.027791174364680416,0.14182251654198058,0.06761803663593624,0.7905418675707001,0.7115454094873875,1.0,success,
PAT_757_1431_696.png,0.6463264511660143,0.5561059833769574,0.6605970912955346,0.011778657001249249,0.11885025315986537,0.1945852451382735,0.010369918721167007,0.10990218442045264,0.18774442586866077,0.01403140301022374,0.0011312060405190838,0.005725709709522464,0.8536839799797766,0.8547868261886103,0.9951456310679612,success,
PAT_372_760_355.png,0.6831049129207665,0.4420751351388013,0.3416569252085744,0.11382400991361488,0.1865489684847419,0.08155318192471292,0.09273054645692815,0.16627851355956447,0.07669670913663,0.011008690586200723,0.06788494829219793,0.07962369718448326,0.48016934363969505,0.34751051571502845,0.9852631578947368,success,
PAT_770_1451_136.png,0.7169858168743982,0.30866283643440917,0.3324387729895218,0.15397287212402552,0.18729605200135369,0.12381147704404048,0.11433572327563976,0.16238818815967185,0.11861745131815805,0.016425541868594153,0.17187487217658245,0.17024759396371952,0.5073590560742769,0.5037504425032423,0.8962061560486757,success,
PAT_74_112_729.png,0.6551149304708765,0.27407084607855237,0.5446811976751031,0.0963870972678451,0.17767176118612882,0.13722943936003534,0.06025167229658988,0.17768753803883652,0.12591915783320345,0.01532950869456005,0.04405468716100769,0.051175575120318784,0.7241523143149083,0.7316052222401851,0.9517543859649122,success,
PAT_1472_1639_87.png,0.57218644444949,0.09548256524545846,0.6390979639174548,0.20403528201108959,0.07291518072550565,0.09211031812091708,0.18869477851529987,0.07378886221836345,0.08377898853162236,0.06252694923788996,0.09029322225633328,0.07807343310689507,0.9256000909516902,0.8987500815466457,1.0,success,
PAT_354_731_155.png,0.6182594869973055,0.5034748165502297,0.8230795439812093,0.013995516256771697,0.12800632317944846,0.04335877171797463,0.013495298567958409,0.1225881347083158,0.03691658432435758,0.020985129539344012,0.02351316627497768,0.02998039292730803,0.9446133490578859,0.8924194002750531,0.9956896551724138,success,
PAT_1257_887_828.png,0.5637708087856396,0.3427215613081386,0.5192605841063349,0.00895305854700144,0.03184705860162509,0.03811977696518775,0.009299131591853358,0.03551595192763118,0.04006367794497485,0.016668360428123443,0.08912886324404473,0.06644193256150432,0.7076403400146372,0.6974113660915952,0.9941860465116279,success,
PAT_2048_4333_63.png,0.6204590988612136,0.394108508844301,0.7105469901897055,0.010265613463323473,0.07883245036485573,0.06096363367876193,0.009028969040129562,0.07318369494089254,0.05717798317643137,0.009234921648508039,0.0017486349745908791,0.055574751879318374,0.8045419687424902,0.8048067095939704,0.981675392670157,success,
PAT_1304_3507_308.png,0.5806123008418455,0.3663193887909387,0.17867891934248722,0.025582739411553732,0.10550032532818603,0.06976203984411006,0.021818762490964736,0.08028657894771594,0.0716873282402357,0.019928851463336547,0.09965100523607778,0.2004875675017002,0.8929531732870781,0.866377475988061,1.0,success,
PAT_425_841_644.png,0.6754414718673083,0.49897981104635436,0.4559148858566048,0.01873055319844363,0.1443429118300502,0.053193399335084574,0.016841394571687325,0.1409074387584563,0.049579411515787215,0.017157642562415986,0.10457075172294716,0.008104597712771833,0.9036855572152356,0.8646921804263147,1.0,success,
PAT_330_1438_323.png,0.6809875218914734,0.3709008136636945,0.8090108964459659,0.014641899272366511,0.14625753800765492,0.06518328628700357,0.01060895922741324,0.12496961098827665,0.05277156032295145,0.002433331995042999,0.016021173816734402,0.016181582341284084,0.7479541819320997,0.5121358731554841,0.8270676691729323,success,
PAT_264_405_118.png,0.6017444561107225,0.38635663208155907,0.7884714024267448,0.02496436712443444,0.10381654048614415,0.08952612764193758,0.010361503882727162,0.08661714889359105,0.07602602004036503,0.0034420413313830363,0.03247962673396548,0.056086529837069854,0.8730538721455365,0.8430813364514712,0.9884259259259259,success,
PAT_1881_3711_217.png,0.6205632875235279,0.26158559577677226,0.552853192559075,0.016051933164681138,0.03465567899275234,0.028573475901779444,0.014312834070618877,0.03241264083191503,0.026168199275063645,0.01964612941237039,0.016602369064336597,0.013714134637055508,0.6425066312997347,0.7278788789271503,0.9803921568627451,success,
PAT_1818_3570_577.png,0.6118224198603406,0.5703791422424852,0.439130702313491,0.008465646824938656,0.08843992641298513,0.03084760234601331,0.0083831200527809,0.09688244418786249,0.03328980931677221,0.013523298647071552,0.15796135663599148,0.06292897104363754,0.9280958279529312,0.8655194303113856,1.0,success,
PAT_128_194_144.png,0.5906005573423331,0.1333325234265536,0.6898567274906658,0.24988201337957716,0.059628974756010616,0.1217235571916755,0.2431669102739258,0.050929972071210444,0.11039627830119271,0.029056250399324548,0.04864823734349122,0.06901105750648051,0.7931150548885898,0.8519875004502458,0.9512195121951219,success,
PAT_1554_4170_992.png,0.6026296072335707,0.2128324264236109,0.5392859050207393,0.18434600879265303,0.1721135010176875,0.10453629326806071,0.17511695306081887,0.16993609715284702,0.10053880586946233,0.04775624958309213,0.023005312113486553,0.06078720261619697,0.907442795316633,0.8891006845987294,1.0,success,
PAT_307_659_85.png,0.6858210058950632,0.31560657641253004,0.498879476420447,0.04677583382671726,0.08714239047785478,0.07328841672287001,0.026335549207440436,0.08054812924145445,0.06459833671950528,0.030917445170980783,0.010449001831542515,0.01750584886161266,0.9279896724435974,0.8687352413675502,1.0,success,
PAT_106_158_249.png,0.6844424013581439,0.2775561555563257,0.6403998021467705,0.030957323022581536,0.09731042675295277,0.07333019289635642,0.026978950648649257,0.08461456913962047,0.06192860080860045,0.03059078138184827,0.04871323285363652,0.018756979792948658,0.6999185749134489,0.7006903004332942,0.8296795952782462,success,
PAT_817_1537_643.png,0.7055292329985775,0.2628859474173053,0.588054141696084,0.036243352675905026,0.07928408262207952,0.04691301397349491,0.03027513948983182,0.06964941869858425,0.04225212749298764,0.032019013198182636,0.04172888729227503,0.02377434634777742,0.69544294744445,0.7958587398615511,1.0,success,
PAT_255_388_77.png,0.6362917007582796,0.3139068453678603,0.6129984654562387,0.015610227612521038,0.06661765278421922,0.1260929195132017,0.0133908769417482,0.05650797349570841,0.11532161348091402,0.004501808230077289,0.010936175841912421,0.0683685074276178,0.8120469114520878,0.7467675567615609,1.0,success,
PAT_390_790_505.png,0.6330534431087985,0.4982074102894568,0.5561680811224862,0.02854799647781973,0.19461206753509425,0.07336821821750582,0.02765649163989545,0.19801111096511914,0.07436958730476191,0.021657966448838235,0.21931178689760084,0.08286337862708859,0.6770742809066028,0.6567110936304439,0.9932432432432432,success,
PAT_1068_285_845.png,0.6226591414133206,0.22163184148219664,0.6083477001586097,0.017873463431367483,0.04372547697206251,0.07860612318205618,0.014671330957068573,0.0402977523719371,0.07536421738243855,0.03158239979973085,0.11163993526564878,0.15083352226378133,0.7048249143729017,0.714177453656805,1.0,success,
PAT_1947_3926_165.png,0.6166390664369064,0.5074547627902515,0.5954362380883869,0.007819389580860217,0.11758090170338667,0.0916266494528886,0.007150780616745184,0.10605785455560032,0.08867570126580059,0.0102116901742581,0.06386203440982957,0.11797411958159065,0.7798407491817327,0.7151334277308423,1.0,success,
PAT_1733_3239_934.png,0.6194448832849364,0.4597304076009736,0.7927344724909497,0.013681141327336478,0.11773808743064326,0.10808879827380666,0.013031949539311546,0.11412715308997488,0.10388068185190417,0.022143308643651317,0.16837292284746874,0.14992169778385167,0.8341571144196358,0.8192595012915895,0.96875,success,
PAT_531_1004_189.png,0.6455114825000272,0.36390099325176667,0.5315084934660935,0.01289743557958501,0.06273140687294576,0.03460360254332491,0.00996443142453757,0.05875196062706308,0.03150098809709046,0.010239078165934263,0.09058796974552724,0.03202105460617677,0.9259264180666841,0.8277826318945077,1.0,success,
PAT_1364_1246_927.png,0.5846483780243864,0.4071834005596134,0.7057795790288207,0.006206875454997401,0.05747233438250434,0.0394639115120392,0.005073521613372378,0.053513604077878425,0.02863704363485052,0.0076775998086237645,0.09143001317320648,0.03319745489298109,0.7968751296702019,0.8478926109935365,0.9813432835820896,success,
PAT_981_1848_486.png,0.6272881735534486,0.36359872788268605,0.6444541377739358,0.012062942425309201,0.04742612172912251,0.07049207298390547,0.011326220322580328,0.041435091124287025,0.06488250825553002,0.01275243804049582,0.01023530648261689,0.024242784843081844,0.8680790419095112,0.7988062665110734,0.9852216748768473,success,
PAT_1402_1377_959.png,0.6310042511126143,0.27236702691248144,0.7994723042851385,0.01044350969908508,0.04406484215996729,0.037001886148681176,0.010063278072115175,0.042816219425720066,0.033251201067106585,0.007307777854238869,0.05468791707665588,0.037068282495054006,0.7874871275307929,0.6224455637115176,0.7925925925925926,success,
PAT_233_354_935.png,0.6077785043537252,0.42385281821832765,0.8245194459629923,0.009436008858977713,0.07168775600489186,0.04925640168162765,0.008837392812411388,0.0700825579917291,0.04281428957468313,0.012707232225608638,0.055528860664051105,0.060027319122256784,0.8292492010858619,0.8027052091708965,0.9477611940298507,success,
PAT_1042_187_746.png,0.6332397978651975,0.17969798096984108,0.6259123988853719,0.026763985339895782,0.04326732248508947,0.04438724915679689,0.023850718558433754,0.03997757748765937,0.03324269813864126,0.021968534207188938,0.014203131638051952,0.0028224877749750688,0.5088223322010805,0.594468708019699,0.7566137566137566,success,
PAT_1813_3562_195.png,0.6041448930156144,0.5378756264881213,0.4784357961476591,0.006890360994543283,0.05702288494305199,0.03667308484768666,0.005955149247165291,0.04913388956559401,0.03527745032828764,0.009237947609841592,0.006802186712487002,0.056259426512354715,0.8347332747008072,0.7718418138989132,0.9811715481171548,success,
PAT_689_1306_772.png,0.6297850102249493,0.6362417109937715,0.5862517779553027,0.014470957069393482,0.11821233490393454,0.10175267915551438,0.012933204329812778,0.10969705327330954,0.0959446295538098,0.008722569309680258,0.0678416264858791,0.032104543536865204,0.8683148417089515,0.831423955540635,1.0,success,
PAT_1769_3342_63.png,0.6228088841992409,0.5496878544488809,0.6626545523366895,0.006716399181117543,0.07709366874406136,0.09353902966267003,0.005087307977600964,0.06993176013772584,0.0914609796401266,0.004395581210095637,0.010132064781820493,0.006635227046733028,0.872864150041337,0.7440132846248292,1.0,success,
PAT_853_1642_497.png,0.6700548524559293,0.43172576902150783,0.6616236276175353,0.01816948963225288,0.12592340726794837,0.07119175952443775,0.016784864061882978,0.11492346791954669,0.0607896370624225,0.0019198492472785884,0.14186935008149515,0.07037554321370632,0.8024489692024872,0.6418598016242877,1.0,success,
PAT_108_161_423.png,0.5905464607218911,0.3206787503162897,0.5257034982533646,0.08002263080838849,0.15385804830421682,0.12321718155577449,0.07021918738010587,0.13297859604662296,0.1023448283297279,0.004565442325244678,0.0886653705062756,0.03637550210624457,0.8420596793508281,0.7733292134066089,0.9629629629629629,success,
PAT_1476_1657_788.png,0.638782797108403,0.43067963241250506,0.9252008028627846,0.031114697072297037,0.09948881320395163,0.07192983042973021,0.028598247681653574,0.0916389763298363,0.060776580429944105,0.004725591405986683,0.029429199418918806,0.01661576761696959,0.8193634724927517,0.8132820390253611,1.0,success,
PAT_1109_436_141.png,0.6550225222141512,0.5295239677895992,0.357676593182879,0.008052693671767015,0.08989927402682861,0.09672233129226362,0.007438916183088736,0.0636290655364527,0.09496868739427704,0.02299995050974641,0.11506868027551481,0.2545506582100137,0.8225008467294832,0.8447721395477453,0.9973262032085561,success,
PAT_211_319_777.png,0.6435375617908419,0.4821999306334246,0.6956719971175831,0.01135197114171977,0.05519066369495743,0.045150358899408154,0.010741655254669958,0.05059833076081339,0.040682882762703355,0.014659483421754278,0.05034137051989063,0.010426472550374877,0.8306573868828042,0.8133366908653014,1.0,success,
PAT_1393_1356_371.png,0.6544893580169043,0.18544348057170296,0.6033768073055048,0.02697707496738425,0.09445257123898623,0.09035503044253235,0.02201875147179426,0.08810498225926011,0.08582755395748473,0.009228900503045168,0.09245140976218792,0.07664859888622999,0.6963992017767222,0.5398490704304674,0.9977477477477478,success,
PAT_319_679_533.png,0.6459486226059441,0.5782510763874059,0.6387780130203726,0.011624379808609815,0.1321122962410478,0.07255091223758497,0.008554396075991138,0.11701256556476297,0.061741353605151574,0.005354283403643084,0.0637063463615043,0.0720201695720506,0.7543570756761275,0.7513972067012453,0.8834586466165414,success,
PAT_766_1444_52.png,0.6340032834321236,0.3131264051353914,0.7334660514346489,0.017228737225830206,0.07853632567996856,0.04195720975989062,0.0160045698774622,0.0702397228467232,0.03825528226702342,0.005884250381445355,0.02689744788393117,0.013135222012262138,0.589798694177972,0.6677410282408716,0.9930795847750865,success,
PAT_408_811_808.png,0.6992302546527203,0.2086830950981275,0.7298809971454144,0.04590496847784749,0.08242410016643541,0.1423981580662688,0.029186945170872513,0.07075613912834992,0.13330226079311597,0.04994487421411888,0.026637779976793313,0.01664142183930939,0.870746257235685,0.8227082841729266,1.0,success,
PAT_1639_2879_744.png,0.6467792160521888,0.25923285315301303,0.3661491989226448,0.12331141340978946,0.1403945425326742,0.12435667440418745,0.06453007743895604,0.13033142070733583,0.12331935317238182,0.03336187721535408,0.02803269147900528,0.18154438987509963,0.8601758211475288,0.8600776767152897,1.0,success,
PAT_645_1222_140.png,0.7639476788907937,0.18715508371612438,0.6690448958586604,0.03726507914424687,0.049865546831259065,0.04944890696372295,0.03443594339269194,0.046526115042254325,0.03642846961492933,0.003640701413350674,0.03452723213769657,0.018941932096405822,0.8625060684711496,0.8458010946348202,1.0,success,
PAT_179_278_331.png,0.7074619456423763,0.21941119950262114,0.5420114406560126,0.049780171360592734,0.0685805054215443,0.05634773124795006,0.042495927302506745,0.06506387084117665,0.048637490267171395,0.06901765815171636,0.020921533365896194,0.023434449342448427,0.7766128339647436,0.7850686043083325,0.9936842105263158,success,
PAT_726_1371_543.png,0.6637651779636646,0.47823977701964215,0.839442675511482,0.006791312234569133,0.049657577967746204,0.06332524540254486,0.00560205387793094,0.04328390960892993,0.056567558351275374,0.009116961952175887,0.010236597957900884,0.0032688722866940356,0.8956541123290652,0.8518636108220077,1.0,success,
PAT_82_125_525.png,0.6562849514668281,0.4693066945653763,0.4655664675508758,0.012674340185849904,0.0796734614501217,0.11581506696845541,0.009001981162950215,0.06483285937716778,0.10355863713377952,0.01302871953471391,0.05075278096855185,0.1511693752047179,0.916930527579596,0.8013122656976305,1.0,success,
PAT_109_868_723.png,0.6281703800771956,0.5316713586360502,0.31343818604672813,0.012529426787213166,0.1377590661609686,0.12292303296976721,0.009538789600594339,0.078365827878901,0.11671283172440096,0.01231900249004975,0.1265433966506112,0.21640872316295257,0.8414389682597696,0.8076033159432615,0.99,success,
PAT_286_1459_926.png,0.6355081386287789,0.37170513775130304,0.7358389178456193,0.0045318942568356715,0.044249502136025624,0.03526149262510387,0.0036203790182579155,0.04245618846982284,0.03063755347137899,0.000469600494057766,0.10432177061134362,0.031670660698442044,0.9291610937907173,0.8880632295759239,1.0,success,
PAT_851_4519_488.png,0.6366931352813613,0.40222674576753126,0.8498303396576222,0.013545118972142016,0.08476725187992298,0.06867428646538414,0.010101402975979577,0.06025931492937031,0.03630631303490688,0.010319972881423212,0.03884128517487989,0.018285807894219852,0.7810318092648316,0.7981191451847918,0.9356136820925554,success,
PAT_1243_836_47.png,0.6262769416545851,0.5228699551569507,0.5134012573639322,0.011275198966063596,0.05797954118592112,0.07212725269052817,0.009929438711728607,0.04366591076293688,0.06724428414949361,0.012527326658584472,0.043483312935999996,0.048112736372878495,0.8170584099354603,0.8427593215808495,0.9895104895104895,success,
PAT_1329_1168_620.png,0.5978111333149789,0.4139131875274632,0.6612199343831469,0.00720188051878593,0.05285589815571923,0.0861317675553073,0.007057749343797052,0.033509987128882195,0.0704872353119021,0.017769800245654544,0.016979080712612005,0.13063702452676784,0.8993757231906236,0.8645521063950773,1.0,success,
PAT_115_176_455.png,0.6530149767180345,0.5441378624689313,0.7816368958851146,0.025016980772579057,0.12954630316998147,0.11956262009070755,0.02240048497985969,0.11880031872405092,0.11324553212056847,0.004498864106587537,0.08517535402857751,0.07545726240675443,0.6171527240803092,0.7036387391543656,1.0,success,
PAT_1439_1521_868.png,0.648484043571505,0.1724941058332646,0.6434385609712296,0.21404207256891017,0.13983932551767203,0.09224826104371353,0.17737046549746338,0.15725059825749813,0.08409359432836751,0.008964684206367066,0.18191574524984586,0.0992281464188075,0.4031628065323952,0.5362325611977408,0.8898514851485149,success,
PAT_2043_4308_681.png,0.7445813171505657,0.13938357312449884,0.6087827750685703,0.17647169059239118,0.07732163216248494,0.06305361183099492,0.12396264076446062,0.061169989771127004,0.04570267053056527,0.07052914282915831,0.017284680398117924,0.0056123683384501355,0.37939637124912773,0.42104441610824805,0.7519685039370079,success,
PAT_827_1599_248.png,0.6634620938128807,0.39436851227743225,0.6094540122807521,0.023767005850718788,0.08531495083944521,0.061034009470057174,0.02239586642755653,0.0857094783535106,0.052620581142201646,0.024009397223811627,0.016405429123080517,0.03338480338686878,0.9255303957735966,0.854667995466529,1.0,success,
PAT_1181_659_231.png,0.6793478063884033,0.15689101462753188,0.7200798955392145,0.043161643785901656,0.04927626531343084,0.11682170942754401,0.034205812256019076,0.036973595634842475,0.1036562967178237,0.05508369335971829,0.01767096782452604,0.0184137195165599,0.6665323319964669,0.6106905041433559,1.0,success,
PAT_1326_1156_139.png,0.8010077695113695,0.21468700272406074,0.45562275804407043,0.08124902197773426,0.05766959725404396,0.06455590797542221,0.08045619698854914,0.05353110194845414,0.06254334690482356,0.15355581282219732,0.10404047774173522,0.13297612521784358,0.8574407925660773,0.8627922248175811,1.0,success,
PAT_1074_322_174.png,0.6099674193525826,0.24881519819809858,0.6198222060021602,0.018717174873651966,0.06454838956325443,0.07044794403794884,0.01455847763612433,0.056615998492712434,0.05936667694134602,0.010139387285629119,0.019953438797183393,0.00642288572246863,0.6793503238262311,0.6024889992127125,0.9749303621169917,success,
PAT_503_949_409.png,0.613684936819816,0.3013806442014431,0.8704224809763227,0.015167253529005335,0.056700107423378304,0.03528518967465304,0.013851075871071305,0.05168927300877905,0.029250311207541888,0.013010640347490781,0.015599832201348529,0.0008202586281005342,0.8314007381969726,0.7978522926926223,0.9885057471264368,success,
PAT_691_1310_780.png,0.6847425144324417,0.24633603151226435,0.5842596445037354,0.0982313071090042,0.0876386617286358,0.07481397389152032,0.06467826144577381,0.06996002957247603,0.06011964131073981,0.040048939597976445,0.013502683990911396,0.039907093103029534,0.744998193039137,0.7057086391668007,0.935374149659864,success,
PAT_514_967_908.png,0.6298737935426773,0.4241551453952884,0.7388576269303645,0.009555015595040376,0.07016323158955269,0.07811293687674783,0.00889079669748617,0.05000102041980052,0.03812665032021911,0.015462662740943184,0.015507080065787437,0.011529998926116725,0.8973801058389128,0.7906125166375816,1.0,success,
PAT_217_333_61.png,0.6865019370465454,0.4269477985000056,0.7491496583627623,0.015525733541523127,0.07237948024834785,0.03957057578003126,0.014927953047266105,0.07063300857736117,0.03765262954781747,0.0015708311414629843,0.005601396256056768,0.01526005428531163,0.9360443467105775,0.89072059156458,1.0,success,
PAT_467_904_235.png,0.6540529346821222,0.3157964550191532,0.5459168675328364,0.024045750607259712,0.0888496172564315,0.02959425907672302,0.02167780301779233,0.08278880294774194,0.024880510542576756,0.019634165155370278,0.03920000497742415,0.0075262142118047715,0.601613335208982,0.6625553403660476,1.0,success,
PAT_101_1041_651.png,0.5892844543006346,0.3027131009970744,0.43983501960404453,0.052280387618608426,0.13157118182479932,0.0989816647397771,0.0465524897602492,0.12696636999802383,0.08455200866079342,0.003626904775784191,0.047491444457471055,0.01992010517313908,0.8896433883942987,0.8205193399208053,0.9124423963133641,success,
PAT_1347_1226_928.png,0.6370881991167614,0.4065395443127883,0.685604432326984,0.014244351893152436,0.042151469576594755,0.042334607184331366,0.013635772815974164,0.039141413989340776,0.032410122272189805,0.013212367864687024,0.0379613967213735,0.021530914648482447,0.7123395830127454,0.6396762768370304,1.0,success,
PAT_2050_4350_36.png,0.6459510153837091,0.29459613081124936,0.5733015343236271,0.014301169121482079,0.05111447535963901,0.03653354956413465,0.012800862603846368,0.04364942724937296,0.02731901181987286,0.02066492427457002,0.00029433304013520845,0.012670154479034856,0.6571255760523953,0.6200130256133727,0.9460916442048517,success,
PAT_73_111_435.png,0.6563240170813963,0.39009943834016636,0.625446042916873,0.036156619601858474,0.17445078092266195,0.08529554286890934,0.023820684745221803,0.17646045865262222,0.0872444223316717,0.013393823959681583,0.05375583717703286,0.028811145567514185,0.7778178937846956,0.8539710402994554,0.9972451790633609,success,
PAT_858_1633_926.png,0.6469004739812204,0.5209636591854561,0.7157983881449488,0.011017696442115619,0.07821547866075283,0.03790330261168904,0.009567884689928363,0.07114319894033354,0.030082910009886613,0.014426008092522204,0.08375782178695679,0.027204517196409594,0.7755072691399786,0.7868673705395995,1.0,success,
PAT_652_1231_516.png,0.6995466225299525,0.169153080092736,0.6673879987610172,0.03323945953024692,0.07177066871848872,0.04862273350099838,0.03449744618096542,0.06797848849920503,0.04443297805384931,0.012054289438101131,0.06601235018617213,0.028379497498166262,0.5792237622427665,0.6341822395355621,1.0,success,
PAT_115_175_283.png,0.657060027949229,0.7463155671019127,0.8047770633872432,0.022457264379461977,0.15553718270943148,0.11928140052676278,0.013574654639558849,0.10171301558848345,0.09747326734703053,0.02499724502060027,0.20466197930606866,0.14929054017499277,0.893662012656123,0.7698005297851209,0.8622448979591837,success,
PAT_1330_1172_722.png,0.6913297007160302,0.395060679465394,0.6214523301637803,0.016653656058694517,0.1299533399204557,0.02774174508025785,0.016884559708618394,0.13249932848777982,0.025291347921065264,0.0343318219877435,0.2336882509611097,0.003109897923520899,0.8429459830265791,0.8325158720986118,1.0,success,
PAT_2061_4395_587.png,0.6438233384579167,0.3125808910136493,0.533355128047308,0.04410647181422181,0.10031863890792588,0.07397106227715483,0.04761770371267018,0.08777779396786449,0.06943670665587336,0.006113669889794693,0.006862777643260043,0.022533558315225632,0.6525833670685792,0.775431365397906,0.9629629629629629,success,
PAT_1374_1286_939.png,0.6014443841973924,0.362694204950907,0.6907003640392854,0.010829666034880047,0.0723228697047806,0.06672534716924833,0.009177625274719152,0.06238034727879213,0.061375552621912716,0.010854367103401725,0.06730864731201436,0.11050379284494971,0.3981684601749056,0.3917604411370669,0.9554655870445344,success,
PAT_930_1760_560.png,0.6454013823888596,0.4556181163818257,0.440352013276538,0.010697736494701404,0.10562829966212398,0.10346766628847429,0.009912335215999627,0.10351228658608161,0.10666642211958273,0.004472815765349954,0.12144978582536436,0.07924466281511516,0.9212703666991856,0.8655292020279247,1.0,success,
PAT_2071_4433_848.png,0.6059898131679311,0.3215140186860126,0.6769685706495117,0.006716981644465322,0.03679408702847267,0.03189469570567293,0.005873495952187795,0.03725993891202513,0.0244843736253089,0.00013741068054808162,0.033112526702357814,0.028138873788117413,0.7477420378178383,0.5041667465902168,0.8751814223512336,success,
PAT_673_3928_888.png,0.6602035792708315,0.40234245980008687,0.7229935833525066,0.0216522754728017,0.08312564215855557,0.052008879535567716,0.020146466986508262,0.07548299188121223,0.03535117995449985,0.00023488749709801797,0.00634087279680845,0.004495807245258554,0.6033606012575635,0.5877341794387114,0.9375,success,
PAT_597_1139_181.png,0.6107283767980145,0.38267832226228327,0.6560681089381026,0.015108773488341101,0.054258124034281145,0.03137648829619488,0.013683600717129821,0.049743697352197594,0.025206992086447597,0.01784983410902375,0.05617395192510233,0.013381017587129618,0.5800724116609235,0.5160912938571341,0.9668674698795181,success,
PAT_235_360_50.png,0.6560367590639804,0.5030122849771667,0.6619565916513611,0.014570401764617297,0.09542470615789361,0.11579308060541305,0.01310053332061585,0.09758109698001619,0.11931093761337869,0.003465110219044634,0.009531450589282453,0.043773905960591275,0.39135514018691586,0.2978379186658607,0.8744186046511628,success,
PAT_1070_304_845.png,0.6454907615185198,0.39715378284133845,0.6528321952606335,0.019933055969278256,0.05747594971418983,0.0695773383108818,0.01670135881693749,0.04493666989260949,0.07130954382269164,0.011971645786903986,0.03402992028518215,0.0533219204872184,0.27004142773389445,0.07475975522170186,0.6096385542168675,success,
PAT_490_933_352.png,0.5747445341765788,0.5683559599522335,0.6092974317687101,0.023294997994909736,0.12384124802173509,0.11018885934187847,0.02318639347524829,0.12579202577804363,0.10903896997981458,0.043175765130307374,0.11697519595975675,0.0014244049262766012,0.6934276462552038,0.6665706861150344,0.9133333333333333,success,
PAT_304_4186_458.png,0.6296348742382561,0.25666851115789197,0.49359171243104566,0.044401786393337576,0.0835561877907484,0.07828071346294876,0.01752949635747185,0.08651556305763285,0.08033184386594999,0.0023366441450677023,0.07159313668739106,0.0506678622228694,0.38430293200275284,0.27343810057339996,0.7613636363636364,success,
PAT_655_1245_807.png,0.6916630981080976,0.18290015554104913,0.7436051675088449,0.05077879176376099,0.061300558345627296,0.060063630269928545,0.030220390678924083,0.052602248132613785,0.04368241245532244,0.04324897659057041,0.011050264364495105,0.01939545363266648,0.7224415802945638,0.5955941347959784,0.9640287769784173,success,
PAT_1652_2915_65.png,0.592546615081485,0.4589533476489848,0.7416652724716921,0.006423495846635674,0.04986014281780287,0.08688726688951147,0.005717795315545891,0.05386654479498021,0.08219759205453736,0.005265182071396642,0.14899154099843642,0.13375185538018441,0.7641935384349057,0.7182508054805732,1.0,success,
PAT_1397_1361_183.png,0.6124504532623245,0.5349911637534367,0.5522537853892825,0.008641546260743356,0.0987835771532054,0.09688460179250345,0.0074405960813331545,0.08727066319137072,0.0876485251957466,0.0042341758789997954,0.08966096939348811,0.049723978083039966,0.735671620540061,0.4103765208447539,0.9767634854771784,success,
PAT_2143_4736_227.png,0.660325936695583,0.1865331506009879,0.7895537549150722,0.04674720769127962,0.08190340055963469,0.07677408588050029,0.02605391984997496,0.07692521471295408,0.05165434315319511,0.03645359577524571,0.07997351565009325,0.03589257657434919,0.7902096987479295,0.7215422239740501,1.0,success,
PAT_1526_1792_482.png,0.621332670511385,0.31923708031108394,0.8851440932244784,0.016059643069207163,0.047404318782494057,0.04759451702565725,0.01413434213680026,0.04379106544624626,0.02614585891030266,0.00503415381204759,0.04291799260886148,0.016589469612364405,0.7263562643611547,0.7344242106724765,0.9966887417218543,success,
PAT_38_1002_34.png,0.6498056754497858,0.18174759924662742,0.5952449573381184,0.05540125755933146,0.06951038911091936,0.042489078174393,0.03980277217701246,0.07009525014174041,0.035141336824138086,0.004321750502037957,0.07744951507386112,0.0020564232667397153,0.7332315078035543,0.41286486303445113,0.9550561797752809,success,
PAT_191_294_629.png,0.6962527517021715,0.4037604716472521,0.43401436543500993,0.1507202867132122,0.23478415307662623,0.1576027542246066,0.0774763846538052,0.21809988640100905,0.14435655864990962,0.005410891614088026,0.023551177103715015,0.10095256048378021,0.7175009609645664,0.3805985020560178,0.9862745098039216,success,
PAT_171_265_757.png,0.7163858897199896,0.33497372445524903,0.4730292790932983,0.06606218102405463,0.15675398118018496,0.06987869183882771,0.0426213852688181,0.1331610277379211,0.04987655520595371,0.05573776247780336,0.06521312066389945,0.017340488059412074,0.4339863805986491,0.1692083408963274,0.7749287749287749,success,
PAT_801_1518_78.png,0.6550008492107158,0.2824521721810454,0.5356194147045514,0.019391173230492886,0.07831655231127198,0.09949077788464591,0.016115454018274068,0.06788670131392827,0.1036115468970085,0.024084383963725663,0.01578832708743788,0.23948745063646593,0.7363370000770421,0.6707723326666303,0.9378378378378378,success,
PAT_333_1468_620.png,0.6419809603961082,0.3528484042061688,0.5337555518594495,0.014996857569349249,0.06320597000529403,0.07835657706890316,0.013411735001195888,0.052687011580797485,0.08131701005514,0.021513702142742612,0.020439589921947554,0.18858324015592165,0.8406732638079861,0.7847913388134881,0.9832635983263598,success,
PAT_1145_534_529.png,0.6297373913635008,0.35242281458295177,0.625781566518484,0.027554142619258946,0.03888962032245333,0.0906434200931319,0.02798340895498748,0.030716952998228998,0.089766423418394,0.022149641098375066,0.021384063118442653,0.09258086797525611,0.8607840424659781,0.8333720811547831,1.0,success,
PAT_1588_2629_296.png,0.6599340018317019,0.22731020613373554,0.27361488185017596,0.18714968784164548,0.13031180899240416,0.09796149553745799,0.14242251615364113,0.12341396149694034,0.09685941785633645,0.03956737476228724,0.17530980738891488,0.2319237703923302,0.7600624134403882,0.7156732371939002,1.0,success,
PAT_224_1340_551.png,0.688815121448295,0.4930136094472254,0.6785018246361957,0.010476893302278868,0.1672792202760776,0.1135351536744357,0.0085832107567782,0.16347833582004517,0.11755571807534551,0.006716805962419414,0.009288569810039948,0.009968297855801445,0.6190639795705865,0.3553725312752212,0.8418491484184915,success,
PAT_397_797_742.png,0.731658493873482,0.2792318590248964,0.5655676473359732,0.044818859489071994,0.0962972668605618,0.10994343818043387,0.036660342669381396,0.08092564585658371,0.10087948103393475,0.037004531749875724,0.0781134472155425,0.005209087065889628,0.7895616870459019,0.7672576489973592,0.9906347554630593,success,
PAT_289_442_43.png,0.42215304456640423,0.13915580668691685,0.36292156961719624,0.22021931173792048,0.08253641527911496,0.14738551967363447,0.2348918102397304,0.07885906035527393,0.14267356334321932,0.28419802667847116,0.01841061826478682,0.13352288727074696,0.6945561734149157,0.6702302529849178,0.990228013029316,success,
PAT_87_133_391.png,0.5918014253126566,0.3528405962817092,0.5050544191758777,0.010240809902483876,0.09259707036527,0.14011184861960105,0.009083327856796847,0.08102568416862509,0.13914952279428558,0.019914383126493206,0.1423587864498335,0.24867496463467298,0.1392357169882709,0.14008483792054244,0.4068627450980392,success,
PAT_46_879_225.png,0.6570086880217437,0.3922914851982058,0.5790504041971192,0.017768335058081508,0.056510617363875394,0.030570970349460456,0.016714264389127723,0.04815032692110025,0.023786553086277164,0.027022914498516175,0.0021100341976564296,0.0009890488614688886,0.6169710564402084,0.5651721649980497,0.9107648725212465,success,
PAT_654_1244_16.png,0.6242316896906542,0.42057984734170084,0.6196223790083517,0.014601509910559083,0.060617381567171814,0.0962006666566626,0.011898301821931842,0.049308761402143915,0.08965510822987334,0.01331172256248002,0.009822168016426602,0.09387214072448313,0.8430726515332779,0.7489662959639315,0.9213483146067416,success,
PAT_996_6_886.png,0.5692593413525808,0.1789526476300964,0.5584906021216196,0.040194687375861154,0.06931674812355845,0.049128913895471436,0.020117352073053294,0.04671051796603306,0.044269025930348434,0.00037943176993048645,0.011109288095550007,0.021396424249081725,0.819231908493022,0.7436528757686891,0.9331306990881459,success,
PAT_1350_1230_878.png,0.6619667889493573,0.4065023785081444,0.31879278522151244,0.059398594113766565,0.13120415517491016,0.09959332697001232,0.0455939717561413,0.1285858794691885,0.09446088753415442,0.04963668000353591,0.2161772288404342,0.15504420055318957,0.8998516086420467,0.8705570550921214,1.0,success,
PAT_63_98_187.png,0.6460099559845959,0.3148079437215962,0.5459966903194489,0.01875430503326992,0.08068848542366994,0.04558499086429049,0.015084406923854382,0.07577324255045911,0.04182591893843104,0.012145648465084709,0.10165511792558724,0.0312883964824755,0.7844351987957989,0.7447435433751606,0.9945429740791268,success,
PAT_1122_479_664.png,0.5379514042661124,0.14870414843361904,0.577602065515572,0.07445933623702833,0.0717480720918637,0.10175871676429635,0.050657233594176614,0.059484738638822074,0.07526521892595969,0.01189685720237708,0.013697501706792015,0.07052636709955262,0.9020240247134517,0.8451695926128603,1.0,success,
PAT_378_770_302.png,0.6444551336147151,0.577420711328007,0.7663156921738943,0.011944000840806707,0.10380382690848679,0.07408715771679718,0.010039383629034986,0.07867806795117402,0.04885481473155067,0.01852053636126993,0.01133373445166963,0.0037379206048633318,0.6290581544123348,0.7618070297356355,0.8839285714285714,success,
PAT_1648_2904_523.png,0.5946690158255342,0.44011556194505,0.5558128081483766,0.013030229005967058,0.0512250710224287,0.07971821915904036,0.013162207513270909,0.05111725542405628,0.07984889459368562,0.02174910487882266,0.09176345514488315,0.12537869695627468,0.8237200134606587,0.7939183351182227,1.0,success,
PAT_194_298_945.png,0.5890760026249166,0.4817045961624275,0.45672362653227283,0.012921976207258563,0.1288079929087358,0.19532581548609568,0.009052607490951336,0.08928810907235671,0.17682845487114254,0.007196228591454614,0.0003647266988449638,0.26626581959388274,0.7408565321304743,0.7759109098890402,0.9459459459459459,success,
PAT_1265_908_754.png,0.6560373731309491,0.23936545990623037,0.6349166269630284,0.01562755239189063,0.03277729762905062,0.028740559791409603,0.015352487592315781,0.030089697492177825,0.024626660021999463,0.023092554597867593,0.019149125965757102,0.019772196934119468,0.9268953656529327,0.8527564233505802,1.0,success,
PAT_108_162_526.png,0.5817520620917659,0.32195371126038463,0.7096376838889238,0.03781571759586896,0.13615647303950587,0.13390602987394526,0.03289136393226429,0.14199411080311586,0.1363337221822276,0.02013200758464393,0.11226842308076224,0.08724069439610127,0.8958965529237959,0.826562450789289,0.9833795013850416,success,
PAT_381_775_253.png,0.7666207302101404,0.19724720666153647,0.499386996323357,0.1844786841690116,0.10350526598845491,0.08764578883868632,0.09585679753839306,0.09315220646389817,0.07390021472860114,0.1517836184607516,0.10588659353362612,0.10432883522351893,0.8887392887140492,0.8760490258151273,1.0,success,
PAT_2016_4160_868.png,0.6366729599649976,0.4627275795846187,0.6553952929789475,0.016907673507654843,0.105054925016238,0.06738119368557874,0.014752257327085015,0.09141126959563582,0.06464342438352447,0.005254074344646713,0.06557902643116359,0.07821072065157597,0.8436905669004395,0.8190631495660181,1.0,success,
PAT_723_1396_338.png,0.6431534989725011,0.3247876914876715,0.6516010152581151,0.01359001567315843,0.06799160800222147,0.05907670673068134,0.012786460454812057,0.06265525488465004,0.058108140646079894,0.008301456294583115,0.009693484021116916,0.018771302859041827,0.6985433253482496,0.6535280067640314,1.0,success,
PAT_753_1427_658.png,0.6296842381330193,0.5956187918538793,0.5646284150183339,0.011302875459167538,0.061100535568792275,0.0762654378223789,0.010124766522680937,0.04996307191350541,0.06610219888930224,0.006958813052705813,0.05098322506345032,0.03847042961291813,0.7297229602260649,0.7075156582995188,0.927710843373494,success,
PAT_1719_3203_18.png,0.6444010929350253,0.239100599759273,0.5606187345344283,0.02508087160698765,0.08593656844424966,0.059644433731981195,0.021988947287605316,0.07675452351038822,0.059258218101920036,0.009462522886887589,0.028396520326599617,0.06563227653341841,0.625904137462481,0.6821076561189033,0.9900332225913622,success,
PAT_279_429_142.png,0.6359397405215258,0.5337161579554338,0.7978612564878389,0.01530043752328536,0.1385967114415316,0.08601328108260467,0.01254024899758249,0.12250154575356059,0.0625968174084754,0.003486197911678188,0.012285528275839286,0.006905293066086449,0.8368715617803926,0.8689133153208036,1.0,success,
PAT_539_1023_878.png,0.5795836579557748,0.3005597169465251,0.7246381956524311,0.0430634180362477,0.05856368663885005,0.07562357821837591,0.04160941532534505,0.05064725568206635,0.062136937336838706,0.03916154365765941,0.12881495852265373,0.15806796100119358,0.8078246706165064,0.69339912524432,0.98,success,
PAT_1903_3791_14.png,0.6473908547899977,0.3865916359661552,0.4166565456189358,0.029475600621408495,0.08124186618495269,0.1173657984449449,0.02720789629218889,0.07286047847676645,0.12060930098534545,0.03130052748831152,0.05266050253717386,0.24808577407316862,0.9122952013924643,0.8352999510472091,1.0,success,
PAT_1215_752_707.png,0.6032772484281023,0.5840988715899389,0.593600042477015,0.010677975530991632,0.12688907124191398,0.1606963819139905,0.0104591840497043,0.0766076872866264,0.1443956092974921,0.020659081470506872,0.11770570875466968,0.17800787824997932,0.8334775393660132,0.7794620111325183,1.0,success,
PAT_270_416_398.png,0.6554080534275342,0.37858094757727395,0.8139245418033572,0.012456480940045745,0.09830648482499017,0.03118455875458505,0.012053590016840525,0.09446817849066651,0.020430248247321176,0.005310296636064433,0.07077243033632763,0.0035094783303419863,0.8160387207365969,0.796054451473171,0.9666666666666667,success,
PAT_179_277_436.png,0.6783594994281449,0.34220300877564097,0.6313910618814186,0.014717322496470583,0.06562833657715364,0.04168881933117839,0.014419352601116781,0.06272953605744037,0.03131289344856599,0.022649858978109685,0.07109680054988848,0.0016301250921850752,0.7575375006739014,0.8427724785189019,0.9939759036144579,success,
PAT_35_48_43.png,0.6169327238575092,0.4118906097626093,0.8148607328842387,0.013209873731920846,0.09515948495610406,0.10809040318319862,0.011707516440868595,0.08863750650766805,0.10226065588289811,0.015769841944008156,0.11132841847388009,0.10299048699302527,0.7550571376646481,0.8056323349299496,0.9554455445544554,success,
PAT_527_1359_165.png,0.6103666330780843,0.3011838811911637,0.5862673910691201,0.021207487185702718,0.0793003309185696,0.10422709323654368,0.01981575440717719,0.07693108210511734,0.09486924089402296,0.02367413654686838,0.08421446819889977,0.0791528895949698,0.8902297523918336,0.7581480750521206,1.0,success,
PAT_301_649_533.png,0.6507249669368503,0.3855144114674691,0.569034251456272,0.023813813191668518,0.1202235877122391,0.10177045843246584,0.018158856494237065,0.10238019544648895,0.09168189701903358,0.006228190668547503,0.11962721670680604,0.09340233316901847,0.7506124064793116,0.6387550235650797,0.9976019184652278,success,
PAT_247_1293_449.png,0.6744245287318944,0.22362338456348954,0.6358096782954533,0.0328021523717536,0.054813330192908585,0.05768672470416062,0.03569112353719507,0.05004337470679948,0.056284320023723126,0.03216179149655637,0.00872875017836408,0.05282399773186097,0.7449996938526534,0.7896273473562583,0.9410288582183187,success,
PAT_995_1867_165.png,0.05307335961612235,0.15525025958490538,0.286417530944604,0.2746031592592877,0.07053953167708372,0.08453976916599652,0.30198006955103707,0.05443960046888668,0.10073669648349483,0.46579241613416156,0.02686516355589147,0.25263461703975,0.7557667542561111,0.7139786802194917,0.9667519181585678,success,
PAT_416_826_123.png,0.6678898118973602,0.5171205395375236,0.7096804500766158,0.010720308694746869,0.10328745412756862,0.07837137751337934,0.008648764505962943,0.08983828689303197,0.06288268262701578,0.013256035511184905,0.020433931114431647,0.016119261910250926,0.6634084337206356,0.5817847527628096,0.9980806142034548,success,
PAT_872_1707_638.png,0.6271539725130805,0.41036031442050913,0.6324456733184508,0.017690186085826735,0.08988027496754591,0.1968539950518917,0.016425879347794593,0.08361363035473685,0.19363102147498515,0.002819315056384871,0.07276143293795173,0.022012088338490776,0.7194383372872316,0.6912150958092613,0.9615384615384616,success,
PAT_858_1631_427.png,0.6891760958138909,0.22809626439934977,0.6724298889020573,0.1142432824474259,0.11050451597329501,0.13140038037429358,0.048821455507644475,0.09093775160290424,0.11392951440443619,0.023588961322432468,0.011556497794745935,0.049574530568044506,0.6678266598731097,0.4725773757368899,0.7818877551020408,success,
PAT_38_1003_68.png,0.6486911773380505,0.18424912668738042,0.5907722014499622,0.030143456367858975,0.06235822484981013,0.04177994559933759,0.02290357400694295,0.0589736926106482,0.03200456804540959,0.01043086875642503,0.09227862565342172,0.01188170890706497,0.686189334226895,0.4998991462957507,0.9318181818181818,success,
PAT_20_30_44.png,0.643510878784101,0.47713572986440556,0.5481876252790956,0.01388428868393282,0.08358848326178811,0.1213210186177318,0.013016958509706375,0.08152770051368534,0.12205990993990583,0.017598413960131787,0.02883229265445486,0.012310429996167493,0.8115286435540414,0.8423839195292864,1.0,success,
PAT_112_168_360.png,0.533827568234699,0.2523446230131389,0.41452214076385396,0.15341049957914638,0.1445465778599342,0.10274646884383982,0.16581627401094726,0.12305190368722013,0.10813844318187638,0.1312650526853298,0.0994459925545956,0.1458398304368972,0.834145899180579,0.6261505185910288,1.0,success,
PAT_746_1407_708.png,0.66298060387268,0.28472381779016787,0.28102116135156513,0.24467271304661622,0.16051907170042448,0.12233403527680116,0.19771556500986,0.10340698326050987,0.13320013126393182,0.07214924066825906,0.060211893572801656,0.2886899238810639,0.7266910103663697,0.5394182071445119,1.0,success,
PAT_65_101_847.png,0.6166853703232125,0.4062942430437206,0.6383213983378918,0.01342230775303682,0.05756043162913067,0.016049076220064493,0.013608192645275932,0.05457440594003847,0.010921374618240654,0.02159052489749169,0.06828532713070962,0.009023635211941605,0.6993963915555509,0.6341609674435078,0.9974226804123711,success,
PAT_517_972_845.png,0.6205610586245853,0.3635972504098697,0.46652544823402986,0.01984053351004684,0.12142137759084334,0.05793926742451537,0.01763917244455369,0.11169315221019414,0.045958895574755784,0.024730813215203064,0.10859717493703236,0.00029954293734613113,0.9340638270411639,0.8584186089504738,1.0,success,
PAT_44_63_151.png,0.6286395264425929,0.41980948780154803,0.5824786690251891,0.025108939919067354,0.1052572946381463,0.16132934191934692,0.031122503037873988,0.08871629926062682,0.1627730998386963,0.047094401361734366,0.07468038877698668,0.13126050867624817,0.8432686284227825,0.7334863125889249,0.9792746113989638,success,
PAT_712_1335_359.png,0.7084193774947287,0.2380180797737886,0.588435704459011,0.1027667821635724,0.12625779561996808,0.08900565984302043,0.07389739467942823,0.11470620579353445,0.06575441105936229,0.07242591554544894,0.0038463487205995794,0.011766898995377861,0.5108696638563948,0.6001550405441513,0.7944572748267898,success,
PAT_708_1333_222.png,0.7882639986934142,0.12807759207977287,0.658343671827731,0.2898365672023133,0.07160954603954621,0.08672201927603987,0.27828313851780956,0.057140122131243455,0.07250547194958264,0.08065047139010126,0.013063794067601553,0.03267439087167878,0.7076383412990663,0.6262747936845007,0.9488448844884488,success,
PAT_860_1641_440.png,0.6643442651843613,0.3214656127470029,0.5282051516495305,0.033004010184309575,0.14814728106505537,0.06452435101536633,0.03028435046493442,0.13411433215903143,0.05972156049660679,0.015502676115763276,0.03567312519457366,0.02325539445552416,0.7912969930433572,0.7545428836727772,1.0,success,
PAT_882_1678_192.png,0.6394193434290038,0.6377737495448376,0.795856775574608,0.018485590612751148,0.11216948519561604,0.06269933745898906,0.02633615810059215,0.09647908593927701,0.06459877130957473,0.009693002194633414,0.10775557944929803,0.000587896086818529,0.807724735069195,0.70871551668243,0.9858156028368794,success,
PAT_532_3216_633.png,0.6066136670187489,0.2491330090621711,0.5746338063561118,0.027251332160646097,0.11384615175710633,0.09043928509974487,0.012487779439555662,0.08061767056291279,0.06283244652086846,0.03224437009363123,0.09291174280052283,0.06682381605366328,0.9011484953842126,0.8814529861049579,0.9968976215098242,success,
PAT_394_794_235.png,0.6431130745999342,0.5440236400494368,0.7447874834714553,0.01481268184047669,0.08465838329470259,0.05939397192513989,0.015394611763935744,0.07668851999732754,0.04452802448222116,0.008409933633165818,0.017782144857829918,0.016748129367210374,0.7388340547403782,0.6666114851308226,1.0,success,
PAT_590_1121_504.png,0.854888568208666,0.1154030775305717,0.7695244265106923,0.22643833828171883,0.039040181976474485,0.09555858826264114,0.18188066732266744,0.031968355217297136,0.0838163659832825,0.2021806250058667,0.019781726875605532,0.0025245894656956702,0.8409391146024277,0.8112148596590696,0.984375,success,
PAT_1904_3794_215.png,0.6518554857401186,0.40454569199280055,0.42818460888650883,0.02396774066812315,0.10901236327689483,0.05310129512797812,0.01172140219717647,0.12219519161979508,0.053571820731124264,0.02025417461830143,0.242625094608118,0.073257827384482,0.8423249731607205,0.8432783802083725,0.9906832298136646,success,
PAT_279_1393_118.png,0.634321510820671,0.4513855683026532,0.8013455159883092,0.014543329084946224,0.12729514204976203,0.11064963755528327,0.01135075608491293,0.10534403215358927,0.08547265675641896,0.00970036823539715,0.0031871966080733727,0.003190895099042912,0.8706884127358767,0.8275652806074504,0.964509394572025,success,
PAT_864_1645_639.png,0.6464009528169398,0.6816861834814636,0.6328668280278451,0.009669458877055713,0.1104525831574161,0.12632276171168563,0.008293762377606859,0.09198688066403332,0.1172179975658962,0.009639547364147284,0.05428280560682086,0.062091406255634474,0.7756995304974934,0.7653753619718197,0.9570957095709571,success,
PAT_1699_3126_673.png,0.5083156975023202,0.11837169168876453,0.3268586024399591,0.22790574691309062,0.07741412546642049,0.09737085823558954,0.19718449134283952,0.06872789366811313,0.105782611703691,0.04927969672998734,0.0788436472443892,0.23158666376330328,0.9174595582073386,0.877908307359024,1.0,success,
PAT_1364_1246_447.png,0.5891165335385388,0.5199445666535792,0.6112008347272346,0.009578371791009859,0.09068951175500603,0.04793379931894329,0.009542602381150752,0.09145904441276617,0.043861216557167966,0.01260529004188492,0.1585371937307909,0.05048569674860137,0.8089015419748753,0.7944319044721888,1.0,success,
PAT_512_962_998.png,0.6194140125805055,0.43992211203187975,0.6702732027919622,0.0146449746875976,0.10336633642734015,0.06150007170317072,0.012152911839220399,0.09537663364446035,0.051879086702450956,1.367981832029525e-06,0.013072932108338042,0.004025724326054858,0.7061129416429315,0.6356987333032753,1.0,success,
PAT_924_1757_784.png,0.6742546800846492,0.16597666298185224,0.531026594343718,0.0435138666953866,0.07777306609027274,0.052934285695981666,0.03769252646640679,0.06927753116725822,0.04317288247456741,0.04013214823330221,0.009756193696730808,0.01548904137650009,0.6869949668170237,0.6855345935330791,0.9947916666666666,success,
PAT_809_1528_118.png,0.7324426031869711,0.16654719433612655,0.7054747089244725,0.03823398985595355,0.054069053925753216,0.050236007425421635,0.033201250791651545,0.05212285455080263,0.04768266567688251,0.043615123819846086,0.04829161624282026,0.0021017735434235574,0.9144560558051098,0.8624241873937928,1.0,success,
PAT_326_690_797.png,0.6174682490882001,0.46831115882541285,0.8242326386980704,0.008759657000803852,0.10449790248211034,0.0487335626997534,0.0072734096115054875,0.09609512844607096,0.03853400356271484,0.007963052415451461,0.013521996555777238,0.00270385307888521,0.769504016756488,0.8615606773392769,1.0,success,
PAT_40_1026_312.png,0.6287574965160004,0.5483207361156753,0.866406324168401,0.011759865263077209,0.07343292949875468,0.05281800463141178,0.007999651407060118,0.057802805638784746,0.03940321133885206,0.012186161582050738,0.021039718000183893,0.005234848156765781,0.801009143823463,0.7258560497484522,0.9606299212598425,success,
PAT_452_882_896.png,0.624633956620014,0.4461108633963159,0.7426979262691946,0.016809943701021585,0.08848312146827916,0.10290515080791139,0.018062766578315813,0.07086036187827775,0.09290047015978815,0.03155340049922365,0.06204012750939164,0.10706116200643478,0.7502478897469544,0.6939721226547697,0.8761061946902655,success,
PAT_948_1801_721.png,0.6454922053092393,0.15549644831137172,0.2787814187840195,0.2285519934594846,0.07878263490139309,0.10616803957830377,0.20215899796338924,0.06737101508861044,0.10392760211960542,0.009405030114634864,0.03476162640022401,0.13777592951177742,0.7715513011426971,0.8050820437001291,0.9733333333333334,success,
PAT_57_90_910.png,0.648725723879264,0.20437676201336755,0.5947793721688999,0.016819709804156886,0.08772287743020507,0.06403826053367315,0.01514579743977363,0.0853207174583221,0.05482189869924256,0.011567615010163164,0.015656904417919393,0.011066934847663634,0.7641301917590932,0.6630461395870447,0.8926174496644296,success,
PAT_155_240_211.png,0.6188109926254501,0.7109787058636163,0.6298255311043035,0.013886040739620268,0.12078094706222647,0.1730955949019428,0.010691413270622604,0.09518067339111597,0.1591305113147752,0.000757696964456045,0.09604999058811048,0.1366601065322861,0.7489385745172498,0.5779196951327221,0.8831168831168831,success,
PAT_53_82_940.png,0.7706933553226492,0.21847342329500458,0.44901841996895686,0.09835683026998893,0.07176095890939828,0.08118130074160777,0.1295930636184115,0.06976893106810354,0.08217137561403454,0.03945563995840441,0.14207552079773028,0.1361173466059874,0.8642543751476555,0.8556303614009106,1.0,success,
PAT_713_1336_159.png,0.6505486429843886,0.2989141887668542,0.7344100050949927,0.012126875600865115,0.06494703891459003,0.08447295672514354,0.009122514008424409,0.053653307400385424,0.0801725685132989,0.004945919462241161,0.03639575619815538,0.07517656818288243,0.8715392064852632,0.7969864383729564,1.0,success,
PAT_153_1200_541.png,0.6259272188549516,0.35183168868579656,0.685124542525406,0.012349187195829356,0.10116597488120864,0.11007546312931164,0.011314898675315153,0.1015445550869169,0.11125371415424466,0.007516257520624552,0.018185916695131588,0.008798995621438599,0.6758668587027634,0.6929401749835566,0.9956331877729258,success,
PAT_230_351_720.png,0.6146801089179698,0.19684934953254357,0.8627553634851358,0.024859407011746458,0.047772929295305626,0.04361235542869751,0.02390556172223175,0.04309151157878493,0.035268370803728834,0.04292641178031092,0.032710113074324365,0.02793084942069779,0.9092383514827069,0.8093928200151945,1.0,success,
PAT_328_1738_890.png,0.6503047574803463,0.27271089047782465,0.4574552269561225,0.0669357331390631,0.1094874071415395,0.12728205880608043,0.03626805821160143,0.0929914041666898,0.1172742281535676,0.0029931668528528615,0.020785836490319065,0.003121987701590778,0.8310984250413104,0.8089523507396563,0.9644670050761421,success,
PAT_366_752_782.png,0.6619483707758363,0.3357574285435567,0.6699515169251781,0.029409836912147696,0.14222101800206252,0.06650258304067999,0.022105056545646165,0.126880632362261,0.04355773754521769,0.006138707963086334,0.07067167707872268,0.0047282078954935525,0.8683770661912367,0.8381387226308492,1.0,success,
PAT_433_852_20.png,0.6524504010193528,0.6081164225019787,0.23267476068873855,0.0152888544225793,0.17561971407595467,0.09486405761813779,0.011830472350489916,0.16958623781756163,0.09502305990960516,0.009600670039988539,0.2905307447526181,0.21926044817741663,0.8591074393232667,0.761958701418436,1.0,success,
PAT_431_850_472.png,0.6602330875562019,0.803828036572389,0.5703910046562697,0.012950149582820468,0.19261023024178078,0.13669510353143927,0.012001538020306431,0.17231923131133994,0.12260988215345686,0.014161941368666458,0.2849503008765798,0.2052055734616952,0.7053259279892418,0.7000060389584809,1.0,success,
PAT_849_1612_143.png,0.7711349791749659,0.2628768817970679,0.5837705039097183,0.1995357827860764,0.1397416785876189,0.1108740021904253,0.21141323322350064,0.11727700726160985,0.09308478112531306,0.06102229042041327,0.06699044775325172,0.07041100313018378,0.5091536648121465,0.5879987773956155,0.9255813953488372,success,
PAT_227_347_19.png,0.6207817870152452,0.5213147639189168,0.5976345313840363,0.02722828103870658,0.20307130468320034,0.11285271085538122,0.02505417837249009,0.17988797817714758,0.09412864996809131,0.035605814194551756,0.10020763254177584,0.08101094319923963,0.9218719672218445,0.8628270694731619,1.0,success,
PAT_430_847_315.png,0.6721206937133148,0.7621778911776081,0.38874386888089063,0.02006868011039037,0.16394873196055468,0.11144040048866176,0.01019762112409103,0.1366819558705709,0.1001300009760348,0.0112917667159866,0.15434759904619777,0.06256550116095116,0.7963545641345153,0.6912336619228483,0.8926380368098159,success,
PAT_903_1719_943.png,0.6277961514249393,0.4001147644101193,0.729095798081289,0.014508355908792374,0.0803524658132728,0.09185976445888445,0.010648519735551084,0.06570874806955146,0.06718667731709609,0.015840966312794632,0.06450873160398374,0.052362578573594165,0.8668773030981493,0.7875573470643064,0.9703389830508474,success,
PAT_749_1414_770.png,0.7383569014369588,0.07429675860814844,0.8467390053102838,0.050687244130147795,0.027451607496938916,0.03435465170253726,0.038669180567307164,0.024957968462024523,0.025574782478484822,0.013262026167216353,0.005789797540913938,0.007717959779832473,0.8842439289755325,0.8319765248246395,1.0,success,
PAT_761_1435_561.png,0.6853268894288268,0.21118613630161986,0.7450950269860339,0.12800650275992076,0.12443446076436489,0.11376710538482943,0.10313961038181926,0.10932073152481593,0.09299977136230785,0.0011192421010749046,0.07010812969573066,0.03913804401550447,0.7966853089549013,0.690414405105686,0.9278074866310161,success,
PAT_49_75_326.png,0.6619428581408155,0.27048872185965733,0.6485186668368252,0.023070713424262444,0.06669168177847293,0.04463080637443097,0.0147164609587605,0.05482158421834828,0.029226857639472012,0.019263322480650498,0.010552440077314207,0.020847997351791103,0.6186304835447127,0.49507622694739756,0.8958837772397095,success,
PAT_247_378_484.png,0.6265391313903863,0.558973670069855,0.46238370684114594,0.011023465913618278,0.12099406792204902,0.10015651323762301,0.008202464445982854,0.10474256977230441,0.08713819876203106,0.0005002592187846884,0.013646933727219368,0.0160749611206355,0.7793526606817598,0.7759223021461334,1.0,success,
PAT_456_887_499.png,0.6998950124628701,0.2229883132319583,0.6136075226765061,0.015411383669779467,0.06560649763631658,0.029519743167721338,0.014177996809420614,0.06438567362381406,0.02015124212531327,0.004284582238400406,0.12328311776615601,0.014427331759010453,0.6828577970555609,0.666258349631183,0.8847457627118644,success,
PAT_637_1434_570.png,0.8001223072434025,0.08801155326909167,0.60493252792418,0.29882129242936417,0.04359636511908602,0.09200785773009927,0.28826928275237357,0.03950830469431229,0.08404394026519232,0.14170730121168856,0.013594621115555816,0.05917437537237913,0.8893551849063928,0.8469065554954406,1.0,success,
PAT_571_1097_652.png,0.7555483758958779,0.20158251701355928,0.6545665786635069,0.056544688940851025,0.08121755656479449,0.03355929847998007,0.057469273761927585,0.07527454775620335,0.031908446087200656,0.03547662432750324,0.08066478538775916,0.0053009169044238025,0.6231807417186969,0.6373498615214763,0.9142857142857143,success,
PAT_388_2452_548.png,0.6494082996995886,0.4218242060011455,0.582938954593315,0.011757844501292943,0.05933981288002346,0.027792429846819827,0.011157958291096974,0.059131622928662274,0.02237799127944876,0.014433593179887714,0.01006972403956874,0.021470629838501676,0.95813907759392,0.9001383554980846,1.0,success,
PAT_704_1323_974.png,0.6086831508547981,0.16522916807863913,0.524501873585553,0.05480362211759173,0.05708946911171105,0.06705406687279429,0.025078390639631003,0.04789121743951441,0.05319584733407778,0.003991690226957445,0.008549796916377306,0.007349397441385741,0.7382555709639165,0.5027010604867547,0.9827814569536424,success,
PAT_753_1428_451.png,0.6304894579364066,0.3823599190565906,0.9285883748517201,0.011230117949130982,0.028325483686081943,0.03824105462128266,,,,0.013390400302802953,0.04409405236248548,0.056139056141185084,0.7650794325036105,0.8649524918569326,1.0,success,
PAT_715_4072_827.png,0.6624806015746197,0.14069285258232964,0.7570916651655772,0.03710384204346468,0.05838070137162609,0.0767574520113147,0.025374915484245298,0.05471808778999007,0.07156128541490502,0.00369476496836951,0.0522838372741595,0.044496146339073395,0.6418867091810128,0.5475719793073794,0.8796116504854369,success,
PAT_639_3674_452.png,0.6565490483553019,0.37369912944430883,0.8828352453014401,0.015558215925481934,0.07342465289179204,0.06767029424778223,0.013640779423953931,0.057840664116094204,0.0434155860276171,0.019995681956369537,0.006187151957531334,0.012968193824649754,0.8401433414765033,0.7515557192581951,1.0,success,
PAT_349_724_133.png,0.6749756600575629,0.47810263350532434,0.663554956968381,0.01619387632302175,0.1014692314329012,0.043219682115306746,0.014887358953546898,0.10209158972743465,0.03804842137824442,0.025793850657951287,0.12923061157827392,0.003118934183688582,0.7164105823770457,0.5574595867259875,0.9941291585127201,success,
PAT_1420_1461_93.png,0.5998414147235889,0.16202386435001048,0.6918053171446514,0.03834573317988272,0.08480832588217058,0.08340920150591173,0.009846766182958381,0.07889299214201351,0.07352934196542345,0.02169298705472566,0.01779604868983231,0.014855182876252537,0.8242393167169051,0.7628959041250427,0.9904761904761905,success,
PAT_237_362_909.png,0.622673396702024,0.4620246189674173,0.7267793649803506,0.014391978561487412,0.0907239356663785,0.06404345800194024,0.013671062456169045,0.08197949830000975,0.0553244978848032,0.015047010054827897,0.01414463970473323,0.02776128594862992,0.8300511247443763,0.7730542469339673,0.9726027397260274,success,
PAT_646_1225_590.png,0.6506609909553054,0.399898021955189,0.7499333405320241,0.022801772247679476,0.15005613305091692,0.08206530980941817,0.014779589790181406,0.12789082904336174,0.062043934392026746,0.01858667211095203,0.0033260043373462,0.023306501370438326,0.6741294574301271,0.7402046817464578,0.9876237623762376,success,
PAT_630_1196_710.png,0.7605346588625391,0.2728697259086137,0.5274958878209827,0.03478905800683376,0.10422283193635887,0.07654613378713464,0.03181626181514664,0.09292136543315072,0.07047046897026182,0.03372094696568316,0.024339039080110647,0.041032844445950345,0.6923080005232103,0.6413562564337433,0.9456521739130435,success,
PAT_1600_2685_445.png,0.6420040207263255,0.34043726833547405,0.6741917378209047,0.02721469589826373,0.07737085799387194,0.10953573306472729,0.032685362877750625,0.06885371431991835,0.11434719579077887,0.06928139451997327,0.041952102923593804,0.17763529378145254,0.8701326419439438,0.7951413061482118,0.9150326797385621,success,
PAT_1460_1598_708.png,0.6522463450279231,0.24567521525557076,0.6089504567789339,0.01742743300967608,0.0749405185587077,0.05719033493961799,0.013168176025604463,0.06899076837014073,0.051546808026286806,0.0044332580483906585,0.013501034311748844,0.024277389299177887,0.6600509670364576,0.6992775905885036,0.9662921348314607,success,
PAT_2131_4683_112.png,0.6071465207419521,0.17753210973717773,0.6186157646739827,0.04045771289720041,0.061859243081112736,0.05571601946565692,0.011071718564429454,0.05337738364297741,0.04420497597708702,0.0013172330842785918,0.01141804671192792,0.030725748045429713,0.7577035451721359,0.5730980851424853,1.0,success,
PAT_492_1782_752.png,0.5664801755989365,0.37908923135300154,0.7614742246407433,0.039067849772003754,0.13291590775652157,0.05342156487399873,0.03504975690224559,0.12062225873438598,0.04785807199204377,0.014432843651757645,0.0918481904964602,0.03312968493990209,0.604828300764106,0.5348556147658808,1.0,success,
PAT_757_4220_942.png,0.6113922853604052,0.42726517996835495,0.9042942016996315,0.00741413011323168,0.03697838669798289,0.0383373991064268,0.00654389361747469,0.025795934941434978,0.025739563847831076,0.009341258831142894,0.015713209150907403,0.03219002507203228,0.3395193312434692,0.21786037996736304,0.714975845410628,success,
PAT_412_817_232.png,0.6292243037233893,0.4327740818221777,0.767648942604178,0.008507276531303721,0.06996028012549828,0.043887984453732376,0.007099055555833534,0.06467605772087907,0.028850755539218762,0.006227234381490061,0.043084189089688585,0.008027646764094842,0.8525624282080401,0.7612668992766507,1.0,success,
PAT_1070_308_751.png,0.624325089957856,0.4226218153364311,0.6688423684472307,0.00902206111332075,0.06312008451863425,0.06984853126384467,0.007445243573675754,0.059814429589553325,0.06870147724034872,0.009334109543151925,0.05763094942484909,0.06345368040709365,0.7119907610040903,0.7746152312374874,0.9675324675324676,success,
PAT_365_750_854.png,0.6138009473581241,0.46908972944160227,0.6305749337992381,0.014108072444566822,0.06048634159157036,0.057104179940756186,0.011557135152844946,0.04896507950004335,0.04794273333588301,0.0061747553760942726,0.008286325165318909,0.02327838097725865,0.7834506291203754,0.6037683305971282,0.9968847352024922,success,
PAT_2011_4140_787.png,0.6431512916717326,0.4234066672921162,0.8628350064108578,0.01418879705464271,0.0711848013712793,0.06369259420781774,0.012624216515099216,0.06022013496738837,0.04427047614768976,0.010481172119800104,0.02666809027975786,0.00028641398913964444,0.9055197357922619,0.8902528421769587,0.9878048780487805,success,
PAT_330_696_894.png,0.6322945812528039,0.6948138345071672,0.6504373355238139,0.01451249860500488,0.1662995223565466,0.05827512233007542,0.013758729372115268,0.15869204434183254,0.05041699641570455,0.02068064517515206,0.23864087241213333,0.03692546915241168,0.8528862597765625,0.7556621670808231,0.9896907216494846,success,
PAT_582_1363_358.png,0.6526785689452174,0.35738805573924,0.8653721339196219,0.016007256931037366,0.06920191215904763,0.0651978826872444,0.013928248599107825,0.06118179028665433,0.060577828484765006,0.026628661078713062,0.032190143639510505,0.08835227239605026,0.8083035399788658,0.8237653930459379,0.9558823529411765,success,
PAT_1280_972_727.png,0.6167114051242314,0.2688040807077216,0.7365811336814837,0.011907157681722421,0.06539775162460866,0.10082214836219337,0.01038783981510307,0.05350612014560337,0.07677268117287248,0.008218636567254202,0.026245007497389672,0.011759733528923344,0.6154353397789971,0.4627829480393711,0.7769485903814262,success,
PAT_393_793_852.png,0.6371775837285473,0.489728418156063,0.5982825345831385,0.012205123229700937,0.060198726089637486,0.044641318869120844,0.011087088655418166,0.05646598663233627,0.042174327539639914,0.016432244427536505,0.030056917817587236,0.01835859794497874,0.8422771530471089,0.8824963709843733,1.0,success,
PAT_61_299_74.png,0.6010298956710962,0.18518138466318348,0.4863517554136061,0.024663538747256495,0.07044540102010836,0.08841758257500013,0.01516282474979664,0.0641639864289182,0.08552911575912843,0.006970725419188837,0.024691290549822276,0.13490182369224846,0.740917610050987,0.8492975206000812,0.9864864864864865,success,
PAT_432_851_560.png,0.6553950459987501,0.7353750486610526,0.4501531542606593,0.012109536969229949,0.14859431357132918,0.15538158048556605,0.008461978194941799,0.14121240773664978,0.14840670179343193,0.00039899273805177576,0.2211428024906733,0.1863203059006317,0.8691801701750548,0.7882129235331495,1.0,success,
PAT_2106_4590_227.png,0.746478652834328,0.16483569167784423,0.7912000279467171,0.06459690969445728,0.04698594010491846,0.060151115190567164,0.06374404089227244,0.04308166417475416,0.045409071268573145,0.049577746344583,0.017411575951531755,0.021472640285744915,0.7802460941453433,0.7523876832539437,0.8938992042440318,success,
PAT_85_129_225.png,0.5987955282306175,0.4501053593642895,0.6803303798860935,0.029816159358233014,0.11514288679864866,0.1320391109709459,0.028289949778765436,0.10832056940410509,0.12439136080860524,0.012662731182962498,0.01002129999510637,0.05210781278227827,0.7679966433950971,0.8188877679244869,0.9841269841269841,success,
PAT_1790_3427_355.png,0.6409586688091392,0.25552187738328214,0.8838426703982588,0.05082711051876938,0.10403893155232338,0.06317555520595665,0.02288519467795531,0.09183886812947127,0.04614908088189206,0.01338971306968083,0.05622356905707526,0.008153171554907357,0.5975655571845246,0.6565946609570497,0.8593530239099859,success,
PAT_180_279_377.png,0.7086292484106319,0.24336953149461385,0.5158071611594693,0.1678478335534922,0.1288975328228897,0.12649599713512996,0.16513070831894616,0.12059598690496912,0.11441215205683873,0.13812620995927846,0.06681430890493525,0.0037595006095583194,0.9461568445330786,0.8864536314469302,1.0,success,
PAT_219_336_376.png,0.608214568597713,0.31233323889704045,0.7379583569942263,0.08033791887183245,0.14016251075820865,0.19354482041602056,0.04086679249848238,0.09594927125043287,0.15378761715122458,0.032588991550284795,0.002723905711287611,0.14498205139324138,0.9140572586934157,0.8710594477582125,0.9802867383512545,success,
PAT_1286_999_824.png,0.16609150563206704,0.14920859794508884,0.4122758724023866,0.18133649524332057,0.06054450034242229,0.08555921525987352,0.19261585697420638,0.04445810391299764,0.08019314316106975,0.4073666705857359,0.09250949214631704,0.1795241300318583,0.8482370959500929,0.8521205504928953,1.0,success,
PAT_529_994_419.png,0.6509561137666964,0.4801861500947983,0.7256055262066199,0.007648615417190172,0.11873268828751056,0.0860135419864626,0.006672147312215439,0.10360287140360835,0.06503334825717125,0.005647000718439838,0.004165203409803919,0.01564930938640796,0.9053857451454366,0.8451476712554568,0.96,success,
PAT_188_289_908.png,0.7971079396162405,0.15466423814148655,0.5930525158963689,0.10829157354414899,0.057921389790502334,0.07399945833349372,0.08148733788148914,0.0520524066506027,0.06314194664047292,0.053002110573503264,0.06752438585455847,0.022113678278520177,0.8383802505827478,0.7607711517507952,1.0,success,
PAT_356_736_188.png,0.6474011824905126,0.5100892457732783,0.8061817424235214,0.011361660633404934,0.0779497967209154,0.06433378869001702,0.010561521486473631,0.07547650567473271,0.06355361875210454,0.018892985215246624,0.017820026247853615,0.016310054571085586,0.8403508414024012,0.8084218925647498,1.0,success,
PAT_1432_1497_328.png,0.6272386844945145,0.5222669235826518,0.7211025409294068,0.013122725772209087,0.08719306939542612,0.06319818793517758,0.01324591576444019,0.07339376400134558,0.03856481218965667,0.019557666249555676,0.010762151958746635,0.019540380391488088,0.8716468467364837,0.816315630001349,1.0,success,
PAT_951_1836_991.png,0.6183206371599408,0.25594667111537445,0.7113438777521268,0.05377501027292303,0.08239092347371431,0.08806376086377339,0.04587295908477362,0.07773094584849963,0.07813731657427923,0.005918373729036198,0.09914761748974732,0.02215043347049961,0.9227467554933695,0.8678305819118828,0.9879518072289156,success,
PAT_911_1728_101.png,0.6489160472854215,0.5161891075482153,0.7424767011636013,0.014016200141354709,0.10966111034970367,0.08790094125205848,0.01095461525355155,0.09430666440038128,0.07892187699585504,0.010656459832815794,0.024391489496727314,0.028035668791493107,0.9011715050734338,0.8420731937322196,1.0,success,
PAT_697_1317_892.png,0.6480110786703673,0.49345781721067145,0.6314422231699539,0.015219013905195684,0.10378857388776999,0.07188613308668113,0.016080599035557815,0.08812847507586168,0.05472797890684962,0.03281560345604291,0.019732891747515968,0.03304247828396756,0.8320970629125108,0.7444626922726322,0.9692622950819673,success,
PAT_1832_3597_594.png,0.1707882236918931,0.3180084335483715,0.4558724264045178,0.1278179606455486,0.19088064245746106,0.11578995995677617,0.13935359351656015,0.18837245801057656,0.10678377884000545,0.3141273964200827,0.2016678525811722,0.1016157129009298,0.8685870237098783,0.8411285327309699,0.9815573770491803,success,
PAT_856_1626_523.png,0.6295442341057803,0.6065449818670046,0.6808646738461883,0.007746582017931888,0.07598955320947684,0.0730226706401865,0.006718389450608548,0.06492751234106302,0.06559355207254403,0.009139877069721239,0.06334956233186728,0.07346109354072017,0.7530445304407307,0.7276711407186054,0.9747899159663865,success,
PAT_835_1577_938.png,0.6446717155177412,0.49243717057810454,0.5235869920126621,0.011463765948406842,0.061693489526309736,0.07623093269967601,0.010915852818819093,0.05555781807709618,0.07326703330731489,0.007425743979628092,0.0605391754249871,0.04847926707524275,0.5670487454053132,0.43486453665726055,0.6476868327402135,success,
PAT_1978_4004_82.png,0.6226769526516581,0.3123780016650033,0.3073966621971101,0.01929289478969763,0.08081354047687761,0.09850142380921834,0.015050975482640453,0.06581459183109473,0.10180824523130101,0.020688223587648952,0.025139872417719367,0.16715642614639503,0.799225621941541,0.737220998711544,0.979253112033195,success,
PAT_627_1188_755.png,0.6193744297893655,0.3965322690644602,0.4678613120196131,0.014265030301124169,0.0590121989501415,0.07617969951100018,0.013147123271706147,0.05548397308356682,0.0777020907578854,0.031085564324085307,0.22803865050078873,0.188944972527622,0.8827678718931878,0.8397461544461958,0.9923076923076923,success,
PAT_531_3079_652.png,0.6772459837680275,0.2690238962341329,0.5832185364051408,0.04663392701291639,0.04069912343798031,0.07630007044487917,0.04666465789107542,0.03468886288945831,0.07274760537103248,0.0020389989468250114,0.01841637317402911,0.038661718553980706,0.8613214411159617,0.8087872949820168,1.0,success,
PAT_1720_3208_130.png,0.6491582391624868,0.25139056070008303,0.6660500136226523,0.03042958049306438,0.059109838652798265,0.034021171834532446,0.015582282422774506,0.04405194258674502,0.019722823469936986,0.01150038391511264,0.0035513282941159185,0.009762229683994983,0.8546339562477246,0.6846295997582282,0.8115449915110357,success,
PAT_115_177_575.png,0.6224864608325748,0.4772598744676567,0.9625099684689659,0.07706117668696982,0.17228489071840272,0.05429778884789968,0.03301827341379615,0.14648867538085436,0.047080905923098174,0.0004039099015539844,0.024249876809677384,0.00029800001566770984,0.8736225659466247,0.8369950391215373,0.986737400530504,success,
PAT_570_1085_429.png,0.6682173469932264,0.39809540169773605,0.5349458132333985,0.015072575780038714,0.061679033599986846,0.052097202086556056,0.014093275612898757,0.05724205705051214,0.04828774680101289,0.013637022778354277,0.0030327122763068592,0.02387616350002708,0.8854569176825371,0.8628875851822089,1.0,success,
PAT_337_706_254.png,0.8456459736325712,0.10088880141772456,0.5065586404992427,0.32027460482575815,0.05270474596198482,0.0846079533559365,0.3167161694880416,0.04419549705414552,0.06211113433289566,0.2648549908771888,0.031156822149510918,0.0423953238713794,0.751082289355356,0.7534060531389374,1.0,success,
PAT_923_1753_496.png,0.6512933301509687,0.5571582278481013,0.5719411764705883,0.011686648723729027,0.09720159828624934,0.12043093864179653,0.009587346727459974,0.08506665357764455,0.11534110941443611,0.0052193997265784255,0.026506621155554244,0.11421228910952497,0.8094991723914116,0.765312884489232,0.9957264957264957,success,
PAT_207_1280_15.png,0.6548439775539237,0.3118590889054713,0.6332286843117793,0.013545990276170079,0.10699595774391182,0.06420611977321825,0.012711216520418744,0.09857391642309436,0.057950996751616767,0.02220737776346079,0.01466306898658809,0.050360410192050176,0.8252443243893758,0.8553555576690891,0.9804469273743017,success,
PAT_242_368_261.png,0.6308166046818322,0.6810331295439523,0.7403030219578468,0.007762167225563801,0.028321883544794577,0.048133377321061876,0.006498529980109706,0.0238497468840951,0.04329091919790273,0.002372281511005762,0.010540289361872124,0.034996902348205516,0.8934510281506041,0.8754133556106346,1.0,success,
PAT_806_1519_527.png,0.6362075955686051,0.502509400200492,0.7221249414091234,0.010807596436382317,0.09587454729388095,0.042795331444041566,0.009139170630085586,0.09137455291608473,0.03201296901009108,0.0006292680995049377,0.01602318617760773,0.00792337611840166,0.8128794078394992,0.8567262828969426,1.0,success,
PAT_703_1329_112.png,0.6802058181457883,0.3246125233208276,0.5624221158623566,0.03236341417358822,0.11129964588261447,0.05863249789524446,0.030609218316996093,0.10464034259967227,0.05405068489273899,0.0021148677561501,0.05568409416135339,0.0005765097995150681,0.7803739206341496,0.8037803355031606,1.0,success,
PAT_468_905_765.png,0.6472829521066773,0.2945642677155872,0.5779887794535357,0.09168561615455986,0.14317023141210072,0.10109388561231776,0.0831191129612298,0.13383170342238193,0.08771783005878028,0.041674026942855845,0.14556790144626205,0.09496428597596418,0.9029388750776606,0.8324006452386957,1.0,success,
PAT_1449_1554_932.png,0.6193231814347665,0.6356472411374242,0.5391372198040987,0.01474249566497852,0.06841220290155017,0.05228390752625707,0.012816490971620808,0.06236637711300402,0.04610965569144935,0.0061888472000931295,0.010691308249623832,0.007731151009279347,0.6361532989327818,0.7794027733481963,0.94375,success,
PAT_305_655_30.png,0.7203137265856782,0.17835879271402302,0.7861259638274745,0.07782399343559834,0.09968342614987721,0.07103858729914435,0.06222963440613699,0.09442349256258264,0.06779995822746011,0.021576280737743522,0.08002378508668366,0.046501840614985634,0.8577088258902139,0.8133635376770685,0.9915966386554622,success,
PAT_493_1862_360.png,0.6744133805721322,0.4229189993642758,0.7641548823324339,0.03264314060961995,0.2613960307163139,0.19353268788726724,0.01591798865479017,0.21879489097135524,0.1674680004796845,0.0004563325745099039,0.16195401088808203,0.11764908556305265,0.9050095519217553,0.8484553211013639,0.9855072463768116,success,
PAT_401_4594_970.png,0.655000470657067,0.3056603334612937,0.7103924726090114,0.012893426714298495,0.05084411418212456,0.040461511924966734,0.012634526284078207,0.04833603761500687,0.031976442480617165,0.015586495439039538,0.03517453707228563,0.01612369340479458,0.8025495990839517,0.8453287422395632,1.0,success,
PAT_36_49_935.png,0.6546460623048133,0.5180106673697951,0.6778418514413319,0.005707552461101018,0.07613253872137138,0.08459930796017279,0.004503858521053826,0.06931512706941563,0.07901011786975862,0.006429869908819322,0.05882982826016536,0.022035884495635316,0.8563957374241464,0.8339002851754506,1.0,success,
PAT_204_310_975.png,0.6831466741843444,0.3049026757032419,0.6278786210643713,0.015789199982580486,0.12073075318226593,0.08746280179123127,0.014778455537541531,0.11827793950229615,0.08456959913310665,0.0323424027591747,0.11177609381076486,0.08535692717254917,0.8703288666430264,0.831282984096566,1.0,success,
PAT_788_1503_168.png,0.6769938571652132,0.1399203536102281,0.5296681887895467,0.11692455445119254,0.06691732809664887,0.07668671150995796,0.09502238288859338,0.057824013577426746,0.07323289317201184,0.002242813732010518,0.00924591086856183,0.08776799759042386,0.5058255479668312,0.4469175971267984,1.0,success,
PAT_217_963_806.png,0.7286422768908778,0.14147140211256143,0.6579679494162789,0.05234111595399528,0.060048001828641104,0.060719293154732484,0.046175377457061816,0.05205205015370386,0.048528206508884564,0.007912753080830252,0.013039697973168063,0.03498258702115942,0.9056476546126118,0.8040514506842609,1.0,success,
PAT_514_969_187.png,0.7962429157252071,0.08947910342542371,0.6454976188552368,0.26266398864616275,0.04580226467053081,0.07066221343522668,0.2813465181469821,0.03817165166455807,0.06078032672783511,0.16929993880222835,0.017632232853499033,0.002891425399747849,0.6872852250092555,0.7399429029848019,0.9641873278236914,success,
PAT_86_1109_306.png,0.6454480064869748,0.1787469949199257,0.8060229708358337,0.03670851294274808,0.06211775793047954,0.05778113064202933,0.030357408320266472,0.060788773818887476,0.05254401247524481,0.035140014299334,0.038662848433930364,0.019453398355227414,0.7287154814484955,0.7203140296341113,0.9684684684684685,success,
PAT_1585_2619_396.png,0.6231825035328729,0.41849638642743725,0.5321752771457453,0.006238183073753316,0.06013898609290763,0.060355021048371045,0.004764048132081915,0.04724444979156966,0.03515215838094354,0.004127380472269553,0.00920822301873725,0.024821107291144284,0.9018367809058621,0.8362413970489566,1.0,success,
PAT_812_1625_430.png,0.6330179335442379,0.19696905537986964,0.6182094744171691,0.06367139246514977,0.0645600967616827,0.03688230232562974,0.06234443271686806,0.05741850789435459,0.0356360162858407,0.03851371729169289,0.037584648934255394,0.012321128248339863,0.8826741702751427,0.8347469850193979,0.9699074074074074,success,
PAT_86_1082_41.png,0.673181057566706,0.3519224171763916,0.48978120614869297,0.04539950198108526,0.14704604937370677,0.13844071974846797,0.019741351655715795,0.11859515731034831,0.129260669805144,0.03140951677817804,0.013893390020804197,0.030113158701072062,0.8832552738294224,0.8446569041973077,1.0,success,
PAT_886_4635_304.png,0.6810695639625796,0.23938496274618373,0.6881096404650324,0.022075080789817705,0.06673262774094056,0.046938370895855924,0.020797678682579028,0.055691471102349906,0.045406612710330266,0.03041223499816665,0.021189804413735053,0.03090761138929199,0.8263933017353337,0.5765199121480767,1.0,success,
PAT_791_1487_906.png,0.6742367497514362,0.33784621114981417,0.33717074316974066,0.03439876623331703,0.06264022969742034,0.08138610229829783,0.030674767784699304,0.0494241809784236,0.08233474056959814,0.030376395387053633,0.052899276956242414,0.12357625198085642,0.9049010080596949,0.8708288928474717,1.0,success,
PAT_223_341_187.png,0.6177961574751809,0.5501308923215616,0.8131533780621002,0.010732344115880595,0.09648191405858655,0.08631025376410523,0.010006760811264252,0.09243921464409227,0.08188898331894018,0.0055032789912640425,0.1290208889981984,0.08119690442377547,0.8286761822602149,0.8151894787154444,0.9838709677419355,success,
PAT_267_1061_152.png,0.7253258033306028,0.2205720754300229,0.7167950523206053,0.07364945526827633,0.08974327493362808,0.0650902825928269,0.06435199128228497,0.089321786007284,0.06164124581246366,0.025830752780300434,0.10066830568998685,0.0224172324987002,0.6527220715597969,0.7327071521240143,0.9953051643192489,success,
PAT_1314_1108_442.png,0.6227237648944106,0.49668132948486876,0.6444900994466781,0.009362071639566788,0.05519624231867593,0.11893349867245226,0.008599636484660932,0.040921871413240975,0.11702589678282711,0.01666412168274576,0.043744162798153186,0.15338471510081775,0.757591029184002,0.6568977280090353,0.9651162790697675,success,
PAT_15_23_240.png,0.6591996989903735,0.25424078000167694,0.586903916450792,0.02780139703740528,0.07534709926866288,0.09245768019792094,0.027329733514954824,0.0700528625506406,0.08184265193317608,0.0571705569084249,0.1066224151560678,0.05297389105629402,0.8482555061471451,0.8016650334219998,0.982051282051282,success,
PAT_2006_4123_719.png,0.6281351322013433,0.6324739787676349,0.6851640455593048,0.010948889903277022,0.07211611702147858,0.09733063235525835,0.009880363007859699,0.06342729333654988,0.09947173724851488,0.017859080666689585,0.09161682466101229,0.16371519690073144,0.8631533241093177,0.8105947544183936,0.997920997920998,success,
PAT_196_300_749.png,0.7452888012335418,0.20975767401049558,0.46534794720754175,0.18607866521008556,0.08826849345475611,0.09213716709477121,0.14755403791201863,0.0799394972759943,0.07832478369680893,0.09882777677744153,0.006489930326012888,0.07328066479677259,0.8502603769446895,0.8149698733101255,0.9967532467532467,success,
PAT_499_945_878.png,0.6623434073055512,0.26518571528115803,0.6517588194434908,0.04630937619294465,0.11433242310807924,0.05306878298235739,0.036069536435696305,0.10420215901706917,0.049652223512452257,0.03965336262599869,0.03887199248972226,0.0021197111678772362,0.6584321324577751,0.7278075368265844,0.992721979621543,success,
PAT_1575_2516_23.png,0.692917287097877,0.3246868425899266,0.5622596359618063,0.011464272216066036,0.06740225373433056,0.021222318471223144,0.010267973966696636,0.06352543156162545,0.013576996048884231,0.004687161369812445,0.0845648742839882,0.011554417677701379,0.628270793313321,0.49559862621745715,0.9277566539923955,success,
PAT_230_1008_673.png,0.6464392302576899,0.4821968748882612,0.7432030887944264,0.00997193610263125,0.04833219614338913,0.07029373219911612,0.009031669768000253,0.04323732503103388,0.05963730091933971,0.01432301376413084,0.060239069168490256,0.070775283406743,0.8236275691094371,0.7896011315794752,0.9853658536585366,success,
PAT_470_908_103.png,0.6665004067498039,0.3556025955949483,0.8120139512676717,0.014592346242549504,0.10781789873329715,0.05611709152498613,0.011619951654698044,0.10108677522522976,0.051224780335274646,0.020132067602371014,0.00254925636149117,0.006807745682437472,0.6538713018193139,0.4970900813733114,0.7845934379457917,success,
PAT_1403_1392_407.png,0.674036246761731,0.41742269831069306,0.6326519094206022,0.01306763184258199,0.13628639757605443,0.13544981529270142,0.011376598615525632,0.12840948911111658,0.12430726694173383,0.008218138165704165,0.10935314624613135,0.06677238778349082,0.7284824757570388,0.7231906547419813,0.9761549925484352,success,
PAT_813_1619_543.png,0.6548723961047037,0.417500744593185,0.6129943197223034,0.016594919077429025,0.08819945176563695,0.13733669562133918,0.014202451524534932,0.07337552130347644,0.13068964857510112,0.013196424692918403,0.05101147775193432,0.16486355392021246,0.6947553267226148,0.7439469130978285,0.9384615384615385,success,
PAT_905_1721_327.png,0.6340196203097725,0.5546444281134507,0.5236037532883876,0.014756990754334126,0.13959133217234887,0.11865483762069386,0.012491427699155955,0.12111256812589727,0.1028561000862878,0.011194404739901466,0.11224627587009722,0.10279754407266206,0.916715681004151,0.8793530639519037,1.0,success,
PAT_294_638_564.png,0.6387881068141741,0.46639465897520876,0.5815118372611722,0.01624230240931365,0.08969126922338755,0.11622442187625528,0.013269202809718352,0.08319639438460671,0.11047995929676613,0.004422283805244199,0.01567856657881128,0.1609044839234013,0.897931820032769,0.8436782436044029,1.0,success,
PAT_621_1182_456.png,0.6681898859884258,0.25033092260953915,0.43588877759106087,0.029859293544748543,0.07509164553748497,0.08957489594097215,0.04075346713877244,0.0808044733008364,0.09570407314423604,0.0407064725872182,0.14723853106099305,0.1565907694895376,0.9152497487098069,0.857336595858424,1.0,success,
PAT_220_1343_489.png,0.631882993342023,0.578235770141206,0.6682585327222922,0.017469180229067845,0.09880124957184214,0.05794505772337437,0.01629341888269841,0.088767970903178,0.040050543052400966,0.019590728125827735,0.07072757322689538,0.012991283325411773,0.9367917211332409,0.6216447775178112,1.0,success,
PAT_537_1014_961.png,0.528463865114519,0.10144997001868739,0.5731529797284929,0.1305366585095282,0.058028562106115775,0.08334249351667958,0.10391145961559035,0.056256241017616865,0.07457673345019895,0.04090815691236642,0.06204579097444232,0.01929520428259912,0.5999665906553204,0.4537096396075342,0.8562874251497006,success,
PAT_311_666_191.png,0.734566969513867,0.24822127546649514,0.4583814323061643,0.04676128202818779,0.07157822360210393,0.04258312257626436,0.04241126285722903,0.06940616221602974,0.03990032139824588,0.023315557153186874,0.09610200300049834,0.004648002459586464,0.9436009053094858,0.8721960442055172,0.9789029535864979,success,
PAT_382_776_986.png,0.6483523165913625,0.44725975195732004,0.8535202891521745,0.009225975258577277,0.07908561870224202,0.04510009472502557,0.008095359420463277,0.07675136039572074,0.03614778114433753,0.02144592693681899,0.09294163196652755,0.01642202430825057,0.7193898852088056,0.729828687173608,0.8738738738738738,success,
PAT_735_1391_683.png,0.6377061323860728,0.27053522692595877,0.41496526519226995,0.025701505338393688,0.10922954260876007,0.06514193919872002,0.02057842091676798,0.10685316708815247,0.05342717358222795,0.007847414034793825,0.1328921953249929,0.03265270484049393,0.6771162176159378,0.6114702264964943,0.9922480620155039,success,
PAT_221_339_951.png,0.6190910287701671,0.41955219698342394,0.8443299836725076,0.010050078251012092,0.05817016779814003,0.03783774249968494,0.006852484857796332,0.0540293440733534,0.03637130043189453,0.001634927542594274,0.052016454123299416,0.03977154576244801,0.8743663616070381,0.7724071021168604,1.0,success,
PAT_1591_2648_855.png,0.5760735174413578,0.6782958549138673,0.897704318271609,0.0062132451541926596,0.14444339976258644,0.041779829436957086,0.004911528721973022,0.13465544927524706,0.029915514560069138,0.0022150208766005463,0.21465801865213668,0.03777734639719588,0.6448245899029144,0.701222788085982,0.907608695652174,success,
PAT_1065_278_954.png,0.7122203291611983,0.19505379702127343,0.6333913315041603,0.05776541366865822,0.056112783330459694,0.0495764059328743,0.05169645991326683,0.05117866806036952,0.043495219143010376,0.022137843713355525,0.04874574223112926,0.03476489228881918,0.79633840544361,0.8520738206838302,0.967391304347826,success,
PAT_924_1757_704.png,0.8226899111957903,0.09444046618995909,0.5745051512419667,0.30873090226553884,0.10014039131635558,0.09123055751304468,0.25741478148329583,0.08648614494525171,0.07832164504669384,0.10263178424031483,0.049674240838960215,0.03232083772393124,0.8422925376296146,0.6313142852569724,0.9649321266968326,success,
PAT_846_1607_895.png,0.7405118118144338,0.14075165048877605,0.7524891543775668,0.09828972781246835,0.04565155770779,0.06744749825507539,0.10021275439905264,0.039757777733565675,0.05774001354451888,0.07931601801979053,0.009431364379706458,0.011172326869832494,0.69184028192329,0.6688198416515359,0.8900966183574879,success,
PAT_168_262_74.png,0.6702443343558643,0.3367718163661921,0.657159598027595,0.04002124825160103,0.12616041577013082,0.07752994323076379,0.02973421425866862,0.11204101964227221,0.06227545848844206,0.003667474106593321,0.05385378396449564,0.042238219817337996,0.8702302888153239,0.7721223977788096,1.0,success,
PAT_776_1466_241.png,0.6617339013885091,0.37571003485702953,0.7039829921256343,0.061313929743985404,0.1802992663252874,0.08761247937150263,0.04190801491876097,0.16778668221559467,0.07973301583706496,0.035859610881325055,0.009238782592214556,0.044131924461026095,0.8426358703245798,0.8413382104259722,1.0,success,
PAT_356_735_568.png,0.6354544573944507,0.3517926337717147,0.885435944651409,0.04334139502685574,0.10180762643564131,0.04922026098676341,0.014611826317526626,0.08258179450006135,0.03814795386510985,0.010189134341371345,0.05497939981815153,0.020122798444735635,0.7251448486972203,0.5626192160988,0.9453681710213777,success,
PAT_109_868_113.png,0.6129061907905232,0.49410309164541955,0.38232626885398613,0.008362209790264323,0.06346810598415763,0.09379504399516032,0.007214274160575779,0.052864189617652935,0.09882024305310474,0.01535148515514106,0.04892952265920214,0.17840942258172476,0.8157503054122239,0.7616093761568496,0.994475138121547,success,
PAT_755_1430_681.png,0.6714972199891701,0.34991502457397455,0.8452666777059453,0.016487938277175793,0.10445988692428611,0.05257031199463203,0.014520829570435498,0.09279714087514983,0.04259404121083347,0.013717909498595936,0.005675276220522607,0.008520465257222498,0.8259353699169585,0.8094138840741256,1.0,success,
PAT_549_1043_36.png,0.7074149877276087,0.1830107156735579,0.7088599344295651,0.1727792129737773,0.08534980413540309,0.07497815290644565,0.12874001080439423,0.08377977541034852,0.06268963904266199,0.07976860975327019,0.09607132354212836,0.05742338540995717,0.6984135235511939,0.5735775776604006,0.933852140077821,success,
PAT_917_1735_936.png,0.6247645323571428,0.5949716951801471,0.34120860433137823,0.012878524953713843,0.11279198610731306,0.07380576629940865,0.010937160801483778,0.10822756897269316,0.073016362168113,0.011909460182070732,0.18312392374158287,0.11919863548762633,0.7244428639165481,0.5723509895087873,0.9841269841269841,success,
PAT_1074_322_242.png,0.6043066133701568,0.28865804573323045,0.565060442142656,0.021587019611242167,0.05656708015236114,0.09626169660931097,0.01757757809626231,0.0496195211021733,0.09352290959646795,0.020923281293962346,0.04746410631708023,0.08026689070936832,0.7241271633666595,0.612280100351126,1.0,success,
PAT_2034_4268_141.png,0.603361114988209,0.7183683728916955,0.6202589274619008,0.0056692690230297415,0.08942270109773394,0.05330858077220252,0.004544192668580143,0.07098974490241305,0.03958961528912447,0.006472698241290923,0.007997457154398036,0.03351540172445311,0.6026160455973846,0.6561029346619622,0.9297520661157025,success,
PAT_8_15_820.png,0.6890620412896206,0.395024517702666,0.49672957226719244,0.03189181266461539,0.15003429495679,0.13410346887730834,0.028349323025960417,0.1357057575614241,0.12056589244052061,0.021403123105132395,0.07481587234812381,0.0428762860860647,0.8369653980157779,0.792803990433595,1.0,success,
PAT_86_1109_164.png,0.7023306404658209,0.2193410387001256,0.5025353432289341,0.11390100933815671,0.11506009743006942,0.10854473074434379,0.07403221666528341,0.10457051204095114,0.10536584573371507,0.008828388773282509,0.03928957690606735,0.010204903612348715,0.6686949082642628,0.5076528887844999,0.9178674351585014,success,
PAT_540_1016_644.png,0.6211864192331172,0.41925865760998154,0.9075100644809627,0.01458751174337198,0.11809291154217089,0.07291783867636759,0.009728288115292477,0.10370329877482724,0.06402563361033221,0.006612539052912641,0.021631568599437045,0.027142672813212587,0.8363803433302182,0.8170134984822892,1.0,success,
PAT_166_3672_759.png,0.613050414877737,0.29590985741779013,0.5352442148878883,0.015305787410039318,0.07120627327593138,0.11283027575730445,0.011406789652520066,0.06488757891321427,0.10529788080173416,0.000980366563181592,0.09273108683172465,0.11915597750186724,0.7815466010113681,0.709129109181637,0.9855670103092784,success,
PAT_749_1415_164.png,0.6372248928807974,0.19156206853281652,0.710618267735609,0.016648713658135566,0.05205006691375228,0.039037074498088215,0.01473407626407765,0.05074611086342072,0.0357741873271576,0.018934332374100096,0.07678236893142157,0.03627521837527847,0.7208610280966126,0.564269540125988,1.0,success,
PAT_1402_1377_799.png,0.6662445944204715,0.24714882181955977,0.7207031881807636,0.03034930343049049,0.04046802261861012,0.04190402406558366,0.028341790367703006,0.03633667185162443,0.03443077415533398,0.025259039808007346,0.007666289469435816,0.03325585391115826,0.44623620651705553,0.25928258542452237,1.0,success,
PAT_1479_1669_376.png,0.7652790249865458,0.17682476509005715,0.4842742316981862,0.20028286621209973,0.10641222148779908,0.09408487871822611,0.1479109592269637,0.09549575646084635,0.0683218039787791,0.14423094889482882,0.08164929178754672,0.05241847241568032,0.8872472850170157,0.8639823657212823,1.0,success,
PAT_744_1405_742.png,0.6097388683454046,0.4909920243110684,0.7687357578477302,0.014792709306157831,0.10408607953868845,0.08548651741965017,0.01361579910015978,0.08778005003239599,0.05531534468065021,0.016452030829693834,0.09691934616216141,0.02724875580709496,0.9251709427867714,0.8704870761681425,1.0,success,
PAT_1942_3917_379.png,0.6388573289706734,0.541467951629661,0.45621302878487163,0.008368546133905152,0.10823080840563246,0.14117444151221922,0.006421589120016088,0.09366601034204033,0.1526707480918672,0.00030496491397013554,0.11715358990849717,0.3064091971486979,0.7961651466013006,0.8646808852637219,1.0,success,
PAT_677_1349_851.png,0.6753018666170536,0.36719658033983615,0.7692226468003078,0.022802277418928242,0.07495931751279598,0.07439472812817713,0.021147750650470216,0.06816974131400566,0.06516753774707293,0.004014536030490568,0.045822103836343275,0.066473733614962,0.7554207096362231,0.8251863828943435,0.9569093610698366,success,
PAT_71_108_56.png,0.6255755034563178,0.3495252567824144,0.7049246767763339,0.012236439816626483,0.05174795748519776,0.06120617927328259,0.010869822696578777,0.03631962948945672,0.047726358871534216,0.012984987525071526,0.005087444517304085,0.04301102489523545,0.7102212516931403,0.49744108933709996,0.9378531073446328,success,
PAT_337_706_944.png,0.6971486636896741,0.12193788282742477,0.8502642663153958,0.1675905496750112,0.07250128676652844,0.05792881887283338,0.1479467799781666,0.06418107551844862,0.03927342845034523,0.07353535648889611,0.04067071333189662,0.01683860130112025,0.724054053145049,0.6208046054351366,0.9946524064171123,success,
PAT_388_787_818.png,0.7276641990531838,0.3139455939433494,0.6393971537845988,0.020210071998063756,0.07793513231811959,0.05817777033656072,0.019384507505988965,0.07399917261047445,0.04628159113989255,0.02436940006103359,0.11008217388032815,0.008106690277144613,0.812453347488824,0.7179172477730056,1.0,success,
PAT_287_440_729.png,0.5839044825631489,0.4073415416593446,0.5946915791041941,0.02244896172581343,0.10159813384014264,0.08664266201591592,0.02023165809411119,0.09514036760776477,0.07429081621908304,0.00767363020644467,0.01644997880282556,0.0077771416265526305,0.8160671233136325,0.6256275172933454,0.9866310160427807,success,
PAT_771_1489_345.png,0.6317999240705097,0.16135330684148738,0.7347498524243473,0.01907221890876157,0.05627103484837725,0.06455998798386074,0.015738875161450342,0.057956593327096594,0.0633994922937455,0.0022741685458289537,0.08426385638261633,0.04733754166315729,0.851788679539927,0.793279134343712,1.0,success,
PAT_814_1532_265.png,0.6372282920584916,0.35945633529037424,0.5677404590653962,0.03631034716920734,0.1335614967843858,0.09960665577864866,0.02302033406525738,0.1109537791668328,0.0885857246698556,0.014359487653064286,0.06480925122469361,0.008482734976004602,0.8798900207639925,0.8294528582327874,1.0,success,
PAT_419_2768_910.png,0.5796546316645494,0.23436618749641364,0.6047880980332081,0.026817150511335347,0.06018872685460886,0.08367787507894443,0.03174201552348767,0.06035055288976418,0.07616886277346349,0.051859398931772833,0.10607049961140338,0.08506601746651676,0.9056756872783166,0.8342081745627622,1.0,success,
PAT_664_1263_781.png,0.6491101228612749,0.17423973884494945,0.6393180937172744,0.07865782843499904,0.09111435279427357,0.05241771298872362,0.048137596349001485,0.07694541660721732,0.04059258244156815,0.04883686945273556,0.009223294232916596,0.006399017967316345,0.8193398010507221,0.7029237672735954,0.968944099378882,success,
PAT_1591_2648_723.png,0.5988165979858663,0.7271143058733179,0.7636187042191903,0.013675988987271532,0.13009814052133492,0.11622952997581983,0.014114854076697715,0.12492265031396746,0.10777323926096014,0.024352532921336788,0.2548056140494888,0.129814259966199,0.8496731517338818,0.8315562441128603,1.0,success,
PAT_1641_2886_284.png,0.5984046949541404,0.2298654498771489,0.6345998410129838,0.03126042298895765,0.12680335625643735,0.09423648517749322,0.02131100731269843,0.11324466432120861,0.08090958958607547,0.0036236417787972324,0.02089329991864869,0.06413785717369902,0.757145808534271,0.7585787863224424,0.970954356846473,success,
PAT_1322_1137_201.png,0.6608248090448753,0.2631581940620678,0.4713130921452299,0.027113113369499498,0.05035993204308639,0.039279972549192604,0.028891266926561503,0.047278094073155086,0.03506235241044378,0.00795796387816073,0.07953715558021826,0.019534395356965772,0.6047983961259791,0.7044787168649154,0.8796992481203008,success,
PAT_413_819_550.png,0.6470519368018585,0.4058836606150426,0.6514400153046275,0.023103038348638888,0.1319322850616796,0.08975683151976346,0.020164996067835617,0.11431707554301626,0.08108219180811026,0.006803106788165141,0.006531291930342464,0.0827666807926346,0.8789664384172977,0.8513800014968879,1.0,success,
PAT_253_384_607.png,0.6805550669124548,0.3320946308522093,0.742373291472989,0.010443268906707067,0.06000650092209898,0.047727571477819405,0.008770619766306694,0.05345086763276083,0.04121673812704428,0.0025948533378689987,0.02616207248090341,0.006706080039938667,0.876188226942715,0.8741077482583944,0.9709897610921502,success,
PAT_837_1582_714.png,0.6567881326902746,0.21178804806609397,0.5538629270117303,0.02554396201310811,0.058497789750143504,0.0709111160461868,0.02376494565667636,0.052299750192513456,0.0699682201253493,0.029435837977452355,0.008533282079083715,0.008526508773398112,0.7827938248835283,0.7858608821772185,1.0,success,
PAT_522_986_800.png,0.7353275905945617,0.2441762320069984,0.6361330620576306,0.12947618906436428,0.12280969664457969,0.06877998138661164,0.08669117460944784,0.11182526747069492,0.058525524624605176,0.12447176788478226,0.01928653614634107,0.05433748769000113,0.9502341643659135,0.8597843755986248,1.0,success,
PAT_53_1370_288.png,0.6851150021671653,0.29922567640792924,0.638400554928966,0.019256774698390027,0.07004983637251817,0.04520429053825979,0.020145341234222833,0.062081414116382225,0.0328466032226897,0.011380666017451328,0.09113015711483283,0.026965418515376482,0.5781984923925423,0.6078946695437044,0.9918200408997955,success,
PAT_938_1789_693.png,0.6493861366172667,0.41921787709497205,0.4797254171687297,0.016331559871684463,0.10926523495109591,0.09663084919671401,0.014129184243357754,0.10335696366285393,0.09516433291355937,0.019439427436412634,0.08416185468600845,0.022774582831270263,0.9010192628122451,0.8937700528963033,1.0,success,
PAT_854_1635_103.png,0.6824691521208133,0.3524124361835161,0.5866248791746396,0.032015402833038976,0.1014171047630095,0.07251230542622146,0.019259733064946463,0.08716602383198557,0.06928450606941765,0.008051131127000923,0.08222463391106888,0.03893331176157455,0.6760992963776447,0.7092343665533156,0.9917910447761195,success,
PAT_595_1142_142.png,0.590327192990475,0.2207251088454246,0.7263511009111911,0.04906482306756669,0.09931296928900087,0.1264374517035811,0.04363824003227658,0.10106994066337063,0.1263183032244345,0.03849566645734773,0.006206542368032364,0.031927343972360966,0.7708247759677966,0.6419836787446523,0.9851485148514851,success,
PAT_835_1578_592.png,0.6903807801979674,0.23321658038793286,0.5774505748676834,0.08386215323558137,0.09076414032579243,0.13634351181215362,0.0700605742736298,0.07849051984151975,0.1270468970053637,0.04065577543177336,0.007102054665815677,0.0959286670207713,0.9518593022714233,0.8909432816412522,0.9985443959243085,success,
PAT_492_1784_50.png,0.547777517552831,0.2683295609640311,0.682301625650981,0.06257767866078502,0.09853244989770102,0.1212701487123581,0.05361820623712583,0.08079682145629978,0.11124174790993394,0.028919482451203907,0.03176916348438566,0.08920521344672261,0.6267762673830288,0.5942647699391866,0.8257575757575758,success,
PAT_492_4723_890.png,0.6626506150190868,0.2588233920403718,0.8288123308958154,0.024861104130953517,0.07191406455076085,0.05323390406566152,0.021492216588872574,0.06408980243482455,0.04697332038401432,0.0030638971014665135,0.026063118306125455,0.021156501152182483,0.7559693398841423,0.7735730902270375,0.986870897155361,success,
PAT_528_992_124.png,0.6617522623176969,0.3672179596476272,0.5312825779519368,0.01527805529739944,0.05925104920685258,0.05116094696402954,0.01270633299449249,0.04923701431403269,0.03737038885826088,0.009635892242798387,0.05380963234969122,0.027398538231122926,0.8436816710538486,0.8715134897419194,0.9857142857142858,success,
PAT_709_1331_253.png,0.6243947203749799,0.4243764245263905,0.7905011176983725,0.014552671372017231,0.10463171292467892,0.09956114818807979,0.009970645050967475,0.084502521697465,0.07199403231647354,0.001788175722789731,0.015304993699262082,0.04982842552393374,0.5722147289278785,0.6836215267733111,0.914179104477612,success,
PAT_1392_1352_778.png,0.6179015540820507,0.47118210146068645,0.653484937416193,0.010306159842565681,0.0850122664516059,0.08963572682111243,0.009215910688064252,0.07709117308209767,0.0834257640632362,0.008787844531218525,0.0895907716787136,0.1052043562210313,0.8473439911432556,0.8407806183261582,1.0,success,
PAT_1547_4232_115.png,0.6298109169866164,0.5248348079566074,0.6960368582454184,0.011396081305320457,0.05623723500038668,0.08111471684025688,0.010111839104339307,0.048099899866121586,0.07505506938993102,0.005584999061549291,0.006110416848643108,0.031226700605720192,0.8978260351333891,0.8779033101668956,1.0,success,
PAT_184_284_721.png,0.5996844145221413,0.2265335040331208,0.5012987043288822,0.06572093594106343,0.11200299563873255,0.06069077879299504,0.055653113915963476,0.10187400255489376,0.054031184425989996,0.01751547855871133,0.06105764394694449,0.02820908789520149,0.9034679875401479,0.8863767132057835,0.9767441860465116,success,
PAT_640_1210_293.png,0.6772364132309362,0.36611192459368697,0.7007538387812318,0.017169224551442253,0.15086815420329122,0.07502563621018161,0.016168745693657244,0.1489571344523095,0.07167959028983664,0.002484779311750016,0.06639067521908898,0.051560309607715404,0.9440243750019734,0.8652615265964668,1.0,success,
PAT_1067_284_533.png,0.751308323235855,0.09056601488827738,0.7726852482540029,0.2767806391140351,0.04657319453984129,0.04786468342472499,0.2696766184873952,0.04148930836325117,0.039110942161635964,0.02298884986559086,0.00014770254528052862,0.015993706716997735,0.8824990942484294,0.8600480922765393,0.9795918367346939,success,
PAT_354_1814_619.png,0.6397360872051006,0.326433288667068,0.5244483457298403,0.010178314191136862,0.05003535729007789,0.05423400927891441,0.009366198397220544,0.04350868127831421,0.04987449402274056,0.009620911319861768,0.05265139729958063,0.07072622071628332,0.7765727472343829,0.8235392223181526,1.0,success,
PAT_224_1340_142.png,0.6767468619381655,0.559650248382307,0.35838077954771813,0.00575547155123606,0.14014190575281044,0.12034291707573168,0.004456093454923168,0.12798411007691374,0.11617889386332231,0.0011645049973586829,0.1389824801946941,0.0791487323552556,0.6264012946906394,0.7126736417138761,0.9175257731958762,success,
PAT_198_302_44.png,0.6011856647266339,0.5267996775321567,0.7142837672267135,0.013578582547627234,0.048976686544938294,0.035425771202582654,0.012661140169178969,0.043753239931155104,0.030389626106545706,0.0036859725391396284,0.03917133407913048,0.01039939344260632,0.7115018487701275,0.7791686472167614,0.9662650602409638,success,
PAT_407_810_390.png,0.6567480425835172,0.4460366403261563,0.594335660909925,0.015484838623178369,0.057991993135372344,0.05152209208349504,0.015455890793422694,0.05016565294445619,0.04763576870938747,0.025419176651686273,0.01737869379838808,0.001023409934793329,0.906903844322718,0.8546499841730252,0.9990875912408759,success,
PAT_63_99_189.png,0.6328112491483047,0.3619789152091867,0.5357554366729482,0.01962418114227103,0.11883930843406047,0.03095016802946809,0.017737102427037594,0.11667378656779809,0.02621015534831319,0.026112383173718477,0.13300274942235912,0.026866326776021077,0.8145138587196408,0.8743045124161051,1.0,success,
PAT_90_138_369.png,0.6454923510610838,0.6152830470741769,0.7834524834042416,0.01061751745768811,0.17373121519663517,0.07099829252300997,0.010143617165105675,0.17062810199208828,0.05905207292130305,0.016236584764316574,0.26030128908610567,0.055141155830744415,0.9402047647243605,0.891943665239574,1.0,success,
PAT_297_4307_924.png,0.6081350697913286,0.4535775103183537,0.6515058599420372,0.008341360858624174,0.06303637031725459,0.03180239667583786,0.007876428982435409,0.06261493615788648,0.029949735332570997,0.011826364302930948,0.1139844095604135,0.03256447269486229,0.7812844457381307,0.7280418344527475,0.9948979591836735,success,
PAT_1439_1522_211.png,0.6186634932966386,0.3125858037405185,0.5311609045123463,0.015057150912584,0.09071227059079867,0.1294771001394358,0.012826189109260254,0.0827972034738537,0.13080014505889986,0.010440372229127822,0.061092801627575966,0.10146499195127445,0.8348216776880638,0.8570754905334294,0.9956217162872154,success,
PAT_705_1326_82.png,0.7385969364220121,0.13049604403164775,0.7921362229102167,0.14044075959292052,0.04391211535893531,0.06508473059331807,0.15116396675924262,0.04114281046635474,0.06070304481246404,0.03814260784303609,0.027494481087629558,0.03280118454704539,0.9131777431809307,0.8878293393435731,1.0,success,
PAT_1273_953_510.png,0.6053046613480909,0.4031057711671389,0.589624549371318,0.013613177566134935,0.14037001409508285,0.06521805301369883,0.01316245664424223,0.13343482058002537,0.059537790903535726,0.023667090514781344,0.17571258951747915,0.05775140673205814,0.8106744957209345,0.842705052316967,0.9850299401197605,success,
PAT_1572_2495_335.png,0.6003758058190964,0.30585612743316415,0.53469135855258,0.06438965642654279,0.13890889469371415,0.10921412284198882,0.024662699204004407,0.1152541631489825,0.09690371835181978,0.015437104118484908,0.028277149638957277,0.017828572306943014,0.8271301840224434,0.7245348461861055,1.0,success,
PAT_68_105_871.png,0.6781645541467984,0.4462118521793491,0.7353896253616006,0.04303640367718112,0.174477034425887,0.1162521202280465,0.0385057623541753,0.1704149968346128,0.11610519722926232,0.02171441260011891,0.12263255836006198,0.011550665146035421,0.8463131390961803,0.8562003409298706,0.9717741935483871,success,
PAT_577_1107_61.png,0.5999387133138906,0.4859640735357862,0.30024541676228356,0.01365288852700844,0.086981531443143,0.09224417735562378,0.006801268283619309,0.06889386016117281,0.09457524200317231,0.011975573722303148,0.039907883364617924,0.19010368113458842,0.8527911870649567,0.7267233748479136,0.9779411764705882,success,
PAT_1506_1735_733.png,0.6566488673738843,0.1722273359766367,0.6675690152543418,0.03937305513714957,0.07895330199170464,0.07221739137604048,0.02724770001550596,0.07145151046556103,0.06928096907265117,0.010128041186451577,0.02158308991239069,0.025724794844368182,0.8678866548479346,0.8265826963772277,0.9710144927536232,success,
PAT_154_237_625.png,0.6529700557439811,0.5560747616081695,0.603687033858973,0.03455778386542122,0.17380404676473818,0.16021688614085738,0.02778956211393632,0.15686518068183364,0.1627319113967163,0.02502325326327153,0.08413685957535866,0.011802315313869216,0.6656110711876051,0.4894061179614068,0.9830508474576272,success,
PAT_1252_866_852.png,0.6051254742461256,0.4881390024842695,0.5649703730898439,0.0074937574780975374,0.06139822807466637,0.12713413999394063,0.00526909132893388,0.04402543233760279,0.12601023433928896,0.007449161749185625,0.07909420670034328,0.21505248981025682,0.8617655615325872,0.8532145835617928,0.9941176470588236,success,
PAT_1689_3075_38.png,0.6395013684621507,0.3306830944598106,0.7067748376695411,0.013626378531233193,0.06498434091799385,0.07129324708888005,0.01039544757466361,0.0577787652925938,0.056819993376974895,0.008632954477686085,0.005959220842794932,0.02073090692602242,0.8359346391784883,0.7241048419774615,0.9011857707509882,success,
PAT_1415_1439_295.png,0.6225932716392383,0.4291942763852876,0.688203320509996,0.009264321858630447,0.0645821740361589,0.056983971797186124,0.007693960151401841,0.05596775769094435,0.049312648802840774,0.005448771530413805,0.02482183005728944,0.003269893775718291,0.8799953184678599,0.8616875737866238,1.0,success,
PAT_63_99_736.png,0.633495378916024,0.3643503642440329,0.5349189873067343,0.01834639421481513,0.11856214965716885,0.030053968842654776,0.014854498345421343,0.1127074331352297,0.024654805915227257,0.02398242902145695,0.12036549351385556,0.025089017953865644,0.8247518274145338,0.840812019848886,0.9767441860465116,success,
PAT_464_899_646.png,0.6783596104659375,0.577892736602516,0.53197441598316,0.04173443806238798,0.24198956142823402,0.15616994191571662,0.017815608692928777,0.2046601294402344,0.13601452379882237,0.0003532837892777252,0.23349711560029862,0.14129068077734652,0.7678291808813253,0.6804636276585649,0.996996996996997,success,
PAT_330_695_90.png,0.6249138484535741,0.51813982315981,0.8012490262417195,0.0123150309374122,0.1000241771752683,0.05820115179448409,0.012801812150901969,0.09196105019632647,0.04929142698832039,0.009969656137199145,0.029976623410953918,0.03597733998181096,0.950857783826501,0.8973802326683383,0.9903474903474904,success,
PAT_1707_3148_835.png,0.64725731030486,0.42285554509230366,0.6469364751766882,0.010421858258182254,0.07241730025770217,0.06672778124151682,0.00962098716228296,0.06128940964267332,0.05715806472807574,0.017463689039718608,0.033928847068572965,0.05396126595332751,0.8077859402075178,0.8479159427208016,0.9861751152073732,success,
PAT_961_1818_992.png,0.6477730254099998,0.46190874676792176,0.893654140667281,0.01815289773507109,0.053452458121313086,0.0678957343492855,0.018632582536328296,0.043807000180826026,0.05915560764507004,0.03084860618387566,0.0050623254205579005,0.013717219622967125,0.7193286414867985,0.692998438017928,0.9921465968586387,success,
PAT_126_191_304.png,0.6687733702210984,0.2724454298889014,0.5533236826672097,0.034574166074518596,0.10624453688862698,0.08363223918580184,0.02497458963102936,0.09136880901066273,0.04598355181291572,0.02661382414398206,0.07668319369671461,0.02118144381086251,0.8645047393942749,0.8092024784759975,0.9297597042513863,success,
PAT_683_1296_237.png,0.7476221970610583,0.12517191710807546,0.6171736414418322,0.23480504755620793,0.06374886431932256,0.08801894563512673,0.20491482663785623,0.05628315493436338,0.07201024943281972,0.023397711748502716,0.019489958790157094,0.04842389835801575,0.9054486740214925,0.8594425128764257,0.9722222222222222,success,
PAT_558_1072_486.png,0.6547301785265683,0.37750579517761973,0.8058143297736744,0.01345396760383597,0.11305482368116428,0.10204737311192659,0.013046638393132325,0.10923642377906433,0.09441858887645264,0.018348885040855124,0.11130543324923275,0.061273908909285746,0.9474740466013842,0.8522111201446612,1.0,success,
PAT_834_4490_317.png,0.6891477432621598,0.30117028930543654,0.5549089058101331,0.050558706151850846,0.0905637577653869,0.09805027796954113,0.04847032492362034,0.07453448230112333,0.07026159230433938,0.016421294945928526,0.005667002512943775,0.011917425226150469,0.9340452439636915,0.8622491593114205,0.9842829076620825,success,
PAT_1503_1728_65.png,0.6111447937014396,0.2710277214334009,0.5885873933177695,0.012818173534049617,0.07408488118009714,0.09408793451058751,0.01114502625211201,0.07165417630668115,0.09032574672766373,0.026671610457941756,0.14468249481816467,0.15660547071308872,0.8089514329221622,0.803509189557997,0.9900990099009901,success,
PAT_927_1759_749.png,0.6462040377866684,0.17900132599307594,0.5953176621933748,0.13824702834048058,0.10226781487711974,0.07451733170460728,0.11665834038747361,0.094956452945392,0.06486614715839034,0.04921506539586081,0.023767647822354104,0.030219984559315405,0.8833311458213213,0.8523481839331043,0.9801587301587301,success,
PAT_97_151_503.png,0.665264516703878,0.5934671017006224,0.7785862768672348,0.0194190664750332,0.14667384346391316,0.09895661316883535,0.016025311504944555,0.13228224931685517,0.09018114025520381,0.023479864337009264,0.09270496334535172,0.042842634551680914,0.8309131287173328,0.7277713834220898,0.9320882852292021,success,
PAT_876_1664_579.png,0.7001519970693836,0.3937960834299798,0.6248153437892909,0.022318223604427763,0.1450886694641299,0.13383740203073832,0.02075089722707492,0.1321862083302202,0.12556958365274895,0.0015791995093979475,0.06769467389101352,0.040176540333862754,0.8468764308108186,0.8306398033150326,0.9974811083123426,success,
PAT_690_1309_217.png,0.6500366193385694,0.2861345587236674,0.5791970544490839,0.025638068080200464,0.08193297992792142,0.04979088535809764,0.0246756291174354,0.08078672843195245,0.0516120363116636,0.03935270937530883,0.084349758038225,0.002022112459008074,0.7654545419180752,0.8313962152396897,0.9641025641025641,success,
PAT_122_185_957.png,0.6425969782008648,0.436907681601972,0.6115641731558056,0.01894653424205654,0.09869862601045552,0.1331473071797103,0.01876227129945354,0.09118098122223875,0.12761394377271834,0.028857475241425037,0.15505137151036785,0.13417706387954909,0.7370145820273812,0.7771607083738832,0.8586387434554974,success,
PAT_1881_3717_785.png,0.6324517105313038,0.3051810684433136,0.6301704107937995,0.015155464021633322,0.08899407333182406,0.06113877123513207,0.01289316591397338,0.08220691704268468,0.05752334718166726,0.012074859632654898,0.02049252462526624,0.060278266679977155,0.9348601904070886,0.8975295942642216,1.0,success,
PAT_884_1683_538.png,0.6448296800728543,0.48871229354424345,0.5042572786503957,0.02641599092296534,0.11096531518013945,0.1513536270275445,0.0173622623570203,0.09324464158626776,0.16327851820792533,0.001109299320006427,0.13679583912015186,0.31141598301824247,0.7343640220812144,0.6860092834317778,0.899641577060932,success,
PAT_463_897_440.png,0.7382275735765111,0.17528671988380762,0.4582560659207821,0.12700317236762337,0.06320419431235148,0.06069532596551068,0.10550558763369375,0.056733778046122695,0.051875449336711246,0.0163284849198986,0.033635595902262505,0.03408191963173873,0.7712496405378435,0.8188688040354555,0.996309963099631,success,
PAT_824_1561_796.png,0.733402431944923,0.20311261334595324,0.5567948757205184,0.11582106642767658,0.11924924215279757,0.06579069909587643,0.07509758254038328,0.10342400995683004,0.056234208834074935,0.048082707416496916,0.03404835745536827,0.012106799527010326,0.8203499060316859,0.8258648644648577,0.9810017271157168,success,
PAT_1586_2624_615.png,0.6195980311730304,0.6016106606461916,0.41652693841402694,0.0037113799367877146,0.04548854682215909,0.04676743798525564,0.0032130217953835476,0.03529058439259381,0.046486863824525486,0.002648626173661957,0.025060302035620596,0.08060916266643431,0.9324916698101345,0.8614870253638776,1.0,success,
PAT_859_1638_598.png,0.6183394312715045,0.3860593027301312,0.42677789374872815,0.022073526592557804,0.07788260973977065,0.06940618122715714,0.020267989546121367,0.06328836025315766,0.05827594034258908,0.03624320981566156,0.07204609688091046,0.02747966377480815,0.562861961822607,0.481446210475192,0.9760479041916168,success,
PAT_535_1011_567.png,0.6706983325547,0.3452763108055745,0.8374428388778352,0.017897265229417345,0.07827334836843367,0.05616578269472291,0.017872542531265075,0.06747100676557934,0.035967392441415905,0.02583357575149105,0.07363733584603449,0.02502932709348904,0.644798649422745,0.7990754717010008,0.9777158774373259,success,
PAT_793_1512_382.png,0.6074081054723826,0.39253633251610176,0.5788527897314566,0.010360458417073455,0.09520117297122356,0.06245375182200891,0.009865559989773428,0.09414798540847999,0.0597767777308495,0.026680218090178363,0.16711026786616384,0.08519494952198081,0.7785251643271943,0.8380665845225289,0.9884393063583815,success,
PAT_153_233_45.png,0.6679763595704883,0.2489589927341495,0.7652440529511296,0.01992913091947308,0.08624352390797091,0.08437950907828959,0.012971903435157223,0.07690109798018459,0.06977036455819671,0.009703338101086385,0.08543743619165578,0.06838141098340711,0.8756278991701641,0.8013708624901165,1.0,success,
PAT_1736_3246_166.png,0.6710309926869086,0.19467183077946532,0.6897611315946736,0.04376651421931989,0.06661229206466335,0.05363534117653983,0.04503527497119204,0.06835728538237319,0.05456846521944277,0.0020691116241544527,0.0015529500696603304,0.04225370211869428,0.8294957513502781,0.8656750745441807,0.9807692307692307,success,
PAT_338_709_306.png,0.6058776815997856,0.36450841191685524,0.8182605120635013,0.01236099268602135,0.1104678986141967,0.1164593708035126,0.01108774337274529,0.1053918794667452,0.11289273314875374,0.0029332701796026266,0.057466336424289166,0.05095394398905151,0.9127071332705432,0.8715416788975375,1.0,success,
PAT_950_1804_64.png,0.7050129625989904,0.28200849511164816,0.6434302670330663,0.02117896845607906,0.1107262782776982,0.09132681587342135,0.01767687830451993,0.10282977972826823,0.08424757258491385,0.007695137623651347,0.08776057344607216,0.07629754992808158,0.7954922594826059,0.8380083843480631,1.0,success,
PAT_246_377_159.png,0.608115686422066,0.3164858831401789,0.8590293358524941,0.008333831287258755,0.05757951420048745,0.05562975251540894,0.005693160725495738,0.04893442685103908,0.042942179658080275,0.00939830102622139,0.03467299106932192,0.01186297997574759,0.8055492953008847,0.724065256019936,1.0,success,
PAT_796_1509_459.png,0.704886799897697,0.2455045339447363,0.5642801190886307,0.04653232564863102,0.09030830098096422,0.085648186033104,0.04287343718433224,0.08638447451658808,0.08462169379972001,0.005178231286249573,0.06445631045953801,0.01881451736735018,0.8297963580109444,0.8647992379316106,1.0,success,
PAT_1608_2720_196.png,0.613146170493694,0.29440369434854385,0.7022556556843625,0.02453526787483591,0.0730547484128618,0.06853159228797367,0.021546639781085446,0.06411760843031174,0.058002788486792155,0.03347699574713911,0.02048541195178627,0.10781623187014411,0.8582444866838725,0.8769884166510106,1.0,success,
PAT_819_1541_727.png,0.6463468702508298,0.44522103689836434,0.7013193489429942,0.009567406962122082,0.11173776618021074,0.0920139580825952,0.009298319364857038,0.11128112585223221,0.09848437289308482,0.004271687643361114,0.07578484115692297,0.04697251530031088,0.8269735036625572,0.7975271129140835,0.9721706864564007,success,
PAT_621_3591_171.png,0.6074582378940149,0.4091698564118837,0.4908541079951873,0.014436634268757713,0.13448674694097715,0.12198511040841764,0.012825556223080395,0.14022019101002167,0.1203888508805155,0.0035627847742610973,0.24441753516665,0.16393203531075834,0.9411136564816858,0.8827292492669113,1.0,success,
PAT_16_24_691.png,0.6445742563434848,0.5342256464430537,0.560141811414049,0.009131600699578647,0.058023539877712575,0.07546641081944538,0.00908980968228191,0.052263429035086226,0.0728704488965283,0.004451026929098213,0.042656812138448574,0.0253672724625712,0.9231054390371476,0.8955287663052763,1.0,success,
PAT_834_1572_973.png,0.6773266645210866,0.22745716021257129,0.48407660214570636,0.024012693468716352,0.07429694440675182,0.048450967434904756,0.02015465793707258,0.06808346434719599,0.04104495997611602,0.011942044343907634,0.0046531502883706555,0.027364859354735094,0.6067796801085268,0.71277303283307,0.922360248447205,success,
PAT_72_110_647.png,0.6231577733560942,0.3724333505864857,0.5550538371253818,0.01818591942512279,0.11251543771324528,0.09636822713551084,0.016016696248171175,0.11775628623276956,0.092760208097374,0.09426048839432981,0.24203876098886004,0.10197919941429612,0.8113934733695003,0.8435598831533984,0.9619047619047619,success,
PAT_152_230_934.png,0.6395905348600374,0.5339940345809486,0.8565599598891254,0.02969920878401548,0.11621395780679308,0.038313640651260146,0.009127248818093441,0.10402986645086545,0.02541449248541279,0.0010605544088913947,0.09981613476825563,0.022229212314552216,0.7547771575325288,0.8622502636378174,0.98984375,success,
PAT_1388_3513_146.png,0.554898876456738,0.3900988620142366,0.3743991961039265,0.08517752643322023,0.12628034257308007,0.17090401525551877,0.0774658855220532,0.11458510882690723,0.17102928530424671,0.04295652284897745,0.036779887379148946,0.21465200731582995,0.9041970440132502,0.8512968418707005,1.0,success,
PAT_1406_1397_669.png,0.6008036046468389,0.5657342888319807,0.7375750782486484,0.005620139164507665,0.06495035336873883,0.06240065413366297,0.004668575934375052,0.0545206627424528,0.04995133660537631,0.0061498628629747054,0.015902439605469443,0.03861451843375685,0.7718579319167592,0.7807103921787878,0.9376947040498442,success,
PAT_75_114_73.png,0.6762161005722914,0.3697845425746373,0.6714736696916426,0.023921150186083397,0.17589727334681887,0.0867090468423255,0.017947804635047505,0.15332868548529888,0.0610366677336608,0.001667979430834047,0.08016128076442186,0.022673838484273845,0.9178845668987712,0.8516020432290308,1.0,success,
PAT_50_76_296.png,0.6614146363184088,0.3406812387559516,0.6531549491586341,0.043129827122299194,0.12812895851581563,0.12834786801199674,0.03214578522106027,0.12134750542888521,0.11882185307785162,0.013792323778867733,0.12353786101249489,0.124790674108742,0.7741613818001409,0.7971862727062141,0.9733727810650887,success,
PAT_600_1141_988.png,0.6217594312773961,0.2308181009138539,0.6506281034869765,0.06832256014690556,0.09875268251913805,0.08999928890789027,0.06553166099764984,0.08350811369159432,0.08334525625171457,0.030819585811756492,0.06356012414051487,0.09943166431919015,0.9668364825554889,0.8869309316008266,1.0,success,
PAT_624_1180_803.png,0.7585165621123172,0.257904667709626,0.6026699137329548,0.08693647389401125,0.14530702181219468,0.08310331970832721,0.06865522597925935,0.12699875963477297,0.06220157704456986,0.01298740760953368,0.06121210323177029,0.02677315217618781,0.6058167255033312,0.6905437649019901,0.8843283582089553,success,
PAT_691_1311_2.png,0.609659326524654,0.17690488687406536,0.5984157722254394,0.17234898553002015,0.11921772567755076,0.1399574402894776,0.13330807134589032,0.08972193948274537,0.10922068365004614,0.02658510556527318,0.02516793270828052,0.004229412449652803,0.8721684706139412,0.8468823375624922,0.9677861549006168,success,
PAT_1770_3344_274.png,0.6273234334549147,0.7291695056400939,0.4512662283107046,0.004404977391841553,0.06352247127273218,0.06524069210602518,0.002148169059346907,0.04739539103291359,0.06080644166218152,0.0006729555389265032,0.0515759883312763,0.07620639311284783,0.904456649687496,0.8393547481485817,0.9669811320754716,success,
PAT_362_744_283.png,0.6204620527599367,0.4847431925199617,0.6723710711168793,0.007273468588004463,0.043248002280903995,0.038877342521037535,0.007230725968038187,0.03683863471585461,0.03193888344183643,0.01065615396673678,0.02531014958758121,0.03687711037945818,0.7439167914935332,0.8056157952852315,0.961340206185567,success,
PAT_198_853_778.png,0.5820996627590638,0.5966164885492806,0.6305504772838121,0.01101654796932205,0.1040894057627647,0.07667433340441,0.010207896336258428,0.09545277676652575,0.060138605740562484,0.010830076322553436,0.08800242758298604,0.05980526527230168,0.7278029983153621,0.6476653222623414,0.891566265060241,success,
PAT_649_1233_229.png,0.5933340179531622,0.35450291713429594,0.3904208997059003,0.009880302684200117,0.08450574487158835,0.06859121846856224,0.0038567935308916274,0.07883607344648746,0.06893567847195992,7.460278684779572e-05,0.11623426106652723,0.11956080201883479,0.8591291687866816,0.8524732723397497,1.0,success,
PAT_386_1554_362.png,0.675286678437876,0.4312790357660725,0.5674405419906724,0.06682531393204369,0.1477257984120273,0.09289610823812931,0.06393790267131808,0.1444529125490149,0.08679161491637509,0.0198565059406516,0.06330531540120116,0.037383735843161126,0.6477091646449267,0.3378274686147346,0.8888,success,
PAT_641_1211_321.png,0.6422142900785079,0.516638086356599,0.4706851729455827,0.008110553374226274,0.09731020098991033,0.04200999936692684,0.006434898509318035,0.09171292151991872,0.03836165431979007,0.00734172027926121,0.13944143411519644,0.05863880568399432,0.7626001950262296,0.7837662027170187,0.991701244813278,success,
PAT_966_1826_587.png,0.6658099046881643,0.20198319095792497,0.6306255485138933,0.03884978981156081,0.04630583307204985,0.03458261756984918,0.03338078167652702,0.04063352584617676,0.026276645146443796,0.042159257744479185,0.06007484232773816,0.0024028130947425508,0.7602494769503548,0.7387772711712726,0.9933481152993349,success,
PAT_1521_1778_763.png,0.6028340150124821,0.28049110453842785,0.5838957743206655,0.021619208831295936,0.08580409314617997,0.09171541082167561,0.015053191591719866,0.07271452877832889,0.08832706506005686,0.01540743494581515,0.04162348279763778,0.12108728207233266,0.8495372250167061,0.7627149147304936,1.0,success,
PAT_800_1514_512.png,0.6506536265542149,0.30786763306121995,0.583016287611561,0.02482338500423208,0.07689130042870566,0.03780597402565048,0.021939750551730156,0.0734313550862724,0.03308271403729102,0.00480734586136167,0.0582160688053911,0.016998400036282613,0.6879893011232077,0.733401700659436,0.9605263157894737,success,
PAT_601_1147_943.png,0.6173882643945228,0.3793250505879523,0.5319430113156641,0.02099613245860721,0.11010260224992877,0.06423978137566624,0.00953446595541565,0.08488943201209946,0.04306316562548319,0.0036440948944211804,0.0458811303156611,0.008932776154235711,0.5222259633192757,0.30966168351819995,0.9922330097087378,success,
PAT_994_1866_913.png,0.6735282413677106,0.1349309036554656,0.756491438527341,0.052438539917302365,0.058275187328488985,0.04033843390150144,0.052950246345782874,0.05246300029337663,0.03147149607656983,0.08832103731123292,0.03547911026894887,0.001695054093924786,0.8778868494315262,0.8533264062562774,1.0,success,
PAT_277_426_825.png,0.6807337615908247,0.4009180131864974,0.800657079868815,0.01481348805225126,0.14406365875933913,0.05684420491633622,0.012857529881763424,0.13468953562516187,0.04547399190226887,0.0037558857150845567,0.006060851778887988,0.007297775882319613,0.9449762590799047,0.8816537535435655,1.0,success,
PAT_557_1058_309.png,0.682775332603508,0.32098916404992295,0.6847533756886464,0.051338582873061846,0.16946315902680759,0.05401660113374707,0.045598289390130824,0.16065232980237448,0.05612682752248626,0.021329036768421065,0.14281650609785324,0.0003166876902405136,0.852487712854128,0.8752938362540371,1.0,success,
PAT_67_104_730.png,0.5807560272592583,0.22591545051309178,0.3831039148164076,0.12618957518062948,0.14717267239935256,0.10762069595461181,0.09379817070731558,0.11953612207819675,0.08996491962622956,0.029355342457893365,0.12812912938127438,0.11725188572258038,0.8255521191813244,0.8098252356137913,0.9,success,
PAT_403_804_994.png,0.16199105327660981,0.14429382668268595,0.4718576195773081,0.2438565419041738,0.10234235068624002,0.1565264063431979,0.2371196377431837,0.08747537964577234,0.1314153211459937,0.4369789802773263,0.04503723763419128,0.07907240269467719,0.7278167555996083,0.8087672027422432,0.9645390070921985,success,
PAT_465_901_106.png,0.6159690212198593,0.45705326173790817,0.45118971776436206,0.00939148987285619,0.07776582962995095,0.09768972383030088,0.007952839480737946,0.06980662777842174,0.09576060364516513,0.007117202699372251,0.11916663112277204,0.13329379169227412,0.8809326038850933,0.8766575415605007,1.0,success,
PAT_526_3205_611.png,0.6690198292134858,0.20047763058631252,0.6252830686131334,0.031097473315799453,0.0595930324747613,0.03570125856027254,0.029593050877867434,0.050874031634050645,0.031044776985626247,0.05221622570304803,0.044432362552230376,0.009922147382504964,0.7698929254131952,0.8417623806187315,0.9744408945686901,success,
PAT_1414_1431_754.png,0.6638158149578127,0.28720508041251175,0.6879216581463827,0.018260178216253725,0.055395989358539115,0.04403704073296497,0.01787880947173293,0.052281564473612104,0.03825205983711045,0.05892940699569809,0.06927868333434348,0.07956781937330448,0.7856696421749766,0.840923486197395,0.9764705882352941,success,
PAT_1130_501_181.png,0.6193936376864628,0.5987301620255125,0.6573101254999377,0.007666966272331395,0.10135945877780446,0.08981508841513043,0.004727029938084206,0.052024271921545864,0.03523936194138607,0.0037678886864133195,0.04695642144615142,0.020789260743778848,0.5657480353116389,0.6264238619920655,0.9945887445887446,success,
PAT_841_1603_667.png,0.5984986102744921,0.45938326505081467,0.3824333918612065,0.012290240073086335,0.06038761237219359,0.054790180680857246,0.011635930851067478,0.04712962939714924,0.04778635412633614,0.01928169643608189,0.030344596843097205,0.05915875689074518,0.8366454866766948,0.7987836230111293,1.0,success,
PAT_1020_111_593.png,0.6141734608855401,0.44200223178702375,0.6086465805834529,0.0052448652155676736,0.0386234512947092,0.02710039403203476,0.0024364036409191673,0.014915893326374424,0.011761017486452034,0.0007905143018945183,0.01155659898844974,0.021052997695752307,0.8596633117661154,0.8440156984398792,1.0,success,
PAT_1735_3242_27.png,0.5947024151191327,0.3911797932518971,0.8490425981991576,0.02639311042950792,0.10837435680666753,0.12975814847428568,0.008405818802809245,0.06764444584732217,0.09594329953011482,0.02076355893594363,0.0879150640083331,0.032515320091727196,0.9417208849920309,0.8642158625214568,1.0,success,
PAT_926_1758_714.png,0.6547297008189625,0.29524944684265764,0.7881408467761785,0.019857083381631325,0.09485317824172973,0.0694290917285007,0.011286707336705058,0.06531074794901896,0.027375646163599766,0.005174663386382861,0.014086690611453734,0.00020521169350062873,0.6347430453935763,0.7345215209667124,0.9717138103161398,success,
PAT_154_235_162.png,0.6018081431308654,0.4306258224570497,0.8397386335938383,0.01814215661789785,0.15327706920646555,0.05791419020104532,0.015954925580154534,0.13263392856531867,0.041075248543753586,0.0005143447012673935,0.08681088425297123,0.030567832187740618,0.8836633879672279,0.8533684776847198,0.9976580796252927,success,
PAT_831_1570_637.png,0.5793458609662498,0.13487418454755803,0.7022653513112328,0.1790988190733517,0.09784193303090788,0.07000075832588548,0.15115874349105063,0.0950285693031123,0.06672346694075142,0.0029976774123006244,0.07541240781348729,0.08935764394487244,0.9497589323130025,0.8678163363282482,0.9953125,success,
PAT_1249_862_658.png,0.5915146514550459,0.3842029119340044,0.33647920706744233,0.01707309105197378,0.0752462966985865,0.10458853757509044,0.013235829581244956,0.06593531947697963,0.10608024684566617,0.0028372964346514112,0.017135035009478883,0.11742581274099256,0.8275730017281272,0.8539987540216845,0.967948717948718,success,
PAT_759_1433_914.png,0.6450825037966001,0.48076539912424154,0.712814564657301,0.008965093092386042,0.09906920084016094,0.037828058680457084,0.00858370654097661,0.09456565451764029,0.03395808589313234,0.010197502153897474,0.06912312912350099,0.002906103803117177,0.9076038776433845,0.8716775616538156,1.0,success,
PAT_183_283_602.png,0.5426367331152471,0.11958672882341079,0.4804469591829472,0.13867049371169532,0.07658371961668309,0.08027424205356691,0.10599425564079137,0.07408326498561406,0.07362347308724193,0.051425368377094174,0.11269876762841022,0.0452250444141048,0.9101921476445027,0.8952575148640093,1.0,success,
PAT_764_1448_499.png,0.6290572615558602,0.7174036451202073,0.5934660807351094,0.0070622917329552885,0.10271841363605454,0.15078008053214273,0.006162806660247145,0.09240784005416336,0.14493130247265576,0.002097433271544307,0.05646091973561895,0.10708307968309738,0.8927620474464988,0.8578312513436006,1.0,success,
PAT_934_1778_140.png,0.6839152642873062,0.1404944153831305,0.7379920128017498,0.058794136417879325,0.06171832819242757,0.040562106300849346,0.05296533779142217,0.05423491574733313,0.03499939008040146,0.05124193335243648,0.05787719132665034,0.03244618767890062,0.7574258916562198,0.7861064677795317,0.996415770609319,success,
PAT_1531_1800_683.png,0.6072889271962933,0.4661890551406972,0.8152234683396719,0.016886385787847197,0.10697442155288539,0.07575700330787884,0.015701906771026487,0.09032905141567667,0.041680814617911455,0.02130574533924311,0.04208299013950867,0.016529593896052797,0.8700461218213078,0.8631196803579687,0.9851632047477745,success,
PAT_2144_4738_120.png,0.6355689119612978,0.3092234523692774,0.3929886035430709,0.021989958551295156,0.1145069089685607,0.1571749747756258,0.017680303769129133,0.09992851670835493,0.17607557369311644,0.028990252842380295,0.15057743412847432,0.37892627270919904,0.8296641009373912,0.8740767424811743,0.994475138121547,success,
PAT_1370_1274_515.png,0.6342157356574794,0.16825318019262797,0.4996764879900849,0.10934761567571014,0.0800990943063778,0.0505972751070762,0.07470631955328025,0.0714217366103843,0.05022480537803837,0.02760646333503934,0.013649127361173297,0.024593692495186448,0.8638849836090676,0.861357023128628,0.9835294117647059,success,
PAT_251_382_164.png,0.6714064465488165,0.3009559081356468,0.5344902319832362,0.025916152974417746,0.12293767861002215,0.04964480418008445,0.019274892656284334,0.11113370521953396,0.0424674179252121,0.011003111237475752,0.1358197874408024,0.06270022927155172,0.7164278032885143,0.8115184844838813,0.9245283018867925,success,
PAT_862_1643_386.png,0.6074858214580041,0.4217334777441568,0.7935833410595933,0.006113100930580945,0.059899732978692395,0.04323214382378436,0.00556118258092861,0.058413659167299126,0.04240922580611809,0.003924438823062262,0.06294520091959394,0.02068027424614649,0.8033191590313331,0.7580797837557457,0.8745874587458746,success,
PAT_1418_1447_360.png,0.6203212005311086,0.28203265172971126,0.453165329655936,0.035826293235134775,0.11827486678325362,0.1573345463986536,0.017986981205599804,0.09765756346502212,0.17113491049110435,0.004574149481774172,0.04284991981341535,0.3622126385248004,0.8681385836708699,0.7990576798079222,1.0,success,
PAT_56_86_802.png,0.6657330996149631,0.3906973393361859,0.5788244789764762,0.0193665884845416,0.09751626178877634,0.04979229218415366,0.0158613934481585,0.08616002206135388,0.0437051481624003,0.0019694739158891946,0.10631710796922189,0.031739667227691726,0.748553212390911,0.5590449863727075,0.9837310195227765,success,
PAT_1846_3622_35.png,0.6181116248002126,0.2526046098285023,0.8216617505247036,0.007723057574249591,0.05170507930874105,0.0464943224241843,0.005661385233357255,0.0493266468447744,0.044550100740991846,0.010352592969720733,0.030943236248970163,0.006526331808722197,0.8233251072469441,0.8540471963739681,0.9622641509433962,success,
PAT_1365_1253_912.png,0.6210302902577358,0.18313208966193403,0.7037957695397907,0.030678915414089944,0.031738818988708,0.03756891345945214,0.029769340544556586,0.02886693798239859,0.03212358319197059,0.03116819610493972,0.0031236449383174048,0.0007417890306816721,0.7207830508569015,0.8244188397597066,0.956060606060606,success,
PAT_1509_1742_422.png,0.6023244022789882,0.3208320012111108,0.5058500832140648,0.016273345183913993,0.04188202560984995,0.05961286336188744,0.010414091705708672,0.02705838733200454,0.055448154816380914,0.0017097894040350387,0.02419468220858484,0.05884679041080487,0.6815258961120302,0.795666897930592,0.915,success,
PAT_625_1184_994.png,0.65735881802993,0.4373550602755399,0.5673681549774121,0.010973290226031298,0.05468882973151113,0.10052249668143683,0.00945332169149598,0.04844947126701703,0.10091070365713473,0.01568755333809872,0.008396036215688185,0.1630433517305343,0.9128846153846154,0.8404152932593861,0.9912280701754386,success,
PAT_522_985_991.png,0.6455959879976209,0.28999454361836813,0.6041938096083012,0.013331268808412015,0.08854865586080468,0.06518916806692507,0.012394376682085047,0.08201840100713,0.05782111285453182,0.01960241941625098,0.024578312412390058,0.00013149740590345793,0.8777742685116894,0.8469851657274746,1.0,success,
PAT_43_1017_483.png,0.6336694081931871,0.38915133621015974,0.6539767373309301,0.009894687128696823,0.04638153964467309,0.03884397055102617,0.008060202290814215,0.04061379991099254,0.02172757467566013,0.0059737232110720125,0.027832156960139298,0.010180265553606738,0.5857341972416479,0.7885847882923166,0.9620853080568721,success,
PAT_1349_1229_828.png,0.6290812648730321,0.628274130805542,0.7812444773761389,0.004902300552290726,0.04520226842561423,0.1333674368880154,0.004780188866649356,0.04287069323412589,0.13018779041810033,0.0066341810122582485,0.04705096292123079,0.18673523691674854,0.9111205004062959,0.8510618028029809,1.0,success,
PAT_1374_1284_208.png,0.6253313756145682,0.549821327554546,0.747516775018929,0.006902079755224157,0.06805669683120681,0.07582566261116569,0.006484993283055113,0.06893369755437477,0.07532442659966866,0.006030637154482972,0.040040657259803325,0.04181429042289797,0.7523375441390865,0.6532887168809509,0.8995215311004785,success,
PAT_609_1159_932.png,0.6710294915490336,0.25596794401810874,0.6803693193781726,0.021043805254806668,0.11337619762960635,0.05188974580754015,0.020728702171391444,0.1086120694768799,0.05005985689683907,0.033750022106279295,0.004292001678348811,0.040409945293295224,0.8845200978765497,0.8120345237375867,1.0,success,
PAT_1090_376_384.png,0.6197134256872443,0.45945747525574865,0.9841248278486032,0.008524962650449386,0.04443716966526423,0.020882808646062484,0.006955309851019036,0.03898301125505923,0.012169912280181322,0.00571490783815302,0.019277664694232477,0.0024180478922580795,0.8606046186942409,0.7775502583031108,1.0,success,
PAT_370_2558_175.png,0.6437679316920187,0.41277141771478487,0.6211355247662503,0.01929550685653153,0.0936697167282472,0.12693150238427878,0.016864456817082044,0.08142285107766635,0.12489251395247082,0.0013782174940970215,0.040419813969072016,0.011174008013985604,0.7169205729265382,0.7438293860157439,1.0,success,
PAT_225_345_903.png,0.7242977236646765,0.19023248799170045,0.738339267025278,0.06119064959713542,0.06249969759330397,0.06835149048431546,0.030695233346076805,0.04864566507206738,0.06162869944382275,0.059431187444034195,0.012393395304611504,0.044060768433946684,0.8450407621816853,0.8678878619114275,1.0,success,
PAT_1371_1276_145.png,0.5973335904709949,0.24487292083605913,0.5231961984514794,0.02921546451885064,0.06493294660269963,0.022845714148618183,0.022704657305499937,0.06306383526053978,0.016772506337114048,0.027386561701129845,0.014006609386510965,0.007620836371851625,0.9131852333385397,0.848028430470602,1.0,success,
PAT_71_108_617.png,0.6367900950234712,0.322991010466949,0.7410529961271302,0.012688011339755528,0.04998460964562831,0.05531984438929532,0.011543045675560857,0.043053721887967994,0.04776551417954361,0.012874838092076383,0.03651678222283461,0.046990463486282774,0.8213492457106608,0.8418222838086156,1.0,success,
PAT_475_913_874.png,0.6539492968505058,0.36908604784987176,0.5721122846165251,0.02110208158621718,0.10020551358044492,0.06397155424424517,0.017108555099969218,0.0928935054357737,0.05063393152739781,0.006031538379030918,0.08037477947241167,0.044589610408186875,0.8969456950928733,0.7900586060969268,0.9609756097560975,success,
PAT_1273_952_89.png,0.6759716431179702,0.1542825402448955,0.3907582367634357,0.0958147951401316,0.09944418103946454,0.08112208326394499,0.08700806025935999,0.08940043398768908,0.08568485033487774,0.07261612131611746,0.06299177684344198,0.16032050518741014,0.8855255644802655,0.785706061806812,0.9934782608695653,success,
PAT_1712_3173_684.png,0.6059665647484132,0.37538553111552825,0.6916073261833512,0.014525711895399957,0.08365966730098501,0.06130219373904205,0.013518782809891949,0.07261886993905675,0.05003819896074867,0.01659133128003955,0.05532133986815935,0.04124726686550639,0.8464585519728467,0.824668612542325,1.0,success,
PAT_212_327_532.png,0.6251668525737407,0.28315626700232066,0.7608059618770071,0.021623306996712777,0.12869656740137886,0.07735222141200339,0.019073691142218137,0.13204532316651324,0.08004532112525396,0.019693858987057746,0.02984609831810292,0.012212730672462091,0.8746310177699297,0.8534220835457219,1.0,success,
PAT_1340_1208_931.png,0.5863877485557945,0.2655486892257751,0.648904084985798,0.007558256207813368,0.05546190005294805,0.050813120025831375,0.004918474086896722,0.05034696821079547,0.03544749699605142,0.004482511269516149,0.0779963580980963,0.026980151572165822,0.7695505143484733,0.7122274267438533,1.0,success,
PAT_1420_1460_951.png,0.5513241273820669,0.20529977829142884,0.3433576531387749,0.04941433029959867,0.08577590888210322,0.055548211658932485,0.04344954490888259,0.08409589857603397,0.03896121256551544,0.03536695612791855,0.13738027449891807,0.008741391607328619,0.807795345475812,0.7488970411864397,0.9933774834437086,success,
PAT_935_1786_482.png,0.6293731318986556,0.3796589506958832,0.9460062772700064,0.011046632556059742,0.0485206512684789,0.035129585871191644,0.010132664462997017,0.04148941467183197,0.025576496628444575,0.016103916142011183,0.037703984051798256,0.026576806324547952,0.7592124223741877,0.6936293888117068,0.9227642276422764,success,
PAT_168_260_654.png,0.596942694364424,0.46214742667522724,0.774312520652861,0.01104620097870615,0.1048070355516026,0.06975916211304968,0.006443293159066925,0.07410619833878693,0.038892510295991244,0.003888200748252204,0.022933052620435546,0.01797687628376199,0.9552640125208908,0.8701349946229048,0.98125,success,
PAT_439_2887_834.png,0.7375439451638406,0.15087142957819014,0.6152240418792159,0.039996958504209125,0.05008248296455387,0.0468505302137485,0.036640034155639205,0.04927508360751425,0.0404626523518495,0.13179818676905372,0.07534996053842187,0.0769358570757207,0.7775142647689905,0.8337989746083965,0.9692307692307692,success,
PAT_596_1146_294.png,0.6242646789921844,0.6757197212027342,0.7135144842138345,0.007148018832462837,0.08002701946052825,0.12824083076635465,0.006144442904651373,0.0620112683704411,0.11998649678447323,0.012952893077990444,0.053889200376517454,0.1606309463161011,0.9355012616980013,0.8570462101209232,1.0,success,
PAT_314_672_909.png,0.7421402726687014,0.3029271185775322,0.6214397192240892,0.043879688722843105,0.0897920768765471,0.05138409589134246,0.04031259128349544,0.08766437952278251,0.048566114962519794,0.015595940449718172,0.0911291874678096,0.020841614148916054,0.867977608456685,0.8780088902378926,0.9782608695652174,success,
PAT_255_388_231.png,0.642645180515207,0.3105354559068904,0.5886982350935961,0.023250757345408657,0.1562810305374531,0.14847751032058512,0.012645328903507424,0.14007576817057188,0.12301182944038515,0.015186962247108542,0.019578533099699258,0.11806769025755459,0.7915507223027547,0.7444793424898978,1.0,success,
PAT_809_1527_202.png,0.6716807330120412,0.2718458301775646,0.566954472776235,0.04320408894591451,0.08290283316522401,0.06075322044436527,0.039480584517331115,0.07820066424317758,0.059080006667148424,0.052102209090296406,0.02499455206586776,0.02809497836118502,0.7951715281462604,0.8472737605146009,0.967741935483871,success,
PAT_224_343_782.png,0.6483391438722491,0.23797957933883376,0.6415628375143356,0.050564060495552975,0.05347788869206496,0.039945871150502715,0.061830963627533715,0.05203953015982497,0.035419891860972316,0.010840705807181748,0.015742555665084784,0.014871532720166614,0.939236005152025,0.8932921263073134,1.0,success,
PAT_959_1813_1000.png,0.6879742402500515,0.2605578878734558,0.5320425326179393,0.03559793430722686,0.0629780491541644,0.05137665502946785,0.036104222258738536,0.05891849400805403,0.050243464921794934,0.05994914831016255,0.06048392115847753,0.053495308686806964,0.755308318001741,0.7032971100788801,1.0,success,
PAT_1551_1889_948.png,0.619624506710512,0.43514990154477634,0.7115606638695082,0.008225259960629606,0.07156673858003873,0.06845563917275929,0.006790379328356545,0.06982732740089201,0.06868964423565951,0.0010666153934472788,0.06442667327119656,0.0773261948881172,0.9467852186964587,0.899643030087613,1.0,success,
PAT_1944_3921_281.png,0.616763915451292,0.38521266948858796,0.85065436452857,0.0055533087360734,0.08403343236571681,0.046288830313664354,0.0037586716927295273,0.07721893331529255,0.04259773570155603,0.0010813895497600058,0.059577971546267594,0.029457031436816883,0.8831897469552692,0.8666528355273669,1.0,success,
PAT_1065_276_231.png,0.6593870232701123,0.28036158784226384,0.7261627145290187,0.01366520128757438,0.04371742918649478,0.04453384195637583,0.012570203714041637,0.06416306513140353,0.05946294630988585,0.015458876995494267,0.01401812738115632,0.022736728750091806,0.8572925756720223,0.8452336912097386,1.0,success,
PAT_2034_4269_670.png,0.608252409253441,0.7542923265383578,0.5422031644157217,0.007367337972164315,0.10769466354596684,0.05596229399890691,0.005539460049770279,0.07470012187888347,0.037679753003384775,0.004748334871227339,0.03117187141040456,0.03622484069530085,0.6668597525191038,0.4424945235652337,0.868632707774799,success,
PAT_448_875_81.png,0.656068708673473,0.36433301312359595,0.6724314425948996,0.010586311430552385,0.061441466599466456,0.02944118441151939,0.009493137661010195,0.05921643773806372,0.023801847545738396,0.004941725098759599,0.08818606763344661,0.010572055550872816,0.7323601771927097,0.7433793526127712,0.9670781893004116,success,
PAT_1415_1437_527.png,0.6005136429738294,0.24746671555260205,0.7464509574768746,0.012532379262113643,0.04875412753070421,0.039601732164024996,0.010543598292760466,0.04918115084588439,0.035445653839951706,0.005081641487129061,0.10286329770880731,0.05108453337667607,0.7997825671863912,0.7033355694498395,0.9484536082474226,success,
PAT_1735_3241_207.png,0.6070059369997031,0.42913570916171345,0.7433567329370773,0.015776885110648637,0.09258469121409692,0.11575346215413612,0.008668833578664423,0.07354848650648002,0.09658937834645846,0.01575729222244833,0.0859849729313924,0.054380401132236744,0.859632793003361,0.8269860566015901,1.0,success,
PAT_2053_4360_281.png,0.7755568290342247,0.152290628761217,0.4428477840242546,0.2228411000884455,0.06541666062463794,0.07846429200580311,0.1864706937622921,0.055281672247033606,0.07043477509346958,0.10404875634843098,0.0022292330757180123,0.06469419123651554,0.6730898574246045,0.7450273937311168,0.9727891156462585,success,
PAT_90_139_57.png,0.6927736959985743,0.15841731411418208,0.6063665051833033,0.17866453957269177,0.08563239863252982,0.06068124758378338,0.1699216701442807,0.08006443197322066,0.05496299043191089,0.06843417770354294,0.014116148037591314,0.012049637272206537,0.8557051338218644,0.7740696666814838,0.9853479853479854,success,
PAT_827_1598_85.png,0.6193352288411144,0.5219039799028132,0.5322538283537319,0.013923814399571237,0.08128819599816235,0.0575931748799494,0.012454389748080481,0.07372286865582124,0.05038303195098336,0.0017906052604500487,0.060747047152432954,0.017798993813758934,0.6659898621608681,0.6734349900724619,0.956081081081081,success,
PAT_1780_3380_542.png,0.6090954596416303,0.29960189610063626,0.3332319247738485,0.013174171851367282,0.07072888992812291,0.10104381620862071,0.007027991531930126,0.06906050260419376,0.12329343065892041,0.020412189107137064,0.09552748418146109,0.2546664637050193,0.7322382550976965,0.7325774856474511,0.972027972027972,success,
PAT_1529_1798_206.png,0.6075473056401063,0.49133074949353683,0.6560418742243306,0.008148556320505223,0.11394925979231242,0.09523894001953037,0.00481936918861355,0.09640850430698916,0.09162537014319526,0.007339108435430496,0.011812621029429482,0.1432319381441718,0.6621615059240109,0.5551074752103129,0.958664546899841,success,
PAT_954_1808_415.png,0.6378865358520814,0.5170329805338891,0.6387359331593373,0.010406808445435269,0.1574585929260703,0.09189741929967787,0.008002744124959502,0.137083442282637,0.08584768418776632,0.0100216365075015,0.12867313475055736,0.02860698186645161,0.6233332163016978,0.5675744163840347,0.9634146341463414,success,
PAT_471_909_394.png,0.6504342299830684,0.23414926915338918,0.30063244053231003,0.07042039515830999,0.11432791711362242,0.14024461320763124,0.01630000582551198,0.07998698876554688,0.14524863735582186,0.006253961228799357,0.004140370738137139,0.2751902356569223,0.7117385136138569,0.5367166875101552,0.9687371452077335,success,
PAT_1288_1003_553.png,0.666920917140285,0.21357113171487277,0.4175486049785581,0.021437789001465094,0.04001206234975044,0.08646343290543317,0.02064940189360735,0.041919344629475094,0.08833992332085634,0.03958688489248922,0.0959350690014694,0.14554505358090292,0.8887867026848864,0.8408348942626669,0.9795918367346939,success,
PAT_337_706_598.png,0.9076482347994701,0.10366128160463192,0.5293343984334364,0.3553620368273453,0.051854307002841465,0.08778218553339366,0.3580425291780871,0.04419322876138779,0.07352838734942767,0.1261011908405621,0.02309453942162891,0.04231042859772405,0.764778819571545,0.7709579855988805,0.9816091954022989,success,
PAT_817_4471_179.png,0.6136768151523332,0.5438403440142063,0.6752251275494309,0.011463267685823514,0.08526672693376885,0.04959584302004807,0.011267140880603072,0.07705503711842711,0.03986208573286381,0.015121805971703534,0.06996158766612914,0.043198124720836395,0.8161443164811271,0.7227605276356037,0.9296577946768061,success,
PAT_1892_3760_713.png,0.6366182692352461,0.49445641735745477,0.7743520022262892,0.004742571149384293,0.04438877975051422,0.07178297018322562,0.0031942689757979946,0.04505831517548372,0.07376118899383015,0.0023952067299273633,0.03650610529254811,0.04732827144805596,0.5530532043299303,0.45760124460114365,0.7643610785463072,success,
PAT_1326_1156_163.png,0.7527758847727952,0.3001338398842855,0.31144240983813176,0.08132854544442918,0.1255547164351826,0.0929365282146643,0.07892306093488498,0.12441520499864539,0.09717466629454874,0.10000508102824691,0.18929884440749556,0.17145331654580703,0.7030255247079599,0.825830833232815,0.9902912621359223,success,
PAT_771_1488_922.png,0.05973914937700467,0.09771667380836778,0.6379606999413951,0.30703002995574413,0.04630595221603293,0.14336594943663902,0.32779193831623166,0.038746582389379405,0.13261025028503032,0.14939054381308,0.04039867653726374,0.08227123735784203,0.7945923065098978,0.7572158004296123,0.9769647696476965,success,
PAT_379_1531_17.png,0.6411732238165149,0.41332358997353735,0.6428159700191151,0.020209097520441182,0.1314263109327282,0.05870190361720941,0.019466645676718422,0.13045815423660498,0.05431144148404418,0.02525049636020845,0.15164695890999663,0.035223544225867265,0.9481989421858767,0.8959015117154742,1.0,success,
PAT_2065_4412_407.png,0.6284889287282,0.2798311609870156,0.6356477114458502,0.01074932231842636,0.12365153759240163,0.047901809081643404,0.007529709337886192,0.11402656437935858,0.038282975449361545,0.0002562000540806587,0.0798425566958269,0.011944260758233738,0.8575235422849334,0.8417625237882609,1.0,success,
PAT_921_1750_313.png,0.6683338506760245,0.46023104872577514,0.6771485242498391,0.014316932098522252,0.10614087177717017,0.10102032906733452,0.01069391211449165,0.0917753852427883,0.08933722852081676,0.002797109442692008,0.06362614941536393,0.012203150758672177,0.443927347314047,0.22786014725762865,0.9634888438133874,success,
PAT_392_792_712.png,0.6228155201611941,0.5192017147170155,0.7962975372640076,0.013456686953380946,0.14290220889609145,0.05642304527012973,0.008097181996633361,0.12941352145228013,0.037276293016072035,0.0030562331258825754,0.03938263479081183,0.009989855393465974,0.7865010548300748,0.7518300990553289,0.9770992366412213,success,
PAT_768_1449_842.png,0.6106576288302422,0.12446989116747616,0.6402828746177369,0.13462594162027483,0.06196216009975896,0.1310575425870295,0.09787486665567112,0.04687171778163392,0.10623102615676806,0.0004532183496984822,0.045447320161499896,0.05589902278768999,0.7247276281663977,0.6322756222697025,0.9769230769230769,success,
PAT_1764_3336_981.png,0.6112704663002201,0.4722546233761149,0.5034106292851216,0.00865264944060441,0.06404476787683175,0.08638920916859187,0.0072469647482982374,0.060848713849964695,0.08554887080898163,0.003454594880518316,0.03516061534909887,0.10569844265745165,0.8947237385700427,0.8584896992039348,1.0,success,
PAT_633_1199_218.png,0.7088656200852105,0.39527332391117176,0.6647117305911594,0.01869232819187304,0.12870472307796835,0.08612715510791585,0.017320418057223664,0.12485433923849787,0.07653476199550699,0.016830140894898687,0.2558869796098763,0.09297934272047237,0.7842808669154442,0.8403558696347228,0.9925925925925926,success,
PAT_53_1144_892.png,0.6686404495769264,0.2922905060129865,0.5564500966944583,0.0612130276372206,0.09521101100968049,0.13500993269902795,0.0447812369075824,0.0690956115025211,0.12257772086846189,0.059856020950620266,0.035722963469762115,0.04585018840474453,0.7374646908721717,0.6313055900170647,0.8383333333333334,success,
PAT_528_3072_615.png,0.6417934652833513,0.379939563788863,0.7590409239021578,0.019659823656321636,0.0835465045867834,0.14996432946402358,0.017691941630777697,0.0759482839182683,0.14084379051738605,0.012252577808321913,0.001608330142191805,0.0673176321007436,0.9276709653607027,0.8905833336474039,1.0,success,
PAT_2119_4625_733.png,0.6903360773087817,0.34763781769129365,0.6695257240711786,0.01342155588773431,0.06534719218002685,0.0928608701110901,0.011733361600366575,0.058547059319500654,0.08450386125224295,0.006113448345253403,0.006826156045735332,0.022573444647282725,0.7199271150459433,0.7451233360743934,0.9841269841269841,success,
PAT_473_911_610.png,0.7095943100743063,0.27238361471565614,0.74079392584558,0.023225418255624148,0.07270990810654492,0.04824894000526718,0.022961873814632102,0.06973553497960033,0.0343285008269444,0.005567852446658764,0.08854455835656383,0.020896743220523928,0.7178910721363765,0.80055216713567,0.9696048632218845,success,
PAT_816_1544_933.png,0.6724429453379474,0.29594494628564105,0.624352719952592,0.024689130090170854,0.10896118428370984,0.04486597142408984,0.024097636992734765,0.10109093081270924,0.04318015816375316,0.03503318778625963,0.049787410669928256,0.009890319409181836,0.8247509036020194,0.6055418627628919,1.0,success,
PAT_330_698_302.png,0.6480540473650966,0.3369667567409343,0.8034523761838296,0.02117768741344238,0.10903733352787622,0.06283604740126025,0.01678367103660816,0.09479669611385637,0.04638665922512531,0.022365993327519994,0.053181243313297266,0.005586388663349373,0.8819393181156814,0.8796038475611154,1.0,success,
PAT_159_246_630.png,0.6677599473367232,0.5639093794002059,0.6643662127230313,0.01139491638164168,0.14961204039259235,0.05499525225840977,0.0102772697182939,0.14088738521352837,0.03908422308735461,0.0038742091190835976,0.18844119291332284,0.0364740130876553,0.7985734232673898,0.7768055058060791,0.9751552795031055,success,
PAT_571_1096_10.png,0.703493220792534,0.20173051476208362,0.618420111544812,0.16153060160806343,0.10491870220564349,0.14141663709020091,0.14371417780019966,0.0886636887067523,0.13176547680705467,0.07071572738797735,0.05295554989310594,0.07614713978943877,0.9222859251631592,0.8206030336260836,1.0,success,
PAT_1481_1675_371.png,0.6475506355515624,0.48693303929225945,0.5892406491365096,0.019767924167924087,0.07620949621229663,0.11044321623674738,0.01682410844974965,0.05329027891969055,0.08914997050089811,0.02021041171139007,0.01344281826481758,0.06614324336652067,0.7664821146850245,0.7290429321353803,0.9354838709677419,success,
PAT_510_959_985.png,0.6854697467659604,0.5331339659025376,0.5715916053921568,0.017080208117601713,0.17647875800023488,0.09468819050443633,0.014947068846462477,0.16959668592172875,0.08699977895796178,0.004111299662547039,0.25243318259520264,0.08846978443323439,0.7903552377828049,0.8082462122096148,0.9881656804733728,success,
PAT_409_2614_805.png,0.5888472029458156,0.3852814523853639,0.8649291693400354,0.009128209878556557,0.10263063449278884,0.05372987147193124,0.007212922838795534,0.09788975694913817,0.04698835067054304,4.700333988386281e-05,0.01871024164969104,0.009486268953176835,0.7468477865144458,0.807217756301882,1.0,success,
PAT_768_1450_402.png,0.6992101983901547,0.19380543401933778,0.5271782482088754,0.08872070716683382,0.08111231792183182,0.0826243314535657,0.06489187350457529,0.07282769511893329,0.07713623727359221,0.11530448815314737,0.09054819830285331,0.10052328877685723,0.7457336366291866,0.6662930717999722,0.9940828402366864,success,
PAT_1216_759_542.png,0.6175982308342828,0.5663703276744672,0.46372406752100415,0.020902929509060437,0.1740923994069208,0.1426612225545048,0.006110056311891079,0.11752399888512195,0.11179759605163656,0.0032092309821265983,0.03386411084072827,0.20769498577046852,0.8572885249755877,0.8320829647952251,0.9969879518072289,success,
PAT_123_186_718.png,0.6795653203064825,0.30479669207665944,0.7678651953788982,0.041859500959287234,0.1279269030374322,0.09537662690286425,0.04252890323362432,0.10500290980259644,0.06926142074347683,0.06976339033561203,0.05428817775912376,0.043049544209014634,0.7863067803119721,0.8745806207636863,0.9870967741935484,success,
PAT_1626_2811_850.png,0.6235171958108422,0.2837362191542453,0.6554067187554734,0.010735094811511876,0.051392259690955795,0.07277789704435733,0.009712706611090827,0.04611442029814646,0.07034123506850319,0.006449103794082905,0.059284430460044196,0.1440157363968002,0.6601918551843426,0.775899378079946,0.912621359223301,success,
PAT_1133_510_956.png,0.6559316078654305,0.20220743853826526,0.6428612331387205,0.04868145592189968,0.08693336295444337,0.10962772191838177,0.036371652525015084,0.0802909568027217,0.07649109360869942,0.028659198743522216,0.0529225107246554,0.08869880151180842,0.45977407919060675,0.41720502119254615,0.9947019867549669,success,
PAT_59_93_342.png,0.6367065112065325,0.4175107748926762,0.6665238700523921,0.012869667471688771,0.04846239800456967,0.045048056453613934,0.012878546257900546,0.04704717637239051,0.04421207405814219,0.021302381188199052,0.0071880189019806195,0.0001574475555975452,0.85012235180118,0.844988623184943,1.0,success,
PAT_330_1440_532.png,0.7823436269424883,0.150635075503695,0.7278085957243347,0.2468296474461487,0.0786627633470632,0.10178728514057869,0.21852425624039548,0.07080071487896462,0.07474436255369278,0.07421087623475321,0.049839387930327245,0.018493628183264166,0.9457473411691567,0.8797571957940593,1.0,success,
PAT_1934_3890_306.png,0.6114695887503829,0.5254746925389734,0.503848701991998,0.005652361035866176,0.057842902623648364,0.10454746774048773,0.0033025365847950783,0.053537987461160896,0.10210003962099373,0.0038494205078192087,0.07859892814871028,0.12534923070220638,0.7656111233514574,0.76404060948705,1.0,success,
PAT_1203_724_762.png,0.5916971768203628,0.35771674082557936,0.8345242014942278,0.00839643708277219,0.08224105051846275,0.06821197653957875,0.004811000326513676,0.054386087603692214,0.039153342828247784,0.011744455783225286,0.034688563638548664,0.053269222181548836,0.8481098958087052,0.7752238694224075,0.9580536912751678,success,
PAT_1275_955_131.png,0.6339411369313234,0.39815363602772524,0.8153379777155496,0.015752044165111057,0.10914399776809167,0.09049222235837462,0.013147084624895649,0.08846746062590079,0.04671785033491861,0.025340744752442707,0.09032296931872874,0.018044110781455736,0.848654585215339,0.7760890124153426,1.0,success,
PAT_798_1529_282.png,0.5953097437949992,0.4588266158315178,0.4629281045751634,0.011398671407651339,0.10310614780683788,0.048730614793442394,0.01198722769810553,0.11359378895846428,0.049770010262593305,0.03196057562597206,0.2825754073835368,0.08570665906480579,0.7818173869745881,0.6932376158677094,0.9639175257731959,success,
PAT_796_1509_400.png,0.7176398447475659,0.23064567547442807,0.5889582757414825,0.04224168420360543,0.06880659307560665,0.06829973018730807,0.04009004690283282,0.06367134568555191,0.06482514703553358,0.06437283575803127,0.02137121060011507,0.027174795210459846,0.8023252380656146,0.8110182805561846,1.0,success,
PAT_373_2598_514.png,0.6468544551883532,0.27447985671625996,0.5200518166547787,0.019047301094018965,0.13331602845741214,0.10787049454980306,0.01686984120552007,0.11839724912692318,0.0960734022702769,0.01702833898475357,0.06160327146847866,0.10743368696485622,0.8795529625112324,0.7750429633014531,0.9285714285714286,success,
PAT_1221_766_430.png,0.6074670691580986,0.3948919099938723,0.7702463281922576,0.010367545869166665,0.06946653478974055,0.06742262210769166,0.008275686437463091,0.0634207678879058,0.06283229491575448,0.005312001956841941,0.09354557738707597,0.006752019024047762,0.7540209364563351,0.6149969321299918,0.9766081871345029,success,
PAT_167_684_365.png,0.6133271703995677,0.4147103786679178,0.8373453061295417,0.008612815170082848,0.06700518603575954,0.05084330587483321,0.007812766335682746,0.05977909739867632,0.036042471439745774,0.011219281216325545,0.03168173836172794,0.012785710833830732,0.8228001186294499,0.8585908140219409,1.0,success,
PAT_535_1010_303.png,0.6555748518681147,0.4626339561096998,0.7994575960763768,0.008842689539333684,0.09740148561074927,0.041002862040281904,0.007935697974746811,0.0945456236959318,0.03706293546449763,0.00361988698430393,0.05374305544019792,0.006717400765595571,0.9553468681920693,0.8579436487790019,1.0,success,
PAT_798_1771_240.png,0.6356171479533848,0.22708851540616248,0.5666386554621848,0.02355009000201589,0.058605388215634914,0.04080622237605483,0.018730470974990525,0.054476514533110865,0.03531996137854186,0.021600487978341062,0.03667418559441518,0.02793636301527269,0.8646401293395003,0.8395069593851717,1.0,success,
PAT_150_1799_644.png,0.6585821324217752,0.32558109252727524,0.5541334496403333,0.03858691467234076,0.07503483326779728,0.10797098124041653,0.0345728629060079,0.06586452864910586,0.09750507012828113,0.01115911774790656,0.03337957486880544,0.08328341196366817,0.7685103607996375,0.5229883060462496,1.0,success,
PAT_192_296_824.png,0.6976263839116822,0.23657041287550273,0.7340346760545519,0.01280580445764657,0.07481367935181678,0.03747505344775921,0.010708362819619595,0.07177489870722395,0.032433703806667616,0.010198367585715731,0.044443140601608006,0.014084583518713667,0.8883336459602712,0.877183189410947,0.9941520467836257,success,
PAT_142_210_904.png,0.6870131596991055,0.11953536414565827,0.6718651960784314,0.19332053614342945,0.08913920887306855,0.110976182017871,0.16348917279250239,0.07841522913367568,0.09809372158500308,0.15731106515490303,0.041574922327009406,0.011727149156605887,0.8447982924483353,0.8577673539932852,1.0,success,
PAT_1555_2396_71.png,0.6332008886676714,0.23496503987745,0.5196546695053057,0.10683538816917278,0.17667815200137316,0.08611419519902569,0.09142054020437695,0.16391295106421425,0.07983803579977994,0.008146401119081602,0.03895278985602624,0.07934405677120371,0.7141142655704767,0.7774992996054745,0.9814814814814815,success,
PAT_528_993_589.png,0.6301746714492923,0.3827100131272095,0.7198878705177099,0.0189143399365733,0.09401620045977858,0.17312195959854834,0.01821645227445687,0.08258294404035083,0.15947102005212047,0.02737348620973571,0.0058312240980384344,0.06753302185251742,0.7885129241978173,0.7532171552386974,0.9888888888888889,success,
PAT_722_1376_280.png,0.6577271345486637,0.2828505812152789,0.6079704028839057,0.040465846232366466,0.12181961806109995,0.0849730569985691,0.01818605856127371,0.11733537785257972,0.07784137833485905,0.01698916502210284,0.06571059179154629,0.050983590352849606,0.8056581293482465,0.7840047531884723,0.9925233644859813,success,
PAT_953_1806_845.png,0.6473398339483306,0.4205197485692842,0.6241357404205702,0.02120820717832405,0.06537689287335104,0.03938243752832183,0.01929971707089271,0.058460307814674664,0.03261220165179436,0.03063573877160266,0.02863209776740694,0.016338187770383095,0.8372940858763165,0.7575303864766828,1.0,success,
PAT_340_714_314.png,0.09873497618387704,0.5097528304606986,0.2962836546713251,0.2332132465541657,0.2827442063929933,0.1393504166747864,0.29297665674324935,0.2807719675317157,0.1378853654293846,0.49861433105986763,0.4283334704585175,0.2469352610992488,0.8632233285857996,0.724714454448604,0.9884169884169884,success,
PAT_845_1604_313.png,0.6813348704604307,0.20921499502482133,0.6084780864753361,0.024509948949867067,0.07184439384327479,0.04643730400252536,0.018731837185738537,0.06325785882653712,0.032676717422676714,0.008078586973478567,0.06214307260833865,0.03998803384865901,0.7645138030906239,0.7127828075572006,1.0,success,
PAT_996_6_367.png,0.5851498878269378,0.20604035953770952,0.6927837999617101,0.01968211220547446,0.051873659080554475,0.026246642744772744,0.015905833587338013,0.04717363878383995,0.024114279648812895,0.0031593039496806497,0.020123771398205648,0.0038935550670717856,0.8048180722069557,0.7631747262564156,0.9883720930232558,success,
PAT_2122_4642_204.png,0.6076802613601034,0.684182866673485,0.7754835089044312,0.006251208348140667,0.08713323829914031,0.09609794278195369,0.005269852270406663,0.05130014684405006,0.0681371404680003,0.003653740080738446,0.0013599492652667244,0.01218881807407357,0.3619322764008671,0.5044727587482325,0.9518072289156626,success,
PAT_168_262_292.png,0.6375596505801263,0.54244438586793,0.7580126948537182,0.028626385091232307,0.1608323580719705,0.0814900118204085,0.01022203749255936,0.12752549849539085,0.043447800693320056,0.008597776640941074,0.11434757822084224,0.04734698769238377,0.943943902724337,0.888256623867873,1.0,success,
PAT_277_427_658.png,0.684601588029722,0.5790378793154333,0.3592642333442763,0.01091618516969769,0.08783706650209885,0.07184712514802419,0.0077795774834279055,0.07858665248128735,0.06719951386534319,0.0075792944760180265,0.06794659814277004,0.08512230767990031,0.8491988360983995,0.8130763062343558,0.9772727272727273,success,
PAT_38_1003_226.png,0.6531605242366115,0.37379654349861974,0.7671165953253019,0.015081934984907366,0.10164599629242643,0.07806995605160769,0.019387742529690197,0.08588992961704596,0.061555426074449145,0.009763230380285709,0.08162637536151163,0.006440681411188143,0.7179300823845924,0.7278200918811804,1.0,success,
PAT_903_1720_647.png,0.630044603644212,0.3681695910647568,0.6507110080900468,0.03453054353646482,0.1179534835359341,0.11827724715296357,0.021065107149439478,0.1048041621700982,0.10413321946759617,0.03739660394397978,0.056255377526580774,0.06762573355957835,0.8569139003943762,0.8226425150982041,1.0,success,
PAT_1727_3233_399.png,0.6433161205996881,0.25687527407128985,0.6745888930652133,0.02558919461766584,0.07000735794775495,0.08468147131995503,0.022598626676459236,0.06432402288743166,0.0756960558733107,0.0108524224125286,0.04982618070416872,0.03480552810632653,0.8216488607366388,0.7671346406229403,1.0,success,
PAT_272_419_906.png,0.6066176616587108,0.3541065357538553,0.7749407702484769,0.015987911618312152,0.09262680245123635,0.06657686453187384,0.005229726300053365,0.07448209687866644,0.04584825547315736,0.009835668175221142,0.0016420096634562342,0.03939155843014186,0.7733256944359479,0.7758847300092045,0.9406130268199234,success,
PAT_29_40_561.png,0.6087919545085524,0.5103380364739872,0.5715925703710589,0.007663604719009907,0.08791008981679099,0.09201452482230127,0.007548153517190362,0.08293262340389289,0.08918334716480535,0.015678286842117552,0.17624943357078693,0.1650310161568277,0.7566785041943975,0.8064993141732157,0.9649595687331537,success,
PAT_164_255_119.png,0.6980229904172888,0.34664274922724553,0.750524707749326,0.01455942897672762,0.1101241092094971,0.09464906131976958,0.01539338486543365,0.09326937744999629,0.059714233988056156,0.03297263788555895,0.07316277232321244,0.04472226881459529,0.7579791869700127,0.7062023119516874,1.0,success,
PAT_238_364_387.png,0.6638263784772211,0.32895121765320545,0.6367197787202655,0.01846467278763868,0.06710767877002588,0.04219499013094235,0.016217262625837947,0.059317363022185966,0.031371110969528285,0.010680050555806196,0.04304000197288227,0.0011672412665040266,0.8095164278514134,0.8019680283988545,1.0,success,
PAT_1955_3946_319.png,0.6196188481722749,0.4827512920061642,0.7968541671987944,0.009266283631007701,0.03585158746784355,0.06413065004315714,0.006083921214997543,0.03009272190355302,0.06007252777822705,0.009562262242592665,0.039367838290229606,0.017176167343049054,0.6771179659938525,0.7247104746649089,0.8164794007490637,success,
PAT_944_1795_666.png,0.6378704439144703,0.4713930494089354,0.7143030976567816,0.018404946991375022,0.12550843580239252,0.10689526189137177,0.012707974285491254,0.10605761097712892,0.09038682105213584,0.005852933535278895,0.10492574046369668,0.09206349230050104,0.7715728775944488,0.6166318989021713,0.9927272727272727,success,
PAT_490_933_17.png,0.6410600190133652,0.40528266289333603,0.689275442497491,0.035084252297783884,0.05051285507108361,0.08034278720156342,0.03241107709066964,0.04046268861384366,0.06982508134572196,0.0256765164200876,0.010073887484887634,0.014999786222027578,0.6994313162260506,0.8158700197526859,0.9782608695652174,success,
PAT_180_279_746.png,0.6431123211859503,0.5769749085185597,0.6694469494324686,0.016927943070753012,0.11797375051890845,0.09317510367633344,0.017269877784341088,0.09592134215202304,0.07849233897504085,0.03092990560302427,0.0014353835603113652,0.05662189450889343,0.8813329915036017,0.8794336709226498,0.9873015873015873,success,
PAT_789_1483_793.png,0.5209112963894766,0.1961979602771277,0.5285928448111235,0.13283590646471766,0.08282375564794299,0.1771007774437752,0.11943852047258564,0.06443362588872491,0.14463176476848272,0.07752614715343616,0.07773783486111688,0.022711911791833184,0.7915078439092783,0.7119505251235232,0.9957081545064378,success,
PAT_1767_3340_959.png,0.6200685813650451,0.32586069014117286,0.7502384405155729,0.010144686314981203,0.05702249099817016,0.05691933899633277,0.008708490347179474,0.05504958063678463,0.03699110714636525,0.006090456675639189,0.0632889038493904,0.03417599315218578,0.7488095647395192,0.7126522723628703,0.9635974304068522,success,
PAT_1408_1404_929.png,0.6089913535094826,0.2707358212102045,0.5904761336468042,0.01222753861620212,0.033666307633738284,0.04967711076277592,0.012031150163197191,0.03402762948363815,0.0487443551437921,0.007711492779418055,0.08399123326513636,0.06899468764874694,0.7044171261317753,0.6996735885104886,0.9931506849315068,success,
PAT_1951_3934_98.png,0.8313856330367599,0.10062691887006794,0.6740862272111084,0.3366908898815067,0.059518156270570124,0.14362069571081593,0.265201508117671,0.05752821908332278,0.11960004136160818,0.19866795642650065,0.11405260119377156,0.10133913418785268,0.8623375752804117,0.8397687009053565,1.0,success,
PAT_1483_1678_538.png,0.6238322261263372,0.4264020135340839,0.6024040498426717,0.018842256145899065,0.06908321690618806,0.0916820238285917,0.016750311652041935,0.0547641857802674,0.08594962102287373,0.0018071449471705925,0.018888535288144548,0.0939924899864426,0.5133676217614804,0.439184934191412,0.8834355828220859,success,
PAT_711_4067_260.png,0.6429694394876232,0.24727041453881543,0.6079737861809031,0.020756918500542676,0.07494777946022331,0.06769580640265542,0.018152585317216183,0.07166712937507769,0.06461244070684957,0.00304429295292255,0.04289841622170898,0.013472099397643156,0.8003214593052426,0.7922058729452044,0.9924812030075187,success,
PAT_914_1740_932.png,0.6774501310777801,0.17818850944633172,0.7785907980213361,0.03894823854623546,0.05326027456689141,0.08007448256904572,0.039000554099125256,0.051661845045624585,0.07631715661738764,0.05028371493589603,0.003079745610560042,0.04707342019432992,0.721611790615095,0.7701919516551677,0.9696969696969697,success,
PAT_1370_1273_41.png,0.5917028956958034,0.3561847176719885,0.5947833009042667,0.020998868003035964,0.07722924297317786,0.043426708221042686,0.0183508904657794,0.06869739932896463,0.04141729104438237,0.009464006745104333,0.0326244941692429,0.014977201972817822,0.9116095024390942,0.8457716793982355,1.0,success,
PAT_457_890_255.png,0.642450514444186,0.23624162808711588,0.7725159011477952,0.05968595069741229,0.12273467496370961,0.09069839700800901,0.051468079388169524,0.10708129096627796,0.07354584603692091,0.0344420941955903,0.06471899401074085,0.04914481883000088,0.7883371965404288,0.7769950367646625,0.975,success,
PAT_494_939_518.png,0.6572725427480655,0.445196583339427,0.8322100497098146,0.010546825475867615,0.08073238691524368,0.05511182396716835,0.008951804366270803,0.07520981816715504,0.04400611199568453,0.00029864351740166564,0.06881789250986914,0.005007786963989402,0.8959649430937471,0.8177815164398176,1.0,success,
PAT_835_1578_52.png,0.9178507940894067,0.13555744933022879,0.5589192322738887,0.38387070790186945,0.0528239679054872,0.10088198310813894,0.34687754204026755,0.04370866940235758,0.08656714392638083,0.13990293456371872,0.03561915975519679,0.025784769957996945,0.8763717180736753,0.8368289392977698,1.0,success,
PAT_325_689_528.png,0.6556984092132947,0.3374487487560659,0.5150011970387698,0.01261401359417824,0.0810550711315104,0.032183259428132,0.010731559842998206,0.07219306429448183,0.028099910966919873,0.01849004802586249,0.014691951817277948,0.015755128694340925,0.9189271779318776,0.8693148490219393,1.0,success,
PAT_344_718_206.png,0.5659109214494897,0.6817897966387011,0.32499668597584835,0.010727492396449418,0.07527350656953535,0.06282630465622044,0.010297415678901231,0.07138911811857211,0.06669479223449522,0.018988143307100497,0.18961035033443413,0.15512845351084065,0.7906058793241451,0.8481477999100815,0.9571428571428572,success,
PAT_1061_254_813.png,0.604367548135082,0.09289957219726488,0.5795710473980343,0.08849967049098276,0.04593331715554869,0.02627906867895937,0.08395517825005858,0.04298940909932383,0.021713788314102922,0.00247231958305218,0.007434487352480937,0.007285469054308602,0.9283356482304482,0.8068505429935492,0.9439252336448598,success,
PAT_432_851_386.png,0.6532195710603099,0.6829946659656541,0.4982474686175697,0.01281878403652757,0.15882205688207165,0.15602552680598167,0.010321541364679785,0.14617610695127128,0.14299474425623823,0.0038535230148640824,0.21424525643399206,0.16054170627271053,0.7818056830088436,0.8328089617663003,1.0,success,
PAT_27_38_240.png,0.5670644668283119,0.4759518390459075,0.32716363466534915,0.020372840496953155,0.13596384809336365,0.15968928421362658,0.011882974994979922,0.08761002985883647,0.1592804312434383,0.003582756996703927,0.07342333536313078,0.22872824753063958,0.8689580211195216,0.8679142826914342,0.9954441913439636,success,
PAT_147_219_544.png,0.6337611903257396,0.5283196141550731,0.8649191422450442,0.01376681257161644,0.156049084861213,0.037955534218880954,0.013093714190855135,0.1490686799565356,0.023941958676264283,0.011274047774121875,0.15489344869998334,0.018562983477488082,0.7536706887419096,0.7546591695272024,1.0,success,
PAT_267_1062_418.png,0.7131851313457255,0.16772135194525492,0.6493917782278623,0.15692573762342996,0.07520850118763038,0.10917474659422127,0.14704337144152765,0.06542539117961477,0.10727562217494271,0.05959341563750734,0.03303271934349347,0.04796388588755818,0.882411544912204,0.8446520813514318,1.0,success,
PAT_2090_4532_178.png,0.6472749355293915,0.3218017049073084,0.5920742576921914,0.008762920489417375,0.07555067600759598,0.03756597539812979,0.00680618005833588,0.06550438066269546,0.022623602320454003,0.0037577294508606782,0.03960737427460359,0.005935053687863068,0.5641893147106447,0.6688633770263045,0.7854251012145749,success,
PAT_2049_4348_485.png,0.5878303129542533,0.26534974598002725,0.5318420437381942,0.01179578390819114,0.06225488159260286,0.03665947288321472,0.009907487627085204,0.05533184093252525,0.03608612403093452,0.009144838759795073,0.004348386481907551,0.06605455194854792,0.8566113524131804,0.8286422418110512,0.9971509971509972,success,
PAT_753_1833_710.png,0.6229958736128478,0.5513403011718638,0.493939132187383,0.0059485240347732496,0.037265891264247154,0.03864184943382631,0.004373798700298017,0.03279495466036169,0.03590528835961998,0.0003477765675734348,0.011964216848318054,0.002466416222866974,0.6181007551114885,0.7613143485468514,0.9811320754716981,success,
PAT_968_1835_721.png,0.6610992748670768,0.4579081151931122,0.7833955195233928,0.006690727490691568,0.07253182818137252,0.04551361408418641,0.005736227854504692,0.0639127402494826,0.023827860492965088,0.0017462673070325883,0.0363760354460223,0.004059481116192032,0.8327610827014413,0.8533997870788013,1.0,success,
PAT_717_1347_899.png,0.5985119515949624,0.2815432506331873,0.4549405521501357,0.2128238585611941,0.11146292599228852,0.1049047595738449,0.20528798802348483,0.07246883261195777,0.10412001754722017,0.021285335713367697,0.01441276059261326,0.1666258057772682,0.9143092238062129,0.7661937340606904,0.9958246346555324,success,
PAT_1605_2715_845.png,0.6066607078691824,0.3068582078612862,0.8144884440070083,0.012556286292395621,0.08219470247349578,0.0700354725423655,0.010206920777667968,0.07661248588915746,0.053175516695806516,0.01062477269132766,0.032495749524556805,0.02329788547805678,0.7185297988444975,0.7331535948542683,0.9594594594594594,success,
PAT_1650_2913_374.png,0.6485944810480929,0.3283595218435826,0.6184199667969984,0.025503418276158193,0.05763224805407166,0.05390243167466069,0.02472549776712051,0.055409431346354704,0.04726633711080674,0.036229246762355574,0.04878110696040577,0.03148166439110023,0.7187637998863912,0.7058090024687561,1.0,success,
PAT_354_1814_153.png,0.6477523584497055,0.24354566604201405,0.5339528359779083,0.04028769919315748,0.07447684700341489,0.08486737130722602,0.017388496038601473,0.062137651199204336,0.061206708689986934,0.00033855083406895877,0.015484071262691329,0.07243694812520829,0.8767670993084671,0.8409541145972478,1.0,success,
PAT_1208_736_599.png,0.6083847895748191,0.5718020129468976,0.2833912410127714,0.027891900409554384,0.15176896740212306,0.12805812926865554,0.015297721847021821,0.11554069797585385,0.12200254368446856,0.020033417219956266,0.025362362607411204,0.20249014295627682,0.8682591777766873,0.8121792479517274,1.0,success,
PAT_852_1629_265.png,0.6179201184833284,0.3998533063057424,0.657533780476257,0.011967125947948588,0.1467026880383636,0.171124484492285,0.010458784460451469,0.12645107670979458,0.14701897463362568,0.008655756047474641,0.02818835534122882,0.022143284676373054,0.6416267821133483,0.6129773121980162,0.912751677852349,success,
PAT_2105_4587_204.png,0.6302598118009073,0.36821922867810103,0.47229202423246847,0.025357327888644483,0.0740313751445712,0.07152123988384129,0.006583544686300094,0.05241030077688391,0.04897763655414824,0.000689688273824708,0.02550145641677809,0.015270191324451565,0.21694691525780413,0.27372678591460864,0.5311827956989247,success,
PAT_1066_281_698.png,0.6244137567186209,0.18736830884573702,0.7526695526695526,0.08216857361206474,0.07264679266426467,0.07839018730139172,0.08397893400223413,0.06785445410020152,0.07566422429322352,0.057495370611559654,0.003830766856277368,0.08342590303207165,0.8275956776990752,0.8175986772738892,1.0,success,
PAT_1308_1095_117.png,0.6565602431296796,0.23677512967194247,0.49795174850962975,0.1870856990457548,0.16538010021563224,0.18313193612257042,0.17228999404063844,0.16544511014743085,0.18220112829558877,0.05340720426473327,0.11897923406462124,0.15881365268630965,0.7743966222063683,0.6981998974035902,0.921875,success,
PAT_677_1350_67.png,0.6534762059416526,0.14668202812061187,0.6537372356224032,0.2474598482000776,0.0875462007318703,0.06349937188440033,0.239608229584237,0.08156914730788427,0.06185341020232448,0.028019781003262047,0.00738190620254478,0.008177903323290159,0.7120711836926781,0.8022846986158474,0.9844559585492227,success,
PAT_217_1290_283.png,0.717932315433379,0.20435290356759125,0.5803547641264031,0.11856321447651559,0.09670150472777694,0.07364179797007887,0.09230504406956302,0.08345736961240796,0.06816983455163389,0.07533372335943306,0.02996532117772774,0.05723511987890495,0.8723416773776642,0.8083490442843141,0.9974811083123426,success,
PAT_1288_1003_969.png,0.6584625512248944,0.21872616161548225,0.4223590314954841,0.02118895903647264,0.037001103081133795,0.07823559741052184,0.02206515124991982,0.041506861033141516,0.08666046979071995,0.040552649539794636,0.08522626760178476,0.13345622193247503,0.8948569317143277,0.8299020228673746,0.9931389365351629,success,
PAT_1780_3381_999.png,0.617809406488698,0.3322060669114857,0.4174497957838244,0.012602966766142674,0.09832163358037684,0.0617298422218317,0.0076474935841689086,0.09751319965284974,0.06122180526336859,0.00047955607234773844,0.10664284250417755,0.14111874017184406,0.8800606092333461,0.8624425689799831,1.0,success,
PAT_605_1152_536.png,0.5877674849536386,0.24720018154972961,0.5686419217133347,0.030060885366132002,0.06523969942307571,0.0624316481830128,0.02468031405907936,0.06036799783291639,0.04827695424164216,0.007594580532700629,0.0882573347901397,0.022874143544182823,0.6468274106542373,0.7912978227473535,0.9251870324189526,success,
PAT_613_1164_827.png,0.6206908206686612,0.16495593866749828,0.6208241302196528,0.05513058190327894,0.06591399107829876,0.0487319276903304,0.04429596693987254,0.06368079574594036,0.04385806842713533,0.03030078443682732,0.02407847159551285,0.0037801091101148376,0.7472713992748045,0.7922665173543301,0.9103448275862069,success,
PAT_881_1681_462.png,0.6343517922046285,0.3130738397215145,0.598209302759657,0.013655224491806093,0.0579602884572064,0.030753200178182446,0.011831893628417956,0.05609539132914027,0.020642608589133922,0.002911317880150695,0.006836981749931248,0.0019075167391263692,0.7117621417923479,0.6996180933154894,0.9839357429718876,success,
PAT_1636_2869_595.png,0.6405950353259168,0.3409917302672037,0.6124158157349483,0.009478426717802744,0.0527537281975247,0.07420288271761076,0.007792190727384043,0.04247615943794964,0.0487207251215359,0.00976166151606432,0.06288868994029578,0.058826873838846105,0.7976089869433189,0.7073801572188377,1.0,success,
PAT_75_113_165.png,0.6321091622406301,0.3011225118702143,0.7198359549008432,0.028388258329050182,0.08016338081356733,0.046632995301509536,0.02730065889190849,0.07164374358824697,0.04252096334915946,0.03687348808943456,0.005752648674352823,0.001988536457483314,0.8895314766220468,0.8376827276054807,1.0,success,
PAT_817_1537_943.png,0.6765672174390298,0.29064002707449516,0.5760992274010289,0.018255452082139342,0.057895392314363886,0.025792516768318084,0.016946761089048884,0.05505951424609136,0.02252304848246039,0.02318820803227379,0.0618085765609834,0.028318684941044836,0.8465958229379134,0.7519548095527556,1.0,success,
PAT_1772_3346_66.png,0.6317665605785442,0.5187349244807546,0.6347443389795144,0.009192837287670185,0.1006129266337899,0.1472609242993022,0.00667042529466942,0.09534856593545306,0.14347931223797483,0.001986430933385069,0.03831362991075998,0.037048119040792415,0.9002077868333935,0.8536470587622743,0.996078431372549,success,
PAT_269_415_103.png,0.6583406086447717,0.5510706987062235,0.42648978173776325,0.04012681626685317,0.1533373050156658,0.16726339294121592,0.017675265623151748,0.1165767401826714,0.1495903887132852,0.002082882268118801,0.01251666564938092,0.08117872976547341,0.6288969919348047,0.5999190914704903,0.9130434782608695,success,
PAT_823_1558_67.png,0.6731957924445411,0.2572467175194715,0.6261202373702234,0.034916901998958076,0.13498238932940554,0.10582097615831808,0.024464530983490673,0.10960854075179118,0.07060306772699872,0.008017568707073193,0.0003695418547806639,0.0021012511103207787,0.46300360715268674,0.2503936846916499,0.8401122019635343,success,
PAT_1988_4052_897.png,0.6795786164753435,0.1614487303566156,0.4845094758483427,0.03592065494576728,0.07105462040654582,0.08407681918156501,0.024856939534062972,0.06812939620115886,0.08062478502932245,0.006110533333446711,0.06093782229936212,0.042100529501283734,0.9091775776539179,0.8166018457559262,1.0,success,
PAT_492_937_126.png,0.6534653225119076,0.4396488972270495,0.5879431601003652,0.09631465461390534,0.20329723955679668,0.10868216977567083,0.04553563380090067,0.17216939485276267,0.0859026496250011,0.05993483019433717,0.14691586664541334,0.01327025034669882,0.8285547803774165,0.7626466536306807,1.0,success,
PAT_1307_1088_252.png,0.5966774184983175,0.5606164358345667,0.5519186921232382,0.007531372935731615,0.07063519820196572,0.07264697699808727,0.006544851034747697,0.060897325369603746,0.06622979441519596,0.0068122335372182855,0.12871816444707324,0.10670335485819471,0.5394622279386061,0.7226514064876453,0.8923076923076924,success,
PAT_1557_2399_681.png,0.8494720689751034,0.10970079865066285,0.6641419720165245,0.31926872091586866,0.04915668886344656,0.10230071311498118,0.2914819386988066,0.044550920687777947,0.0925039178390819,0.09859721098217213,0.013845818726022086,0.03725091139705683,0.6443398823178026,0.6171814422624712,0.8886827458256029,success,
PAT_40_56_160.png,0.6460755234508797,0.4667162515420896,0.5679753106988294,0.011660563376874478,0.05984951504918106,0.06507889603870462,0.010527497003667372,0.0479078795426285,0.05246312757540046,0.01506317405568759,0.024399799121828325,0.007572033044962012,0.8881673672498965,0.8639273579687016,1.0,success,
PAT_1837_3608_851.png,0.6206845526804482,0.41834820621064583,0.46878581133913577,0.016302633428515314,0.06622252942871168,0.04868296851742506,0.01637031901760117,0.06347210357604084,0.050784438141117605,0.030202016534461112,0.11068661675709279,0.08922730366042186,0.9031761094366286,0.8617027694703222,1.0,success,
PAT_313_669_908.png,0.6486996119730747,0.25601662375739176,0.6107993124082145,0.03534061424363866,0.10540013103981222,0.048029449234382314,0.03141818018838554,0.09791111580703432,0.040563119834736594,0.006548520269127225,0.05058302403687995,0.00916849883556936,0.8644413168227381,0.8028854358773283,1.0,success,
PAT_464_900_548.png,0.6893598770057527,0.43614273842249446,0.41860504657578823,0.051725588424603466,0.20265403695749717,0.14969052463943394,0.018064832828787052,0.16616948666875572,0.1318511863938759,0.00907821317601392,0.2148698861888175,0.21264718710118768,0.8574400664305464,0.8617977303241323,1.0,success,
PAT_658_1266_149.png,0.6006382508248328,0.09320482262247262,0.7135582874393457,0.039252190466298825,0.05110113553858458,0.023777708113176088,0.02811923981102731,0.0520362276920729,0.02291382199881745,0.017539718385507067,0.022171657580068768,0.0093445507324591,0.5968079040203642,0.5578489894031957,0.9823943661971831,success,
PAT_1801_3459_857.png,0.5967481193695479,0.3399896843531056,0.571593023658371,0.011156263448008989,0.08599053172970068,0.03722081507812392,0.009243826999317618,0.07765162810194198,0.026643628278094623,0.010189357722232886,0.029313439488315385,0.03725529153343765,0.9164250343061044,0.8675940215369365,0.9977477477477478,success,
PAT_657_1247_455.png,0.6086660438922732,0.35056520974111405,0.7187316502639565,0.016694322087075865,0.08189767814448487,0.04567414961628174,0.018442402723043424,0.07320272384302842,0.03989092241303924,0.004427534268878159,0.007356181843995391,0.021615262321370343,0.8861290711200152,0.84536390223671,1.0,success,
PAT_154_235_30.png,0.5988573337863045,0.4482333754713449,0.8316055717076004,0.019572453389808977,0.17145078157484525,0.06341327848287204,0.016916499694882358,0.14651293731339188,0.04377857418599536,0.007904728298863024,0.041388277166763854,0.020443446573416124,0.8679523403371417,0.7896439724950296,1.0,success,
PAT_1377_3512_370.png,0.667427818491845,0.27962239072303596,0.3926246879856827,0.10090281705161354,0.1669999567621354,0.14586657159389788,0.04426723870742763,0.13934270279137081,0.13739519500712002,0.059762076522621284,0.15384318311348255,0.2723544019042959,0.7977930423367807,0.7381469209996693,1.0,success,
PAT_810_1526_67.png,0.6540472136759843,0.4448304508366914,0.8013759248634937,0.015582326241510933,0.11360849785548843,0.0682362329105504,0.010978360087281248,0.10440700295910268,0.06135769099219349,0.006137582640610222,0.016577131850400217,0.01955263672204388,0.4581966363380755,0.5483446995433788,0.8808713410483322,success,
PAT_1186_680_578.png,0.6081647245322583,0.4856737913402781,0.3438617148277159,0.01216531242110257,0.15013409693343616,0.11461858910452467,0.008408499419514793,0.12510726230052788,0.09836063793403044,0.00927256398997266,0.10197555821302962,0.21898505946306213,0.6730302930862361,0.7673905438017635,0.9783783783783784,success,
PAT_270_1387_430.png,0.5675468162843409,0.33232215313792346,0.3165943134389655,0.02079761627939113,0.14745135810541268,0.13183966472157582,0.016827664977403657,0.11065398621088253,0.13182790236147157,0.02541420717032802,0.038161419363019033,0.12798214617435155,0.858401340679315,0.8346439957642197,0.9780564263322884,success,
PAT_2030_4246_973.png,0.5780668634020892,0.5700842869790705,0.5607666026509809,0.00673423404987381,0.14521243818747767,0.0956760868895364,0.005336695487341108,0.14483729868213566,0.0899744382671587,0.0021370545597579377,0.12407651009581255,0.025145836341493255,0.8689573437998156,0.8608693274861544,1.0,success,
PAT_2092_4537_438.png,0.6309737519225601,0.22665602985800068,0.4000133220304231,0.02448552734481284,0.06959224354704725,0.1127232903867124,0.02005423827603018,0.06309072085903053,0.11427654436919103,0.01598468474833857,0.05662040408352731,0.17217215067166897,0.873754964608565,0.8077477281617154,0.9957446808510638,success,
PAT_343_717_927.png,0.6263917036540622,0.10213087786517878,0.6776007080711001,0.17070745663001544,0.08342091374058433,0.0922950867053393,0.177046929216546,0.07227707709918323,0.07942118137262014,0.1253906608743147,0.022347584723824587,0.06414727940785803,0.6480476799924119,0.6042532315901401,0.9224806201550387,success,
PAT_1364_1246_143.png,0.5834375030709514,0.5138674535492529,0.6394935288371512,0.0055325001428679355,0.04434998542865701,0.03134489964279613,0.004603401217242333,0.04002856783064062,0.022592675332813728,0.009584516289814281,0.08794699629752634,0.03223624809386416,0.7458084500753475,0.739296928696982,0.9711538461538461,success,
PAT_2016_4156_941.png,0.633853413281543,0.4744834239510686,0.6406026639542646,0.014529021824892643,0.11197808835193819,0.06402230837830147,0.012422373093423214,0.09780002559700603,0.057917918999803385,0.013037341449318124,0.06186678103036386,0.06525894166177693,0.7637322310878198,0.6603582144393091,0.971830985915493,success,
PAT_1573_2497_736.png,0.6664553903089164,0.40057931594796753,0.6604908289693299,0.011131175558267365,0.05982252321743658,0.060894870675264695,0.009132948001721899,0.05253574479952371,0.04486438998861178,0.024468615639186373,0.00503445013417636,0.021205522465145954,0.8226068983966691,0.7732488314141789,1.0,success,
PAT_935_1785_530.png,0.6649130590771571,0.4870689445330566,0.6586184616501506,0.01417163677945074,0.10283965120499083,0.10971453552358464,0.009763490173165298,0.0733034523009337,0.08941515709527798,0.0023413258263981934,0.027580742472571418,0.0917281005816194,0.8344949907665757,0.7550981325286372,1.0,success,
PAT_1034_161_203.png,0.6284595833657258,0.3651640966895598,0.6860295657345771,0.010417194209602137,0.04305666526979132,0.05978546356488268,0.00950240577156012,0.037343371981579096,0.05167211475944297,0.010761216335256386,0.008956326225052158,0.0460306146594196,0.8167061249013874,0.7249525596757506,0.9411764705882353,success,
PAT_637_1434_684.png,0.6391226865428064,0.4399629021558054,0.7344665377116677,0.011370540351595284,0.10477339280181788,0.1222125966881919,0.009388336826638654,0.09650611805873575,0.1101113594549208,0.010345655681856018,0.05141678503726005,0.012003701864756633,0.9016907292118339,0.855934218409939,1.0,success,
PAT_610_1156_461.png,0.6932526021430281,0.25750649173068324,0.6597337645658056,0.040400991905202174,0.09506436791351823,0.12749418156550651,0.025592326319028712,0.08056953351758614,0.12598732181645222,0.04033059536490945,0.05450794965651093,0.13311750181487247,0.5256541689962002,0.6674464051294724,0.833756345177665,success,
PAT_252_383_31.png,0.5590054592297062,0.4168072526340373,0.9375403736762365,0.022700253388823047,0.15343936375915251,0.06411788619331485,0.01870820271311747,0.13598673844474526,0.04062731490881634,0.003688001164933594,0.07043515082828711,0.005674994579530024,0.8517866986496601,0.7462180008078853,1.0,success,
PAT_890_1694_29.png,0.6683209985936343,0.20724028516619403,0.45769293635399527,0.052681138100730544,0.08233969044431294,0.07414838086063448,0.023739445744071233,0.07738209749568359,0.0723274736155335,0.01980225572654785,0.031461232575085346,0.06258317202537295,0.6169067568686305,0.5229451645024922,0.9863481228668942,success,
PAT_96_150_743.png,0.6654039070660676,0.6272181575620379,0.6035739589531556,0.035594786861954594,0.18205402515617947,0.04590900458730886,0.014022081801755923,0.15932682959223127,0.015769784104226744,0.006332309758674784,0.1735846444553027,0.001417932363415253,0.7903879901479582,0.5971858215830173,0.7669172932330827,success,
PAT_756_1496_480.png,0.6102642551425875,0.7021171811957706,0.3964494580182519,0.012828097660832326,0.1435504425035151,0.20372107698891795,0.01123442997919416,0.13017316268720297,0.19735131003853126,0.0015973475139786962,0.02917340550819647,0.038188357339871526,0.8211623388093976,0.6702319086694127,0.953125,success,
PAT_745_1406_409.png,0.6377762072364024,0.5811817150501613,0.6614733160221645,0.012707284252080174,0.10761325875129032,0.11089669001850518,0.011598317725658462,0.09204636529694045,0.09908054164146031,0.00573833058049718,0.0005511727607763195,0.013099438068930436,0.8267985073888413,0.7572678225036269,1.0,success,
PAT_1350_1230_925.png,0.6972716738561809,0.3645157115931021,0.48197991391678624,0.045891955466864844,0.0989528711045847,0.06736222734349002,0.04605140555918527,0.09444870570300437,0.05515608840932027,0.05427432734458719,0.16201578846650697,0.08394056823320922,0.6782994371730104,0.7588768136071159,0.9363057324840764,success,
PAT_309_663_812.png,0.67695437746876,0.6608402487110512,0.43699388446645526,0.011212615961077336,0.1890836901258294,0.12061776475241778,0.0068130084111993955,0.16186291774038836,0.11060481335721722,0.0008053701452620348,0.14230391882085647,0.07822528387223915,0.8695173515761727,0.7781966709095951,0.9963768115942029,success,
PAT_104_1754_276.png,0.7130600653309896,0.12422042731945086,0.689497306804199,0.23116809548134434,0.07220199235584361,0.07102537603992597,0.19205800610817186,0.07152935776872311,0.06501894782697959,0.05807930390749413,0.06448100156751245,0.03444583109387822,0.9039571948201717,0.8643019082959277,0.9977777777777778,success,
PAT_797_1511_805.png,0.6698652354218549,0.330692563188085,0.49872218774028565,0.05829844067380009,0.12949660366469895,0.09051932719441594,0.03788928061129737,0.12590263885799222,0.09733540130904288,0.0026848772836901937,0.08914918204594247,0.049511156760158825,0.38637887044549474,0.3787408795632504,0.730185497470489,success,
PAT_928_1764_426.png,0.6292822777550594,0.4453634251422043,0.8591330105886773,0.004900683804805609,0.07244241094268539,0.027545143161981187,0.0041403724611725635,0.07318990474617007,0.025668090358051083,0.001378518013644244,0.01817368272964981,0.004120202887975544,0.8007875675159428,0.7992605668364273,0.912,success,
PAT_397_797_638.png,0.6942879713448823,0.28196889098428396,0.6127852798369089,0.045626701841745,0.07137938398957763,0.048273159351324896,0.04472786982424901,0.06093376056435526,0.04195590425097422,0.0810158040007774,0.04805190306740925,0.0025397571812634245,0.6478037930557838,0.5738453289878677,0.9863945578231292,success,
PAT_1405_1395_96.png,0.6384041715563644,0.4299009639176231,0.4694650288671607,0.00833154572676043,0.030690635923838496,0.040382878394269996,0.007807127976988751,0.02608534615995909,0.03786419505904196,0.007900703500726535,0.05016480180692001,0.018886264322493795,0.7915468933249312,0.8381722429236067,1.0,success,
PAT_506_957_377.png,0.6870227660786554,0.21295482131447863,0.75744502707418,0.05293352500964185,0.07629735560891973,0.10708606595898112,0.04548473007450298,0.06584490466728697,0.1008602947647966,0.08162517495675574,0.043850937976350424,0.043376901202423324,0.7312103656637565,0.557624313060488,0.986857825567503,success,
PAT_579_1099_837.png,0.6699908705189391,0.30566482899549063,0.871632711269004,0.013509845912523537,0.07719598029248914,0.06815883991192245,0.009542375480504595,0.05762932056032764,0.039971974795191614,0.009189355686536437,0.020384778946526294,0.004462252566107772,0.8493222880391229,0.8607635560517012,1.0,success,
PAT_1570_2472_418.png,0.7084644666431807,0.05315062018157221,0.6099408341890372,0.12104779638366973,0.0320872375329088,0.08992878664970456,0.1078269553564431,0.027811581646634942,0.05228222208192352,0.2202810643591014,0.02512901515220472,0.06057262960089427,0.8303353838490162,0.7623282426193165,0.9431818181818182,success,
PAT_918_1742_456.png,0.5685172946949122,0.19612076319029,0.37398968179639813,0.07168539894755015,0.08697010750015119,0.14279634270953842,0.07730752990824562,0.07673570009453769,0.13013991526731056,0.05414653755871181,0.0037296631192016982,0.04827648262186257,0.938301242881874,0.7957785488566788,1.0,success,
PAT_1246_846_899.png,0.906470803209049,0.08084691237305579,0.5529737706308756,0.14624065375627845,0.031152594571506546,0.07873910060962795,0.04366969122472248,0.02849716129402174,0.05705848911366373,0.0037141143307759233,0.007060533870847832,0.013928913578857505,0.8568078860403093,0.721553190999576,0.954337899543379,success,
PAT_579_1100_988.png,0.6547538692074955,0.37017178185428373,0.8247431214603218,0.015199174158977122,0.10554539672374157,0.07406025319594887,0.012593530526214758,0.10960499249326447,0.06794806152414666,0.012052632665972219,0.02669384439621647,0.007362680860606652,0.6136926483309307,0.5639051755032335,0.6915708812260536,success,
PAT_993_1865_559.png,0.6151195213396753,0.48930871618720484,0.6833227075391094,0.00766337283270662,0.05363148144321527,0.05437362863101938,0.005977338358389482,0.04501248323184516,0.04459766178559595,0.013684008096537702,0.022844490378887417,0.003584188946131772,0.6160788728965706,0.7390454548857921,0.8172043010752689,success,
PAT_268_413_643.png,0.7261288023789372,0.22105190023988724,0.45252978485478246,0.19814269197667111,0.12394040230900945,0.11472510251556246,0.15621314695662378,0.10326818114699451,0.0991065179739067,0.008652656978847043,0.002979072316082937,0.08325406643479716,0.784254156255001,0.7863756878929247,0.995850622406639,success,
PAT_207_313_1.png,0.7661542472957659,0.206233827312074,0.531841020891539,0.12065960454073596,0.057915657574838304,0.07201940907963107,0.0931010879735565,0.0538805582745109,0.0665309566014688,0.035125056110834565,0.06497114548196228,0.10304046472282913,0.8833596757270221,0.8043781044067699,0.9457627118644067,success,
PAT_1374_1285_735.png,0.612726623298485,0.5739655602116697,0.6246167399859738,0.005253489614895075,0.05646341168762198,0.09223728520599936,0.0046830344622155315,0.0500631753026184,0.08858892479828766,0.004655292215812936,0.018889565316670298,0.013174629027114637,0.8507625539254153,0.8384947808659837,1.0,success,
PAT_173_268_1000.png,0.5720061280401799,0.3891346810786839,0.3483237351899225,0.029044814525856378,0.17553058412724024,0.08474718308395414,0.02652403607628721,0.1638024211243585,0.08396507974647613,0.010019639328901065,0.08171647090511025,0.17884741517306685,0.8627146885998984,0.8711481051314834,0.9954128440366973,success,
PAT_342_716_316.png,0.6380868793971799,0.34315311030072404,0.8312839756124996,0.014071157366931751,0.0824176022916224,0.04066369242392066,0.012289954638829087,0.0760064546140282,0.03497967343446828,0.010533930737787816,0.05820707414994969,0.02596982187551522,0.7998411039133261,0.8658806352442205,0.9544072948328267,success,
PAT_996_6_622.png,0.6302731215551067,0.34397577038844596,0.49411089995164575,0.014503369560362188,0.05160666725384595,0.039448034958854385,0.013313102948271038,0.050491738611400855,0.03742284460506247,0.007875920799074107,0.043730626817363394,0.03295651999422594,0.6079370148626055,0.5306244549709422,1.0,success,
PAT_651_1232_950.png,0.6333362372950377,0.4343529654642689,0.7732560981348489,0.0081513864292927,0.05074820709653477,0.057488293534488685,0.0072458314511605485,0.047704786690097374,0.05801569151223926,0.0034764264481189854,0.017333136526706205,0.02185303484739476,0.5030747065448938,0.32682974147601723,0.9759036144578314,success,
PAT_1600_2685_164.png,0.6289205240253399,0.42250260276648405,0.6102153298414981,0.020566859729988844,0.056068077487019786,0.07128255092402892,0.023100511821025516,0.049173390486201826,0.07390627326628632,0.008883071012947299,0.039665662809153956,0.0273133690571844,0.886958642661607,0.8077926023984238,0.9754601226993865,success,
PAT_1807_3481_801.png,0.7759995718080795,0.08288515045146812,0.7169725732798597,0.09637387527127796,0.024997085605091656,0.06991028316129495,0.08115440816686384,0.02402926490041887,0.057905722510354994,0.08687811897080308,0.029302617825720162,0.030976900054352385,0.7983363932821319,0.7778876354830144,0.9942196531791907,success,
PAT_960_1816_662.png,0.6409422057201135,0.21154160827859,0.5990333716033006,0.022519757061974493,0.030670521703162604,0.025107563771947613,0.022495620869299682,0.028480778943541958,0.02218962911425924,0.010711506169738054,0.03269255676812349,0.024828809063709545,0.7947950812143507,0.7945724737227642,1.0,success,
PAT_1755_3310_986.png,0.6484568220186655,0.4270269410360384,0.6529058490002984,0.00964275762347555,0.11296510446735254,0.0670760932167585,0.008998702337513884,0.1109412104502842,0.06390896149450948,0.004971028527374068,0.10515710777964349,0.004775717531807944,0.9082352676533804,0.8562178275473697,1.0,success,
PAT_1006_53_385.png,0.5986616023459406,0.5361600560456837,0.68248490921088,0.004836492867148587,0.03481323934622587,0.04654417666423154,0.0042250112206503035,0.029690413240835094,0.04069971780781625,0.002842354922851895,0.02904475556443642,0.03767179444421287,0.6322090361698709,0.5895108801596617,1.0,success,
PAT_380_773_362.png,0.652046525968293,0.33020712744826813,0.6129143248842428,0.025208618107724103,0.08692334551343539,0.039438052526847255,0.022270868261565983,0.08835517741749278,0.03804304901378556,0.026492092897339524,0.000980895870788534,0.02219160872352932,0.8930126693172173,0.855834289190821,0.988243938280676,success,
PAT_834_1574_276.png,0.6188365949662205,0.44260389186233157,0.6487087607129736,0.015635826190118364,0.06945553201054364,0.07812226743615282,0.015761100205450143,0.06138952206891515,0.07003893951698144,0.007777139266319308,0.00045246455002123653,0.08345412638773364,0.7740358480394314,0.8572876056024502,1.0,success,
PAT_163_254_719.png,0.669865790224132,0.16791617051678973,0.7917701745565523,0.03664385501517486,0.05843066684946094,0.048742934604031285,0.02442750560700259,0.05185809066308325,0.04187968816625134,0.019428286825984346,0.006792604893404469,0.012216635464053383,0.752696702838729,0.7568387477677924,0.8658536585365854,success,
PAT_265_407_421.png,0.6702506780821577,0.2834249862387037,0.6030034363159273,0.010557830663871375,0.02451241139788826,0.024150570466712994,0.008996600333957267,0.02219162902337576,0.01882460590626039,0.013483793781951508,0.007988615612021688,0.020437547920904575,0.875970144339145,0.8669434462831338,1.0,success,
PAT_674_1277_9.png,0.6707622361159861,0.11265765883338988,0.658484793118549,0.013007129618624621,0.027154924528520842,0.026923411564629365,0.011379644754270798,0.025708910073380973,0.025686549657253074,0.012148256547203732,0.031293062942130856,0.023165149673641028,0.6773389108296212,0.6666610701702279,1.0,success,
PAT_1800_3460_206.png,0.6310199391726699,0.3629971310010272,0.5325442454849468,0.015871888713445297,0.0800650586886914,0.038373524610554745,0.017036412896239972,0.07572953474709715,0.036747804947707616,0.016331855704246577,0.019643967912744087,0.02636071088647929,0.3662860888814182,0.3157265919850166,0.7852283770651117,success,
PAT_585_1130_552.png,0.5848685464395796,0.24458347666552,0.5163630890952872,0.03676627379842084,0.09956626062884458,0.060285774472125735,0.03317906382679188,0.09954867861467949,0.0594061606085918,0.01460087000917901,0.06446479471935268,0.03408942075264754,0.8877469273802481,0.8249841507677803,0.9939759036144579,success,
PAT_690_1309_154.png,0.6432819968516454,0.37707422340004526,0.5573869135893187,0.02113803230284624,0.06982245633652587,0.04154588703630371,0.02185856155730451,0.07042342024772222,0.03617510081461767,0.022130523685394206,0.03323223672762571,0.010818685646144743,0.9145890555293364,0.8721694290557543,1.0,success,
PAT_1577_2543_510.png,0.6282579194197421,0.4376347664099543,0.5515874535330813,0.007424758672597068,0.09601421231127906,0.08991380135981503,0.006022690843512835,0.0824686733272259,0.08278520354791973,0.006991646085379304,0.004775606394038345,0.13387009763916768,0.8082135296603574,0.73087978934761,0.9949367088607595,success,
PAT_2034_4266_880.png,0.6112574144219104,0.6053210712628577,0.6823842219685002,0.005724344091548407,0.08237795716526362,0.06152026172189636,0.0045195219126966755,0.07615135067822718,0.054181572552471045,0.0011713547940767437,0.022369982379556008,0.0064060630511747485,0.8024808037832885,0.66763876074523,0.9080459770114943,success,
PAT_505_951_710.png,0.6362924481895921,0.4629104460872436,0.7918421887467195,0.00904903225020819,0.09694429259084417,0.06085910334058681,0.0091276593771656,0.09702109159539811,0.05760893519118612,0.004119409489186805,0.025314983258882207,0.030390498271700817,0.8779734536615271,0.857950580213669,1.0,success,
PAT_1475_1651_727.png,0.648175625193786,0.4408114961179568,0.7822024672181734,0.011741834136992662,0.08041416904367332,0.05871456424312573,0.010404721513021808,0.07435211488841374,0.05625183628802459,0.010212462167242444,0.03333509022742476,0.11251194040503854,0.8007676220434066,0.7985399841015678,0.9836065573770492,success,
PAT_1761_3329_837.png,0.6718672049832742,0.2476338153543423,0.49214895277432197,0.043288209965283285,0.08551751346953097,0.09955436929140235,0.02078555943150567,0.07125283374229203,0.10513161067773878,0.0078960541160986,0.07389048413592719,0.1340422111466541,0.5534355219615941,0.46830754573209893,0.8959854014598541,success,
PAT_564_1079_430.png,0.6793712013088411,0.4725031854303145,0.45315366605884605,0.01513564122052311,0.10690561839925469,0.04983059414392571,0.0122494464913552,0.09963117119385563,0.044867376626258546,0.02653501691055556,0.10991754955211125,0.006454907837902812,0.5652448802353272,0.7053560078780846,0.9046898638426626,success,
PAT_747_1409_116.png,0.6344261918310002,0.3607229732676596,0.707995784953861,0.02581085609506253,0.10039606019606315,0.141095743275243,0.022226165772999535,0.08055027134710922,0.11515355076996597,0.008069566397592038,0.0458014800552099,0.04109516737613106,0.7792035706137349,0.8061959906312445,0.99375,success,
PAT_719_1361_234.png,0.6732470530401787,0.2630390919340233,0.5913944269545327,0.055681316551828196,0.09669142486282857,0.12192255342435948,0.031807880443667405,0.07830231180668842,0.1146122295197249,0.026327100876518413,0.014102420602064514,0.11032652605562665,0.7096392239350907,0.6993804579908907,0.9103362391033624,success,
PAT_2129_4680_110.png,0.6555952431984986,0.23130006215239418,0.36625052218200027,0.025925122953722346,0.09908017495495725,0.12846192285988642,0.02224622035713857,0.05109440366501536,0.08378282979570807,0.0425514596991429,0.07339498087998025,0.15199641554796106,0.6690698514698281,0.7058755096028542,0.9044943820224719,success,
PAT_950_1804_334.png,0.6618308833512447,0.623867843955527,0.6896336442766987,0.013366926241370909,0.14877231708643524,0.09739923804547936,0.011999357791745022,0.1340658765634414,0.08625264223749085,0.007550558800107786,0.1714245805447554,0.12152130823590568,0.7149224172634636,0.7299537923619545,0.9409090909090909,success,
PAT_406_808_975.png,0.6214704639446716,0.4144111013190536,0.7044942201795923,0.010220483907167389,0.08217793273600676,0.07909238276538506,0.008168503759220644,0.07793432254541059,0.0670342605837534,0.009864295231430335,0.08027138754883845,0.011572976864555273,0.9484988425814104,0.8884636377929804,1.0,success,
PAT_237_362_52.png,0.6049939563291242,0.2299243587032401,0.61337803821517,0.07777668409786045,0.12257327688169624,0.0756318408453316,0.06876646521136354,0.10640936397171834,0.06297293496932685,0.050852640967193,0.002000132437890295,0.02621566885048332,0.7653778434669007,0.7108088836391956,0.8979591836734694,success,
PAT_900_1711_622.png,0.6090448510210149,0.5751707839444629,0.678857255394311,0.006981917433873103,0.04672065579571439,0.07333425761467745,0.00593678229319931,0.04210372784081802,0.06924786380991951,0.0057665205943690035,0.07036353467399747,0.0917258603585176,0.8001682225820157,0.8097209363041775,1.0,success,
PAT_504_953_569.png,0.633739678483783,0.2833304496991312,0.5611500570785685,0.01985562488953224,0.0662968113337723,0.06678006165020807,0.018175601253441035,0.06387733681792576,0.0654303225914893,0.010429084481706733,0.08308460023915223,0.07992005857086715,0.7421183475331765,0.6127176983334991,0.9317697228144989,success,
PAT_593_1127_823.png,0.7444236873794146,0.2442924088886798,0.6230803028231511,0.06899561422189066,0.08930524167231958,0.048321866255379896,0.043061074576023206,0.08044902169472708,0.037267720394115175,0.04425813415802477,0.06459803928635416,0.02342434583600017,0.7743322988381265,0.7388743608214825,1.0,success,
PAT_673_1276_752.png,0.6475985586723866,0.48483294027989243,0.43135621848968214,0.009840249170409883,0.07786274647365876,0.048168527262701905,0.0068696491118288286,0.06557742990218672,0.04058421513029581,0.012591504970900837,0.017121505112825897,0.029057718563299306,0.7075833817827606,0.8075799190142201,1.0,success,
PAT_487_930_973.png,0.6457368804190969,0.3479374253916762,0.7760877391344595,0.01632434676656787,0.0971675186039851,0.11250947169844751,0.012582201093113064,0.09774777416125087,0.10076948544803273,0.021146794182103672,0.12324749261473311,0.06854480554129727,0.8755328970587757,0.761927000961619,1.0,success,
PAT_1180_651_559.png,0.6146538312054407,0.35487110016571477,0.5748224900899375,0.013745256570661238,0.07622795451882629,0.08307872630308423,0.006834260968957548,0.05510174121356129,0.03557499421479484,0.006606222581479512,0.12758348893470509,0.03828921401697183,0.9077353515433154,0.6972994469021748,0.8580786026200873,success,
PAT_931_1762_69.png,0.6126050174045377,0.36338460091999597,0.6451650868301615,0.015599497260511623,0.057660456506510985,0.06952246719939784,0.014298940307566878,0.0536659776149906,0.06462821582509903,0.011071942460594642,0.025069538355453003,0.0348574514392852,0.583314208637545,0.653436430249059,0.9065934065934066,success,
PAT_678_1298_396.png,0.670166713401751,0.38014542298409976,0.4610789291316665,0.021050075202536208,0.08044238687152418,0.09002870569696612,0.020211704748828864,0.07548297959359737,0.09364888250466358,0.01655022353842865,0.07506071630514871,0.03892369125684281,0.5395863987155938,0.6799172751785931,0.8153241650294696,success,
PAT_810_1526_639.png,0.6598345039136679,0.27105541096419483,0.8448314804037728,0.017424735686049787,0.08053074245166424,0.056919495791603394,0.011835433495828912,0.071650291842475,0.05293440640066075,0.006325131739209806,0.006887663422244561,0.016824825836319723,0.7043468744266038,0.6228000258176093,0.8149671052631579,success,
PAT_83_126_820.png,0.6676421087780187,0.5083888795784222,0.39250216933877063,0.05826588086639907,0.203524423405328,0.09087004401871894,0.03573995623700044,0.18591805975109768,0.0868574692817939,0.022559730280120503,0.003465658789184478,0.1261863372799042,0.8990257589156677,0.8546549750021353,1.0,success,
PAT_1220_765_464.png,0.6078522289898604,0.5722768031831321,0.6161188794576872,0.012091811624119495,0.09485803318515973,0.11606747435046998,0.01002365347893997,0.0769212776472302,0.1008567993853142,0.011385259278171134,0.06771333485151321,0.12776293923156168,0.5921822659449876,0.5165306460013142,0.8547619047619047,success,
PAT_638_3680_891.png,0.6998302284940889,0.16781131661007884,0.6323994726896675,0.06645728348473771,0.07158006894788231,0.08791388753655294,0.0622305692367345,0.06925436898170219,0.0820687341770559,0.02036148357065307,0.01577773923124673,0.019787329734917147,0.5557208812988405,0.6498696801606603,0.9384965831435079,success,
PAT_901_1716_497.png,0.6649345262543913,0.3423230807211966,0.7829846347972271,0.004317267307480212,0.024228986253925097,0.013635870177726505,0.0033709919493783735,0.021952022131978374,0.010716447855391113,0.000665507156145553,0.005690116844565052,0.0012707960618658642,0.6515524273081285,0.5572219361232352,0.7628458498023716,success,
PAT_735_1391_261.png,0.6514843115705088,0.19262163932035864,0.6174994673078934,0.024316191619058715,0.052572774978049144,0.04539146390387242,0.020170996567405276,0.04900556150142341,0.03887745912496589,0.003874500216344501,0.07280924635219482,0.017906230464623363,0.8980095730265318,0.8101338029274092,0.943089430894309,success,
PAT_787_1482_328.png,0.6152498230175487,0.23299314326957776,0.4628359196439312,0.07517975707891421,0.12336004014508531,0.17963652285940135,0.05991587903708614,0.08495650579173936,0.15431633955049978,0.050559873271024874,0.043481967818660566,0.10181165475974074,0.7541650095594521,0.7322827890803331,1.0,success,
PAT_467_904_535.png,0.6019291924170385,0.4862545970325516,0.4851242911086803,0.02877794346304049,0.14646885226025405,0.05189544892741419,0.022548048230578648,0.1321978624205123,0.04423925409569705,0.03377690393387319,0.1646812810713823,0.04488538202813053,0.7668666815158243,0.7094814263127395,1.0,success,
PAT_684_1303_178.png,0.6655422749626796,0.1711937532225042,0.613392831815732,0.061627981491137976,0.06386418717776261,0.09160747850584049,0.054265585341629625,0.05282261385720184,0.06864696965084162,0.05280690575536842,0.026478600106503825,0.05855623209693628,0.7713846946096082,0.5255921235903861,0.9366602687140115,success,
PAT_822_1550_132.png,0.6582936853118277,0.39203537169498837,0.7141315590919027,0.011951585863636203,0.11472983941278712,0.0724282273373632,0.009395711319280757,0.09917197322381396,0.05279790275240469,0.002987618872960714,0.007856921882738566,0.02431866208101463,0.8774172982760098,0.6681009739378673,0.9746588693957114,success,
PAT_1296_1038_1.png,0.6500745654696914,0.25833653604718493,0.5712921089049311,0.020087173590876882,0.07058633766649502,0.04912057852562813,0.017648499088105132,0.06438466135831213,0.038576459437913886,0.011271611934337816,0.04983937988426551,0.035567200685225564,0.7539774283235323,0.6049740541110856,0.9528301886792453,success,
PAT_629_1192_362.png,0.7105604854640398,0.17736196350330757,0.6337068160597573,0.08694168108703845,0.10903341368859895,0.11892997451843787,0.05791143631980452,0.09403221243978074,0.09675084833031651,0.022249820451229616,0.04905237299373186,0.045739733401081506,0.6957388329453607,0.764907491999257,0.9863013698630136,success,
PAT_1286_1000_276.png,0.485859421855718,0.11872919581139467,0.5852497991414882,0.059248784789732736,0.050092916066993884,0.11067656550472801,0.04654189334126014,0.04324103580616407,0.08978203396282287,0.060960473355259774,0.0643983345891639,0.10564711756846379,0.8553950861282056,0.7842966442481645,0.9185733512786003,success,
PAT_1603_2704_969.png,0.6156249263390926,0.13415180372735788,0.6197142584059573,0.01763194166931539,0.0781498425977292,0.03570024109574792,0.01556397016627778,0.07458910054008512,0.032392250281407575,0.023322449857480304,0.13401649917104344,0.03555658567273967,0.9197291912576198,0.8703067474566328,1.0,success,
PAT_919_1744_451.png,0.6812484888657405,0.2487075005016898,0.6068310935139205,0.07695470436449808,0.11837716356927462,0.07130768534373223,0.046906674565903736,0.11005541481388638,0.06783083162137661,0.023435252912221767,0.08938022701648729,0.01898425444466545,0.9276684196545287,0.8697444594090384,1.0,success,
PAT_1305_1082_88.png,0.6115080154755186,0.5091236718150948,0.4479081315952824,0.010234346819851498,0.11189585291479062,0.0998793981420342,0.00870832435959421,0.10024405792055409,0.09679661516328408,0.010402153716672776,0.19695615194399524,0.16618084271977518,0.8876911964394616,0.8374093359225984,1.0,success,
PAT_625_1184_412.png,0.7427256336032851,0.19159643124187845,0.6250969744926232,0.20169991586149658,0.0741923535846937,0.09801146390813013,0.16537940166229725,0.06614149601120199,0.09282647753560098,0.07364856204843195,0.05158287844060186,0.15080527046333014,0.9648784855943564,0.8853719020973744,1.0,success,
PAT_460_894_242.png,0.6182632768855191,0.4369941615013323,0.4808734203192412,0.023169464892471587,0.1637539784102939,0.10181263507500977,0.01521006855911077,0.1464964424686997,0.09145600084353807,0.009278476652738258,0.00630758217768651,0.021311132996171767,0.9121883361399711,0.8273048476366546,0.984375,success,
PAT_1534_1809_366.png,0.6830434576380272,0.2336435638661021,0.45670179311125497,0.013610773944468519,0.054936769470768344,0.06007372102456214,0.012175151107867464,0.053603660561762634,0.06058402219782995,0.00936254120545412,0.11646872221048273,0.1265661229813862,0.7407333093201137,0.6982449434342959,0.8897058823529411,success,
PAT_2099_4562_100.png,0.6150202292823181,0.5305363045601382,0.5895694820073624,0.006051090166100384,0.13475829003051315,0.07539324797217446,0.0053066967446820336,0.12741617945398448,0.0683445085653852,0.0023238026300105396,0.03020055701987423,0.030182326335376874,0.85481833953749,0.8050869826093673,1.0,success,
PAT_352_729_947.png,0.6132436522368999,0.18743159947083315,0.38113528613042236,0.22079724346980142,0.0820281722506416,0.12132010976200433,0.1938038883997028,0.06456295935756791,0.11913754099545279,0.04594037401872176,0.00045389860869315957,0.1574747459415924,0.7469628334765998,0.6789660013229895,1.0,success,
PAT_126_190_376.png,0.6853801444087414,0.39376030735144046,0.56909535425637,0.014373676635108527,0.07168197802042704,0.04485467800386291,0.012360964015812877,0.062099126337826625,0.03608619915784027,0.01847351419641083,0.07410030049155364,0.008280238838010656,0.785766664812885,0.7264369728648276,1.0,success,
PAT_626_1187_34.png,0.654033058615197,0.4538771501930525,0.7105706531785999,0.009288124652442805,0.05066968001042836,0.08714827313459234,0.008591502254587002,0.039763748503319755,0.08531520925967283,0.014037535778829222,0.03765465233728965,0.11354819031152652,0.7025836165320876,0.5269827726377356,0.7595238095238095,success,
PAT_633_1199_745.png,0.7168084677263332,0.36750037539972036,0.6069428790616935,0.025323680014811882,0.15607193754939497,0.04797642055702675,0.023129609057659286,0.14761802956386347,0.034000123710515376,0.0024651926402068764,0.22504372805611578,0.03631975594649639,0.869466653536958,0.7864872235315552,1.0,success,
PAT_902_1718_852.png,0.619270626128892,0.6726044634439255,0.3305475458860128,0.017293517718397267,0.1758088654913986,0.15071142721860875,0.009239988932187476,0.14060879582130983,0.1574013235813441,0.015099949067597467,0.2038251752330445,0.2999380950755039,0.7689949952629713,0.6839621682066592,0.9971910112359551,success,
PAT_877_1667_118.png,0.6425280863160563,0.48556207221908637,0.5401525326645371,0.007688586633605143,0.08861985653863641,0.08921610176542805,0.005761078147053641,0.08427908277917949,0.08603888095874987,0.0010953918271773943,0.05559038088768653,0.09290425819339909,0.7284627931486011,0.7370479097229533,0.9334719334719335,success,
PAT_645_1222_860.png,0.6894111000571322,0.4229991117474711,0.44084954062761006,0.012283957248074389,0.07938337115534835,0.06502564955217846,0.010235891560677708,0.0686110387381771,0.050234206797568993,0.011840912821934068,0.03691939159649993,0.049364948924079166,0.8890839264883348,0.8297941916729153,1.0,success,
PAT_478_916_979.png,0.7051203684119159,0.1350318789040505,0.8488264616704535,0.04728735985495626,0.0636408772155799,0.03353352268247432,0.04176209872312175,0.04970638469837284,0.017108154195355142,0.06275378666736463,0.0215212319751079,0.010019701148707982,0.7221099269438875,0.6976337449605265,0.9575805184603299,success,
PAT_377_1580_429.png,0.6364423596430856,0.5034770456057047,0.6255920659375815,0.008702647444589026,0.07502456774050702,0.10886615049260061,0.0069361325789207605,0.05518015391089416,0.09684620049345814,0.009981417965415792,0.04644206945308149,0.100425127726671,0.7317801518806001,0.6015398419674263,0.8247422680412371,success,
PAT_873_1661_178.png,0.6085993375859443,0.31514200675331044,0.9650106206460193,0.01507624739627665,0.06593897016602862,0.02969468952222778,0.013338318539881206,0.06187947226465335,0.024988854380782684,0.038164837248515465,0.051325393881958115,0.0063527063197054146,0.7172550094017754,0.7845181012749544,0.9130434782608695,success,
PAT_565_1073_749.png,0.6520396684516072,0.5480816432731231,0.6522946005521747,0.007339901292596539,0.05800946907607248,0.02989775420773684,0.0064971224988758704,0.05874150760949106,0.024952286829178383,0.009494974885108023,0.06473281539632153,0.02671218806435205,0.5455761093962163,0.5818399319561989,0.7758389261744967,success,
PAT_386_784_470.png,0.6461329577801483,0.5996576644304424,0.549561993106568,0.007690504135047215,0.09564021077050196,0.07821880650607238,0.006216040086270306,0.08861284257311416,0.07790568020563013,0.012017740702093644,0.08185779813697858,0.08964634665496418,0.9208596843105441,0.8515167254321447,1.0,success,
PAT_1393_1355_316.png,0.7382027480270688,0.2322309628455719,0.6278024021278051,0.0663725043753342,0.09596006193630637,0.09272414009485896,0.05017905605347659,0.09021595426605288,0.09336732727331162,0.01657860022854057,0.017870999740451254,0.017220712699378304,0.8246017031718129,0.8415945080931713,0.9889135254988913,success,
PAT_108_161_878.png,0.7092809186411597,0.2865924396033046,0.5981936445728328,0.16320145670676217,0.18840886736309984,0.09749562574506022,0.1551557975513037,0.1763378301587763,0.08368220221047999,0.04322271423573941,0.2082403612844787,0.07105664979633897,0.8559441075366071,0.7385872475335646,0.9644351464435147,success,
PAT_1940_3902_876.png,0.6208535979005394,0.3930187941098227,0.7328818156685394,0.0043985085898053805,0.03196682753557772,0.05740445303631528,0.002663792639441704,0.036212798609164404,0.06194555854470662,0.00713461522209913,0.09142017819286768,0.12981176372400205,0.8597364798777076,0.8356464575615568,1.0,success,
PAT_545_1029_650.png,0.6726294310043479,0.2504071726268304,0.6168174364872651,0.015472757629236545,0.09746034912997723,0.04402958054459409,0.014205879144663402,0.09088045214146352,0.038378658543271896,0.015119606214313169,0.10646888697130241,0.03132402104127885,0.8041125897091768,0.7010957006959609,1.0,success,
PAT_704_1324_359.png,0.6463355467728895,0.23586646937046565,0.5848401699270477,0.020369914516739664,0.06839579643976722,0.08179582918429655,0.018153463486937325,0.06149681198376072,0.07907312094606787,0.009075898192838376,0.02192296954758219,0.067920070325039,0.8045025779460877,0.8092158734163812,0.8857142857142857,success,
PAT_2020_4176_865.png,0.6317626311795644,0.2202458179760998,0.5728237032190124,0.11238563849011861,0.11230281080881924,0.068642877765959,0.10234694345515535,0.10635634203481646,0.06810847037684956,0.013643879418366348,0.027063336572967056,0.047514618010649934,0.6632237131935208,0.5192230468379369,0.9633251833740831,success,
PAT_1138_520_154.png,0.6488752929446167,0.4121160848770509,0.4279311237488185,0.010614707585177973,0.08208606673785351,0.10053766992761552,0.009119878984872017,0.051511298517552345,0.08139081548429739,0.018391052569031292,0.12272741550201616,0.18465629532477112,0.8152684511395066,0.6656292572455657,1.0,success,
PAT_380_774_185.png,0.777528662836274,0.13939788304702413,0.4833795529474863,0.2945519051835629,0.11147335465729111,0.0948630765361561,0.30665134396882204,0.09651933657705705,0.07752223612122117,0.023605106874412248,0.03401372130212267,0.034035134010642676,0.881933949455509,0.7298178988389833,0.9734513274336283,success,
PAT_559_1093_774.png,0.6293093629390945,0.18082124495786736,0.5473317931604916,0.06580060315763706,0.08585516967785417,0.06249881565343925,0.033050537512905105,0.06844926963914848,0.04989532433152045,0.04595141913080707,0.01542626938231928,0.029534732582514156,0.8117260956813088,0.5194126610039064,0.9584717607973422,success,
PAT_2093_4542_192.png,0.6499126146899618,0.1953951142228689,0.8052586458563732,0.03466741015513573,0.04348802002946057,0.06089586956400109,0.03734985423012239,0.04335333056471841,0.053862777771581445,0.003938130090006177,0.04271072438659229,0.006166723857181644,0.3591612933884808,0.4536130029028397,0.6845794392523364,success,
PAT_1468_1622_219.png,0.6353248262980783,0.7984109156307526,0.4698999020636026,0.017801405904240862,0.197537116748978,0.09318824455879791,0.015304465744650147,0.17123685336732858,0.07699736130250638,0.009072505870065504,0.01775723518429906,0.03196722853433537,0.6214214174250516,0.5336280278243494,0.8974358974358975,success,
PAT_387_786_213.png,0.641705618450392,0.551588359909845,0.5912055639450395,0.013906257385615746,0.12568845401948653,0.10397509956776932,0.010957252804381304,0.12151701618267988,0.11342772336909199,0.014545522474283167,0.18703754599390293,0.05145063076832557,0.8874028164592733,0.7751840129918364,0.9777777777777777,success,
PAT_1975_3999_453.png,0.623693242944148,0.2839300404957153,0.303028739148309,0.011976538072636043,0.022265506231104522,0.03862469221725664,0.010601555047853642,0.014489498114304236,0.04428079909660848,0.019813488862146598,0.006349873476122425,0.09262836489267151,0.8549311890210431,0.7156640523887609,1.0,success,
PAT_1728_3234_404.png,0.6176714400524361,0.4947668269808778,0.7735276182322235,0.00866608482122513,0.041099745926365276,0.08626310717756099,0.007116310851240055,0.023972163593475797,0.07631209699253881,0.010920978941947527,0.025284400120988704,0.054374886604153794,0.5634226109494125,0.35032329657180206,0.9494252873563218,success,
PAT_1563_2426_436.png,0.6143451042574649,0.23529551912491722,0.6516872678603224,0.02767151488380386,0.05815509340451613,0.04825077438836687,0.023424053030160367,0.05997146534438724,0.03595025625096763,0.012975078469206695,0.10788430796210821,0.029302205597785513,0.6757832729744543,0.5228098372066988,1.0,success,
PAT_366_2448_563.png,0.7289564242800561,0.14004140058643388,0.5897879257030034,0.2225334067160637,0.06880773236672964,0.10170185623264838,0.2037733458503966,0.06386241852845355,0.08538572474868568,0.0510549704431142,0.03008710464977643,0.051198107929258496,0.7407041413841697,0.6533662053727148,0.9497206703910615,success,
PAT_711_1334_480.png,0.7727941158673963,0.2088735475615545,0.5858718151368033,0.11925069396455125,0.08489660029621744,0.08559375051872818,0.06581006081733094,0.07739111860166122,0.05688333554863115,0.11960843907410793,0.12412493202935199,0.07640670635333469,0.8618013507646434,0.7938696178674368,0.9642857142857143,success,
PAT_428_845_189.png,0.6743327238126551,0.2461251005083221,0.5828079108958867,0.13899922573292195,0.11717849751448922,0.07065107802088598,0.12026150712555356,0.0935961701382552,0.05297645187751696,0.024820119941474813,0.016810557267485426,0.025522999472585628,0.8893370185785145,0.8581315971148823,0.9981378026070763,success,
PAT_1186_681_457.png,0.5872688045526169,0.5205727270152067,0.6345085560877973,0.006705147788541477,0.09529046642280715,0.052076210028731244,0.005501996598907979,0.08763561716291567,0.04653180641729281,0.003713706066482953,0.00745632856175904,0.04299030527926295,0.755074926293037,0.7586180557398378,0.9535603715170279,success,
PAT_802_1516_510.png,0.6113781465215349,0.29984395118231943,0.5643623814908206,0.021435101094713225,0.07319981610232928,0.089103951611539,0.017084130372533802,0.05931763021021138,0.06980300941538305,0.013021068521837344,0.037291169433864846,0.02308507805575255,0.6090786954543732,0.6162296627043783,1.0,success,
PAT_2003_4107_766.png,0.6455326798404354,0.42810297598779323,0.7446756228301429,0.009208930719777346,0.056351721766179204,0.042869823555393524,0.008471023786818188,0.05023971542769236,0.03847593597607335,0.013829046775305897,0.06986940591382756,0.024249541059131463,0.7641010341563459,0.7972248724923467,1.0,success,
PAT_2116_4614_671.png,0.6905684228303108,0.22032886263182958,0.7157931355737536,0.0676172712652184,0.08562720649983839,0.05040455371734644,0.07511505474242065,0.0856209093642261,0.051513967675172044,0.01259111054332283,0.10385988931270032,0.058148324004973384,0.7176575476024896,0.7179867534231215,0.9988814317673378,success,
PAT_211_318_942.png,0.6987445776306201,0.23430432417458602,0.5973090707624826,0.02927774461217253,0.10294486678607083,0.0697993126307706,0.02723762912285644,0.09078278324425787,0.058412115772769266,0.020812527632097677,0.01821210057713285,0.0707625700150405,0.6536897967271378,0.6863595921770672,0.945054945054945,success,
PAT_316_674_318.png,0.6648786773964762,0.4130468247311377,0.49914310036346554,0.02144277803186139,0.1084551534459104,0.14552542417010228,0.018995647821673,0.07406629166852784,0.11655328933374118,0.025466691650336375,0.012240346651290035,0.02610903693209321,0.7165736775328286,0.5625522801985755,0.8613861386138614,success,
PAT_1351_1231_203.png,0.6296496858654069,0.18833835240580873,0.439279930402195,0.060674210419700454,0.07910786936615613,0.08951588482903874,0.036781206409220286,0.06482380348443034,0.0980387356304449,0.05176557179192195,0.06687985870101908,0.25928400627378406,0.7498858770537149,0.7227486208743272,1.0,success,
PAT_1113_458_387.png,0.1990815291989458,0.15437197617053705,0.4212495253819766,0.1656083642353143,0.06827737000606207,0.1805242004621205,0.15682629139928939,0.060188565554525265,0.1729286183334418,0.2604309052437515,0.051532219578244956,0.020826868070013216,0.8891510245682203,0.8615624071655942,1.0,success,
PAT_1698_3122_83.png,0.6359625179396928,0.4893034053659407,0.6889434649997289,0.006492367120245045,0.05783045150202221,0.09360184441525267,0.005466050338248994,0.05858565034997586,0.12945123706173425,0.012632033061531208,0.17526235203275797,0.33166273054347284,0.825831013618938,0.7355684629961016,0.9942857142857143,success,
PAT_2085_4506_726.png,0.6899771498267986,0.10478934607681226,0.5370294658500808,0.03080939509378677,0.022149383747434834,0.0632920565026123,0.026419100454334692,0.019560834715686707,0.06282925628109158,0.030612614203795057,0.04288201433677679,0.10041666208841238,0.8424323837908817,0.8362058502015366,1.0,success,
PAT_1243_837_806.png,0.648865560647455,0.2930306863325326,0.5173455121072125,0.036099679044103786,0.09608525681000826,0.07712525659465613,0.027595392590859493,0.0903490031811743,0.06735205494665554,0.003525334835065842,0.10546176983996758,0.0035418348730789084,0.8358387693153737,0.7769655203280708,1.0,success,
PAT_688_1305_242.png,0.6393487584789901,0.36269716100510213,0.6913375050395674,0.017266776204081787,0.09585477307830624,0.05878661283004185,0.01344252577804429,0.07426833702707325,0.022003477176036595,0.013187770353974946,0.05304525529899945,0.01263418475994793,0.8778077763771164,0.8716922233829723,0.9956896551724138,success,
PAT_67_104_695.png,0.016696710272400602,0.26247331864085083,0.3708451960941958,0.35814986819446504,0.14737490300297074,0.1232447458300341,0.3825598097074325,0.12953223403770242,0.11327108108893906,0.4008550589464043,0.0864234275184487,0.09346517171951241,0.8314037568131041,0.7911643873100764,0.9863013698630136,success,
PAT_2108_4596_837.png,0.6314854387944729,0.6824904174385144,0.36512966546982145,0.006680362513617933,0.1280146977131972,0.09823001650840309,0.005530311128613722,0.11889798144822765,0.09727776503948049,0.008565599329125304,0.01615047459942165,0.05744756890313929,0.7336512495032879,0.6366428784649634,0.959114139693356,success,
PAT_471_909_353.png,0.08085164396415286,0.09459805189118005,0.4644468946378946,0.26554597151821124,0.04623286844141114,0.1420382422931499,0.2753087304242508,0.03306358788627877,0.1574805471214665,0.4435493359103303,0.013135161905069442,0.31104481425924907,0.6525622187325069,0.5136147210732903,0.9844020797227037,success,
PAT_621_3592_955.png,0.6217285185442417,0.44482388940266904,0.3870802762789128,0.008705633032551414,0.0870608190665767,0.1085995056363757,0.009453175623547028,0.08628091265746292,0.12820751081673995,0.014242922983101636,0.2000905341291561,0.25820463603191274,0.9184199105829086,0.8479252729522364,1.0,success,
PAT_1118_470_710.png,0.6023762061537,0.3377117498844802,0.6544381380831568,0.006065147615890983,0.055397639961744696,0.06282822476501713,0.0037201304521893735,0.05236868445144685,0.057820095725548644,0.00805435170423547,0.025410946990093275,0.03811949925871738,0.7450072218999853,0.7717227701666572,0.8688524590163934,success,
PAT_1286_999_846.png,0.2662616032834115,0.09377541756015485,0.3505325451818891,0.1578675281935523,0.04867921533567611,0.05410137258348302,0.16577064838328198,0.051938019221196875,0.05979328258341385,0.30568764046062014,0.15508890720768737,0.09495964465454604,0.8840209391519802,0.8110451488708778,0.9934924078091106,success,
PAT_456_888_961.png,0.779694485232136,0.19456684601035276,0.5677866949777769,0.04722251717946424,0.05799167323172833,0.06245653587727807,0.04455797902811824,0.05541662309887879,0.044024394507514275,0.022324498645749695,0.09202063325122048,0.013969781709401996,0.7950414909053819,0.6959639378328256,0.9817708333333334,success,
PAT_316_1457_353.png,0.4781812688439359,0.16235107483544825,0.6066605849691974,0.14331818940570354,0.10141883355551072,0.12576896677204852,0.16012097106548964,0.10129788871382814,0.12443697979322683,0.3752918125160878,0.011132913152170298,0.024133062332235666,0.7902140550324908,0.6822515673053031,0.983957219251337,success,
PAT_177_274_865.png,0.7135278723060352,0.2932685438516492,0.6253212874297006,0.07468820878905265,0.09554782963301499,0.07137814493014406,0.05187438936827499,0.0912574084615067,0.06622001722888149,0.03542016313599545,0.1267092793966567,0.011733519751574106,0.8190563118671785,0.7786135754855904,0.9957805907172996,success,
PAT_330_1437_458.png,0.6547964666602198,0.31841901884671453,0.6792643064989508,0.019732058858595795,0.08144993269512706,0.08213001098910942,0.014143266713657144,0.05826826027375657,0.06366510143680487,0.025631760326269258,0.0007188478444237201,0.04248002680379315,0.763237454418668,0.6230008853486602,0.9656419529837251,success,
PAT_615_1167_722.png,0.6212213323058587,0.3250365618727748,0.42702008920404777,0.028084685191951585,0.12308202452474361,0.14021296094029995,0.012300001504453406,0.10617062529114489,0.14082893103841765,0.01747790819748845,0.02638339278853391,0.22103140738883953,0.883219051599806,0.7716538042585366,0.9539295392953929,success,
PAT_1340_1207_304.png,0.6896201462553645,0.10526776611491029,0.6118409153262273,0.11137008780727949,0.04409321574631485,0.09454864517097455,0.09357940503564671,0.0372392188209155,0.06378952793437632,0.0035720044938574664,0.04277051471983198,0.05396158596200651,0.8287176502561997,0.7766531487749585,1.0,success,
PAT_988_1858_453.png,0.7015424449163523,0.387709150818888,0.748083651469924,0.08151355549775083,0.157210298585308,0.09223092457701124,0.06524318022216667,0.15000788166775245,0.08940004495578853,0.06102973875120152,0.013482982364084739,0.09770213093718261,0.8395272962610791,0.8525502047802076,0.9887640449438202,success,
PAT_2024_4225_170.png,0.6577154911431771,0.23393254901960783,0.7625411764705883,0.014522426080351012,0.12152982632910203,0.11461832730187363,0.009891728934450167,0.10014268308482559,0.09651738736215797,0.012462975415334575,0.16931887813353189,0.1107417225117896,0.7416383314443185,0.8143201748682763,1.0,success,
PAT_947_1798_946.png,0.678766817636406,0.10205475685420723,0.6105879332994428,0.09418851764010032,0.04777345595965744,0.05585016325870368,0.06437709677863819,0.04250123756221715,0.03935426479514412,0.04457274122940831,0.002686577193441911,0.007290334962612888,0.6876183103842667,0.6428945724356308,0.8401305057096248,success,
PAT_782_1492_890.png,0.6345249645958212,0.3565862535883062,0.4450601021651505,0.07418727182566018,0.158715508735152,0.1261567526532775,0.056685429581040246,0.1481792113713136,0.12161763668216762,0.076172305873527,0.23337463063600397,0.13899030658571437,0.9014767893918902,0.8585368636818385,0.9978991596638656,success,
PAT_299_1452_1.png,0.6452186674096808,0.2825879799331292,0.6372067329390643,0.019614968377027527,0.07740685538325408,0.05854843260672275,0.01604571114093125,0.06904954505713307,0.05922355649910866,0.01740356208464367,0.039676205227308636,0.019983294378528083,0.7241430951784423,0.4375558748466495,0.9866017052375152,success,
PAT_874_1672_287.png,0.6767586946982407,0.4582586433303447,0.6809566019449423,0.01021193998030027,0.06843740974561324,0.05294703740346475,0.0081732385197675,0.05962824812047161,0.048503876150030094,0.007797519203353274,0.02129707218503263,0.002290438850491072,0.8304821831064828,0.7640140417024135,1.0,success,
PAT_351_728_683.png,0.6522786437793919,0.4778965820998123,0.9058756106534009,0.009090515166497228,0.0944532280533136,0.057950454117881106,0.008730170766462793,0.08273764764210026,0.04438068721572482,0.016362125931772515,0.07280021664164382,0.03203703277517822,0.9051924621397114,0.851567713331944,0.9915966386554622,success,
PAT_402_803_739.png,0.632482034275528,0.44921799723639516,0.8359506886570923,0.01833751915563374,0.0825686449490186,0.06677989798014212,0.01699340650169324,0.06296245358603068,0.042784259193900484,0.02542697230428672,0.009057857638263778,0.025942183052189982,0.6292634818194749,0.4906461031311504,0.827930174563591,success,
PAT_1179_641_735.png,0.5433568916864425,0.18716534870299786,0.6264913364290279,0.027727402637721034,0.06557626888652635,0.0796878719004476,0.02175524751655321,0.0626035938195283,0.0782869900493357,0.030660526033337337,0.08209652545702231,0.006824217860558979,0.8950291522562095,0.7538912680745846,0.8603351955307262,success,
PAT_282_433_934.png,0.6737670744384338,0.3167407443620152,0.6067674014685173,0.03550932880872394,0.16434023923208507,0.13129339500025636,0.02149919968733962,0.1377150632982557,0.10807431388857446,0.010887697037018758,0.14846681959503408,0.11453352036303532,0.7398917141821268,0.6004602213460565,0.972972972972973,success,
PAT_156_241_538.png,0.6414893499152451,0.21003610645902035,0.610735071105049,0.02282435433722048,0.07616192922507994,0.038493455324636675,0.020201263125037953,0.06311940754120648,0.03057812547374817,0.016501547457739543,0.029328391613350602,0.038999328561273305,0.47124463717057313,0.5802709241825068,0.92,success,
PAT_1153_555_98.png,0.713190750066479,0.32862524140656374,0.5381281085410651,0.03470600181308941,0.09232934920844396,0.03985614940624739,0.03612693792917862,0.09290648278297432,0.039171154559361605,0.1057473071704774,0.14338973962129206,0.05177388573802688,0.8572806485051014,0.8491692481860463,1.0,success,
PAT_660_1249_469.png,0.6374766435044087,0.4477715021692945,0.9023617724085797,0.024976986358786056,0.094543165939246,0.04063146661591442,0.009719796083742606,0.09064099523104135,0.03190840515361621,0.005388494765268505,0.06971538552838963,0.012590860842224716,0.9292506108601137,0.86758343829715,1.0,success,
PAT_762_1436_414.png,0.7047603825069018,0.2973019730386525,0.5095604566903734,0.04113083466105363,0.15755781453658907,0.09077221428037734,0.03855091545534207,0.14557455638012376,0.07455818017928113,0.00974227540795738,0.10696012078421399,0.044159303667572924,0.665021910078812,0.748811716431716,0.9455445544554455,success,
PAT_1373_1283_85.png,0.6865087834571658,0.33228949969754645,0.5615891352778885,0.02582569535620305,0.0973872798464887,0.11625095707543584,0.023583752801191894,0.09123912745460017,0.11489093889858315,0.05010138480137785,0.026308850369905157,0.020026011509477026,0.8690882398688575,0.7865633287151063,1.0,success,
PAT_1689_3077_411.png,0.6553777567500854,0.1901452488664115,0.6261481497207605,0.044204134253102136,0.07535672917493079,0.14331146982304346,0.05056733196014848,0.07784690174115574,0.1313059069182583,0.1328163685271457,0.14933277386231078,0.20797731172427436,0.8293410124447866,0.7332909250627956,1.0,success,
PAT_669_1265_76.png,0.8275156242271551,0.1504256574183124,0.611975312865216,0.17500859419193568,0.0485424887520783,0.08015544192851859,0.13602040047666106,0.03813123186630739,0.060264436750689716,0.019735381213633867,0.024734187107522787,0.0025915953957224014,0.8565798715960357,0.8367799033267286,0.9975247524752475,success,
PAT_861_1639_823.png,0.7107103920898378,0.39041660540917283,0.6745691556267049,0.029345539741590935,0.13741977986349477,0.09738104868463948,0.020448175397603987,0.12449677676485348,0.07674534828569587,0.012123221883134189,0.15427739961222775,0.0015984909738653297,0.8330093829100935,0.8272427122630226,1.0,success,
PAT_261_401_911.png,0.6832637331940801,0.2852770831679501,0.4728295096716149,0.03499740774995324,0.06463405136244708,0.060769537832787185,0.030621223091051693,0.05674536686500276,0.060852971359510545,0.002204785221620319,0.03656175120160779,0.013419460636627967,0.5675619287895586,0.3957592657715776,0.9077380952380952,success,
PAT_110_165_583.png,0.6327619456565157,0.22593567475748663,0.6062388970782779,0.061039778296143245,0.07865475895140074,0.03144345602920752,0.04179838787277681,0.071699650033827,0.026461102736246116,0.01817735599167918,0.07443812087358512,0.023065803276241748,0.8292048935984719,0.8129695276359608,1.0,success,
PAT_2017_4164_500.png,0.6358346072526808,0.45258896780860447,0.6328946094782143,0.012803796763272151,0.11952159785182552,0.07448671847180105,0.012243002590406775,0.12277352419496508,0.06916991633024194,0.015463462312085991,0.21908029334417903,0.06173410164490878,0.8408951648974585,0.7430421287253026,1.0,success,
PAT_197_301_449.png,0.6377457571956962,0.3895064489674197,0.43743072640970204,0.022962756292837873,0.11432668740192976,0.07070196552670556,0.014871979818983647,0.10160417979639409,0.05252944691014002,0.005475176554919791,0.14320194291302943,0.06393895532125804,0.7352453656533706,0.8381958101126554,0.9797979797979798,success,
PAT_486_929_274.png,0.6599398194639764,0.392791439442482,0.4310982707764098,0.018134890856166513,0.09927353341706056,0.09580959479111059,0.017821191310854644,0.10373291904006587,0.09037721008826907,0.025711506151077795,0.212340680055209,0.12625584788509775,0.6408927744672723,0.465895962856391,0.9472913616398243,success,
PAT_955_1810_892.png,0.6376105477553525,0.39490966963830554,0.5647978912554242,0.019571143713581967,0.09909820948825622,0.10888534709636234,0.01678497888715602,0.08318362115867747,0.08704109452270797,0.0001203860754278215,0.009110626051618609,0.04139276110614931,0.8928589828312277,0.8453138568851014,1.0,success,
PAT_481_923_186.png,0.6853653539621704,0.30272638500581067,0.8058946055225726,0.024163835875821743,0.08722633975606245,0.03798945735354991,0.022517062204191984,0.08503243623939524,0.02858463881419313,0.02605210113795222,0.05434180390064133,0.015377432744370423,0.7684517168228674,0.6994103510515939,0.9879032258064516,success,
PAT_938_1790_977.png,0.6621067281371636,0.24881250426078594,0.4399119868544468,0.16265787837002563,0.11963785793794424,0.16066190646602607,0.1819476613725691,0.10043861456141648,0.1469078336793428,0.03797889460777881,0.004856465795153531,0.039402996789553724,0.6241472368266174,0.6774387024900724,1.0,success,
PAT_645_1223_443.png,0.6976860898253539,0.4022808557830045,0.32240777536466275,0.03904677881819603,0.1018071239053427,0.11339272171369345,0.03217457363651648,0.08917894373406009,0.10833275862279236,0.033797891315686474,0.0012665745113253912,0.14933029766039924,0.7844721354445718,0.7630988298752163,0.9245283018867925,success,
PAT_86_1082_220.png,0.6589090737934573,0.2463427980026327,0.5952467161318362,0.018077442673551283,0.06883101647178934,0.0965566696973238,0.01159313314603326,0.06598153422600345,0.08772058170740507,0.029028771449080733,0.012698189110723346,0.08027410409184588,0.5394105876545054,0.357752886392226,1.0,success,
PAT_477_915_389.png,0.6749503555339629,0.27218146573372914,0.56931774105577,0.07283602708645277,0.1012863866442978,0.06636971079922095,0.04384818192634224,0.09001542017128902,0.04089181562917643,0.029076101226988192,0.09845286729303188,0.01061828240837448,0.879935963985645,0.8418149026758294,1.0,success,
PAT_1946_3924_24.png,0.6070959349349327,0.38106126511221616,0.7696176882292081,0.0051175000199851104,0.05451274985346045,0.03045560576014958,0.004369783917897406,0.05498132559040663,0.029143239530714033,0.008361069668656521,0.13118168926289486,0.05288462899627677,0.8336135186120286,0.7819214727145851,0.9710982658959537,success,
PAT_1931_3879_727.png,0.6455229769278584,0.20949261508082123,0.5925853564187005,0.02651785656302516,0.06304620150359207,0.059953126680215914,0.02023146975955442,0.053124340576773524,0.05705849038383984,0.025978082009686668,0.007277842361446379,0.06112519873400535,0.8434383955254138,0.8006745478752414,0.9601990049751243,success,
PAT_904_1736_851.png,0.6621201059703614,0.2139444502077126,0.45338093993642414,0.0809006747201592,0.09655337400099318,0.05616647251993504,0.07671073216287606,0.08716901972698293,0.0596244068390173,0.03810756717336056,0.08007958725330758,0.08563533239990329,0.9350554970823326,0.8468625718919323,0.9852941176470589,success,
PAT_32_44_211.png,0.6482654038964277,0.3550280847979706,0.8392425690454959,0.009320752553501474,0.08204211220630787,0.058794576702620914,0.008158418284060321,0.08049070280537361,0.05664089161919145,0.013151029260990536,0.027518676470769277,0.008458677207530463,0.8466866384604373,0.8356007393746705,1.0,success,
PAT_815_1536_963.png,0.6459301806128159,0.42498792036790545,0.9196977656301224,0.015306165868961765,0.07070995022426524,0.047268192500802636,0.014458402967683833,0.06424785839228395,0.044399516638946875,0.016979712483993756,0.03717999522983051,0.000582409770681469,0.8020802215100298,0.8014671202983116,0.9751552795031055,success,
PAT_303_652_342.png,0.6079068962166309,0.26550420213276155,0.6808298762683457,0.06106854200041579,0.12397615145919828,0.1053139585353659,0.05016743360838055,0.11736410378821915,0.10012113279230225,0.0071619785778749825,0.0791104202229248,0.03036232508243919,0.8906051440947254,0.7573538055524539,0.9591194968553459,success,
PAT_330_695_296.png,0.6301404927350096,0.4426680340412305,0.7940866705258142,0.011009287973704372,0.09359314536909735,0.04885513578476023,0.00781804861367792,0.08635270005446184,0.045676852996985914,0.002893214737128444,0.026370496356863005,0.040597076528676834,0.8332057550371654,0.8564872222898062,1.0,success,
PAT_363_746_18.png,0.6696773701266755,0.1958847895413404,0.6603802382437615,0.01636155452176224,0.06371420170520843,0.028902046622980848,0.015094036475125826,0.062394343872869566,0.02215309439946687,0.001717194093628649,0.00515343869959628,0.01901699942305335,0.8059976667085867,0.7722557755543966,1.0,success,
PAT_645_4042_489.png,0.6630090070654051,0.3521476787092886,0.5342235591780117,0.02444883970730978,0.12508158492404695,0.08897780402231954,0.012427234825623006,0.09808960395385034,0.07210167316026266,0.00513176187933158,0.04629460561263937,0.023794184622276227,0.5470041212014105,0.4349623536918966,0.925,success,
PAT_388_1590_328.png,0.6400155608712516,0.4061957137235707,0.9061110151353737,0.009638311535940433,0.05393807516200849,0.04909584381797907,0.009323197762286815,0.04267609635779461,0.02977656547584037,0.017338622407147695,0.02191278589275253,0.0002533881265001092,0.5850434117363714,0.4344575373668254,0.9211822660098522,success,
PAT_747_1410_622.png,0.6887538486999968,0.24820858154191489,0.7902890138184256,0.04456699027739263,0.08257291716899717,0.08926581520128361,0.029593826999933813,0.07386362072114337,0.07093054252914685,0.04892605576351051,0.05939930172395225,0.012271467582740336,0.8290465933760198,0.7700349605286749,0.9924242424242424,success,
PAT_983_1853_985.png,0.557509512896114,0.4232469809115699,0.47253871791542224,0.016635231668308603,0.12035135055185862,0.13057543610984604,0.014781443969995981,0.09966656306219601,0.12137989985827906,0.04720549879539699,0.12265148164771722,0.10343533654972537,0.8974808542569483,0.7564925076302736,0.9829059829059829,success,
PAT_1450_1556_114.png,0.653936314725045,0.3210443668392225,0.6214236493642941,0.02651842342107944,0.09038539523377913,0.08268190949962624,0.012304733203914456,0.07404371781903087,0.03516125560723685,0.0026610096932845944,0.03738518113349254,0.0015500212577107542,0.8357456247970603,0.7872822062866516,0.9891696750902527,success,
PAT_451_878_890.png,0.6296236042460344,0.39345585410243833,0.7863000349641517,0.01345691102848072,0.0555145768037002,0.05209211018290033,0.012938266792451969,0.04509371320877182,0.03015235273775348,0.02033576803176192,0.012331766461476101,0.014582777775326572,0.4992576238107452,0.5194710539363033,0.975103734439834,success,
PAT_691_3994_791.png,0.5174865022343299,0.1835361077294752,0.6415421562439546,0.08016109950234764,0.11020372785439203,0.10032880933679188,0.071782107191603,0.09816958129456997,0.08955548619466175,0.11604280946675706,0.0029893961691679904,0.04615188348386279,0.700742976472972,0.49874938989796064,0.8654205607476636,success,
PAT_1918_3836_82.png,0.6573939406100221,0.20040064441627525,0.5747697250273872,0.021688583276954183,0.05475532859599442,0.03536669277969469,0.017563871212822213,0.051892633978906776,0.03028328888291008,0.02315329098469295,0.039757151080819925,0.011066554718007104,0.8523849115239326,0.6965019911920286,0.970703125,success,
PAT_430_848_550.png,0.6714332454045541,0.2698746524444419,0.6528082679217702,0.02484539733109096,0.07086278592565783,0.0579660680197874,0.021568143233798534,0.06326275141632476,0.04721242159941183,0.002237429379545198,0.07580231647332794,0.027580355147306057,0.7482774531179169,0.7533181073278814,0.9883720930232558,success,
PAT_1184_676_303.png,0.6423437778551991,0.21656512365929756,0.6973134621478912,0.010280416363826763,0.04168385946104612,0.044179773044794854,0.008963118361679472,0.0403923239064644,0.03877399532746189,0.015707306514024803,0.06790727289426055,0.041624351060418285,0.8557996441525503,0.81111811521215,0.9934640522875817,success,
PAT_2161_4818_501.png,0.6040644508517522,0.6476369001984007,0.4255684005255339,0.00768011685252809,0.09295817557027007,0.09141750210587413,0.005560713314854492,0.07396690249019026,0.11315853845521374,0.007465796914103685,0.13359853929025367,0.30201271435719435,0.8624975078509158,0.7374198199701436,1.0,success,
PAT_876_1666_961.png,0.6830943366068841,0.46833839324152815,0.4688179718993386,0.043629041666572874,0.19893420803263465,0.09208490752575584,0.04484230259515368,0.19892691519817637,0.0898033575993654,0.027344060625865533,0.26670512940704183,0.102165727387582,0.8756583279234551,0.7732178114350357,0.9920477137176938,success,
PAT_1790_3427_723.png,0.6217889727609539,0.5186473370535665,0.5580127125878718,0.004953203587554438,0.04816414932312121,0.04608119244262893,0.002881673369542744,0.03628623602968275,0.03330285489304487,0.004197182451003003,0.002256267807292378,0.017408980301178545,0.812169061141746,0.7792663979777078,0.9861495844875346,success,
PAT_1453_1566_310.png,0.6148614804690172,0.5213111755913128,0.5637991734810516,0.005790765447667171,0.0830338116192923,0.0657362375191354,0.004047545849319766,0.06887959874715029,0.06072257612996752,0.009474380689643722,0.05148459583422349,0.09433237698261687,0.7710527672562625,0.574017916790615,0.9940119760479041,success,
PAT_1176_631_36.png,0.662551371755259,0.2592777513199064,0.6490160232283042,0.004799080329040171,0.01733185670906211,0.021187430869681816,0.003980085345838623,0.016131495355886285,0.018405973065839108,0.00011403614713935263,0.011846664111502203,0.005157449755996857,0.8711187974408514,0.8518896007682845,1.0,success,
PAT_523_988_900.png,0.5985102458228381,0.4858044956317385,0.47974812981002096,0.005186086901400994,0.02787979282224694,0.019517496778572202,0.0022526783057097537,0.022236707226541353,0.01605239019854157,0.0021323403651519377,0.03291876550421191,0.026839903861031023,0.8575539568345323,0.8295319944067976,1.0,success,
PAT_1545_1865_519.png,0.628553106943132,0.6091214110866823,0.7611083691040617,0.007549885410689753,0.05674909591250935,0.050615227448497335,0.006272698026019258,0.04962980504709173,0.04145286530781434,0.004180983344506868,0.018817449496921324,0.009956424267355102,0.8867073745759102,0.8368842739128637,1.0,success,
PAT_637_1217_274.png,0.6544063974222429,0.3198497682097108,0.623080362906319,0.01476833002276828,0.0680717029454909,0.1303296658286535,0.012428617595463907,0.05881408130197428,0.11219087602266299,0.015953455145501592,0.07286219230879398,0.032938881664532405,0.8729376892913121,0.759542224487092,1.0,success,
PAT_887_1688_436.png,0.6533826313101141,0.35255267783427985,0.37964222044322166,0.016304259445893535,0.09327142181714218,0.05295489895527364,0.014884041750064029,0.08007065571759449,0.04795108859745887,0.02068865454267426,0.007694167736843394,0.03986603728381999,0.6806091885887244,0.3580245490367936,0.9203187250996016,success,
PAT_1469_1627_109.png,0.6321730686915822,0.4137699744029424,0.7950039584908741,0.009517687447457604,0.05486129674891475,0.042644094065570896,0.007949325650219951,0.043731684545061184,0.0280674617411589,0.012155333665150812,0.020098707784454495,0.017178310188561197,0.8280334837993599,0.694236692493595,0.8938679245283019,success,
PAT_447_873_329.png,0.6416277167937033,0.31698647373387856,0.6622546435159136,0.03260301302265049,0.07850810616029569,0.03682989630704131,0.03389781379459241,0.08369599696004672,0.03701486482276039,0.0777135051361931,0.10701932259721511,0.006979835085961561,0.7215124194329902,0.7855681711735514,0.9951219512195122,success,
PAT_1840_3612_959.png,0.6245247630609324,0.45254788144925767,0.7455339611574568,0.006175403210414844,0.022024826594629753,0.01832003356291755,0.004709023559221275,0.01600952489136083,0.013784250962593328,0.0051419515890869785,0.009745548953925764,0.008970835618497763,0.792186762500932,0.6779768378532134,1.0,success,
PAT_1587_2625_226.png,0.6653530358608266,0.2676795549048843,0.580349428451275,0.02918613216382826,0.05381584855444586,0.0890411473202309,0.026831865281308237,0.05056952324065101,0.08547009206276149,0.04390294204329111,0.08260884112031214,0.11224316414131763,0.8001707253248826,0.7970655427677458,1.0,success,
PAT_897_1710_793.png,0.6615936708827774,0.5718141302174099,0.6132709894707438,0.008980716018114183,0.05022261549172855,0.03327266067278316,0.008033813909663443,0.04837724172538271,0.03223161167444545,0.009818672198691855,0.05484078180180596,0.008989086992445938,0.7734205894283412,0.6475891046289749,0.9885321100917431,success,
PAT_931_1761_380.png,0.5973052257991383,0.35141501070634606,0.7766028832121766,0.009430918868977662,0.04031014032498977,0.051339738491394685,0.008061456026772327,0.03967512617641458,0.051464138783825546,0.0015633260210449861,0.012392990035321794,0.06539071985983802,0.9174108599034998,0.837247360944118,0.9839357429718876,success,
PAT_1937_3897_131.png,0.5747210720658851,0.31843398508085985,0.669959248461674,0.02076583262446425,0.060920665270532685,0.0818723498040049,0.01787026198450026,0.054709968383829424,0.07408598694390375,0.01025108739703021,0.03788842615000482,0.02305320302370306,0.7391823143571341,0.798426722282199,0.994413407821229,success,
PAT_691_1311_890.png,0.516378315088585,0.1838917914567126,0.6423409739794504,0.0800188015175512,0.10908056705602147,0.09823569784687178,0.06880010312953518,0.09700680376570074,0.09272782108296707,0.11129375123676478,0.00707803125645165,0.050538326844373094,0.748129032643478,0.49403445613500047,0.8403041825095057,success,
PAT_359_1596_68.png,0.5328486039052552,0.25385439148557587,0.5753342462576081,0.11584309600604609,0.162160580231095,0.08019096394477475,0.1300900739882453,0.16332721954159513,0.07393138218704604,0.19119585740049558,0.03471683106352169,0.0012747207594102639,0.8833935723593063,0.8451027190353078,1.0,success,
PAT_1528_1795_12.png,0.6283930668341843,0.4972138935363876,0.7868971519268867,0.012192780152264916,0.06504884545769332,0.05234456116269395,0.01079407727303337,0.06031545860934192,0.03793720495657518,0.014749567862006548,0.013951008580145197,0.01957146306148161,0.643508381964331,0.622491433424798,0.9901574803149606,success,
PAT_270_417_257.png,0.629676681796655,0.4624415503908085,0.36535582647109655,0.012231127031820107,0.08731346474907575,0.11530167633438144,0.010278051503655052,0.07541113057222971,0.11772333181807558,0.01261484884713416,0.029568390973351566,0.17758785674825672,0.6638415897866525,0.5186908633666397,0.9951573849878934,success,
PAT_1998_4095_438.png,0.6640101354395331,0.3521604373185468,0.8546068405129948,0.012719966441523008,0.048203521348211494,0.05387417958377589,0.011913216802003428,0.041279878548283314,0.03980609743814978,0.019158509498012597,0.005707656256999816,0.011264738339863967,0.6306071623793996,0.7061305462669328,0.965034965034965,success,
PAT_894_1680_410.png,0.656872067072784,0.3901449237982243,0.5383265700316958,0.013905319837529564,0.13490349128073884,0.07691709684621377,0.013012788498820075,0.12988627784711856,0.07149896672730274,0.004247065366912671,0.0646957115663026,0.04060890382939242,0.8759538920171597,0.8481720020002059,0.9752475247524752,success,
PAT_827_1601_859.png,0.6541031431822733,0.4283853712425141,0.5688044692846613,0.0067592271023573566,0.04080798827867393,0.028971971376990372,0.006006745480713331,0.03728643079286152,0.025592051140671947,0.009315910174101166,0.05412142044793872,0.024979543072177535,0.6991948189251886,0.6370927744982552,0.9742268041237113,success,
PAT_1390_1346_709.png,0.8132890152737471,0.15020215357720704,0.6726520491218935,0.27686288288606825,0.09661864644852376,0.07135350107798673,0.25914116778780655,0.09268569965399376,0.06260503939585235,0.08229423194738862,0.06382641839055986,0.04996809584857265,0.7681518624084163,0.7843027195346564,0.9239766081871345,success,
PAT_1433_1499_29.png,0.6130895589738137,0.2779839172988838,0.6088637101295329,0.027046907736173756,0.09661587563809088,0.08802190086011345,0.023438888855677794,0.09099211816620194,0.07611549548453277,0.003684062002936391,0.06757790621059462,0.021203827470945957,0.8988845179312848,0.7936093452257397,1.0,success,
PAT_801_1518_574.png,0.6680042298341275,0.11173462152426511,0.40804279678896394,0.16959913156531506,0.0763109062425806,0.18015095285030117,0.13503581662074166,0.07128013584817372,0.17864241559031985,0.05751723445374045,0.018592248927813207,0.07953335492113656,0.5146533863499523,0.508014372740137,0.9401544401544402,success,
PAT_1777_3370_697.png,0.6373798309883276,0.23572665726474612,0.5350591337222921,0.016605500694451707,0.09441639395732578,0.0516623314773679,0.015600970156406048,0.09029480598039676,0.049679859264606455,0.030368518539101153,0.07372463111346764,0.039383506204568874,0.8609672659127328,0.7843979952224084,0.9846491228070176,success,
PAT_782_1494_418.png,0.6554580694085503,0.5657267965792115,0.545892150814675,0.008436787309996438,0.10469446285706734,0.05070004041157982,0.006953157491491804,0.09350534668428263,0.04183470701711592,0.013655295942692507,0.006524567674494941,0.0014740019707326635,0.7184631369831285,0.656092589502788,0.9225352112676056,success,
PAT_236_1071_810.png,0.6283676106154936,0.5517192867559889,0.6440808084483213,0.01572463938938968,0.09858795078065333,0.13540836087227107,0.01687977199242948,0.08085523764100254,0.14264482964671116,0.02262280336731245,0.032210676666689086,0.18285191322050537,0.9117717509658427,0.7481347479175938,0.9306930693069307,success,
PAT_1550_1888_216.png,0.6035325416232505,0.4062162936477922,0.5684087965987096,0.006077139982315984,0.06003637242020127,0.049086151947131076,0.003943751009134745,0.05225629528797867,0.03807283141569568,0.009418142484074821,0.09609878050707776,0.05214093723904856,0.8427789961221295,0.7813761317223438,1.0,success,
PAT_457_889_346.png,0.6662807702261098,0.4760188089275499,0.6510297035419776,0.013821282062037529,0.11825662738919755,0.0803444963255301,0.011226951673726284,0.10583065820072057,0.07233467804970888,0.010222553224073828,0.05808265032762383,0.007079938399204733,0.9414002832205463,0.852789986576679,1.0,success,
PAT_2081_4488_57.png,0.6242203153256713,0.31725607292312374,0.5366269274604583,0.009388451236829642,0.06343920735660627,0.06792384404379607,0.01020346756078291,0.057419589186523096,0.044843091307310914,9.271912615468459e-05,0.040626966219185545,0.03418813017469757,0.6298790990532792,0.5842434017528388,0.9010356731875719,success,
PAT_1364_1246_583.png,0.5822182494809138,0.483500272641735,0.6630165356782243,0.007079672929558054,0.047814903456698823,0.03813019396941744,0.006469720409589077,0.043757910800347445,0.024880988962332214,0.014215434492446298,0.16095522392516887,0.06294765942211389,0.541578283059053,0.7094940300211956,0.922077922077922,success,
PAT_701_1321_156.png,0.07438149046520345,0.06923915024003152,0.3896138795615598,0.2760348964684673,0.04972324255759135,0.15070591537085307,0.3233133709567812,0.03785040233078321,0.10492886550532178,0.3756876907153843,0.0009329316868439547,0.15654802618723418,0.927103392717385,0.817502124616732,0.9285714285714286,success,
PAT_891_1700_180.png,0.5486201972569723,0.3440537962918061,0.7423985257746957,0.02037170050035739,0.07705136997908112,0.11198766799881849,0.019800217008168128,0.07644344463876351,0.11362496984746807,0.04775682022190664,0.09216474798955837,0.05057732310144014,0.7873792059611131,0.7917975804672084,0.9850746268656716,success,
PAT_940_1775_513.png,0.6858876943297004,0.33594710954693396,0.6471536113502044,0.020361227379657034,0.07498391535221924,0.045631716897294186,0.01815057243777956,0.06948354887406619,0.03571695438399784,0.034457277997395785,0.00938975745895726,0.0013927015504832108,0.5654102306201058,0.5266073047709794,0.9810725552050473,success,
PAT_306_1646_971.png,0.6169534321353863,0.5117684558354785,0.4831788132060114,0.008565906894895128,0.08489060918959729,0.0830332191502034,0.007283149382827793,0.05990928293902577,0.06504820677639096,0.01090879548075263,0.024907674164201477,0.020310733696918493,0.799174621776847,0.6497067653611142,1.0,success,
PAT_1705_3143_139.png,0.6631797234839112,0.22060176642802667,0.7557438433340714,0.014765615399029307,0.04286897455167008,0.04627347530556604,0.012521825636279016,0.03946432397859143,0.03827629288041625,0.00688597095392617,0.03418338356125311,0.03619104382834071,0.8533570335272801,0.840660720892215,1.0,success,
PAT_357_737_77.png,0.6779322351528164,0.3027298277252932,0.7449081967383023,0.05944382348972827,0.11174451891466917,0.07370287839805578,0.03372141764932351,0.10395725421149092,0.06201543103030186,0.010560301148812574,0.06844298262560489,0.01922181859836214,0.853192521935916,0.8255644716686984,0.9639175257731959,success,
PAT_176_273_423.png,0.597456929832585,0.39076073849449783,0.5688144429635752,0.009123342573058595,0.07323784893421521,0.11697903113465577,0.0073662708150347275,0.06750678786921407,0.1165295263436776,0.011304340324368113,0.01895429100581869,0.01005673951211794,0.8512994315941211,0.8327541264165167,0.9966329966329966,success,
PAT_815_1535_536.png,0.6402737094984807,0.688940945818347,0.4972204002296912,0.004712094383016679,0.05741239064555508,0.05814134737146854,0.002682973568700698,0.053439449304681606,0.057574434816292645,0.0006848322284019856,0.08714608774773025,0.005869753029064506,0.8961284013317792,0.841144044487511,1.0,success,
PAT_1431_1495_931.png,0.6036484094658682,0.591976554255272,0.597789958173533,0.005269380943365999,0.05965004587567048,0.04197221811297598,0.004508247879493974,0.05101122429210478,0.031282589289092035,0.00315917235885321,0.05315009800981674,0.026621777393518453,0.5072373327042191,0.4778692429624059,0.9637305699481865,success,
PAT_160_248_254.png,0.7677131247377524,0.26995311986996284,0.5494111726491311,0.10945588561761803,0.08028118309980477,0.09031393141663763,0.06419152518858545,0.07109818731203862,0.0792615522906689,0.04374907239137226,0.07384325007741899,0.12243609651239873,0.7997766987035966,0.7153030507649887,0.9817073170731707,success,
PAT_211_317_649.png,0.6516000339651243,0.39635500484003566,0.4909061529491799,0.05528811590186972,0.15804746555672705,0.11282017218855986,0.041338206192423115,0.14525838289608897,0.09612794328617197,0.014065566799307306,0.10574671370579886,0.09382755237421708,0.587794071105705,0.480092363985926,0.9698996655518395,success,
PAT_906_1723_560.png,0.6501286074076784,0.3005650375183128,0.6129357738523132,0.014415164620088126,0.054123737273284414,0.03984546363257879,0.011781696370959981,0.04448532503262364,0.03009260056657443,0.02501899774117607,0.054072595372535615,0.027938613908679688,0.6493107866276192,0.40901538743159727,0.9751434034416826,success,
PAT_1269_936_965.png,0.5946923181449026,0.665151003758867,0.7810314238980866,0.009374993506240898,0.10040035741545307,0.04701734572236374,0.00903047067745791,0.09569326915228009,0.039971615651700924,0.011599236946005379,0.03929527139499944,0.08246262620422384,0.8680479501943617,0.8210847039330929,1.0,success,
PAT_201_946_262.png,0.6133074905034167,0.27740280137834855,0.470585503586198,0.018918150527258783,0.08159786218126795,0.09883937839999146,0.010246374574096401,0.06988674234354877,0.08249106766238055,0.0014943486240545508,0.044855177882568986,0.02146829475324874,0.7777228584865086,0.7885992753710694,0.9035433070866141,success,
PAT_822_1551_642.png,0.6277500595658109,0.33565778510947775,0.49968149866004946,0.16309878579942652,0.1575152683665566,0.15860117983545116,0.12230770179261338,0.12911931477946154,0.12315180877689642,0.003114930867838773,0.15055355143544918,0.1817975473933659,0.799256073309403,0.7817733191184909,0.9907834101382489,success,
PAT_1229_794_274.png,0.5676143371930589,0.7505107675749413,0.8908731387879868,0.005282077068760336,0.06141978322346281,0.03332579560290859,0.004056182270522721,0.046412915815335055,0.021927305835782885,0.005567319854126396,0.021451827133347257,0.02050408671891102,0.8161436316259076,0.6686458749713916,0.8917748917748918,success,
PAT_119_181_684.png,0.6687315985477698,0.3683871645969631,0.5425122731803247,0.019952413119226863,0.11669203008418404,0.08612489693975911,0.018477224835901175,0.10438193135802691,0.07527882890050404,0.022888373575611194,0.17280313070435482,0.07362736186444463,0.6237794476508468,0.43522505911521187,1.0,success,
PAT_46_880_308.png,0.6824861952157366,0.394153509597712,0.5176631969660292,0.023555723852388945,0.05647823011871974,0.04100788859557529,0.025023470583570274,0.04469382342939216,0.028936959944414847,0.07411439140956524,0.055352562862428734,0.03693114723159807,0.8083177246767431,0.6820406986713267,1.0,success,
PAT_896_1705_582.png,0.6601324954523178,0.6240170734960652,0.5017014805922368,0.010658387152170296,0.10864080655540741,0.10235805537529878,0.009020963133673695,0.09986267243666679,0.09387523934426902,0.008010634692792548,0.19069031682310372,0.1306744788955353,0.6803540290802246,0.5820941115229666,0.9767441860465116,success,
PAT_1017_97_577.png,0.6847122360941587,0.5107246947821739,0.6295761898189989,0.012081629958350456,0.05107922306616584,0.041361900811180546,0.010081521077080782,0.04199723464104863,0.028309917755373074,0.004906343595821817,0.000671764055947266,0.0024040884206343316,0.7879697163482502,0.8181244020875257,0.9925925925925926,success,
PAT_417_3537_45.png,0.6864520311973732,0.15042175225465107,0.4575869235507893,0.1861061487237201,0.07662005180893533,0.08033901011668487,0.15954514340055084,0.06621120588957925,0.07622559495940867,0.10347944891186656,0.02408210453115489,0.08013889898161347,0.9224385520268452,0.8591711758831669,1.0,success,
PAT_632_3700_890.png,0.7091506680441675,0.35061968685399547,0.6950734165293662,0.08820063601689439,0.06593871101532628,0.2194276694180484,0.07823166162883717,0.048981427467188275,0.19532098428514424,0.05378297923248741,0.0025032217723005568,0.12730172617595847,0.8797496294509229,0.8560558927481983,0.996969696969697,success,
PAT_530_999_696.png,0.6528642850118427,0.46392041002375134,0.7070238824809973,0.01308080773997068,0.09241231489400313,0.0843610735530566,0.005652600314686727,0.06169483449259282,0.030044082734309464,0.0008155305132445297,0.025159484474602034,0.00874929438271832,0.8144504170937592,0.8247182538829949,0.9739130434782609,success,
PAT_935_1783_687.png,0.6485846735988408,0.38881925937369916,0.7883697252155404,0.02466631994954031,0.07337043160696646,0.0633457283884415,0.01165980058874404,0.06651675452188802,0.05901699437934126,0.004250013847168788,0.03322793881822489,0.005072981162998924,0.8838376482272751,0.8248247800554965,1.0,success,
PAT_473_911_630.png,0.7143682674662745,0.28559215556261,0.7468444818112904,0.021304732588272125,0.06746356503594254,0.04652163381750715,0.020980804009092864,0.06542533858557567,0.03276806013866382,0.004275783423398928,0.08944589335700368,0.004696295102978754,0.696061571550963,0.4579851461496916,1.0,success,
PAT_805_1517_647.png,0.6163800245427311,0.35413970514903875,0.6695228764688282,0.0184869639066655,0.13469041963197792,0.055448596274690544,0.017883027435524283,0.1241784736216368,0.05119850531421878,0.036494319035309294,0.08448691430506716,0.03327186360419043,0.843649766435568,0.7641390475445707,1.0,success,
PAT_834_1574_397.png,0.600326803868342,0.3752856811012117,0.7883310023371671,0.020384473952939026,0.11789457575125269,0.07699089727529275,0.017814496783319332,0.09693992398586586,0.058533653514551705,0.021780968209118453,0.017391967260593888,0.04923071116559463,0.8006080416161541,0.5105518846458632,0.9718004338394793,success,
PAT_151_227_63.png,0.6796650360818851,0.21765001448273008,0.7791176766154155,0.01460053394016992,0.040597139311166965,0.030031705437984373,0.01441881313851597,0.036096524969291985,0.025717158862174787,0.003131940403253787,0.03490410199520133,0.00793666744827426,0.48362435510238977,0.5093078332776831,0.8666666666666667,success,
PAT_263_403_966.png,0.627762054766481,0.5505041891476948,0.7012348554634382,0.011327802706780719,0.10014050264414073,0.0665983558946417,0.010136763300653865,0.08061559006763276,0.042318880957648096,0.025954986031610536,0.018583378448460253,0.01642939162447321,0.9210543525427264,0.889876525194208,1.0,success,
PAT_197_301_198.png,0.6379214986125292,0.3955987430698717,0.43456491136774544,0.0236270374329848,0.11516579908697662,0.07117254295039033,0.015264443524066229,0.10292332579401473,0.054493218558024484,0.006834654105726499,0.15074326279122763,0.06838522663992563,0.7546352153927511,0.8573269397215159,1.0,success,
PAT_2088_4523_400.png,0.6109433375372845,0.5527632722855218,0.509418174630134,0.010179366269773928,0.10856345304357572,0.12759417927729147,0.009334894897222014,0.06239401858839472,0.10253007017096019,0.01383534327543564,0.06989719960744184,0.15159860321502472,0.7661837650743623,0.8232030612238885,0.9890710382513661,success,
PAT_1391_1351_396.png,0.6881383159657696,0.22737539400069798,0.6010021588187299,0.06284035363065471,0.12568698845820736,0.06848724026523709,0.04200348127131741,0.11413873664853157,0.06283346356507855,0.0036724543246337915,0.07711989040241332,0.0016868992262099036,0.8591137959561554,0.8332584531409303,0.9947368421052631,success,
PAT_1615_2749_350.png,0.6441350105981112,0.4337420001542139,0.4915527071342069,0.023484648852677353,0.10226569986839157,0.05870360856602797,0.023348427051435663,0.09282415400375509,0.0447068940597185,0.009847733998420063,0.10477690668412198,0.027502902252979078,0.7126285007972775,0.7352523547718589,0.9760479041916168,success,
PAT_1385_1323_100.png,0.6627886412645166,0.3214651877953646,0.5507490882645989,0.01278209990655611,0.05071192571770166,0.08611691430731613,0.011087634075858737,0.04855494328540461,0.08636603424400861,0.0073105334771998935,0.05293136703982121,0.06252031956802684,0.8986903443159356,0.881260266246313,1.0,success,
PAT_550_1045_81.png,0.6008567811094555,0.5666037433109354,0.7680934323810328,0.01550160655745494,0.15526813039827878,0.07836385206590207,0.012760761850445576,0.13670638971405843,0.061784622719495044,0.013847765461251922,0.0013198702051185895,0.0329061443490144,0.9149660185768251,0.8739402156471654,1.0,success,
PAT_1535_1812_660.png,0.6252381260898049,0.30998231232425877,0.4820341140343458,0.01176106176530332,0.03998082198653753,0.05072207992809418,0.012420627923665013,0.04029183346101513,0.051880337640682325,0.02528064065581993,0.0772428584711842,0.08787493422096582,0.8631254952171907,0.8480560398881419,1.0,success,
PAT_679_1286_933.png,0.637441864579134,0.6754333760304791,0.6110861497027622,0.011377081017518664,0.12177351627744543,0.15453635238093763,0.009720986348888272,0.11411663282431023,0.1565258266194599,0.010325165610906989,0.10401746613383622,0.03313240002589146,0.5222684507559469,0.6166332671925937,0.9166666666666666,success,
PAT_2089_4529_762.png,0.6757185169395994,0.28587563627142837,0.6450987179414086,0.031326176725296175,0.08968246476774157,0.039896665154132024,0.028678318603093212,0.08074289158910142,0.033830433063195366,0.023751171129163615,0.03506138411742321,0.01437441888152935,0.8311966779419405,0.7969935239255689,1.0,success,
PAT_122_869_60.png,0.676035760544307,0.5478063674871023,0.5832009135748475,0.009411195882326069,0.09699554720920565,0.08697280731735484,0.007775884685199185,0.09769014383403302,0.08283170664742656,0.0071838134946367585,0.20180930100140865,0.11803597865133952,0.7584844776487711,0.730393760757564,0.9609375,success,
PAT_1497_1712_633.png,0.6711291694174153,0.259368478767092,0.7455296024579183,0.016151421606922463,0.060297135816497434,0.03816398835968014,0.014603910743505396,0.05459415389592033,0.03201374364978465,0.015297904930511506,0.018090913726254765,0.004356706719939041,0.8497581346059944,0.7878990040735581,1.0,success,
PAT_851_1623_815.png,0.6242128361631175,0.4287159517768993,0.7645601229458685,0.029217741947544815,0.06698089369546935,0.12334241834753487,0.026805419479973128,0.04994855878740532,0.11092776989015515,0.019536912539123583,0.016173871218557234,0.04878447377216222,0.7541530431678216,0.8214389447310254,0.9873417721518988,success,
PAT_2026_4230_141.png,0.6265793600003012,0.5196199792986315,0.5702834333772395,0.008537785132658697,0.050989137724897965,0.0528481358968031,0.007269405821565187,0.05081041349917436,0.05024093509727962,0.010854758912171686,0.06909303211145096,0.06918834518994899,0.562976616540591,0.33766504731690355,0.9966555183946488,success,
PAT_355_732_625.png,0.6242018627819766,0.582028954055105,0.7800709888708216,0.011916316726824867,0.10435965543203861,0.07876938586088213,0.01019015633095421,0.10426542206029006,0.0706988418376859,0.002560584104636534,0.06867333325004332,0.034720487637523334,0.7185543651959314,0.5661178844431529,0.9350180505415162,success,
PAT_86_131_107.png,0.716186310914072,0.1484422341272845,0.4943170615241283,0.2004285973984923,0.11099609405728356,0.13445539173005588,0.18940665912690088,0.08804190280345915,0.11169301066033618,0.12021691187433955,0.0626319918667076,0.09166293925861985,0.9469194957649396,0.8589787283909767,1.0,success,
PAT_472_910_453.png,0.7355318914509648,0.16093222389095962,0.634144679175408,0.044771787779383725,0.0553684839418959,0.04584855665572232,0.02225517427893391,0.038098156460243726,0.04142948397836071,0.043939033502943974,0.02601660261395536,0.027733285659015894,0.6979363080830434,0.542839409553347,0.9981191222570532,success,
PAT_99_153_636.png,0.6435856892606806,0.4729170662377682,0.5483188479241842,0.1075938260580871,0.2268412777795291,0.10464924712931127,0.05621459190298756,0.18875558237010118,0.08033664441607294,0.014872872655808085,0.0967364245533836,0.0007256757587830176,0.7181158274643213,0.6579454962136331,0.9166666666666666,success,
PAT_678_1287_652.png,0.7137085572068725,0.3498736355326128,0.5620318267652278,0.018569547583910995,0.0770753151548179,0.049687223782204505,0.01596049812112055,0.07695509153854045,0.050719917818558335,0.02628429268083718,0.17245667505757103,0.05027925960412538,0.7382140008537312,0.7020255601316093,1.0,success,
PAT_1129_498_930.png,0.6474055891505813,0.4442393895186109,0.5791929359461171,0.01243905927075748,0.11125483961145806,0.0955608953035137,0.011560198326706806,0.10224347792564654,0.09060479207969685,0.01837264281098538,0.016614354330471648,0.04806233413234107,0.7932528994264831,0.8392319686521675,0.967741935483871,success,
PAT_158_621_68.png,0.6176687165671126,0.5633691812087783,0.782602495543672,0.015171329735000688,0.10632094724517129,0.061292008832765955,0.014383030137231701,0.10031787249470211,0.03867697233164727,0.01734086945360897,0.04815307467239294,0.022068415017471477,0.6532553288542509,0.5770354217201399,0.8822055137844611,success,
PAT_1407_1402_734.png,0.5784119754435275,0.17665154174206396,0.7903612704936666,0.015726445916715067,0.03916484467263138,0.056800449531384425,0.0142660279664999,0.038830990558696155,0.052805223239747685,0.016368787366004115,0.05950883708770366,0.044978258286614614,0.853565538638595,0.7999714923166782,0.9847328244274809,success,
PAT_1407_1402_500.png,0.6068093712788457,0.3388018344490638,0.675268471518436,0.005900699065817927,0.02946463701710457,0.04121573843459279,0.004777652052882747,0.028766333733737295,0.03850751847419638,0.002077613427410401,0.05621705257655013,0.05078104489089863,0.6672750702732333,0.7457573853564318,0.9667673716012085,success,
PAT_1861_3648_959.png,0.6140205070000674,0.23941054022838876,0.6396296400171355,0.061252075663986334,0.09759595234973201,0.07184257300166999,0.04464509145461588,0.08130685392273304,0.0691883315578105,0.0036416860808556194,0.050798185351256686,0.08960027537570037,0.8080115972489506,0.833746433802026,0.9295987887963664,success,
PAT_823_1558_870.png,0.6303012460656962,0.33389196878943217,0.5637591548164534,0.013678660058461984,0.06488252361608973,0.06835623204637678,0.014153912165071916,0.05382089900234081,0.06101889686650681,0.025493613481504536,0.04346186187688594,0.07438803174059361,0.6493734287339115,0.41169019962126907,0.9136960600375235,success,
PAT_1315_1110_317.png,0.6247497045408897,0.4109231675502819,0.8848765042497686,0.01570523553750986,0.046581119350167316,0.05888062892909569,0.014990405972461271,0.03925150276945435,0.04051864268748527,0.022303742722440963,0.03928242595228376,0.006567468330374915,0.7616542551980141,0.734453155951378,0.9787234042553191,success,
PAT_89_135_11.png,0.6979584748969294,0.37985677351454006,0.5482417004141212,0.051567953764362136,0.14765673566862406,0.04597544854218184,0.047301054952854464,0.1454087450604721,0.04238125074263541,0.033734594638112646,0.12621560932443815,0.014744913855803898,0.8741384162316634,0.8310915687992233,1.0,success,
PAT_2022_4184_111.png,0.6094430138289444,0.227674308808347,0.5191801888104627,0.043101398991008,0.08004698445822404,0.048648669816246506,0.024033047993431197,0.06997499261664823,0.047600976425933576,0.023268194420038985,0.02321322139233345,0.06298291951752899,0.4554570352836802,0.6319119973512013,1.0,success,
PAT_598_1137_888.png,0.6521647872698793,0.45190622354260307,0.561953174676385,0.010734800382561215,0.06548111016701674,0.025007045130825023,0.010260098474152865,0.06960448936678675,0.018628584982820866,0.016568858495971266,0.05606879518957553,0.004899201681928811,0.8209301449683422,0.7979824442876222,0.9863013698630136,success,
PAT_252_383_389.png,0.5989672697986497,0.6878646221544356,0.8532625595466341,0.011799736269985981,0.14425108825934982,0.07449614673612426,0.01053811621442975,0.13189215124797804,0.04037918484282737,0.002662615030813558,0.20262346031493644,0.023444528233349193,0.8067466345080054,0.667071360418156,0.9219653179190751,success,
PAT_230_1007_645.png,0.6362146892356672,0.37878716355021724,0.7285072804571375,0.02652265777944729,0.1043129545153339,0.12664378285378014,0.02333893908258048,0.09904657796820018,0.11868128079072983,0.012144774651525915,0.10857515837825232,0.07247015990411709,0.7152818224320314,0.6907484546095816,1.0,success,
PAT_338_707_774.png,0.6225293745222059,0.3812883156827794,0.4742469679493901,0.012395737754402112,0.11380798263414045,0.059071229421635625,0.00813466985867581,0.11438216742078915,0.05902074592593935,0.004542589015415643,0.020917566670161813,0.05371033224247573,0.8774680729541967,0.8134278915180778,1.0,success,
PAT_1029_135_983.png,0.699090298557695,0.31602299279476176,0.7985127535382073,0.013674874512505817,0.0506393538504323,0.03928594943489647,0.013397779330985415,0.050338067937203794,0.03741230517490066,0.02345916976627775,0.0454881848661407,0.02702552716917106,0.8287044681833001,0.7597656477992806,1.0,success,
PAT_667_1264_8.png,0.691108962731978,0.2723417604427249,0.5925531487037589,0.12768661321932326,0.09571308463698917,0.07156104995524296,0.11700897415115195,0.08496834891112802,0.06301403737010186,0.05099197494257947,0.028649294929672525,0.03206778732554039,0.6769218734826625,0.5863887504302082,0.8461538461538461,success,
PAT_143_213_489.png,0.6707443478356926,0.24810707538617768,0.6184852664760592,0.046260105199601845,0.10004517915747652,0.07033638628935422,0.033037575717465566,0.08332494449232895,0.07141852654438809,0.0019342037911842327,0.01763790032876733,0.06799144912930066,0.8705541897809228,0.8477199183275664,0.9927310488058152,success,
PAT_914_1732_136.png,0.7374601926506617,0.3536961522701793,0.6022842190870196,0.06593938249063763,0.08600918716649741,0.0983606706035116,0.04215759651077628,0.07734511870531918,0.10143736774151015,0.044946018386929944,0.012856826125665632,0.06299713928529738,0.8536161714794488,0.8158890770516958,1.0,success,
PAT_1418_1449_580.png,0.623316057070452,0.4334429322906182,0.6963302310796073,0.009689573100634744,0.08541474037434006,0.10872235073653909,0.007291162017685708,0.07352605331832116,0.09802877928358635,0.003607203719765708,0.010320650031985235,0.04390826173911433,0.3412831670617936,0.3273230019252597,0.7560321715817694,success,
PAT_622_1185_922.png,0.7304116871660581,0.16495817505084226,0.6356428187713442,0.07157074874049811,0.058108643451323674,0.09948580093103448,0.06471726771441409,0.05211915987914888,0.09498830738262456,0.0067771134989824434,0.005206494356815389,0.006847283157689121,0.42258838607462856,0.34850852227296697,0.9930555555555556,success,
PAT_442_863_795.png,0.6862660535518966,0.31241740100490756,0.718028252824415,0.02379004540809149,0.07108593212439848,0.05450613752895303,0.022796415769949726,0.06773122155170475,0.04173845323620234,0.01427523531425747,0.005635906848518335,0.008268454283703375,0.8872448491838566,0.8579613678078485,0.9951219512195122,success,
PAT_665_1260_16.png,0.6460485199833099,0.375482476455149,0.36646201583607985,0.02069870090418264,0.07844910552752236,0.11340808454562225,0.021762085614080516,0.08359171259536828,0.13027453984199075,0.04366632342976733,0.22339861177013426,0.2510047698533634,0.7595186609521534,0.7391671472399433,0.9835390946502057,success,
PAT_1452_1564_509.png,0.6414591715978726,0.3739772865455847,0.8026776162349826,0.00825354889070849,0.053518284260716094,0.06515092649859776,0.005822345290827569,0.039089017656729605,0.050159700920637124,0.002586741398111138,0.03531653922778971,0.03981701510269664,0.35037609237443335,0.2941403912421603,0.8494809688581315,success,
PAT_738_1397_195.png,0.646926042339487,0.7178004394146665,0.6662085976039465,0.005852427934448663,0.06686882167585449,0.055025531866017004,0.004962445581069959,0.05548852298155745,0.0465824193757466,0.0084344402549158,0.11904008420875434,0.08043303777360877,0.7710818593171533,0.6723088296284717,0.9803921568627451,success,
PAT_747_1408_965.png,0.728857411420056,0.3178788643071538,0.6480359747735052,0.03286549480757149,0.11320350280242127,0.11319313515277324,0.027754504027807127,0.09641976256084286,0.08563561866336747,0.004972606331462891,0.11617263580731765,0.030758698852858313,0.9260837633530139,0.86614982726493,1.0,success,
PAT_1514_1760_35.png,0.6666994332856817,0.25908094193917436,0.3585263589210987,0.09563585814462669,0.10733663271260495,0.08289049581217073,0.06777412283100304,0.0993118182970775,0.0826572760068323,0.059396821511813,0.0008858356540750734,0.13102046467775214,0.8534931363587211,0.803064238273114,0.9194630872483222,success,
PAT_760_1456_878.png,0.6530227318564753,0.5473320389910016,0.5274907954262797,0.01016562874599661,0.1487907025491798,0.09156450612900624,0.007687944987708453,0.1345730970036824,0.08339506382247414,0.008404946805308258,0.0086922082389298,0.005447100332066079,0.871999882351726,0.8451304512530503,1.0,success,
PAT_727_1373_718.png,0.6803499358514823,0.4558119804388298,0.6401526725474638,0.027792141433720458,0.08479720163372023,0.058772898514774866,0.0174917143310222,0.07681056039780179,0.062093698424756885,0.019564169172304465,0.06334188990572043,0.04480671333131869,0.6107546582003469,0.5936488132777245,0.9428571428571428,success,
PAT_135_202_105.png,0.6828517337276078,0.4165067368197119,0.566027533562654,0.02641696310702322,0.15278758372578993,0.14869061476326143,0.022802592875939783,0.1479731673643013,0.14725492646763938,0.009317732738193583,0.21329650656620391,0.22316620443270796,0.43399047300538085,0.485289013166288,0.9913419913419913,success,
PAT_899_1702_32.png,0.6213621008043984,0.383009939609021,0.6330580392750031,0.007452472938067098,0.029312884191320387,0.022372854004203274,0.007044927611994195,0.027760934067399337,0.018738965637822534,0.00781344963478953,0.03020424482421208,0.00013456650369103595,0.7257361423245419,0.8079220119368471,1.0,success,
PAT_2068_4424_995.png,0.6602315455689632,0.2842139610404657,0.6152509004289282,0.04157593019176984,0.120774735399781,0.06348111087380241,0.02884312843983635,0.10214451703244268,0.049911925009358815,0.029070466659431877,0.02887262945055835,0.008445219928012948,0.798494684262274,0.746047322022149,0.918854415274463,success,
PAT_330_1437_506.png,0.6750471222785257,0.31497168031270745,0.5551538227214039,0.014615212134106286,0.09110107627751514,0.06880963908245934,0.011937365823509965,0.08229568348723092,0.06423521691949993,0.006611123736427752,0.07763715104433291,0.06453974943283514,0.46278623960901494,0.4897664277075236,0.8857142857142857,success,
PAT_824_1560_801.png,0.7871602397582022,0.19970518936025225,0.5833519093873559,0.15380107423920328,0.10151487190614329,0.08978810433612085,0.15018665899751887,0.09288994620373817,0.08823085296939147,0.03432897174276488,0.016030997852636508,0.0013830746376489733,0.6130910765748099,0.580195094189187,0.9366754617414248,success,
PAT_378_769_36.png,0.6492087571569789,0.6746837886911402,0.7657236481811606,0.01981206647403311,0.17846785607930502,0.08495843852101927,0.015932241035200558,0.16481771460291977,0.0612915423821506,0.01656436384760822,0.27302647817903675,0.08320549011356859,0.7674756266371021,0.715866581608645,0.9247787610619469,success,
PAT_251_382_240.png,0.6482017120350788,0.3889905294877314,0.7302104698960945,0.016856293285138935,0.0953549010331101,0.09249699906395183,0.012381614010937306,0.07034717079012713,0.05751615584297366,0.004685578288257769,0.10303099545952782,0.06342589738329218,0.841656731572421,0.727773414511662,0.9846938775510204,success,
PAT_388_1590_169.png,0.6145236639287117,0.3087079558411354,0.6040433385353321,0.040399700039364037,0.09865382398517945,0.07619587094995903,0.04428897362465935,0.09872012087398949,0.06828809036488358,0.035573130217312454,0.04372409133825672,0.05320717730352431,0.914932233597469,0.8094851622645598,1.0,success,
PAT_159_244_102.png,0.6598412635384634,0.5386725141242005,0.5922549074647918,0.01393032348247657,0.09078191308089278,0.033874257018349306,0.012910753206448463,0.08128173620727246,0.028242425950927567,0.013046416251715067,0.11237899521040462,0.031632133316192634,0.770339546164621,0.5645618633010118,0.9652777777777778,success,
PAT_482_924_134.png,0.6286297862339427,0.37930189558399563,0.5963384094086035,0.009471606781655074,0.04484966513720795,0.04748817705582433,0.0077815303998567354,0.04300316194625771,0.03898537193796426,0.0068907939128321355,0.09448808678003989,0.019376773972007877,0.821708220921935,0.763743606446902,0.9759519038076152,success,
PAT_874_1671_938.png,0.6226741712102603,0.37969099876494705,0.757167268532156,0.026815788466562365,0.09587462747153905,0.1062296033695302,0.019060049148455563,0.07168398543975472,0.08335063929622401,0.005298052771849389,0.039636314872877665,0.018363691131664472,0.5908769363486297,0.31130275459706247,0.9204737732656514,success,
PAT_1008_59_297.png,0.6016837101977714,0.45347552794631296,0.39848008891727377,0.07629662370372653,0.20811309648710358,0.0804214492414655,0.09283248980705987,0.20813617665881806,0.07357009802526177,0.036364104141718756,0.2675060835884186,0.06869492574116343,0.7780659682501181,0.6007091796425719,0.9722814498933902,success,
PAT_265_407_137.png,0.6250602814226629,0.3605731714095709,0.9484016966564734,0.048266697400196304,0.09404069638066884,0.039910619882804546,0.029073081964979614,0.08497986600388709,0.04206956158809445,0.01928554286327974,0.018963900259848454,0.0728490922468451,0.7642222528153971,0.626443977650143,0.9539007092198581,success,
PAT_1451_1560_616.png,0.6194501756015428,0.5542967845465335,0.5012143434708771,0.01572982482419597,0.12582687186635647,0.08107670439177828,0.00785806493678531,0.10833630050082112,0.06324188851764584,0.012437588684211597,0.14551674054952562,0.09160205958706702,0.9339613330394988,0.8513072306142099,1.0,success,
PAT_752_1426_714.png,0.7492546129726496,0.14006911459221605,0.5635600549414287,0.13977976722982144,0.0912897694032288,0.0739233333869891,0.07191142411042721,0.07348810194281735,0.057749511882826204,0.062227127064689115,0.03776641191668288,0.04311256796571927,0.678111839796637,0.6397109088664777,0.9759797724399494,success,
PAT_202_307_927.png,0.6663987269354185,0.4855992312857068,0.5392807375154286,0.009662954984048523,0.16827831628965242,0.06594127982642209,0.008755857772055982,0.15930656360683848,0.059703602506264046,0.0035555784897082295,0.1526285107858955,0.036206040491211455,0.8324340565586154,0.8117013545657995,1.0,success,
PAT_1313_1105_284.png,0.6102745146499541,0.3583850605910413,0.5838791903012376,0.009930176616703042,0.06306343550187334,0.05367774027637752,0.008424341407501224,0.05703108778480382,0.04584217663369192,0.0035652514368890486,0.005854755069147344,0.009253739233892722,0.7215150658823908,0.7729197834178763,0.8481012658227848,success,
PAT_609_1159_942.png,0.6474996608573337,0.5295288070698784,0.7222251807530015,0.0145970091900802,0.17883670039413455,0.11475582264781907,0.011056331280943589,0.17210769967234749,0.11142229980946158,0.01451323365061299,0.00887383536833819,0.014205087974872965,0.9446326379421817,0.8555539908244242,1.0,success,
PAT_507_954_812.png,0.6727323848474007,0.16063256343794885,0.4871971185330714,0.11690999800613003,0.09085975022055262,0.0824882879088636,0.08037760083029633,0.07896487211043535,0.06372195796494722,0.05591048370235817,0.0019142870490944097,0.020511835900258346,0.7085524878086329,0.7033858483637184,0.9049586776859504,success,
PAT_1418_1447_334.png,0.6232029773953139,0.2144219085395556,0.46680022268257565,0.05194671774625172,0.09005224247908224,0.12073757383102898,0.03353780998038553,0.08454295716419949,0.13259371993838207,0.028300603619308935,0.01904898613080258,0.2769025202537369,0.9122576089526869,0.8716848136732972,0.9928571428571429,success,
PAT_656_1246_483.png,0.1419963038800187,0.16961786440316204,0.3046037955869989,0.23853659649792966,0.08155388321078008,0.13324350414881023,0.24060350373901687,0.06754376978902826,0.13807998024164653,0.42132695183137797,0.002550317938267682,0.26131846372768586,0.8415146417355417,0.7824828941765138,0.9931972789115646,success,
PAT_264_1368_868.png,0.6491218124055769,0.4804496619821033,0.6108418188448483,0.00930060052847907,0.09587933003230609,0.05340882183487436,0.008248068950864386,0.09221560763416477,0.048888225660645365,0.010981091517284686,0.1450150870059811,0.05810962037458345,0.8131193400149026,0.77256808139109,0.9841269841269841,success,
PAT_668_1259_681.png,0.6359448859174238,0.3086160999728659,0.5449697186729601,0.013107203668010593,0.05126958667363938,0.02821267307404544,0.012575399533552101,0.04954588019143543,0.023936918712904477,0.021172892593266112,0.031148409907177654,0.000400606042564533,0.9154749476566238,0.8794878656620688,1.0,success,
PAT_186_286_109.png,0.6267109645153136,0.4321834460656509,0.7307996326283818,0.012341736793944857,0.114596660415864,0.09991005988334382,0.009380760724644381,0.10428972269069174,0.07994606083805433,0.0147579590358938,0.09592492561847382,0.023020205736913546,0.9266263028966139,0.8714117804353161,0.9885057471264368,success,
PAT_212_326_597.png,0.6243614934397372,0.2965674847663225,0.6493100354691664,0.020098404280837614,0.08005530377939163,0.06330456533760993,0.016799049606229712,0.07518901879243005,0.058873204475276546,0.005280895514466424,0.00514735160559926,0.03663382374329227,0.8697639507859206,0.7956824912253789,1.0,success,
PAT_48_74_309.png,0.6227110220611108,0.18780567441700607,0.7371727968624396,0.07200776667873919,0.055147885582214305,0.05521590619634212,0.06253655173218833,0.049317385111027276,0.05200635951454988,0.01168695493755444,0.011972567676621165,0.056198604086229564,0.8790910222343477,0.8811717605808361,1.0,success,
PAT_290_445_988.png,0.6310781112882833,0.6317992313204351,0.6271648194161386,0.010518764819184694,0.11422686528055032,0.1423350220787625,0.008392047215105143,0.08589701891551486,0.12613128812353674,0.00847692615774894,0.09983338225017979,0.14133208038661904,0.8457786371144349,0.8573441779148697,1.0,success,
PAT_751_1497_215.png,0.6811074166867775,0.3256636082228381,0.5278935402239772,0.09479913012712511,0.20801017841797734,0.16339176575915057,0.027654829995825858,0.16381211762660142,0.1077350973910896,0.01594359646622452,0.020091015836752546,0.036679383367624996,0.8203231505718112,0.7752160305091682,0.9961240310077519,success,
PAT_422_837_683.png,0.7090589842321035,0.38533262686335584,0.5202570362263939,0.02965758536082283,0.08843406691213586,0.06952415438746988,0.01491498581369127,0.08027363135124578,0.0565803303767705,0.004170304169120856,0.07057687494470688,0.020907515828210765,0.9280151108157249,0.8337049389775939,0.9285714285714286,success,
PAT_682_1292_978.png,0.6454408018512823,0.497024932715471,0.6874770107521848,0.018746109157153214,0.09117635711584554,0.08971173696296494,0.019393234591108567,0.08700119840542907,0.08613479517807042,0.03174789756545956,0.08938037323286879,0.08050643197011098,0.9161210417626849,0.8965511848931876,1.0,success,
PAT_2124_4650_575.png,0.6652434088232216,0.46605805348433765,0.7498594279606916,0.010762140852242473,0.04460136823305711,0.05873853957244652,0.010003286438406127,0.041454680739723276,0.05357677750392293,0.01614860372838278,0.010499721289860153,0.04926996558232133,0.8886928511159135,0.868209211815032,1.0,success,
PAT_1344_1222_456.png,0.6092481340258012,0.41110231987259466,0.6949304984970364,0.035721867708858,0.21194175938173127,0.07627087040868984,0.011737550042928913,0.20586507014340635,0.0726813222656696,0.00449808216145813,0.07091102808734973,0.020022097497932823,0.8935463161582105,0.8841594501180282,1.0,success,
PAT_1105_420_520.png,0.5919850337520273,0.18412001606901518,0.42646616844016044,0.027143046773474847,0.05271169058998262,0.047673180246187906,0.021737128484093232,0.04789800213701173,0.046924875956905004,0.021586858175560053,0.04852106592373473,0.07407615243451032,0.7675855187645468,0.6324764991815217,1.0,success,
PAT_516_966_57.png,0.688836964014099,0.2987327122784234,0.8390995145523854,0.01879091595556294,0.07802125168004209,0.07202672112181147,0.017185164647477144,0.07532964625699792,0.06978417948036793,0.01070743238511369,0.026994856294333458,0.03551486172333196,0.813851395480472,0.791888553220311,0.9741379310344828,success,
PAT_519_979_104.png,0.6804396068922457,0.22248597024361813,0.43922185670764835,0.10335696440854449,0.10238649959058205,0.07211132365586273,0.08311409492201004,0.08894871631710255,0.07089984689036805,0.003857843996986708,0.03301881916883764,0.10640172969330619,0.6854398870141909,0.6281038056533886,0.8515769944341373,success,
PAT_1335_1181_21.png,0.19930509588637627,0.09672050406900475,0.33984983573062144,0.19184023965893104,0.050616195966002746,0.059219458624066586,0.19852173057474878,0.044690918403124946,0.06790268991400485,0.38309781616487554,0.09634845072105715,0.1748460639411108,0.8032598546401779,0.730239291520076,0.9766536964980544,success,
PAT_1907_3801_88.png,0.6361191820781257,0.13357818546111044,0.40666911821454677,0.1716560685989853,0.08094001876514756,0.11146526835199401,0.10010887873373801,0.07266678131100213,0.11769883859740109,0.08560473428703545,0.043243778730485294,0.27057822383929897,0.8540060102433121,0.8058790199822314,1.0,success,
PAT_680_1289_585.png,0.613967853418943,0.49710013901445554,0.3435960998182119,0.012732723473321814,0.07130683374827332,0.09588171655089575,0.009067647396365109,0.05432410846937124,0.09388401776787805,0.015551307504824053,0.050865771251602354,0.19914591037169088,0.7193388212226924,0.6529392642307532,1.0,success,
PAT_639_3676_760.png,0.6325216661091162,0.42890364023070937,0.8206326732005713,0.0099889303671509,0.06659964414002101,0.08488715981276866,0.008510754771189372,0.05674263707615271,0.0654258950731653,0.012367664456588065,0.034011683250826485,0.03612261708700326,0.7700334199672774,0.7781366605700841,0.9519230769230769,success,
PAT_554_1051_301.png,0.6624689705812961,0.569716998137355,0.5197826628097614,0.005347831980770371,0.10981083936883185,0.05866527556693768,0.005023528536308885,0.10966283050115458,0.05513458192227616,0.00557379942734231,0.1841715946957045,0.0754668190968224,0.7637036807316204,0.7111364967265802,1.0,success,
PAT_123_187_164.png,0.6482936414254422,0.4928372096612542,0.7266789945180611,0.013530742350515622,0.16734420579984513,0.09170908693099131,0.012687392107876339,0.1609262845346244,0.0719756674291494,0.027013190062000092,0.27204104549164543,0.08511902367264368,0.7514521092698767,0.7041068216539674,0.979381443298969,success,
PAT_420_834_948.png,0.6250356274639512,0.4615530406079402,0.5706907606614113,0.01262589453986161,0.125031291844321,0.09767627273203067,0.009002441424612866,0.10972034966347555,0.09066415686179345,0.01050441165700412,0.022549592445281097,0.017146932463465436,0.8840598971909073,0.8241351724343213,1.0,success,
PAT_583_1112_886.png,0.6342443603209093,0.39829207748814116,0.6373654368866627,0.010868825725154917,0.113443278009494,0.056530334741628205,0.007412421739435815,0.11024034090585652,0.05204234726423136,0.0011880444799242046,0.07435820081957156,0.039410423157953955,0.7277439096184412,0.6422875994504124,0.9959349593495935,success,
PAT_384_782_292.png,0.6550469353039231,0.26391476676323633,0.9006759877398497,0.013062215742674006,0.05011034049005554,0.05630517264718976,0.011855068980626594,0.04313123302690966,0.04376422235647057,0.008288090230807892,0.002234285479813858,0.009333816181719023,0.8585679856029638,0.8286086894466854,1.0,success,
PAT_741_1400_780.png,0.6430697219506228,0.42894712600291635,0.6758946204813998,0.015634417696002764,0.0782061187788142,0.10781858505807722,0.012721948118684337,0.06257982339418086,0.09136940180294172,0.010241561943000872,0.012351975785032887,0.08814177455612549,0.6877756772048884,0.5770678437359545,0.8459016393442623,success,
PAT_948_1800_310.png,0.6930860401120654,0.21600580232092836,0.5430834333733493,0.03668527908037153,0.0733637396069282,0.0613230735641813,0.038398041687193345,0.07504610619264168,0.0584054833043501,0.04552054302692186,0.11436683760763722,0.09196804618647558,0.5791208784264921,0.4529542347294451,0.933649289099526,success,
PAT_1278_967_599.png,0.6909462253477865,0.11618117509326932,0.7325514646158495,0.07474739588452,0.05599802434884784,0.07638178046983318,0.06994801776111924,0.05688038542703382,0.06542725343980448,0.021684021514461686,0.06704744129905767,0.054201755968833254,0.910014262715698,0.8720194255757563,1.0,success,
PAT_300_1478_445.png,0.7053046227618187,0.14077782422862645,0.5661525334170266,0.13143721380560774,0.1042529502825271,0.12271199047428707,0.07472295101008809,0.08964948229023309,0.10730769498903861,0.029267674612031096,0.022081220532189014,0.07059311390288991,0.8285475541597949,0.8119502829579652,0.9951219512195122,success,
PAT_138_206_507.png,0.6358666625651602,0.4441516312345715,0.8148414847853519,0.027490440100083946,0.1646948182416012,0.0716834433655409,0.025086093271883457,0.14256975437265246,0.04205875687044513,0.006054980796676861,0.20161928309076346,0.021619099597436242,0.793708583212877,0.6745007893719734,0.9736111111111111,success,
PAT_1441_1531_670.png,0.6176052362236848,0.2847401456606394,0.4789256005657485,0.02222911793667772,0.0722616160708893,0.03833992578088697,0.020311622014095372,0.06927261855984833,0.029041369452915678,0.0037594487025052734,0.007797448561510989,0.012142065019177306,0.8049563378811594,0.8220196303332306,1.0,success,
PAT_1128_497_29.png,0.6101186587830987,0.5167378801370497,0.6970397238198248,0.006296356315591489,0.05547644024104719,0.05388771806166352,0.005271566095169323,0.038403481061225785,0.0203757875724017,0.0005501360701641841,0.03665266130286793,0.008722903942987359,0.6470173351300781,0.5399142821392444,0.8722222222222222,success,
PAT_437_857_425.png,0.6795798690607099,0.19448678690204205,0.7924525370059535,0.009741772913459951,0.043398375179989755,0.03657590842270269,0.007148258462749025,0.03855987157623058,0.03439167947230268,0.00038817866773020645,0.005044538795462183,0.019586497892468135,0.8660401776939788,0.8424702400292307,1.0,success,
PAT_520_983_221.png,0.7129105672743661,0.4073731697314313,0.4924488944513976,0.056016770625259275,0.11868780605306553,0.11043506988590308,0.024472622108378528,0.08027911415925608,0.07782601006832295,0.04465075707826034,0.025405656778132613,0.05037475778474021,0.7468955962251863,0.6973837342060656,0.9358024691358025,success,
PAT_406_809_581.png,0.6141711487987449,0.6635748797965925,0.5997113546290347,0.008234690891343974,0.10965979705832571,0.0695601126536467,0.006795780162349252,0.08877131529170884,0.04575194340858289,0.01351035775143122,0.16674629047427286,0.05351261400724483,0.727407130844832,0.6485462746267491,0.9635416666666666,success,
PAT_778_1471_911.png,0.6605422919376115,0.3516721073954824,0.9004563660249846,0.008519006247948496,0.04750006978435235,0.05346377572279558,0.006886553134040428,0.040369128209799494,0.046566466074783285,0.007319746642076552,0.017641032866451356,0.015203724215872794,0.6657153043901508,0.5399847755230464,0.9398907103825137,success,
PAT_514_968_269.png,0.6869556994393681,0.2238659981655457,0.5824810538246261,0.08713624576613294,0.08502189067033589,0.062051398024381914,0.08328697794592348,0.07364987490330475,0.0481150420011257,0.027785941325126687,0.09067433550696005,0.0007555304287895082,0.7495723817783507,0.6713867552728251,0.9810366624525917,success,
PAT_1546_1872_824.png,0.8321249226299514,0.15435932827237175,0.4759509600941826,0.2609547581248236,0.03367942900277399,0.08390884310956737,0.24461798236537474,0.029135138519361645,0.07866968731706236,0.013412511191817265,0.013984436177168907,0.03864673022613474,0.9148237895091837,0.8984470178514787,1.0,success,
PAT_361_1567_487.png,0.6415607493920642,0.525442780149651,0.6864643027177596,0.006440528547698055,0.07623684615386286,0.06896010168817202,0.004302916097278689,0.07087658913927769,0.05846590536107102,0.00029938456458585466,0.05306749563755009,0.058672576315003666,0.7704346367574763,0.6385618662835965,0.9439655172413793,success,
PAT_194_298_367.png,0.6424483946334972,0.2761028091802962,0.4617963849642026,0.04501210025230103,0.12339328996809978,0.10499770945270241,0.03635814078198457,0.11541851620303006,0.104435212606347,0.025569394055175585,0.05413637293839371,0.1862640254527358,0.677933418618707,0.7076268367678236,0.9958847736625515,success,
PAT_260_400_842.png,0.681676456826607,0.28853727009086305,0.7914622922627988,0.00858915824840136,0.07399857777391365,0.05560485902713878,0.007149028191120873,0.06746194842251549,0.04164199135086292,0.009266628526828195,0.01305675247248117,0.004811620105317216,0.743492872743737,0.804567434436314,0.9230769230769231,success,
PAT_345_719_815.png,0.5108621833408731,0.1797451303420874,0.460492941822528,0.21822277179465482,0.0982381708461258,0.12677627589847706,0.19463112376403002,0.08921937228495977,0.12562317170654325,0.05209276893201502,0.05611687694657494,0.21420913969422928,0.9065023961979601,0.8231831188237789,1.0,success,
PAT_737_1394_936.png,0.670189979758833,0.5140131020908993,0.694853455872059,0.011719435515554509,0.07433468041091447,0.06740444475106855,0.010665361189757496,0.06177277098925991,0.05091929578334556,0.006063060734934488,0.0141919775925744,0.02105832739763569,0.7083448689784768,0.7469215909660072,1.0,success,
PAT_1451_1561_100.png,0.613759439901066,0.5809143000533896,0.5359834818223943,0.010248741677380303,0.09329308216467574,0.07355084283275515,0.00976926978980745,0.08826266816978277,0.06868527449338664,0.013698839260362423,0.14282106992979898,0.07378295760881426,0.8701192707426231,0.7933732483223379,0.9869281045751634,success,
PAT_1066_281_99.png,0.7073078213785967,0.1152667958512447,0.8037522922838201,0.11274822673174459,0.06362301820373692,0.0622944463067675,0.07248701396453273,0.06002846739666969,0.05232690191395572,0.07024555418767828,0.04937836543907788,0.01341706141727994,0.9177710437710438,0.8835999563834314,1.0,success,
PAT_612_1163_833.png,0.6816915457786467,0.33059823947315187,0.6345569615117322,0.030394476095374153,0.0914701624410596,0.0936309688885166,0.029747065882883148,0.09927322225432306,0.09206200453084704,0.027182812042212765,0.22974963191418624,0.11548104644507373,0.7261730325796395,0.503281534463538,0.9820627802690582,success,
PAT_1172_622_420.png,0.6116359215440667,0.5355975968952407,0.7961404034091573,0.00661362292122653,0.06285424604155158,0.041873318755270686,0.005503016503513834,0.049753638027525665,0.02315509797741824,0.007634313171827185,0.03451504726096688,0.01677889095435625,0.6482197170735418,0.7520721700854887,0.948509485094851,success,
PAT_63_98_127.png,0.6614406651376324,0.3033813383362192,0.8541303256052025,0.08707503301156452,0.1168242998645856,0.07604711211673601,0.03985948020175845,0.09384038001575203,0.059849746520983266,0.01714218482947795,0.09140838950375782,0.06467227743167381,0.7235134679032815,0.6274422843410552,0.9530685920577617,success,
PAT_877_1667_667.png,0.7240103766291272,0.3191436365567899,0.6746862289807564,0.04223969624186043,0.10021509555489332,0.12048960470811325,0.037751162966913755,0.08940273840977732,0.10833762733224096,0.06274894551665129,0.03174142503279409,0.06315477698684802,0.7996002410865801,0.7741756296767652,0.9101123595505618,success,
PAT_1484_1682_240.png,0.6361042196632861,0.19176414555385426,0.22172344865137458,0.24201808856875828,0.11440319714395747,0.10194506561052913,0.19266359409072548,0.08835000002110463,0.10534296465729674,0.07354226122643226,0.018075853032544664,0.21689511705447764,0.8843601279123511,0.7208991009034433,0.9805194805194806,success,
PAT_945_1796_583.png,0.6341562347348683,0.2557805955308427,0.7053930019069831,0.013944047076112074,0.10322821206152623,0.05394026230430155,0.011216239645148446,0.09449470414771605,0.04807826724301631,0.0014922219931657013,0.0825556259422136,0.028095460501561864,0.8284422438391066,0.7878173039394684,0.9242053789731052,success,
PAT_240_366_768.png,0.6313765616033994,0.3827210190380347,0.7998472852151562,0.012992242497650741,0.10579098178923252,0.04201449118170415,0.011506886033201663,0.09680984680941629,0.03721344615809736,0.02580145702497134,0.033803356212372404,0.02905291820568412,0.8516093442753159,0.8237871800031966,1.0,success,
PAT_1100_402_375.png,0.64935250566602,0.12777559918540776,0.5285932417915091,0.0695483129854718,0.054862597612831354,0.062370059112294804,0.024477301186829073,0.05007420229024931,0.0583869017501003,0.03060686771925908,0.03635492091694861,0.04874298012720224,0.8124633589411523,0.8051260970448033,1.0,success,
PAT_1844_3618_373.png,0.5596908826516843,0.22634421373190003,0.5312726308394007,0.021893893078263952,0.05171894572542359,0.08317698195892254,0.022597077425885292,0.04468685275133435,0.07835262175567752,0.023623996540973025,0.013233143362731042,0.03111566180683545,0.9291290005756564,0.8762623598787082,1.0,success,
PAT_536_3227_442.png,0.7283547010957462,0.06885768205514148,0.5957858081991729,0.21534631927574321,0.023591684922101286,0.03180514863433286,0.18222552963036853,0.020978611100051968,0.027103688361553486,0.1247329865728997,0.0035322916716773456,0.006860924487633424,0.7922515701412151,0.8207876099075507,1.0,success,
PAT_1960_3957_864.png,0.6108538309358047,0.577573881641978,0.3730443094770519,0.008810100506820502,0.09384321175445673,0.10031718379097693,0.0059314192596131195,0.06976781375694198,0.09647139319904532,0.012043394930645235,0.05772111491251042,0.21162459011125312,0.7637247388434214,0.7189298568927897,0.9802955665024631,success,
PAT_300_647_501.png,0.6261413950332887,0.4425504463648769,0.7326116101843025,0.015617204468754874,0.13800478094655924,0.06447379525101075,0.013856834878730885,0.12918704457985017,0.0637149492604074,0.01126221640786969,0.0873335197040021,0.018232185705508108,0.7364681041263856,0.634124291654218,1.0,success,
PAT_242_369_337.png,0.6736529032660367,0.47980196136655195,0.818479077268837,0.011728711065671511,0.07703329067086558,0.07261201272995509,0.009989756373095892,0.06582214032519017,0.062821415687767,0.016785260313307442,0.024436862297575357,0.002099017859295116,0.8667266054838363,0.8243311143548343,0.9747899159663865,success,
PAT_780_1473_791.png,0.6949777357939426,0.1015648997504935,0.6712666767827311,0.2557711380163565,0.0652558280749134,0.08379916827857278,0.2572255275486149,0.06257219872890718,0.0828019689688654,0.025960886331447754,0.009152132587249479,0.0395445930456817,0.8698492811686896,0.7676297104375097,0.9933333333333333,success,
PAT_58_91_143.png,0.6997140390697187,0.34471831753296284,0.5759945900557019,0.014622043811759857,0.09172309461948423,0.07345258783170736,0.013376941915081157,0.08633129635082917,0.06711931829985077,0.009382778679097549,0.10633845078121965,0.01752407217318852,0.8612054099830859,0.8595055820402931,0.990521327014218,success,
PAT_320_681_724.png,0.6079536826586376,0.6682639395128881,0.45704214097459767,0.02790200342814269,0.1546930202262744,0.16115481489898253,0.010873617913539734,0.11185218368227882,0.14611461637000142,0.010162955386487482,0.1419671682993926,0.18708789580965507,0.828498854475243,0.7002297613477713,1.0,success,
PAT_368_1652_525.png,0.6543132284406298,0.36325235385704907,0.7262701067357055,0.020531042567945378,0.12046672853402386,0.10536415176705213,0.010423090806194933,0.09684663038265999,0.07668852891770611,0.004783757129917553,0.04296947175781379,0.02563268765376936,0.7813542074531011,0.707087695843895,0.9592592592592593,success,
PAT_152_230_707.png,0.6511026578725944,0.5315637540729313,0.5173868561749725,0.025905132830905987,0.11430251485324934,0.09042725042820013,0.006920262984081059,0.09698004813657425,0.07132944629803739,0.0037969132023016683,0.05832732408746327,0.04752191981626741,0.8757181752150807,0.8675058172590906,1.0,success,
PAT_108_161_575.png,0.6085114483028411,0.3012003690981104,0.6148637765178122,0.07533155861115888,0.14864453252168885,0.11120844814581614,0.06718205928784345,0.12063423685796357,0.09105008092649758,0.00729262462623868,0.10401424529126116,0.010851786117539008,0.8461006891236734,0.7864231970102897,1.0,success,
PAT_1754_3308_783.png,0.6120406857381564,0.21395082056526496,0.6091780518027591,0.005388469653093615,0.0339181973424401,0.020403449407180724,0.004120123342738612,0.03418780642234084,0.019614838257444055,0.0007327261106529667,0.047435771082929346,0.017069521337764404,0.6146109703230634,0.2335657704137913,0.9491071428571428,success,
PAT_1071_314_500.png,0.647581684855483,0.30794464593571835,0.7254723837729181,0.014505866394105784,0.06846903860771637,0.04107896099206602,0.012814861196752046,0.0664045303984275,0.03370838684161594,0.01695587237081292,0.012151695341325208,0.01684827385163734,0.49121441700802354,0.4188658218543731,0.9954954954954955,success,
PAT_573_1090_660.png,0.6325283341053248,0.26666300397985987,0.5421823067289792,0.012104419881404644,0.047695413153156424,0.022443693347548303,0.011796306759368375,0.04848533367973732,0.0187389436620989,0.01960447525854355,0.05790651763800636,0.011779547868732365,0.7193375461568879,0.6999211515058507,0.8338658146964856,success,
PAT_753_1427_496.png,0.6199300557487119,0.3258763716976925,0.40268915926451193,0.01678818581582388,0.08231307389273637,0.038985870035015184,0.01364192524812086,0.07815805471754192,0.034243737555012345,0.006542065366751931,0.05327868229614846,0.03747939031479852,0.815350862467884,0.7062351525961966,0.9657794676806084,success,
PAT_988_1858_944.png,0.6476589764625662,0.5779469092210439,0.7069332172615347,0.013191519732474278,0.1492536989295161,0.07009492928732042,0.012726793028274144,0.1326094165248794,0.06874324941325038,0.018822182581328187,0.0031463359323308238,0.026234142053814136,0.8303646426054866,0.7560748582099115,0.9372294372294372,success,
PAT_1624_2807_679.png,0.6731497380461655,0.25125802741442466,0.5569016516476806,0.03683133421947647,0.09431381876657632,0.05091796926372265,0.03530418118157904,0.08822941193963098,0.04773522084094662,0.05337336670908594,0.001203601073799021,0.011106265967408824,0.8668753323578559,0.8131889747105238,0.986046511627907,success,
PAT_1264_907_674.png,0.6090099805981043,0.3052443203365712,0.5088633760230016,0.009357948834504533,0.07198677024486941,0.04310283661591654,0.009191453649192256,0.07350296461855531,0.04194261531214368,0.032828253153003965,0.1559979826663154,0.0850644562540851,0.8853855080736579,0.8622986877981361,1.0,success,
PAT_1882_3718_982.png,0.5330794934670874,0.19441352082425392,0.45358643504292834,0.03655558301890295,0.06599680983799036,0.06948974075726336,0.030233117080035336,0.06196041329504866,0.06731427543111926,0.04116235167633838,0.042307391108406145,0.13059967009418477,0.8815449453223176,0.8649354938846912,1.0,success,
PAT_1300_1056_532.png,0.6731421966457732,0.2509363414067011,0.6535528985919538,0.03552045638351708,0.07357029842407466,0.07711176654365802,0.026223415831970152,0.07127826347177989,0.07960269096364249,0.004913413054199999,0.05168106675196066,0.012739763200521614,0.5759545957568368,0.4971676843203708,1.0,success,
PAT_897_1704_988.png,0.6020239656383528,0.46480079110680456,0.5240713927308194,0.00644965762848991,0.07140852356683615,0.04231972990478149,0.005626391661105207,0.07245247614246535,0.04201410557554255,0.007843860626095357,0.12373955852367707,0.03785126647305981,0.5077300303943189,0.41998329565846554,0.8446969696969697,success,
PAT_72_110_944.png,0.6247617731608287,0.3956130343090715,0.5449150716844449,0.014879397750557431,0.08686458764601597,0.09441198206450169,0.013337316631091094,0.0918360856499304,0.092329915873918,0.047586269609474936,0.2455282355944415,0.1132389941907671,0.714645487962227,0.6227137627925318,0.9478260869565217,success,
PAT_1396_1360_4.png,0.5757196098581155,0.3676195392528427,0.6110501905308038,0.013748432894405006,0.08844970063540622,0.10396937357957015,0.011591141653805058,0.07547486750484265,0.07876086606593767,0.0075475734448053645,0.0892790404915551,0.012025133348748107,0.9055214360381787,0.8866238264824442,1.0,success,
PAT_321_682_236.png,0.5954019183678043,0.37288954907244865,0.43381535866168003,0.04550423206215092,0.16056634671365946,0.07652118050468683,0.036703549013545306,0.14374545079551626,0.0684047546967622,0.03875826715656767,0.07319052906329887,0.059061448221531754,0.8990042454779152,0.8728910758323531,0.9739130434782609,success,
PAT_1259_892_793.png,0.636851592481206,0.19903520579473724,0.7035221510557496,0.020013337770153773,0.03990439324197909,0.04366355596694127,0.021715516841469832,0.039519226478168405,0.04035163627112511,0.001541029336556379,0.03156589548997016,0.002045173167820269,0.6919272947739679,0.7023558048927869,0.9104477611940298,success,
PAT_200_304_139.png,0.6020038555745363,0.6395485050524956,0.3511647875230494,0.012518924338620027,0.1311030780103259,0.07801395311758999,0.008743790844761167,0.10643894683368321,0.06497872036172542,0.002299577772316989,0.007690075492324366,0.08985055304485251,0.809163547135195,0.5494210294962799,1.0,success,
PAT_601_1147_889.png,0.6284996330910135,0.4824569967279705,0.5904925187145634,0.013797348481094247,0.10561949201661448,0.0834754593237306,0.008847764262040139,0.0778260130883143,0.05906531090062795,0.00550392214485053,0.004690208133696361,0.0637058353001142,0.7481460433780196,0.27629200221442823,1.0,success,
PAT_1950_3932_655.png,0.6472536575227666,0.3043886766916984,0.5259274799818175,0.026876563098043097,0.05595367638671731,0.06718448893809553,0.019255331114269806,0.048007202578402866,0.056570721349585316,0.036554438825908,0.009599023882074564,0.0075809463696816515,0.8559616259237515,0.7411850761317437,0.777292576419214,success,
PAT_934_1777_423.png,0.6477993918805864,0.23368321257986133,0.593325641439107,0.017163159668428504,0.04672758499902874,0.04283363885005648,0.01454003254754669,0.04499894688587535,0.040468795060692085,0.0052300496093093014,0.039065055452330966,0.02475963150121241,0.5407710915945422,0.5259340933869963,0.9100449775112444,success,
PAT_898_1706_496.png,0.6459184863908647,0.550838103852079,0.6265710234340627,0.008906024888760281,0.10255766387107249,0.1223987259267156,0.007465143491663527,0.09890064913164763,0.11133961329833873,0.005855379645945172,0.2388649251400517,0.19085996446121656,0.7590273180634626,0.48766483433641067,0.7487179487179487,success,
PAT_1631_2837_667.png,0.656732195598926,0.30026453882588783,0.8078430062302235,0.01446324572971197,0.046633419717459074,0.03576102211745734,0.01400158746059929,0.04518272394184631,0.028340770114993453,0.022059741821946942,0.05627798228441755,0.027987994653893122,0.42415018584006475,0.42403977120490177,0.9015873015873016,success,
PAT_1267_912_371.png,0.6000700614217942,0.2793138712470563,0.8746528820070641,0.014424580774877493,0.0756771360351308,0.05248030109743755,0.011936059728816872,0.07191838849161282,0.05046843766287181,0.0032508504173299636,0.05420681425977597,0.031332161906158285,0.9028472956569122,0.8430680045140639,1.0,success,
PAT_616_1169_3.png,0.5890099382787728,0.3954535159629601,0.2667068246258748,0.012878224978795403,0.08093433075097059,0.05843301388423174,0.007180992234907314,0.07199916875808353,0.05974029964014879,0.0011594029724487124,0.08068364288938418,0.1834475408291945,0.9036984773263281,0.8743250093599765,1.0,success,
PAT_1582_2574_905.png,0.6336498047557322,0.2851428321885547,0.3849350876207944,0.02213863452199314,0.12270450251427083,0.14984163853489454,0.016196405056078993,0.11116080633826123,0.15007342512221028,0.0012388165179165374,0.06053131375848392,0.29854311465668015,0.7651641120751527,0.7983882349344915,1.0,success,
PAT_324_1464_266.png,0.6490455162743333,0.3460935519860906,0.6613782024709371,0.01407256385270595,0.06856724641816687,0.04829436886216785,0.012946318010340786,0.06203887433430774,0.03465986530141685,0.021993516511125223,0.026407556938419507,0.005220060964367335,0.7201814293650691,0.47261884060199194,0.8363636363636363,success,
PAT_1064_273_980.png,0.78835089530438,0.17085806799784134,0.7361267878322221,0.29336469335851306,0.05331951130913117,0.1383137608662186,0.27982174543925226,0.04834646121671392,0.12469626245345487,0.08374143972942975,0.06851777704274963,0.08531448765806493,0.7664767764814427,0.7997435250730885,0.9489795918367347,success,
PAT_313_669_935.png,0.6462695370666762,0.27461602250023626,0.7960600627461629,0.0222442149402727,0.09611831926447234,0.08100947577709526,0.016484781076067247,0.08447961956253822,0.062378264323840284,0.011941077358176717,0.02581828125853078,0.002374936642351111,0.7279389274709782,0.5696726110588594,1.0,success,
PAT_1158_570_376.png,0.647324771860981,0.319418204427864,0.672175515732907,0.020221773776026967,0.05325715912182901,0.038360206875689605,0.019350486744440527,0.049169208300927865,0.03465340679251288,0.025906159983024125,0.048085367495622755,0.006783536156266257,0.79649469010111,0.7617675747888002,0.963855421686747,success,
PAT_115_177_622.png,0.6233084409615521,0.48037264291517145,0.9640233350887721,0.07380436788503915,0.16700522786836422,0.052962534734652456,0.033282261069185665,0.1455181978643381,0.04728205658821928,0.003088676583000923,0.01680354553297775,0.007216125159583919,0.7277486309759265,0.6877683482569428,0.9558498896247241,success,
PAT_544_1028_226.png,0.6242702197941559,0.4012755977853534,0.6384770677691545,0.010814267452057269,0.10176547585748588,0.06331188181548171,0.00708267906154171,0.09218858840327479,0.050599777035638685,0.013502780250574867,0.039844745481028176,0.0032788477718103115,0.762704424130707,0.6382366904222427,1.0,success,
PAT_53_82_657.png,0.6766119822032651,0.45271906837505543,0.5161076653629887,0.01874574163461581,0.09148927235080928,0.0889639917397627,0.018137917517159746,0.0918845565434855,0.09015231545156473,0.04052025736608648,0.0925258661573955,0.13495207062042847,0.9329140219963534,0.846151075017467,1.0,success,
PAT_1547_1875_436.png,0.7658790222196857,0.25216888480535,0.8579924987829378,0.03847236359926939,0.05219604146867576,0.054522597502385875,0.03618475807880426,0.05092458476600522,0.05132251620217207,0.027477155372464777,0.010134060277065426,0.009986874222356557,0.8128142599644922,0.8625818812874928,0.9823008849557522,success,
PAT_611_1158_156.png,0.6191290274528019,0.4741600620470685,0.3735543760149301,0.015705088101602597,0.07356101703089579,0.10315020388178107,0.012519692071332076,0.05582592767214065,0.10546036488984893,0.017698323385979837,0.09950348007791904,0.19293375587618306,0.8687980642917836,0.7355576704869451,0.9948717948717949,success,
PAT_185_285_97.png,0.651619639188766,0.5090522862880718,0.7544418644805583,0.012970953249541966,0.09880565509883005,0.05584240381441891,0.011017684422893954,0.0888741148952732,0.044213937747086575,0.0205755495260424,0.06857797513647823,0.023255781474842863,0.8198746024408643,0.7535907962672869,0.9898255813953488,success,
PAT_267_1258_693.png,0.6662129622137798,0.13356859938236285,0.5131601201932227,0.03504319088696654,0.04056547174200331,0.06732490386680073,0.0223676421774262,0.03616423771759777,0.06231171599095211,0.012623137533973742,0.00892347907250271,0.1129420684731679,0.9347690181176346,0.8677547694566832,1.0,success,
PAT_112_171_863.png,0.6942401568826372,0.2761429715940855,0.5050895947692854,0.029944084376083667,0.05918114167742916,0.05243306349225957,0.030105042351582765,0.05591607314885605,0.05104135566262619,0.0425443833711789,0.010543755584330572,0.03395540535567698,0.8287562637906043,0.8224946449839768,0.987012987012987,success,
PAT_1480_1673_701.png,0.5949841551676641,0.2592897388840594,0.3855942990222909,0.02395022660972545,0.088556084653136,0.09692340942525243,0.014810158186648546,0.07658715302809596,0.08930889282464707,0.012228959253900879,0.08704345026204441,0.0896523178430787,0.8564905269845011,0.8484403678654255,0.978328173374613,success,
PAT_1494_1707_125.png,0.6217283781113523,0.31180457242998727,0.49141683028454813,0.012408713617378796,0.07030902071997115,0.09515035718482157,0.011762270583591914,0.06387172917973444,0.09813095683087118,0.030278503367221057,0.09760968394827879,0.18572402605798882,0.5229653403034807,0.3990040498142839,0.9965870307167235,success,
PAT_1527_1794_662.png,0.6190254796753916,0.5293958198664082,0.5328055735114559,0.009441781358052674,0.07557653389032776,0.06861699906108124,0.008641171476041168,0.058549802372784836,0.05687941278654854,0.0019187080522014652,0.03216117045345035,0.13796914500188262,0.8082600408336671,0.8422516048016366,0.9822064056939501,success,
PAT_1946_3924_627.png,0.6023750604865521,0.47784229194729233,0.7794403624503382,0.004639715510943391,0.0834805008328242,0.0589613387463472,0.00417814606170144,0.08404465783125269,0.05653782451026157,0.01227760890163686,0.12636988380954495,0.06538747477758633,0.8383360657713965,0.6764451518743126,1.0,success,
PAT_2162_4820_913.png,0.6433802109300012,0.6027750537886217,0.4896467270660441,0.014585515004886697,0.11691521654508501,0.07168151093631002,0.013083396776393775,0.1062200006503959,0.06842174691297208,0.02024187663110592,0.23610174039546789,0.17583516060427823,0.8355814773857795,0.73828965726225,0.9727272727272728,success,
PAT_229_349_256.png,0.664707084827971,0.6247366472466429,0.7087080438985545,0.008955061541879642,0.11472940228394259,0.06335123386849885,0.0074525086646347605,0.10245716112821111,0.0542162216976158,0.006404796311531256,0.11119730393271565,0.03862019101658154,0.8119917809602665,0.7149205601977958,1.0,success,
PAT_338_710_93.png,0.7319496509431768,0.24046278924327705,0.6741048048078178,0.03915528218359262,0.08285132487190847,0.06208559807255798,0.03627529622439957,0.08212468199197483,0.05703800774129621,0.06924586754848165,0.1305998908053777,0.021637458409881627,0.8266326884404688,0.7148223045633859,0.9632352941176471,success,
PAT_830_1564_54.png,0.6686517375760628,0.48394848488119785,0.6496273826102289,0.010776654608053573,0.09601176728589138,0.13598746499225092,0.009028632031660211,0.09151002191265294,0.14059915859233307,0.009103655394064072,0.08955194930819166,0.09306504243513736,0.5679261233524906,0.4489655672616606,0.9158878504672897,success,
PAT_1374_1286_494.png,0.6740006778509045,0.16924627731203637,0.6290980703516024,0.04084265192497813,0.0491750425000849,0.07365371312033937,0.036605358416307035,0.043881104189090005,0.0685346407116123,0.01728747782694329,0.042586359042625366,0.02202666252433949,0.8151014061526574,0.8000359738008572,1.0,success,
PAT_1572_2496_418.png,0.6649364867707768,0.1415067837683486,0.88249198656109,0.03648298455486934,0.049027467317293925,0.07255384701818084,0.03502932902582838,0.047913368810089584,0.06978740867132721,0.04928972766939231,0.013738866412723677,0.04499958796610193,0.6441413479582041,0.34763936170876486,0.8907563025210085,success,
PAT_1404_1393_369.png,0.6038814710751627,0.1721572746330882,0.4993963019793475,0.03408653603443421,0.09703688787750939,0.04288819679254733,0.02084379232804684,0.09280543071544013,0.04117833010651787,0.005935325234164266,0.032622114894452076,0.10736059421044764,0.955449907181468,0.8846110147956701,1.0,success,
PAT_707_1327_245.png,0.6405846113072677,0.5329813445969729,0.7343810174545002,0.007400094888543129,0.1175030752998208,0.08907992378295876,0.0057442361479719175,0.10850684967203915,0.0721625763745494,0.010053006551681579,0.07841433036058854,0.0002800997976006858,0.8831742271494527,0.879548775204174,1.0,success,
PAT_639_1208_986.png,0.6159803874216342,0.17277437079919541,0.697238221393645,0.054392348399871386,0.052335514536480734,0.0501426607341462,0.06043479493122928,0.04460516144733848,0.03534448793950842,0.0296784969470737,0.025239305697453224,0.013480103579799563,0.610218229867634,0.46839509811354385,1.0,success,
PAT_271_418_92.png,0.6449722656957528,0.47257814540598436,0.7419734346340555,0.01947298897690219,0.12427080684150359,0.0869820256801419,0.016753713950773762,0.1132727707776746,0.07695982268291496,0.015068196415546629,0.09022600439953127,0.06792107057085928,0.9103302140303157,0.8630867118694991,0.9806295399515739,success,
PAT_1376_1297_686.png,0.6109055280959306,0.2845661256053061,0.5887067134294931,0.02767873876345333,0.08603824478760849,0.04241392360147831,0.022285561416339535,0.08155195143727384,0.03689701769822542,0.0090235679907095,0.011802413863867378,0.008738485433942955,0.7437672140435028,0.8480680856978543,0.9971428571428571,success,
PAT_566_178_625.png,0.6413925883666718,0.42327967595755517,0.5554646339809577,0.01620803191270402,0.04759420526778899,0.049616895586460395,0.01548557646513245,0.042776526156477965,0.04618356374361749,0.02444514936899809,0.024013629311821882,0.01926028406773439,0.8376517484577929,0.8514555428629377,0.9813084112149533,success,
PAT_309_662_76.png,0.6241989304602642,0.7519010603900691,0.6451787214147107,0.017311090161981436,0.15907830995860267,0.07982422404334734,0.01474164200734868,0.1473445209877186,0.06004865070004669,0.005819912715001468,0.20497113041445847,0.04057636055083991,0.6382242211479116,0.502595581355296,0.9093406593406593,success,
PAT_572_1086_130.png,0.6760238609759224,0.31502288288948144,0.436895972227793,0.04313576595812945,0.09666390404930547,0.07207716420893698,0.034068088197657546,0.08406780922960308,0.05967526482084533,0.025443953134446674,0.01142199525114368,0.0507083350591771,0.6886483745834284,0.5240522604138006,0.9506802721088435,success,
PAT_459_892_804.png,0.6909832372459999,0.43143869718641314,0.5700611848419816,0.025320870356651252,0.17029341287600624,0.10841273812932714,0.012825149681182393,0.13193498524625363,0.07892937198425014,0.013703331203358479,0.07155354900238592,0.07665328272160632,0.7310109069558178,0.5844786669593481,0.9504643962848297,success,
PAT_386_1554_280.png,0.6638912854902137,0.3469854505751758,0.6139346265184946,0.023097907911973563,0.08586254616056879,0.08053221201587228,0.013765967352846237,0.06197203110608142,0.053554323925292295,0.013759610564357969,0.040842474129148765,0.006910608327629242,0.649609535060595,0.2520662685579298,1.0,success,
PAT_330_697_575.png,0.6525790010753869,0.582094813458377,0.5782299466883766,0.010489947923109677,0.1250112035281833,0.07004712991012266,0.009534684322835493,0.10935854304886751,0.05891588079711763,0.01711825884014857,0.012400170126196874,0.01790713919010334,0.7686924904293746,0.5885309812597236,0.9775910364145658,success,
PAT_1918_3837_15.png,0.6474069898626718,0.21441926940343148,0.6298089779073643,0.021209345907044343,0.06195738714133701,0.0647176148507489,0.011788478391169909,0.05175465702053446,0.05434186118116572,0.012928761099310767,0.021890246770055494,0.006849707851282583,0.562754868544953,0.3899201720433509,0.9753937007874016,success,
PAT_262_402_14.png,0.9217866128381156,0.11331098500312237,0.5243471244376846,0.3801400888163043,0.0666987461811394,0.08385656180865367,0.3448284250543671,0.05200360887356687,0.07256922101552944,0.31739181407675393,0.009545629725689023,0.019163229651800062,0.8141672776240465,0.7635165589379742,0.9807956104252401,success,
PAT_1075_324_177.png,0.5919186546143539,0.15510814353596594,0.6143535965918401,0.011952871587421449,0.03303189784826746,0.04342738809916445,0.010851944463510952,0.0317601346269994,0.03688011359641555,0.017369838101135335,0.003029543855750494,0.044747640469508076,0.6966501213565697,0.8389846520997218,1.0,success,
PAT_918_1742_629.png,0.6389403077995209,0.4766295658132909,0.40454885671234764,0.03775635237494414,0.1418628141406829,0.14623678599120635,0.030440898252448778,0.0977983899363902,0.12853556541559077,0.00690805416834858,0.004791704197945279,0.09306664619066357,0.697058288562614,0.368804229705316,0.9548104956268222,success,
PAT_1866_3659_398.png,0.654131562610668,0.3611013488545417,0.620367480095651,0.022864358374094042,0.05208625830974692,0.030406655195904565,0.0250828526308863,0.045821067211317325,0.026095996724784916,0.030087191307248337,0.0475080210242147,0.00501724982640972,0.8515884054170091,0.790786109371805,0.9956331877729258,success,
PAT_460_893_883.png,0.6265988276107424,0.4871496910115343,0.7699459532625769,0.018098580024351437,0.10385284228224685,0.06986638902412841,0.013102585277587609,0.09858212842968257,0.05660784011669715,0.010332886418360153,0.12173687299176444,0.049017342799649755,0.6212417716438365,0.3147957212005101,0.8859180035650623,success,
PAT_304_653_446.png,0.6529584654075794,0.4746888162672476,0.6923273783587509,0.016880390565345998,0.08358495137424568,0.05266608619182584,0.01685624584074378,0.07801546013873469,0.04217176700752633,0.021128506165186897,0.0032868689347409497,0.02413234183098023,0.8042701777611442,0.543723085163157,0.9929577464788732,success,
PAT_851_1623_506.png,0.6239369579929517,0.31360801643808595,0.6147141160737036,0.027718993653958704,0.09969754007399734,0.0655736647148153,0.0215082440303583,0.0797721621475278,0.04570380852194326,0.010581677866455329,0.016890453908931347,0.008654767864441415,0.4948233920289785,0.4069735172914893,0.9694960212201591,success,
PAT_359_741_973.png,0.6365485640235309,0.4132114310551981,0.6253806667827406,0.0076808359869226465,0.056770263379946236,0.04849734430812079,0.007074661713969614,0.05337484216262784,0.04272391071904788,0.008861685050909942,0.024197682546189314,0.020239271694250993,0.7426360808741379,0.5771593781399712,0.8973214285714286,success,
PAT_1754_3306_816.png,0.6372938821955374,0.31034140532672944,0.5444209914382704,0.019008087369460986,0.10877718528155067,0.07194902564453105,0.02245943046616967,0.11176277976372628,0.07216556299084315,0.015038796508457688,0.16323285516836297,0.0788804177755158,0.5175940118582653,0.3580089186155767,0.9078014184397163,success,
PAT_281_432_813.png,0.7054925903848742,0.3430977526076101,0.5631931396002295,0.10613276997595747,0.1584543089810366,0.10000486525859222,0.13694533229096814,0.16034551378294187,0.09898442866669435,0.00841699808297973,0.03941759841757975,0.03301400235983243,0.8566907930674675,0.7561922425635297,0.962800875273523,success,
PAT_20_29_850.png,0.6218900128327124,0.4433330022829803,0.5136863343839826,0.012881675515119907,0.04019778562301498,0.05293768740153731,0.01289930137777602,0.04015457389450254,0.05072399631540771,0.022895785657886275,0.059887739088783365,0.04221368362595734,0.690449003635572,0.5797005308950836,0.9613899613899614,success,
PAT_479_917_41.png,0.6708815257088794,0.36537907126775865,0.7490104329074027,0.05087935513157358,0.163640741896632,0.10007604980501789,0.017871557439461293,0.13684955696417453,0.07318797677547406,0.02635855770611965,0.036071419187089504,0.020860630774096722,0.7697657533437976,0.554595493637555,0.8910369068541301,success,
PAT_904_1739_546.png,0.6758942038773214,0.16537067907697106,0.6170288222716591,0.07207787339230363,0.05283592575336449,0.04394839557413942,0.041819177454612694,0.05004560135299092,0.03800783825006896,0.00012754266077463525,0.06402293061395428,0.039511007532540554,0.7852571418867991,0.7560295583109721,0.9272300469483568,success,
PAT_1620_2779_319.png,0.6118964903037631,0.1588313966134011,0.7320597722213738,0.08409765065343235,0.05752578778663162,0.038096699810151194,0.03320718226432663,0.052411501000835053,0.030752953650749176,0.028916702462736293,0.000835888408440788,0.0026001348567635807,0.8384508899268825,0.818891591560003,1.0,success,
PAT_206_312_595.png,0.6542242737841848,0.19587753142576272,0.5215327212195622,0.0630159418433167,0.08703712116255714,0.05704436748676919,0.04671140018669312,0.07466592550048069,0.037907228164717,0.009632355636478785,0.016484408217888546,0.018298699383096806,0.6806689038024842,0.4753982102702451,0.9757869249394673,success,
PAT_290_445_686.png,0.7005703050908224,0.27983074986751455,0.5156928987811341,0.06590035760537494,0.11639429349349006,0.12541167199547798,0.048243447360754484,0.10373817327140454,0.11555588849122982,0.003820262945516441,0.11094320125627255,0.18078824414062922,0.892329769162963,0.8586180488968479,1.0,success,
PAT_154_237_2.png,0.6552378042710534,0.6639721511576108,0.6865334869676611,0.011675790401406792,0.101076052145721,0.08536523900133278,0.012549140687766868,0.10695717936142307,0.0892020814432601,0.016966510525069367,0.10931020790210333,0.01097083251155928,0.841808096259508,0.79827901440573,0.9572368421052632,success,
PAT_523_988_851.png,0.6079587501210318,0.356585136040119,0.6529843947110218,0.010718120557858238,0.03997345496543948,0.044638542754292465,0.008993499778337247,0.03772217635707877,0.04038291568012922,0.007253280060652006,0.004950306035882535,0.0003228875698363387,0.8582031441426095,0.7962232426817187,0.9838709677419355,success,
PAT_70_107_591.png,0.037798061431575956,0.1266065719018452,0.3401063215069918,0.27904190955159813,0.06919770643010831,0.08735768006370394,0.29323931399826453,0.05570581294238625,0.09067177001972314,0.4695111611321969,0.04510155699265572,0.2122724622645814,0.714788947482458,0.27421141035650637,0.95625,success,
PAT_155_238_413.png,0.6634254829677316,0.484895376329678,0.6928866277938907,0.01630992291479892,0.1533044393494548,0.1955255749128648,0.011708974013307533,0.1425216909917719,0.1919311937074221,0.02071548073906284,0.044818308069218715,0.013921592820558382,0.49892042931116576,0.5302762930863839,1.0,success,
PAT_2109_4598_112.png,0.5549502089575622,0.22722457629184406,0.33370000657176413,0.05266899237217241,0.11272103187456509,0.0814146059295214,0.04323463177133467,0.08836457063257751,0.07031876479645845,0.03587811041537555,0.07688325523664316,0.10974598004926855,0.9315517765541437,0.8283481598118635,0.9852459016393442,success,
PAT_892_1691_881.png,0.6308438673938839,0.7376045890036566,0.5538504357856141,0.010608939980613448,0.05903025383589236,0.11476280506738779,0.0099099918629515,0.04014357249112719,0.1147990649113874,0.019277325753773767,0.03924443879259354,0.16324817905640843,0.6748802586909306,0.6269593290333337,0.9536082474226805,success,
PAT_135_202_695.png,0.7131577660048941,0.3443929548563611,0.48335556315549477,0.032531236962688906,0.11126636476529966,0.1111405206716578,0.028074551401140815,0.09773967539670789,0.10115458328324486,0.05544190370617833,0.11392118786333688,0.07105466212797884,0.7691107099830685,0.8012446804995776,1.0,success,
PAT_311_667_416.png,0.7461759680821413,0.264813406278542,0.45963667909912054,0.04920393662398895,0.06786324405913066,0.038061719109918096,0.04665656115807648,0.06859848288320287,0.03753405816642314,0.01492178670871043,0.06492407455753099,0.005390475175799492,0.7131103168148505,0.714794919788317,0.9454545454545454,success,
PAT_147_219_206.png,0.6306901092172471,0.4788417681568424,0.8689922735690954,0.0132742488922183,0.15336115040020845,0.037563006148763046,0.01279545556297816,0.1430963266597228,0.024685247306805224,0.014410669714842329,0.1128182777692564,0.013331038138338913,0.8542061872902631,0.7073742106943267,0.9722222222222222,success,
PAT_885_1687_823.png,0.647720988517687,0.427170035138346,0.6727004841841551,0.011469883168577198,0.11902191826528878,0.06716012682403502,0.0101242385652614,0.10384650123134061,0.057727351475765534,0.012862907083031732,0.01287110373475514,0.016520205292151924,0.7297161855232781,0.5446053261154731,0.9117647058823529,success,
PAT_1942_3918_497.png,0.615371276977402,0.5239833969558795,0.5989814893106561,0.0068954270251299285,0.06253569600539965,0.07328243087370587,0.006522389739765519,0.059101200046677134,0.06975765618324883,0.009896362494315586,0.11260763421119346,0.10573362220148397,0.7673931888342315,0.8326481152857333,1.0,success,
PAT_734_1390_631.png,0.6580147032690212,0.5260450079559519,0.6612473585398092,0.007860642792609356,0.1021052065196233,0.12419624938666121,0.007365090812453756,0.09784493663564829,0.12524921301755512,0.009398996327550908,0.05319315936510716,0.00880245482682196,0.8696744366064273,0.676646730647898,0.994413407821229,success,
PAT_10_18_830.png,0.6201685804283754,0.260561800662559,0.8280095539180826,0.016422773088176326,0.09182078974286306,0.07888213834217357,0.014962471136838705,0.08723651129473523,0.07434066953957502,0.029480296420229025,0.08472123906766993,0.02064138102125057,0.8879085164129412,0.7150877203392263,0.9739130434782609,success,
PAT_877_4672_612.png,0.6318367381993826,0.49055815641957673,0.9294680250877301,0.014048648924575517,0.08321969966731141,0.05729748697691424,0.010537978707905541,0.07482994012756042,0.04099178314900666,0.0014126959508367854,0.05556847721805963,0.0226383928500552,0.8193083094760171,0.8021404649511013,0.9541666666666667,success,
PAT_1026_124_346.png,0.6894162460510974,0.4153616216804743,0.829541427878572,0.003757399236766535,0.03350675696214143,0.03733523197644279,0.0032738100625841577,0.030540769499318433,0.03079743902263881,0.0005393539708626192,0.004503196236862739,0.006274583343781837,0.8521906853230727,0.8708848249262219,1.0,success,
PAT_728_1381_63.png,0.6462974797189007,0.3186552104569981,0.8681806432554189,0.011992148486844266,0.041623012884571514,0.05602116217935613,0.009817765335239217,0.033670299556585855,0.049999403117830896,0.008619443361285384,0.024933234820834427,0.014570992621057544,0.5036479835532088,0.1790087527564305,0.9110320284697508,success,
PAT_271_418_14.png,0.7443724019284897,0.15789508985412345,0.698899673505766,0.13242899127945829,0.07868314633246502,0.08878817997796681,0.10019676234566974,0.07388599471455802,0.08104015321031392,0.06215498753277113,0.08357636598484933,0.12932010126388993,0.826580958405083,0.806266980894819,1.0,success,
PAT_208_314_741.png,0.6520592290069104,0.28077089902211555,0.5581802960383636,0.016773658692466,0.09310294769496295,0.06963298454032339,0.015582799857183858,0.09101413400979651,0.06667342895710165,0.024091483876949128,0.10021074638427294,0.03245724939919781,0.8932245975478112,0.7947752705442416,0.9967105263157895,success,
PAT_2097_4557_241.png,0.6566300871108008,0.34858976264549557,0.19704814573733997,0.019277742283007188,0.10886801256704527,0.05073783635976337,0.01292432741861495,0.09931558950348174,0.05019857702683117,0.017172276085159095,0.08207655697969962,0.12640665211100288,0.9163473511574922,0.885684957542966,1.0,success,
PAT_420_834_450.png,0.6426900901659349,0.24940625840013916,0.598840513388601,0.06500155793762283,0.13028549571745063,0.17809213474882132,0.0432978834644637,0.12083806983543414,0.17516436547445807,0.00863390425785937,0.009575298939602656,0.11427955065624712,0.8161043094393656,0.8490419420182045,1.0,success,
PAT_1277_964_77.png,0.6242483533204688,0.09841822565478513,0.641608661530859,0.16354809407983203,0.07218912717683652,0.07542040715847406,0.1257325312129887,0.0701387831555264,0.06367768776533902,0.015543481036632301,0.03039943199246621,0.013246998946390254,0.7496008105961008,0.6498495082789825,0.9133333333333333,success,
PAT_505_3200_856.png,0.6479727059953626,0.2461082455856711,0.6499180326443903,0.04100467823026854,0.10112155153357896,0.046380327463152224,0.03127535807120529,0.09357751721293255,0.03576791155495704,0.030608131516297415,0.02967841477553171,0.007576842559732233,0.7679774174986344,0.7426800629079615,1.0,success,
PAT_826_1615_908.png,0.653961545559694,0.47074226665039387,0.6756087194450597,0.011007266901695473,0.0779928700320972,0.08140934754925278,0.009772746416978553,0.07590261844064002,0.09983891075541397,0.00041557598814610704,0.06151565844112139,0.027269654929976905,0.5567129007510918,0.24192696459714955,0.9061287820015516,success,
PAT_998_17_641.png,0.6191409252452499,0.44729578050301394,0.7238411972562877,0.01030435303409608,0.05727372309388807,0.05916490294398561,0.008763989787849775,0.05010056330530444,0.052733083741447924,0.0018178368712710045,0.09294945885414979,0.10068164512874811,0.8032962099338247,0.7864576528970664,1.0,success,
PAT_809_1527_902.png,0.6386183219910341,0.2995276942893946,0.5788161206947356,0.07668846296128186,0.14269801390819323,0.07540686846422986,0.04913789745097562,0.13916105540791296,0.07290390007187927,0.10504578119507657,0.1056222690295589,0.043679389997978046,0.7014471571121816,0.783983253053321,0.9838709677419355,success,
PAT_205_311_255.png,0.6510399924921512,0.29094357515410146,0.6742336764008591,0.011859550338348908,0.07253027821274778,0.0395531223619425,0.009265963141791145,0.07030062652143147,0.03651268669060425,0.0197261497176117,0.07919674876397093,0.014849922899458523,0.7895967182457093,0.7812056412638773,1.0,success,
PAT_1568_2454_468.png,0.6360046969618386,0.3940075681255972,0.6776297857147783,0.0076606709363608435,0.08272056141870603,0.07084653726168429,0.007733239555759228,0.08733501820232976,0.069975749139253,0.010803529275056591,0.13905283378728833,0.014651797264041977,0.725624866010357,0.7748212687306458,1.0,success,
PAT_85_129_980.png,0.5884667243650007,0.5853548270428066,0.7888850138210752,0.019412585764515333,0.09845781163751215,0.1245823597238052,0.018949532400499364,0.09072842278461887,0.11798852695795413,0.004224304474233836,0.07102380051454826,0.12250163234065747,0.7276565642748216,0.7663178499552649,0.9,success,
PAT_1722_3214_672.png,0.6090844162564362,0.12139795833292476,0.6099362370930674,0.04967462494945819,0.04067766243877349,0.05849873658644725,0.031797052552457024,0.03493114002124208,0.05921112732833989,0.025298204959701958,0.0010425528858219457,0.014815164808284709,0.6657523224829269,0.6593303884941536,0.8084632516703786,success,
PAT_1021_112_40.png,0.6316396628669858,0.46400166924588343,0.7320941501046176,0.007674159023262415,0.027476773572695054,0.036008060177384525,0.007327964283086728,0.025827815994971505,0.0359991549625609,0.009826345672992984,0.03815918501292642,0.029257261625718733,0.7321224132818336,0.6558266991527135,0.9743589743589743,success,
PAT_363_745_516.png,0.6807208082679003,0.24412670852479335,0.6569898979269704,0.010311873107378517,0.035711961930693474,0.02561772457997551,0.010325726659425287,0.03548928165492521,0.02181503304554995,0.0003074017124306118,0.053411430029095125,0.01240072072123155,0.6486375097024917,0.5099894845244145,0.9503105590062112,success,
PAT_178_276_465.png,0.7301429624027135,0.35529494221467617,0.5602015478847565,0.03141558433952193,0.08520586232393722,0.046929366334448136,0.029550251536896832,0.07872244084714668,0.04139486595917864,0.03409293139178765,0.0697663543825831,0.012575367977699314,0.7162038622224864,0.6382285468549243,1.0,success,
PAT_2142_4733_13.png,0.6359469085187477,0.5462702418350281,0.6672637852913882,0.010952790826017496,0.10004632845979959,0.10317871495354576,0.009660935647743773,0.08793396783575605,0.09469879385631128,0.014793275607217755,0.08944596535161703,0.1192186780379868,0.5839267898110467,0.6564198513738748,0.9791666666666666,success,
PAT_1582_2574_989.png,0.6154111739491414,0.48823278672082643,0.4798798121123983,0.006630082079099962,0.07257318594135258,0.12393020922866692,0.005040338526330335,0.06428694158747003,0.12272119654563965,0.006126571929787872,0.025278847748787914,0.24841456435461995,0.5378590838457188,0.624589305971643,0.975,success,
PAT_563_1070_63.png,0.6929275092811903,0.40018809228180424,0.5003285397004903,0.042205230766609154,0.15017171104865842,0.13347411633293926,0.034019479821388345,0.1334676113689239,0.11734715139054373,0.004724940834599225,0.1282325158314776,0.1281630636091149,0.5941752247093479,0.23268631019621897,1.0,success,
PAT_423_839_596.png,0.6509423373890534,0.3679724147053736,0.7900767727952623,0.009902380206657528,0.06426712492469473,0.06767721110293708,0.007417238914977905,0.05514737106934889,0.05650238231764529,0.01098861237201842,0.08908437634021105,0.027641599171475684,0.590375901739281,0.42894662802843697,0.7650273224043715,success,
PAT_1064_272_668.png,0.21648365887228138,0.08772058410836973,0.3966330900098716,0.22233009548610025,0.046667184084529044,0.10011522133572628,0.2294604092349241,0.036074593443560087,0.09173974436625451,0.3001599271011115,0.02470414798208842,0.16891691843138917,0.8275398183969151,0.795567012401376,0.956989247311828,success,
PAT_742_1470_425.png,0.636339672211185,0.307463139024622,0.49254497219245374,0.05026381641297253,0.11245982799436421,0.1181841244398714,0.04321021542826359,0.0952334517529508,0.10213223744637889,0.02024296894404153,0.008291199870678945,0.008969423960826006,0.4627350866023445,0.5878237330415763,0.9777777777777777,success,
PAT_1071_312_841.png,0.6036015930887403,0.36354396637720976,0.4338640043173233,0.007748529843121041,0.046283272437027415,0.05014963270619103,0.006544048610446906,0.039383017030563,0.04937580563343951,0.006795804717146344,0.048958054069964174,0.11283261665374633,0.6860386858537266,0.664281003171813,0.9719626168224299,success,
PAT_433_2650_417.png,0.5928245741189185,0.7068715465165702,0.6301847152991552,0.004482669320723256,0.08355446649114756,0.0919649514017276,0.0037604658083165697,0.07271320892368024,0.08813198374803714,0.007103506561860703,0.09977595482041712,0.16731128394776185,0.8655686831090057,0.8562445176489963,0.9705882352941176,success,
PAT_980_1851_351.png,0.6311923433177896,0.6290254484485639,0.39980077195807984,0.012557918331031984,0.09856069681457613,0.13063397137008637,0.010943516566044498,0.08432698315967782,0.13954798341765376,0.003058677820383969,0.0009181027350615434,0.05278727019856344,0.6301641545229182,0.5383248212385321,0.9805013927576601,success,
PAT_513_964_447.png,0.7676515622467656,0.26440619621342515,0.45739421551753234,0.09698067484882134,0.08806719079526253,0.10251610298457106,0.06452461541796489,0.07523452359580769,0.08972061784437309,0.058308211578137224,0.03183323486382031,0.010470092444205215,0.8134306871796997,0.7859314568065684,1.0,success,
PAT_1707_3146_743.png,0.6595276862387544,0.3221779649158276,0.7049735883565064,0.013732777258979591,0.07342978793147337,0.030260383141703824,0.010902954771897996,0.0653342783063187,0.023641366499549912,0.006301575512435499,0.030485191362029485,0.00472653292412939,0.7139444753268105,0.7171679340558452,0.9297872340425531,success,
PAT_262_402_265.png,0.6876694373893218,0.18499868558213148,0.6247519136581586,0.08552600618586204,0.09118239490683046,0.11957335503490102,0.04455680206996487,0.07819741117189354,0.11520752561700484,0.039815665244633494,0.040478487417735465,0.07546469147564283,0.748986644273133,0.7182561221918239,1.0,success,
PAT_718_1358_919.png,0.6710224124168485,0.2756108813501365,0.6529313914638813,0.01486524867176133,0.1515165465328962,0.07791958072338408,0.013087779368000116,0.12737448766205223,0.06636554047218227,0.0225054480692815,0.09289643191241545,0.0646864338819162,0.731162116944549,0.6001486378773772,1.0,success,
PAT_758_1441_891.png,0.7040671786637189,0.18833869061461028,0.6401294010486536,0.07012156138852257,0.09627424184509298,0.0669285331705127,0.040912629053623216,0.08311637564142438,0.05446277987061173,0.04940356551971314,0.0651140048069062,0.03712613741562287,0.697790827194449,0.5245882097341915,0.9816849816849816,success,
PAT_1244_840_975.png,0.6321137618508662,0.30755801895226176,0.7003785684486561,0.03146841090324952,0.11719668465684781,0.06216369889659624,0.021485014868697475,0.109547386140759,0.0563913082426752,0.020151222637716477,0.13534528141046215,0.041914461131444924,0.8347529007671293,0.8195956687173629,1.0,success,
PAT_1174_628_915.png,0.6919032565001835,0.1566161389161791,0.5456472020142156,0.03198783702140272,0.02059130860972853,0.017382911370170537,0.030377363313523902,0.01816342209657732,0.014539765001899956,0.04792987312164306,0.005566446690016297,0.002470541190495945,0.7944484878269464,0.805861012032125,1.0,success,
PAT_46_881_14.png,0.7091966525476031,0.21527016453978245,0.6684523344504413,0.06275279093903743,0.12042445860860936,0.042717268935154214,0.05667962110031247,0.11200050267712813,0.039534323371113116,0.059488983600503156,0.060849768858164816,0.022152310427312805,0.8001805768957335,0.7270804983262109,0.9377162629757786,success,
PAT_1306_1086_124.png,0.35761280209461466,0.15541687082548933,0.22100128082798223,0.19707070406828542,0.12217061313902479,0.10224032213425525,0.18980452683214855,0.10700342000021598,0.11351401609115258,0.21057133024499855,0.1919111283842701,0.304108611995646,0.8714934141787849,0.8569543308800892,1.0,success,
PAT_83_126_513.png,0.6434545099238672,0.42225121996022835,0.5267231495537824,0.03874650006474546,0.1907564508287993,0.11796500195674031,0.026496880392379935,0.17341481931331723,0.10754321575641666,0.026205222153058746,0.01656522562241658,0.0851744189300333,0.8753628947979001,0.8574894943959143,1.0,success,
PAT_994_1866_730.png,0.7021498546057535,0.2491121802772435,0.48729181698066926,0.035943805361627626,0.10175381515140183,0.04552399911860904,0.028217536835428894,0.0938599214993236,0.04347625364508293,0.04112548014506861,0.06245648351578029,0.004897652418292597,0.7525837830928676,0.6545634006652198,0.9503239740820735,success,
PAT_132_198_114.png,0.6535030283636094,0.5348928473928474,0.8467367768838356,0.01662964075836983,0.12410334220100602,0.057529280714339055,0.014562670423239063,0.11370663686650657,0.05209731697712815,0.014160669036319955,0.09174442495432755,0.010151535995272853,0.6870645662948518,0.641602172791994,0.9778393351800554,success,
PAT_737_1394_308.png,0.6802219287713851,0.42408054027125264,0.537340911071048,0.02869536795277095,0.09947722511913411,0.05685662865513105,0.025156710780673493,0.08609281289473067,0.04274545150848246,0.009513904547705622,0.07348114384232052,0.027692151838357604,0.73373451738517,0.7411734892155589,0.9945945945945946,success,
PAT_45_65_551.png,0.6468161486557216,0.6344156382009443,0.49681512628243546,0.008459724746612558,0.10799130408489031,0.09455167477029897,0.007459742799853709,0.08241824520137386,0.08110419477996422,0.01103640866955481,0.06601646904484071,0.06660771755568468,0.6900999057255955,0.729277206147071,1.0,success,
PAT_1715_3184_989.png,0.6498650097213198,0.1666019220128059,0.5212622196123602,0.037377360456220955,0.07661674330242653,0.0443059628291155,0.03408324597687778,0.07478787538215996,0.04328741597748636,0.0373756126719863,0.06944914957862136,0.004702832087460362,0.8205886628141451,0.7929187174149124,0.9816849816849816,success,
PAT_141_209_438.png,0.6369768018264738,0.41941346382573824,0.8117918918000476,0.006234478770663996,0.04382835259918176,0.046581433589927904,0.004188125857771292,0.041303666899604984,0.04091010711971223,0.0019731280790000008,0.041493990692973715,0.04894153134020085,0.9044770522947705,0.8676671875107319,1.0,success,
PAT_964_1821_83.png,0.6092593030656364,0.326258310945827,0.689178136104631,0.016796095943834532,0.07614660820204859,0.05818938392222983,0.014551843939100483,0.06588095216906734,0.044998964527188955,0.004002058316691403,0.052421388728347784,0.02375143843873928,0.5959588906016687,0.6277857621770824,0.9591836734693877,success,
PAT_489_932_138.png,0.6621519112568137,0.7000563398163798,0.2786659739716583,0.030454217935308413,0.18201687762947866,0.11388525612742757,0.0172063836769191,0.13222109837711865,0.10364105977133932,0.02568665977570848,0.16317993029481603,0.20601274076636966,0.8334296803181305,0.7503425363290656,0.9881889763779528,success,
PAT_1022_114_756.png,0.6619068179767359,0.1986643218337908,0.6444137643881247,0.044911039435777164,0.06233780677824854,0.024903302650719154,0.03990813636421867,0.054801866511990906,0.01768822114950788,0.061282924712306494,0.006992299373282718,0.002347668254444102,0.7679051302931597,0.7292182986630075,0.881578947368421,success,
PAT_815_1534_411.png,0.6765963116033138,0.382539761539567,0.7304475393726447,0.008405950541810297,0.08000797784097281,0.07641711759670186,0.00775518464870609,0.07781687891723608,0.07462099079925869,0.0027067810000305473,0.04112109522882512,0.008589166866725395,0.7923528747430842,0.7895814577648356,1.0,success,
PAT_547_1033_445.png,0.6325460331920244,0.33769004153385496,0.49461576354679804,0.01432604598339912,0.054175923790826655,0.028094767384887788,0.013035481580405545,0.054594577158079416,0.02758409539657483,0.0033924156424751414,0.04222315944310756,0.011131004501464536,0.6906981623744342,0.61714558093388,0.9413489736070382,success,
PAT_1913_3816_335.png,0.6489917443852252,0.48165889591450045,0.8158246577675587,0.009424030698175854,0.04510709144334056,0.05399108946543467,0.009081822740708118,0.03902736196558236,0.04487610957528999,0.016552871741499095,0.013353280158303726,0.014158557685866602,0.532994337452428,0.6775039955103693,0.8452380952380952,success,
PAT_1063_270_593.png,0.6166331300470709,0.46155119825708063,0.7795413943355121,0.013948609259504993,0.05580973490974729,0.04452182644483175,0.012639070829793686,0.050606521408031534,0.039732225222501125,0.019334074770718086,0.043127526454161624,0.03467592653133045,0.35924613127998367,0.5355080399831261,0.76,success,
PAT_319_678_357.png,0.6319998608170769,0.5072461018126955,0.6990240564086541,0.010744939818844017,0.12935205650870107,0.0881698049258717,0.009081616242668322,0.11368397692601345,0.07634663806355237,0.013040884997723544,0.0408171768338389,0.03343041216072562,0.7609750543574073,0.7332393233996347,1.0,success,
PAT_1822_3576_145.png,0.6137447713011195,0.3321511971489532,0.5087696850289275,0.024655655046916296,0.08151842293251048,0.049038324320020095,0.021748827899364304,0.07509133966015892,0.040273474212197846,0.018567020699799663,0.07226564996008039,0.0098815747930725,0.7442271698959304,0.7919531875940669,1.0,success,
PAT_978_1844_599.png,0.5546565733083236,0.31840595876994965,0.54773310847409,0.03162568282333774,0.11271323986618874,0.13890148223568494,0.03320802550338143,0.0997076249889938,0.12541334336636004,0.07550258080197807,0.06629198085047366,0.0010031937276219205,0.6306621734253288,0.3223580834557883,0.9908256880733946,success,
PAT_1614_2747_533.png,0.6825668439127224,0.38561706938806456,0.4664823753857568,0.042644770618682576,0.17663458742443688,0.06097673177222224,0.03640890682628778,0.17153496313194472,0.054812325644654145,0.03680678087764038,0.0838246025028127,0.031636904807034905,0.7564104124455273,0.8250374417607517,0.9595505617977528,success,
PAT_191_293_391.png,0.8589636097124712,0.18134602262316366,0.4903876334406369,0.33166050225324173,0.14103443069219113,0.17062941574802215,0.3433348822614684,0.0988399392839682,0.13868244552972517,0.023217067133159554,0.05776170595961867,0.1205524890027963,0.6226729793377439,0.5731484290828154,0.973170731707317,success,
PAT_1427_1485_119.png,0.6385109621330469,0.3131231746223779,0.5663764797014794,0.014401569795041043,0.06442585555602086,0.04153612091055784,0.013110141687493559,0.06323938672454196,0.03840230243133818,0.019326022593793526,0.012354985267504837,0.010857299768415651,0.5325371542506472,0.581268465707577,0.9579710144927536,success,
PAT_272_420_25.png,0.6120298905504098,0.3480071583945867,0.5653006265083363,0.0633909886436009,0.15172722155207802,0.1075934639657799,0.04850336544302846,0.11298369430192833,0.09290118773696943,0.016898130047830525,0.002888837044339454,0.04568367888514291,0.8025309615702162,0.7541148871813109,0.9803921568627451,success,
PAT_1673_3011_440.png,0.611752353039117,0.4412023983146978,0.5309876540719508,0.008889880587061867,0.06208681079295036,0.04684336494126614,0.007799148056799708,0.04340727742860122,0.03220529534524625,0.0036061090128272767,0.028393677141945073,0.011176426767202874,0.38153385786446475,0.44218623730986467,0.6127110228401191,success,
PAT_154_236_800.png,0.6091969141740545,0.5361640542023133,0.579413057721834,0.01260474316298975,0.07690358769579998,0.09582383805938378,0.010584938434251845,0.05874133225850608,0.08569596875771976,0.002339702527503107,0.004665316504463224,0.04558758609795288,0.8054084124236305,0.8359866273585228,0.996031746031746,success,
PAT_1453_1565_529.png,0.6043569212070652,0.4511917785922817,0.42404434857197404,0.009710304479507515,0.09934812585736078,0.10092131913660607,0.006674302681178541,0.09012501329143055,0.10096425243415935,0.003946040405886622,0.048218509031025314,0.151050722895543,0.878399833700056,0.8695543372439304,1.0,success,
PAT_114_173_213.png,0.6421534970402891,0.49200758419911356,0.7698029310948626,0.01483875413220223,0.11834106395413338,0.09982673505323578,0.0112171188333998,0.10510636643658532,0.08460491717123313,0.009455620385928952,0.11638072495613488,0.10733386490869579,0.5373796671651865,0.5937128111535179,0.9261363636363636,success,
PAT_441_861_542.png,0.6521266927140356,0.4192834882933201,0.46843618343789245,0.012457779692939236,0.10038072147798477,0.07309179919817592,0.010988919368826513,0.09323358241918528,0.06733125581949133,0.009969872706305298,0.1665727377500421,0.10828122414583524,0.8278813993413305,0.6729647849207546,0.9538904899135446,success,
PAT_1899_3779_475.png,0.6517072384302076,0.33070933108619494,0.6851095870102916,0.011375689474541694,0.06186827233734241,0.0676277502952355,0.009922281338855914,0.05724474623057252,0.0595952777361233,0.00041389247388805316,0.058573994071009716,0.06011590492790586,0.5475505995024119,0.6917986388669214,0.9174311926605505,success,
PAT_120_183_623.png,0.6854410222875521,0.34801903615053104,0.6989581044772257,0.025352214906074075,0.11779323450864976,0.08704240517136667,0.022403196300285914,0.10388972360199063,0.06430727612621456,0.019091422904264573,0.00797520121284695,0.016019165706282257,0.9010546997614169,0.8222565353230967,0.9731543624161074,success,
PAT_228_348_2.png,0.7599473243366166,0.18821334546166282,0.5185652819780038,0.14540877289343737,0.09963022088138145,0.11902982065322824,0.08833048503694942,0.0851573044754942,0.10669555706244577,0.035654293681321295,0.10730986580753248,0.15424582154626998,0.7335122580223052,0.7913286072155822,0.9634146341463414,success,
PAT_711_1334_344.png,0.6714354215087951,0.28180586562619475,0.5533253369244634,0.018896232778289435,0.04640239859963418,0.047169380803612354,0.02199459529317905,0.03943375504298286,0.04432583085856449,0.04833720393178164,0.05497850260867437,0.06991958412860666,0.7871427906896499,0.8141864472882121,1.0,success,
PAT_62_97_868.png,0.7180603839975607,0.15147744647218048,0.7224276815706225,0.13703868994917742,0.07857818411034181,0.09157489880251994,0.07976586452769058,0.0710581127098679,0.07767604415039775,0.016287992311157497,0.03245418499367604,0.020190757109197155,0.8650812790003598,0.7254911868335164,1.0,success,
PAT_9_17_80.png,0.6549217520781914,0.3832640731815065,0.6291745152591613,0.016134623232180654,0.07270084695455321,0.07307039189905064,0.01468178028099346,0.06409585686960793,0.06208625260883448,0.01771705588604462,0.023480572196945493,0.02015787590816387,0.3480741548310328,0.4324532325774401,0.7810650887573964,success,
PAT_328_692_681.png,0.6647051513455581,0.43896790936766983,0.6691249130285443,0.01758958316472951,0.16674472599678575,0.14640794950960356,0.013479599871857071,0.1570060606832833,0.1469274383581059,0.01487473698486031,0.014937527152487973,0.04265079201787225,0.882749516794351,0.8803835940716229,1.0,success,
PAT_59_46_537.png,0.5773839402992981,0.2537794421103931,0.6018196542222174,0.031239677711363486,0.06567391371100655,0.09693266154947731,0.02286774529997557,0.05670188632849873,0.09734442856626316,0.0007889261003295506,0.09726103857063326,0.190529004986689,0.8302629319876549,0.6968788042553233,1.0,success,
PAT_1482_1677_382.png,0.5914885542707017,0.3676595836402953,0.5802325289583463,0.024380870789133396,0.08858564012774221,0.0957512182830771,0.026516419481746153,0.06901191646921394,0.08525511486744655,0.027178999396408995,0.01422955799395148,0.04171023894367765,0.8109476349276117,0.7307256955727448,0.9978021978021978,success,
PAT_1753_3305_385.png,0.6329535316716034,0.3485891891185617,0.5688541476119545,0.00876656539369518,0.08904832675954819,0.062018532820998985,0.007572983638149698,0.08806995127642181,0.05833486965593472,0.00933882538109177,0.15557533492823689,0.10499802388727575,0.8182961239766663,0.8592743335804899,1.0,success,
PAT_971_1847_99.png,0.6203550915043979,0.18641640453267938,0.7079872068759219,0.023542353487028593,0.08813151256073169,0.067879407805303,0.016545234447795865,0.08624860472238399,0.05632002171035421,0.012943991988265837,0.09806613483875437,0.05636165869746679,0.6175219079325904,0.7190923059450023,0.9848156182212582,success,
PAT_618_1174_596.png,0.6628705698884425,0.5482119813058295,0.656633373382363,0.00674028873747723,0.11928271583326659,0.030979874866415243,0.0054120932731563445,0.1093227569443179,0.024033655715765406,0.001185316010209192,0.0021263927910660785,0.006126175267800016,0.7549225521627436,0.6549704330025049,0.9940119760479041,success,
PAT_1814_3564_609.png,0.6628330999071405,0.2709547893363553,0.6547592565388624,0.015423220568234922,0.08672224034178176,0.12251556294434043,0.012777766627056736,0.08442578600984439,0.11301698515796878,0.01858358633873528,0.13326014196069597,0.09875502866509467,0.8843653966440945,0.8217838507125808,0.953125,success,
PAT_1309_1096_393.png,0.6923381840921381,0.25295319482939616,0.5149875052771521,0.035306242269320755,0.07515224437403763,0.06609725372974534,0.026038655230648418,0.06946497081862128,0.07343673171917156,0.029552348824776923,0.06471724184605229,0.02570197923877976,0.7691038385043176,0.6991450564373584,1.0,success,
PAT_341_715_180.png,0.577252837574184,0.46196900560576254,0.6287105513565747,0.0060300800620306525,0.07370867264303921,0.066579113402966,0.004257113763584861,0.06263745777664406,0.056277038337072365,0.00032503329995524013,0.05542577501649054,0.06112929171446546,0.8375086782747321,0.8364936682357857,0.9692307692307692,success,
PAT_1586_2623_989.png,0.6590408655183798,0.49546347274541996,0.677995642701525,0.008744984245161397,0.07474096974646231,0.07126520254271194,0.007766554521419379,0.06888428465134896,0.06060812675439651,0.011451139152328298,0.03381350809601652,0.0038645172562569163,0.7427791797067327,0.7893669597114483,1.0,success,
PAT_312_668_480.png,0.6567989592990349,0.5029315680633754,0.8389632863238424,0.011989189022550884,0.0954251093201741,0.11365289228719347,0.010642002799119388,0.08987869123874917,0.11117283418705226,0.014015974072019727,0.05189651989776767,0.05765176768002078,0.7941506404238744,0.7676074034166173,0.9602272727272727,success,
PAT_799_1515_723.png,0.6039931046447355,0.23795029639762882,0.7465724274205806,0.034935863322733345,0.09703817478683065,0.08278798552273514,0.033576721055085655,0.09312344302857574,0.0779285398075463,0.007357356505961753,0.07019314115757341,0.04411703084753693,0.8916921800968776,0.8397690269202472,1.0,success,
PAT_1331_1173_380.png,0.6103722466754266,0.33797252867159633,0.43774578828310057,0.02419277669864637,0.0750473241076748,0.07052022752619955,0.023448116477324144,0.06458125633214722,0.07911072552768068,0.03190961489246488,0.003939689936863777,0.1581003298584402,0.8381387740263704,0.7446474118990278,0.9568181818181818,success,
PAT_1371_1278_533.png,0.6174520136109332,0.2728868156194877,0.4163862868903571,0.019546299441512895,0.046735464780470824,0.033549637862362605,0.017159891704167436,0.04222014765147011,0.031924946168304165,0.010790857933987437,0.05338387972611572,0.04283347491736833,0.7281753939240718,0.6388871612662685,0.8928571428571429,success,
PAT_1498_1719_816.png,0.6378379790927836,0.3348716530630336,0.5497705971882444,0.012107269104057303,0.08735422550106023,0.11218436359534004,0.008612768638415999,0.07083699644726645,0.08026689493303454,0.005182941379898646,0.06256559626648761,0.01086826157613141,0.5177381166062685,0.546004211360674,0.8996763754045307,success,
PAT_1648_2902_292.png,0.6022928810846013,0.29972447200752844,0.5990280927477206,0.011289976894428507,0.06328375409052621,0.0568002343429441,0.009895654689036866,0.061786981034323285,0.04845276586536498,0.012206005434730589,0.027742404487698713,0.01847141121819762,0.8781911772972388,0.8574470018018523,1.0,success,
PAT_1881_3713_718.png,0.6727472440175997,0.22386725934125487,0.6372151212734433,0.03783108389328329,0.06344976194300543,0.042105444314387834,0.03481199642754515,0.058055389155537554,0.03417198198870479,0.0484303256436702,0.04364785880571026,0.018540255767240832,0.8310336360290878,0.7784563167707411,0.9473684210526315,success,
PAT_796_1510_361.png,0.6137261216303825,0.3845852922945084,0.3323775705016062,0.08435559555325797,0.17298082794694628,0.11354022539987414,0.06906810254412464,0.12697207657912768,0.09817592989289789,0.0017858917428505094,0.06440172687252427,0.09034331430323461,0.8053992514878989,0.7922754475853554,0.9696132596685083,success,
PAT_230_350_872.png,0.6599750293950188,0.2574996559233802,0.8832582555767795,0.01351381704595007,0.045504958142804405,0.03244202897699968,0.012403720672001977,0.041885811374290545,0.02516683894768286,0.014888728825630911,0.020026962817201344,0.0018474150974023829,0.6784383522517314,0.6618230493977748,0.8368055555555556,success,
PAT_158_243_947.png,0.6224958602452989,0.5701496688955785,0.7730098271662558,0.009550208901600441,0.11326346249074896,0.04828509051032579,0.008396932534761639,0.10134301692235678,0.03426901732868749,0.011185406924468804,0.012647628085979745,0.006114534681545436,0.8613897195785005,0.7571090204185434,1.0,success,
PAT_1418_1448_307.png,0.6109811980586897,0.3619395694785851,0.5882520627298539,0.010701942890695164,0.04932569816756493,0.08395477586392386,0.009431364731133582,0.04277745125561106,0.07793729653391882,0.007501293663260987,0.06846996649230919,0.11539335863756073,0.8574079031117121,0.6409701668486383,0.9791666666666666,success,
PAT_872_1708_841.png,0.6558828242746295,0.11037841258540734,0.7402657886149921,0.07696916543403438,0.046551884318615504,0.0901102083006767,0.09711312769067551,0.05407921671852904,0.09507645713008217,0.001031493828740398,0.02955099472550113,0.07831569341507227,0.6968862621270021,0.7096533984756103,1.0,success,
PAT_1102_408_613.png,0.6699758206131096,0.2854030501089324,0.6693667020464406,0.012273610023908773,0.04129843441875514,0.02799225641782313,0.011734583979768851,0.0394764573481156,0.023240555881279233,0.0015709140352658186,0.07285651250654968,0.0038152289538075923,0.8659491193737769,0.8301451649183196,1.0,success,
PAT_478_1829_281.png,0.6891766155894393,0.06074469146597806,0.7302858557642107,0.26388696644964466,0.06418252798693401,0.05782717668259677,0.23317852803880795,0.06161528561574774,0.05162798650297389,0.10604931978846789,0.055383758831694684,0.02459735268843588,0.6627602831528493,0.6162413026987492,0.7975077881619937,success,
PAT_1374_1286_775.png,0.6379406269208401,0.3246385680410005,0.5491215992248655,0.015952502034533165,0.09209906578948746,0.060921172984562934,0.014252693266910572,0.09136239651665487,0.05573032642498456,0.019145608969236446,0.010996183935040205,0.03755718707994349,0.7022595122010327,0.6206768257874699,1.0,success,
PAT_1584_2610_223.png,0.6932316800844183,0.2565127460641911,0.6594036406284525,0.013845967061791567,0.04913640227555808,0.0424742429260355,0.013171986240394229,0.044083486523566646,0.02670506044724351,0.007082186901930182,0.057533019174682676,0.01913157490244366,0.8415459053517431,0.8175490434182334,0.9657534246575342,success,
PAT_1000_31_620.png,0.6159082719512662,0.6902227033174488,0.4416143355133212,0.005990797086095819,0.09031289064826127,0.08364510249759848,0.00498372960740625,0.08076740796740199,0.08637033838413566,0.005400989600158113,0.0990724256722526,0.1487032005650325,0.5331018275234012,0.5408104444836516,0.90625,success,
PAT_683_1297_839.png,0.6683329944594608,0.41397587900966587,0.84907335277813,0.012598112346437085,0.06952016897829844,0.04935346729862032,0.011792931434140187,0.06392446510004596,0.04390940909337278,0.010375868743128238,0.025308579702493283,0.026972252162514088,0.9168826829157946,0.8256692517568037,1.0,success,
PAT_1731_3237_919.png,0.6050618073784454,0.3780305601597538,0.9040047187997378,0.013317418056532157,0.11135981482610119,0.08544213178099394,0.010650523224541535,0.10544272164725195,0.08211168891014287,0.015740953932033442,0.04094630565603452,0.012320952666120655,0.9271105464545843,0.859105551723388,1.0,success,
PAT_267_411_513.png,0.6761932069723466,0.3991846418966064,0.7265181331192136,0.018941111286515044,0.11216822072475373,0.07519672380989931,0.01802915357604015,0.11176935022485343,0.08328595776369964,0.0008445487578198494,0.09517073380195162,0.013453724847000803,0.6696312624930547,0.5919355970493361,0.9344262295081968,success,
PAT_101_1041_658.png,0.5887851510690978,0.3124061671254382,0.43120018776150537,0.049965178171720845,0.13787718928496956,0.09908224571964426,0.04182545907461542,0.12878017378257042,0.0865263932289053,0.0008823310442460455,0.05950528985447073,0.025671447197988806,0.8076486427000966,0.7860492940453081,0.9298969072164949,success,
PAT_1633_2855_594.png,0.6361353385720582,0.30596229717617,0.6495516920270406,0.010789792888098908,0.05150548625527144,0.04816358794022064,0.00928211821896169,0.05225024492788603,0.03352680117838399,0.004964804225489021,0.043126994977330246,0.008734078245083987,0.6824029845955777,0.653844405840846,1.0,success,
PAT_1765_3337_365.png,0.7137364211235021,0.2916489982413753,0.5545524272855272,0.060492870082425404,0.12190404403067655,0.12646002638643128,0.04921881715066814,0.1160032556946525,0.11894114517100338,0.016148766310317975,0.07546828732510813,0.04887988015747535,0.8484351464222764,0.8388598280247557,0.9668508287292817,success,
PAT_1721_3219_130.png,0.6408467292235834,0.24009831296982037,0.43338412692217415,0.07185984642175966,0.11359074035447946,0.09315642112719155,0.014860835777670865,0.10137169465130186,0.09783246941703518,0.008381391934888347,0.0205919497848307,0.1507473266365928,0.7179030061847602,0.619182451395536,0.9425,success,
PAT_1468_3656_337.png,0.6624661550696924,0.2580845729010848,0.6298478049116777,0.021484347796217943,0.046056229150158154,0.04809157454215041,0.024180732185142606,0.049595595523331946,0.05124604287915381,0.0006007471136757974,0.05068263197778511,0.043020408313593106,0.8866799034361623,0.8107954932282575,1.0,success,
PAT_561_1068_909.png,0.652755512925181,0.5176827769196157,0.5518175640258469,0.030578619755854432,0.13383557392674425,0.15012746104997352,0.01860519007554486,0.1005342844301712,0.13859348570183994,0.018849464752999187,0.12754760629394168,0.11188976558596364,0.8770650470355359,0.7765708325521155,0.9870689655172413,success,
PAT_380_1540_432.png,0.655059483514903,0.36134789807322465,0.5840857034226506,0.012600572926983886,0.057469049203265524,0.024507489365311733,0.009906016782188264,0.05372836553649253,0.02179203568307561,0.012610733885447919,0.00490538231170029,0.014095723736204602,0.7163885079991055,0.5789726292434686,0.9918793503480279,success,
PAT_164_255_130.png,0.6894465438452645,0.27350577669731757,0.7531554757162381,0.018234549326044392,0.07817390363796699,0.0823026962273146,0.016206687540870568,0.07511084507575248,0.06364983687516128,0.010707077843919974,0.01535953955456315,0.022667741723573887,0.8017187667280579,0.6714743835329847,0.9710982658959537,success,
PAT_302_650_477.png,0.6919667711610091,0.17566918382701258,0.6486839245409202,0.0802392984670416,0.1179814631038933,0.1483995697508673,0.01476566732212154,0.09823015427824075,0.11164829082962664,0.005733111487681697,0.06083207773732721,0.01101839575581487,0.6506996098846087,0.32339177735904934,0.935064935064935,success,
PAT_177_274_371.png,0.7165041435599752,0.30427098578617234,0.6265265090897844,0.07859350483303693,0.09524508545970574,0.07526693137893004,0.05183632054999605,0.08725653481334979,0.06869936759861082,0.027815624061746293,0.11127812803430809,0.01474868613096536,0.7974211110989696,0.7769677953754233,1.0,success,
PAT_874_1671_176.png,0.7960058585055121,0.16377347144185808,0.6690821898609997,0.3039456039863331,0.1021798074826418,0.11755727848990567,0.26415759963826035,0.08307204543291051,0.10805723005957897,0.04623227872253498,0.0919005737656012,0.09520608615183479,0.6040322074046548,0.450607723973097,0.9782608695652174,success,
PAT_274_423_374.png,0.7191646145999425,0.19987332695270177,0.6373345530845912,0.04175154904556669,0.05037597493260641,0.06534559522506662,0.040441983065438475,0.04388218434179581,0.056963084605420676,0.008221320438403425,0.007400501815516769,0.04369481079432991,0.8823204984371174,0.8419974327267429,0.9965277777777778,success,
PAT_727_1373_776.png,0.67552094708802,0.3090097821027107,0.6447821624195785,0.034937053632945476,0.07183899300679744,0.05070442401316988,0.010309564004247608,0.05729765799328742,0.041766666569403976,0.007419789599636633,0.03770751987092935,0.024984735530058977,0.685392799947076,0.6678144288621255,0.9928057553956835,success,
PAT_933_1766_191.png,0.7101981869297503,0.22311045455646236,0.6967851693991718,0.07192870694720371,0.08671495558606428,0.06081090043067328,0.05608542903212911,0.08169210298894233,0.05284524567546246,0.04312641098480204,0.07713306627529379,0.042645315259317695,0.8339816315401799,0.7999621975916869,0.9576271186440678,success,
PAT_1554_2393_541.png,0.6257864861487277,0.16166910560894088,0.47830363147934574,0.06011397208918372,0.0660341417761936,0.06448607384887926,0.06129199035732955,0.06599131179448742,0.05661863685977544,0.032635092174352565,0.0530562301946719,0.007405184330442738,0.8296962641784653,0.8328729256437892,0.9800995024875622,success,
PAT_1317_1130_656.png,0.616234671836101,0.3115803287850323,0.7643031967845034,0.01841719121942104,0.04223286572858477,0.0688693258775248,0.0183819897482261,0.0360512334363585,0.05915183541561754,0.0068248262766494525,0.01356934839287538,0.049322804627640715,0.8050459131999179,0.8289656444261081,1.0,success,
PAT_615_1168_968.png,0.5725661792582548,0.22369498122385065,0.23420107714173433,0.06443956316512295,0.10783978120128242,0.07127646557399134,0.0342584260918408,0.10795386105972096,0.09630504631998636,0.03201398136745794,0.19408365712608047,0.23986690121292015,0.8886527168366936,0.8315591755165094,1.0,success,
PAT_406_1542_301.png,0.628628565894807,0.5208812492647664,0.5758878647143857,0.011616140734475934,0.0676389286105303,0.05353873244342247,0.0117026541609523,0.060791501110410616,0.04558308760181918,0.01707483837131968,0.011135478649430652,0.050053165830225455,0.8796444293603638,0.8430628178823982,1.0,success,
PAT_976_1837_503.png,0.6534568547448444,0.2366350929619425,0.3949506710700163,0.09463774691512905,0.0954051963558072,0.10068551565861984,0.05467304622005079,0.07514932860716644,0.09090366290917516,0.016122438288310233,0.00138601973180566,0.10393568389435592,0.748751411768904,0.6078155728102914,0.986400725294651,success,
PAT_677_1348_51.png,0.7076459593185892,0.33813271217562657,0.6446818477399361,0.11565410783515555,0.136684173487131,0.07602341870090565,0.113753740437028,0.12895789243676278,0.0663005950239072,0.06714209826269198,0.0897419959980073,0.02089363334069627,0.8415042544934681,0.842339629503237,1.0,success,
PAT_296_640_206.png,0.6256046584443331,0.5070477923334266,0.7248143737345499,0.019324376281482078,0.12537898882337004,0.08147015734465224,0.01699058967211723,0.09997272621033765,0.05189502765830842,0.009496500081166362,0.005855097397374109,0.02077142277310795,0.9507603214210876,0.8621941826326956,0.967948717948718,success,
PAT_794_1507_723.png,0.619490190769343,0.4622288132382516,0.8853990524297628,0.006353693574078889,0.07356510308272804,0.057318738978634896,0.0039042622003478823,0.06267769119576569,0.04693938211461368,0.00018710302325557234,0.02856617440632153,0.027357497254374197,0.8653357997745499,0.8023056706502243,1.0,success,
PAT_91_356_273.png,0.841130358654112,0.13798774999021565,0.5711948651716175,0.32913072124178205,0.0832614858945305,0.12137556603736521,0.3364281212526682,0.07397001207683898,0.1105551990223725,0.13508849369190823,0.043472222533825794,0.0021427857411192575,0.9414472072982198,0.8462125022915326,1.0,success,
PAT_2018_4167_11.png,0.5527742637690422,0.10049631016014801,0.5502171368492458,0.0817949865977038,0.04224289241560694,0.09656797642172578,0.05919958521824915,0.03465362570062542,0.09783297198413339,0.01198352128117411,0.022661699682584815,0.004340116420555207,0.5819684122484938,0.3988951806281944,0.963254593175853,success,
PAT_237_363_344.png,0.6563840848865284,0.34633428642811537,0.641679456114678,0.01925324648018424,0.06779910540793774,0.05746110981991098,0.01693987878942612,0.06430760978847178,0.057678258284402116,0.012932406801323756,0.04063931730896925,0.04898583140705848,0.7418710478726345,0.7270581508237652,1.0,success,
PAT_858_1632_977.png,0.6774936839204394,0.2134934993392475,0.6735252241558138,0.03290894713325224,0.10392202141682651,0.0673884768787417,0.029396842628698967,0.08228494248815076,0.04792937167270192,0.05064298182718024,0.0034773826117010243,0.027447500100461264,0.7603904448786021,0.6196695732671006,1.0,success,
PAT_1299_1055_591.png,0.7270047770321463,0.23972617948913671,0.5832296502415996,0.035979209040426806,0.0827887270493427,0.038138170631009695,0.03396394086617184,0.08030186858742525,0.031234582469932017,0.01091870379412809,0.12167598104316434,0.01658785180533695,0.8921076776035084,0.793099264197182,1.0,success,
PAT_306_658_825.png,0.6487254909688269,0.41512067293075244,0.541444793521642,0.04209684570677193,0.13853118882091642,0.1893004944137794,0.0248814467094003,0.1272196684297204,0.18249545012016657,0.002782116578331618,0.026976677191405007,0.18880641239203333,0.8935831181544748,0.8308920651322705,1.0,success,
PAT_55_85_884.png,0.7530344205507703,0.22757882135176563,0.47470891081308,0.21069764953502965,0.11523719660568507,0.11781098505995312,0.20726600620382243,0.10890919446253781,0.12255847252708849,0.10155288370158755,0.0459340130846321,0.010417731014476406,0.7735192593558857,0.7730284173253085,0.9808102345415778,success,
PAT_1247_852_178.png,0.7453158018676785,0.14063420775858937,0.5120144711544734,0.02793226935085474,0.03716315023217874,0.02421794843390598,0.026588922649373948,0.03708431991988738,0.01937964239473846,0.029085682502222848,0.05346488620792908,0.0059980737587655986,0.8868590408742703,0.8460008502953758,0.9903381642512077,success,
PAT_342_716_845.png,0.7174798502061026,0.23338628352693036,0.5243423091030264,0.029149391251086277,0.06374267899493337,0.03779413455422805,0.025197260616009538,0.05938025570489088,0.033267329182730065,0.0026960127522706835,0.055344629614571345,0.008093651021376158,0.6586307107646859,0.5969779065349862,0.9905362776025236,success,
PAT_41_57_2.png,0.635549248116083,0.5173633417849292,0.41139781217156673,0.017364314974519197,0.13147009158457884,0.11373766954390346,0.016002563311674736,0.11477376087280157,0.10519595337548342,0.001426254094767248,0.07639624428603109,0.04330863893679543,0.7015916919318017,0.7573932448282181,0.9811912225705329,success,
PAT_168_261_38.png,0.6271370854660667,0.55424290815063,0.5851951912663286,0.014325163947396611,0.1466393681585727,0.11893463974506187,0.008839890895968953,0.12020051552854787,0.09928595887789435,0.008608131278524271,0.03915591244236838,0.11676143196698074,0.6150244941156937,0.5327053614909395,0.9879759519038076,success,
PAT_1596_2664_323.png,0.649808155656169,0.3940971464471117,0.760771748834441,0.009814334793219913,0.06040863450311929,0.06813500037538907,0.008523815383086825,0.05567257698427172,0.05378605628227945,0.014555314615122307,0.03658669458335012,0.008018583644529564,0.5634687564630219,0.5441358851472381,1.0,success,
PAT_946_1809_687.png,0.6124886580010093,0.3895684249354482,0.8750568851664605,0.03774311767003487,0.14660151041183342,0.06836442435125668,0.014176254524522272,0.14152742525570317,0.05990483833776303,0.0056186982771221335,0.00596636571993614,0.01333878166561997,0.7139411883651867,0.7509519627217531,1.0,success,
PAT_2115_4613_260.png,0.6372380712760611,0.2275713943397768,0.673332423100396,0.016672086051384722,0.032616973524160535,0.019210774351103035,0.01651098825730352,0.030856766009521343,0.016465518211600947,0.02743391866446127,0.044176696008325606,0.015093759595788292,0.7331397741148781,0.7853460981531655,0.9547325102880658,success,
PAT_1784_3416_507.png,0.6712926972883859,0.34869259530482055,0.5450780300149746,0.03932666957786224,0.1405497105285363,0.15590532664818174,0.0284775732367748,0.1283154698671398,0.14848746344163244,0.03717097757805961,0.02425046111237722,0.04560328709767342,0.8777724475174343,0.8789217063529396,1.0,success,
PAT_460_894_401.png,0.6266401217674153,0.5422939059854229,0.5854670513386833,0.013641441274569836,0.15323980669236278,0.11966175524459267,0.011589911634609394,0.13371005601535715,0.11220451284117713,0.007505813327515811,0.028609434835485392,0.02926112665195013,0.8246674007641659,0.7274259741184087,0.975328947368421,success,
PAT_1783_3413_850.png,0.5529424169297867,0.18630278211093282,0.30898537709912216,0.060925620259757146,0.09506052399942853,0.10533901964233812,0.045215602432539054,0.09921535581829252,0.12770889674420147,0.04220674908738707,0.1359158695820618,0.25308432714830426,0.7514959878607115,0.8172469945909401,0.9959183673469387,success,
PAT_2080_4484_997.png,0.6010203777177949,0.3284605823158356,0.5499149864995655,0.006513843826677559,0.05256431218252224,0.030080778402033007,0.005311382250911001,0.05254402655218841,0.027132748764699583,0.012145156317375378,0.10963894967245175,0.014526296664244098,0.8094619872069613,0.8364231933537675,1.0,success,
PAT_468_4775_268.png,0.6197181251398202,0.16707302176727823,0.8051553399313943,0.02317569857102289,0.03857738496499025,0.04675972290584991,0.02085236824373668,0.03410786616791605,0.0390490634749522,0.02565104285174845,0.016984889690907695,0.026506218780095292,0.6347794298537817,0.6576954061548517,0.984313725490196,success,
PAT_308_661_184.png,0.6750424012156285,0.42464183006535944,0.5938268586601307,0.015733379247539474,0.12655951121550021,0.10825347525069423,0.013867517993188031,0.12344016501129572,0.09925060001273829,0.0052431613393599565,0.16075865854842042,0.11115531410998869,0.411848740441604,0.29938603206692355,1.0,success,
PAT_145_216_924.png,0.8106145113567591,0.2766988224815644,0.5169001401495802,0.3078040392062675,0.15858425011237084,0.16322276362474422,0.3021921556315572,0.13862240867698553,0.15237911240622132,0.15671080139980975,0.012003565470881827,0.19479836167716136,0.7247416035628891,0.6830772671813007,1.0,success,
PAT_891_1701_36.png,0.6237367546804968,0.4344229691876751,0.7757647058823529,0.013963702065719683,0.08657163293473351,0.10246806794629304,0.012733448620376252,0.0841730569820683,0.09981083138589755,0.010300816893428235,0.11700851412504021,0.1442877934403871,0.7498347951876809,0.7299990058370582,1.0,success,
PAT_978_1844_715.png,0.6036232841879112,0.33620865704772473,0.5952827722283882,0.037695383025286626,0.10340488792198109,0.1371847237636996,0.036277082214322624,0.08530604064028746,0.12318138254170691,0.03909004339069687,0.0010098731977853381,0.03318611578219177,0.8223275227290684,0.7630013956762676,0.9907407407407407,success,
PAT_1940_3901_900.png,0.49043834765641514,0.11968557223459184,0.5845022225414382,0.07608559656712918,0.06676143860063191,0.11239409024471074,0.07060214691136203,0.06628320685163126,0.11832329457767683,0.04191573658527293,0.012105295606637784,0.2009828940317161,0.9367107606871926,0.8760945809296996,1.0,success,
PAT_1680_3038_587.png,0.6219758453739398,0.2816912086824077,0.47305301590789184,0.03100768283738331,0.08610288501195115,0.12343082939077699,0.027838967085773332,0.07356329588889181,0.1257206369121341,0.057351341042790376,0.1915871708659516,0.22889340368558653,0.8614357945749018,0.8496027243643853,1.0,success,
PAT_1810_3484_347.png,0.663328391987716,0.3141009778900559,0.46166695138849345,0.20375301814478095,0.19376259657954145,0.12973509200956396,0.20752657725498685,0.18912371903976144,0.1261384232229714,0.0004675532850633601,0.1070051102270298,0.07172792862451272,0.9203418041703681,0.8466718505881224,1.0,success,
PAT_684_1302_934.png,0.6751271695779104,0.23250932221083068,0.6242038651163279,0.013396247312800763,0.06519043555635223,0.02590687638296275,0.011951792706525044,0.0627829186508398,0.021044601709423842,0.01135132373416007,0.08739169915181516,0.006186419761393114,0.7837636456713385,0.7835700777708912,1.0,success,
PAT_906_1722_328.png,0.6273974424714418,0.18653131806982484,0.5743575048591024,0.10762057870783347,0.08505713102210186,0.07377204922224709,0.08510334112953608,0.07680018251555905,0.0676261776479294,0.003023442192801124,0.044769887720249896,0.06351853890201542,0.7865608199903107,0.8198544496509831,1.0,success,
PAT_541_3303_228.png,0.6490997978264108,0.25140509566196,0.5870989741053626,0.025971807562066553,0.04789195924986903,0.0518006244795817,0.021780964139003805,0.03965151922118049,0.04099853382918166,0.0015082246377276299,0.01809153208697939,0.024619572522193933,0.45282481641858946,0.5198620510312112,0.9492273730684326,success,
PAT_325_1506_999.png,0.8673230392493271,0.04919152140749686,0.5908045054230457,0.3506529400608954,0.025491011291244862,0.040709942974966794,0.2807534643181038,0.028091888517497565,0.04147336429661582,0.19533167779684754,0.024409643161666647,0.026372454197739925,0.6502573148825037,0.6694152758797665,0.984641638225256,success,
PAT_1443_1536_166.png,0.6231699098057742,0.5113241173530882,0.7502083517064997,0.012838382644071852,0.0662921345268328,0.07706455551475533,0.012273720731612394,0.054071207237045844,0.057267422870289,0.02598809100261808,0.005208359512003269,0.02697791547052819,0.8464070721960834,0.7952286051129986,1.0,success,
PAT_1594_2656_679.png,0.6513779170904799,0.49134805847857554,0.5865714546504172,0.018368987120170623,0.05280937405347346,0.10517641755479211,0.016883053746635398,0.036682722735421225,0.09686037168842156,0.02795645298384236,0.053935318029922574,0.0317398698793947,0.8095051954994511,0.7720000755025184,1.0,success,
PAT_217_1291_419.png,0.6475853214072068,0.7061017979220087,0.6284281542222202,0.01194088513957267,0.11786258401768716,0.09781216508753379,0.010307822040266403,0.1011276607685239,0.07953273861142432,0.0036144806921545266,0.1775620311814644,0.11275437190744098,0.7581215462335331,0.8061580960995435,1.0,success,
PAT_567_1077_64.png,0.667497730590174,0.5080655699819847,0.7535650768095056,0.011260628773436133,0.12049302417076124,0.08598457804378318,0.008420818300967385,0.10406427108198177,0.06574697167235358,0.009179839856173386,0.11767047716443357,0.07671900144846822,0.6750860861735194,0.748390113817318,0.9816933638443935,success,
PAT_165_256_460.png,0.6386136570565483,0.49235266078711765,0.7807828039366664,0.008454092200988274,0.038638094454837554,0.027006035040445846,0.008265782026745631,0.03547846971259776,0.02096146270073066,0.013575202947614587,0.04920099718230031,0.020539194550419748,0.815035660723382,0.6950335926787229,1.0,success,
PAT_1222_767_519.png,0.6138329663705332,0.3320158865604301,0.8012823562477837,0.01353551559847697,0.06476431159116788,0.045672044239734214,0.011209179165283448,0.06418130635097258,0.030071008335477396,0.0021870128324653453,0.11291224862807159,0.026884072344058207,0.7703015785096974,0.7034188888167231,0.8888888888888888,success,
PAT_990_1860_636.png,0.6157836257287032,0.3431960020337572,0.5121827852463032,0.026130735255528285,0.12833902989415363,0.11596197227417797,0.02289158022811852,0.11929925499183788,0.11031415395721456,0.018497639374922967,0.04615240198504211,0.048459950108708294,0.8877494857968646,0.8132175286637439,0.9900990099009901,success,
PAT_1018_107_68.png,0.6260890687753495,0.5727221616888318,0.7597892442945207,0.0033439682225929646,0.026328131485746198,0.02368481412585441,0.002908465576127325,0.023397192049090625,0.020324076341322515,0.001299897487567689,0.019957420604336473,0.01754155023781845,0.7193387468463647,0.6353198663256863,1.0,success,
PAT_1869_3663_335.png,0.6667097490937239,0.15316166200622713,0.5980470775219494,0.09206131423459184,0.07924367085367143,0.09154172184172923,0.034817910961403346,0.068511990866976,0.06753038296130527,0.045275206349532006,0.07537900079374146,0.008152777444671022,0.5813148852048442,0.6274941475749187,0.8545994065281899,success,
PAT_579_1099_551.png,0.6496598791476912,0.2875576419458296,0.6357434793137674,0.02387269028836241,0.10977943198579682,0.07918637167731649,0.018923813596467474,0.09125261607256689,0.06287833255787104,0.011193490716700675,0.05528767139066193,0.03011262748374055,0.8709136828890538,0.8661895958291593,0.9731285988483686,success,
PAT_513_965_496.png,0.6428516341921084,0.5386964551189949,0.713533286335109,0.0103152625539163,0.12098028720568474,0.09404511548941401,0.008259024058735331,0.10553212092161152,0.08420749270132727,0.009236562528906155,0.04353334246328344,0.05318858549166694,0.8332943612947081,0.7660832996934143,0.9281609195402298,success,
PAT_303_652_943.png,0.6674191054863179,0.3554315289743812,0.7310196048057516,0.025427269820079736,0.09250719943842688,0.138693549148076,0.020504947174112376,0.07847840246292136,0.1210901264804373,0.02659182134263397,0.019419495037663548,0.062490881555998024,0.8803320394244867,0.8242230740329547,1.0,success,
PAT_385_783_22.png,0.640846156043181,0.26167995273195727,0.8113976036652105,0.023160370148351078,0.07544961542059829,0.047160499050787584,0.022038977645029767,0.06263335958309539,0.03550023933742531,0.002598677574350461,0.0018548371360040394,0.0024432083558286743,0.09394754830975513,0.7492394298085816,0.3112676056338028,success,
PAT_31_42_680.png,0.6375477429655936,0.34868867877519494,0.502372000896928,0.04413059771357938,0.12069488332570955,0.1447376333496201,0.03795733399714907,0.10250624424783719,0.130176165515908,0.029979604732434398,0.08903053918107873,0.04758516936435353,0.603239213139277,0.59443586924566,0.8988095238095238,success,
PAT_779_1472_741.png,0.6469798876194325,0.38663845625378274,0.665479113416227,0.012479205279421559,0.08919222061927423,0.09597824112397771,0.010203629860089356,0.08753706143945465,0.09118121865383559,0.015185485965965266,0.018155686467244303,0.02360785982149094,0.8811146637315725,0.8794917306819109,1.0,success,
PAT_2016_4155_600.png,0.6079977695050924,0.18705536674435877,0.5245586894791663,0.1461041788392041,0.1001990019606468,0.07876033655557574,0.12011326335519185,0.08309278337024734,0.06990897659765986,0.0625977600056453,0.027751675800213454,0.023294870097464337,0.6466222039228274,0.7036334281955572,0.9378378378378378,success,
PAT_460_893_307.png,0.647008052734197,0.34870333867336967,0.49680671255037956,0.0328972699841991,0.11946515582399804,0.07067748863084057,0.02075364106605837,0.11996971383027263,0.07142194085556765,0.022564846111365236,0.1497692994434516,0.08545245132202839,0.7207133187622417,0.5225968857547947,0.9787234042553191,success,
PAT_380_1540_525.png,0.80096008272806,0.1956937472104583,0.6796178455070024,0.0654646524699649,0.06851967309660813,0.05996829660160987,0.054799442036574914,0.059287785906997376,0.05928107001288399,0.03149989766523302,0.049056643335804534,0.038133793347954525,0.8081589890950374,0.8292272290874548,0.969187675070028,success,
PAT_1798_3455_379.png,0.6175603164144458,0.3187326024573891,0.5100738695720192,0.06634129901654585,0.1553060780288638,0.13177367516670374,0.008019643693017262,0.09960714727541292,0.07169399597042121,0.005700354502326298,0.01293300044673773,0.060358471900406,0.819107758795884,0.7909576871382361,0.9664660361134996,success,
PAT_867_1650_825.png,0.6685408631687055,0.20431810310198242,0.6117616532948238,0.018868213586998014,0.04802267744292839,0.028667303734629695,0.01675779994597676,0.04333520492978131,0.023914058284668215,0.014662079353394357,0.020599052804954776,0.003225888741870686,0.7592952076736588,0.6439615449282472,0.997716894977169,success,
PAT_503_950_552.png,0.6136925862826906,0.41008329700681284,0.6757907906520172,0.030661528508552995,0.12413573649054316,0.13950080365858755,0.020981976282661213,0.095648018598143,0.12373358835601914,9.295414231537001e-05,0.06238979355968066,0.13886499064965108,0.6808536626910889,0.6285640715277808,0.9723756906077348,success,
PAT_591_1126_21.png,0.6107003480124564,0.4416854405403179,0.7770355013831242,0.02512770433343775,0.10061064738716859,0.06465300977841908,0.022279009202469183,0.0875883782516731,0.04773877433252667,0.005315760643217418,0.04600071523687188,0.005911909212692024,0.7395791267904949,0.725529970259693,0.9942857142857143,success,
PAT_1572_2494_224.png,0.6692081780549555,0.2728428744151816,0.5869702465436577,0.0836986134349067,0.09726973550832037,0.10388471686504105,0.052319104078566346,0.09343612005969144,0.08880051710855091,0.05669039045140565,0.036882465770616824,0.0038821416902208306,0.7247477441360154,0.5856710751612546,0.9814814814814815,success,
PAT_2056_4364_112.png,0.6435904131371311,0.162003587746162,0.33171453340352586,0.24474809448165402,0.09775553016043793,0.09176552305405151,0.21286984587065572,0.08860701878781892,0.09283668255210376,0.03568619011872435,0.09024257876838584,0.19461113204801195,0.8995924976175826,0.8625943764997513,1.0,success,
PAT_1538_1830_693.png,0.652141829446772,0.4816694330863798,0.7804839210288382,0.006581448342928807,0.0288440703259971,0.03568705666242692,0.005624347390815199,0.023474373682585092,0.029479772458120994,0.0010632886498473542,0.01733216136568294,0.047596284201412487,0.8318094053351797,0.7425029348883756,0.9583333333333334,success,
PAT_270_417_728.png,0.6299067504533901,0.6385996693534107,0.5558996262423305,0.010805711921577636,0.0934219786765236,0.1423157095506388,0.00974626283147831,0.08921017393445084,0.14174993057328605,0.012169167093871398,0.1754447020681703,0.216783873986645,0.5382444936488144,0.2493819333894188,0.8518518518518519,success,
PAT_1833_3599_827.png,0.619041449252506,0.4763511685403741,0.6836003172085646,0.012376772414861428,0.07419876174947995,0.058392424163759005,0.011690560061000986,0.06649696621238668,0.03573336572577589,0.008568621824652843,0.04999814166997013,0.024479013950285067,0.7969064384128326,0.8066604379338862,1.0,success,
PAT_714_1337_914.png,0.6196964045041891,0.6171780753838347,0.5237697253564222,0.013432037537405411,0.06373479650022576,0.05458612620746519,0.01170957078926437,0.05196858702607189,0.04698636229851057,0.0033875751030268,0.029113516594141742,0.01466008785775097,0.7998320314379317,0.7715428640373981,0.9980430528375733,success,
PAT_1379_1300_924.png,0.5982599618606662,0.3836870179883965,0.7885414245333741,0.011003161666996757,0.07315777041666115,0.054101063697506106,0.011189565649313614,0.08433308720839781,0.05357479857912535,0.014145756936616117,0.21077029962886226,0.07863437257064376,0.7938146565416597,0.6787506539875217,0.9533169533169533,success,
PAT_1151_551_241.png,0.7175478647670035,0.1508839003833225,0.5316074171439436,0.13242465700405745,0.04479284702470812,0.04366310316379442,0.10180788418438216,0.040637741408135676,0.03952882493133552,0.05698217544563373,0.007618349326999091,0.0010696686600527583,0.7184176043161383,0.80760309123993,0.9581993569131833,success,
PAT_295_639_240.png,0.6298931660447988,0.5509330168849149,0.6112366785794777,0.023280128336166026,0.12172719526011537,0.05201899318509958,0.018794751175411913,0.11579930290095455,0.05033695681079611,0.028657420020078997,0.10144466935735169,0.10832825176976635,0.8571110262286733,0.8690952445875384,1.0,success,
PAT_539_1023_928.png,0.6366489794695511,0.25757735298217993,0.6366744573195233,0.06693182089170345,0.06623987563618895,0.04807887929544793,0.052044733951346296,0.05910536305657203,0.03945605877228981,0.00210069606327947,0.024432581658342944,0.0033809675170779485,0.8795877384134334,0.8735207651261491,1.0,success,
PAT_747_1408_742.png,0.6874724616069718,0.38988367514595296,0.6431948583085826,0.015992806515287724,0.1286208637720889,0.1258704154461337,0.013106199829400346,0.09129474444251558,0.07143860988656232,0.01373417965350446,0.1250653394553503,0.09185580365900303,0.8911849139805896,0.8669751485452549,1.0,success,
PAT_323_686_356.png,0.6259426105680849,0.09259868037583642,0.5516005688839151,0.1327931589039635,0.04375563291930748,0.056105485914443136,0.11587363299329181,0.03852146180794823,0.04444140484647892,0.07230361584958689,0.005606588657624548,0.04374242369721382,0.5734195233350743,0.5086912078986595,0.9645776566757494,success,
PAT_798_1772_469.png,0.6536032154539417,0.4304097420955921,0.4911245787256938,0.01724248380842218,0.047607708739292175,0.04034491503222039,0.01963995108349315,0.04683578876359671,0.04053585682528424,0.021482659585758453,0.014490062934366887,0.0034477885953762,0.7025358857701711,0.6916079408829743,0.9058823529411765,success,
PAT_631_1207_982.png,0.6532798969549762,0.2943650753300456,0.7006196135790929,0.02544025985394684,0.09676144434707128,0.11959832205285634,0.02033720557466095,0.08294107185156617,0.11273308147816372,0.026540858789765625,0.02718936205565098,0.0585486582636493,0.8456593338223438,0.852361879492785,1.0,success,
PAT_334_703_907.png,0.6530067073578688,0.5131427218774833,0.6621835588695572,0.014696940312755384,0.09650139523051511,0.08226978523053834,0.011883301732705229,0.08305148432264074,0.07423196572963693,0.021527766118092175,0.07946724635612862,0.12960663680682705,0.8728851601732193,0.8136278039146826,1.0,success,
PAT_1906_3798_588.png,0.6226828637713973,0.41586205374873125,0.6431486548107616,0.004571753090023385,0.03776192334878426,0.0583629956521525,0.002127812130690886,0.028137748676678245,0.04708559440741683,0.0021216399826774553,0.04144392881319303,0.08137547395237432,0.8434714190665182,0.8119504517487445,0.9927536231884058,success,
PAT_38_53_198.png,0.6712161206067193,0.4433781968167486,0.5493823391389293,0.017194404581874285,0.07827974394587948,0.12871570508023283,0.01595225426127386,0.06053233957016467,0.11494449402186843,0.02589426095709718,0.02199233347885088,0.10542568278518849,0.8630361156633862,0.8031603966321349,1.0,success,
PAT_721_1365_819.png,0.6432338377526282,0.375220296229647,0.628246311169582,0.022705025555348982,0.06341550986394673,0.08263458333735194,0.021735361624090992,0.052439178269059944,0.07078853842143187,0.02685318471651617,0.028829550501019208,0.0680822408414764,0.8179790501212438,0.853379112259942,1.0,success,
PAT_361_743_82.png,0.6840938870817,0.39052533447537585,0.5926654562240554,0.044539565074955115,0.12426722451510523,0.0322336595462699,0.017521080444337422,0.10983321653450208,0.023857216099519973,0.008906071247530178,0.0426768827100808,0.010502998413284503,0.7860497521208585,0.6129250770450149,0.9906103286384976,success,
PAT_800_1513_509.png,0.6556272529634509,0.3502623949267005,0.606824934768666,0.02352879571408741,0.11231634986511758,0.08719598833631675,0.013183460305720868,0.09375405096212829,0.049478430345699764,0.015219114299044633,0.018836684667817627,0.00779172753873747,0.7386530225136974,0.8203405828524981,0.9328358208955224,success,
PAT_333_702_840.png,0.5792570456621329,0.6014457014738409,0.14158111369644305,0.02760726721339017,0.1415814262188354,0.09302692053440656,0.016781681219661698,0.10875879755224978,0.11148473483118675,0.007221591774423707,0.25059921653840334,0.29500819060490446,0.6806974849963516,0.5473010397343582,1.0,success,
PAT_1439_1522_320.png,0.5942079204447378,0.3448841871318936,0.5118245827845878,0.01214554154643392,0.10203199681353307,0.1155430378860173,0.00997737571595002,0.09665910451921664,0.11547277321296866,0.008895421802467576,0.06896912805495109,0.08386119017834004,0.7349466623976053,0.6686357779991655,0.9956896551724138,success,
PAT_423_839_717.png,0.6843314007812863,0.2208783415373531,0.6333137624229546,0.04073592129085554,0.10286983261436436,0.06819006770779668,0.023516625704531224,0.09289135451625866,0.06267337462992242,0.004250749515760314,0.1030596362886132,0.021883666062771145,0.6050509709306389,0.6494939949233877,0.8948035487959443,success,
PAT_837_1583_124.png,0.8115476457910915,0.18942536591980447,0.6963807761708934,0.061461395837633916,0.04028577856468135,0.052812963891027034,0.05871978731021003,0.03696486404212582,0.048051672039399106,0.018312669354999873,0.023164382146140056,0.004823922654400237,0.7920251782005259,0.7302895388174832,0.9414519906323185,success,
PAT_38_1002_668.png,0.652454912597544,0.38443066459336794,0.7671176021092584,0.010901154844304983,0.09908376202290943,0.07205331504509781,0.008135013418899635,0.08030611488993351,0.04577394098634611,0.0014142036193961853,0.08232449514068474,0.014246767998854937,0.7086707097435184,0.5980315896643894,0.9859437751004017,success,
PAT_568_1066_235.png,0.6177121174274638,0.207183227997884,0.8170243267839196,0.030586375213325967,0.06100417823426206,0.03843141083695587,0.029645624666866363,0.05661895742970691,0.026143710072638014,0.021611869726906402,0.03923890218712092,0.010824545854715484,0.8707229277745444,0.8559584613867877,1.0,success,
PAT_451_878_634.png,0.6710742945226015,0.20632655668099112,0.5642507903423395,0.06016580868059037,0.06822413450880409,0.04384150742194748,0.049036811403272366,0.06435262153446897,0.0378723308731257,0.06915713325755948,0.08117100013938905,0.011252671143145765,0.4996657280843083,0.4741665560481374,0.9887892376681614,success,
PAT_166_257_586.png,0.6359128938003538,0.41958546063574026,0.5677823185956138,0.014327229196954032,0.04804920949629491,0.03886861157509894,0.01410904227612478,0.042965421899254855,0.02980891656481771,0.0026726480710887617,0.06027411859487203,0.026726214152979932,0.8994641431943248,0.8455748809524903,1.0,success,
PAT_815_1533_460.png,0.6573718151343567,0.42718465216648815,0.6811833015074596,0.012496305013391421,0.07561556573531662,0.0636464565255124,0.010094008412323937,0.057556755847987695,0.057506821366560094,0.017143614856113883,0.022350027075865253,0.03738769407269871,0.6186366858236003,0.4876968032351775,0.9672619047619048,success,
PAT_257_396_494.png,0.8454230780051512,0.22550058468741538,0.4710148808385295,0.2625434865926889,0.10702388876173806,0.12439277369972623,0.19207386487102232,0.09234331988683321,0.10914730197763028,0.13661480883461366,0.14537963752663058,0.14551036154680652,0.8784579772629044,0.800778191488395,1.0,success,
PAT_660_1249_373.png,0.6593887372868633,0.25478997097235545,0.6365910940245406,0.011924826040169504,0.0504634457022375,0.0351129793137252,0.010642701837150343,0.04455189991712185,0.029385802367240275,0.012393255816923066,0.03215024334492933,0.010193817750279277,0.8544787498607376,0.8638836404245078,1.0,success,
PAT_1320_1135_471.png,0.6840160880688979,0.19412231559290383,0.788202614379085,0.00987199495889863,0.034623782261884326,0.02893321915292194,0.006521381136351784,0.035176807790784845,0.042549218330192914,0.0009882915753091797,0.05575022256964801,0.004983280133758927,0.8259920456924135,0.7590173568122028,1.0,success,
PAT_860_1641_998.png,0.6704002002248028,0.3424335595137122,0.5335243809143675,0.018103738318310036,0.09467083796621206,0.03387068348378615,0.016567595979270603,0.08484775631173064,0.028474169490673888,0.010921200591057337,0.04720748625178939,0.015673152176121863,0.8237202749156881,0.8208576330378038,0.9942196531791907,success,
PAT_857_1627_310.png,0.760110470597716,0.22818795408520726,0.6489938143637288,0.14416866296696504,0.0973132705802464,0.13393435981510463,0.12699068668216348,0.09104450660768737,0.12762395550698077,0.053401100077578825,0.014264730410644327,0.005466410790971876,0.9095829437503007,0.8720504210683824,1.0,success,
PAT_1636_2869_739.png,0.6326589675285949,0.3228320837614758,0.5589388322475297,0.009744725842205064,0.05569806818475332,0.07198421127634665,0.009211557219594312,0.0504802880741884,0.059147113024062545,0.006769243771713778,0.04851146537686596,0.05296225528541587,0.8105122711345569,0.7863851310777396,0.9902912621359223,success,
PAT_829_1566_135.png,0.6774230695491039,0.39259207548047925,0.6529533146292484,0.011915807496493413,0.0862885279004351,0.05177505092466642,0.011289898703814947,0.08076119705014592,0.04793147331334469,0.002734467749904152,0.07100768164470961,0.04839172844067974,0.6093381156584591,0.6568915776926474,0.926056338028169,success,
PAT_50_76_728.png,0.6635899015514763,0.35395165338351386,0.6552251369727242,0.0434826401634138,0.11536337599348322,0.1304478772583973,0.030496860193347124,0.11272887185612737,0.11842679891778464,0.014434764749715454,0.15433602920767736,0.12194013340901433,0.5597287908588282,0.5553719342796738,0.8813131313131313,success,
PAT_1786_3420_346.png,0.652923243127396,0.20336423939654602,0.4949941689274135,0.035168953228167675,0.05764191542821231,0.050579705011538155,0.023294960088532202,0.051249802813277796,0.03282796538631762,0.004543708883232493,0.021264524419247588,0.007393433301206287,0.6440832270461506,0.6625308454264898,1.0,success,
PAT_51_78_959.png,0.7202731517067716,0.22961936116162668,0.6251482358508037,0.08427326303687531,0.11081830810567404,0.06104966889448972,0.04952357341507922,0.10029937263182227,0.05121731912160532,0.019926771467539735,0.09420977503952349,0.04061218002422651,0.5636511742711248,0.4788553017108714,0.9990723562152134,success,
PAT_937_1768_126.png,0.6543564029417832,0.337789916425411,0.5410380043206445,0.01520892202090044,0.10083180923504916,0.08096108940051326,0.012172408316582426,0.08919341422664831,0.0696488300710915,0.0035303436605224033,0.07984095167191918,0.07260649808311459,0.8269784421854124,0.7372134680341048,1.0,success,
PAT_626_1186_898.png,0.6774131048362891,0.3797606251329671,0.7693767483999008,0.011801770965579415,0.05811314534415796,0.0701890192609822,0.010187146137014437,0.05577905967454391,0.06544355388220174,0.004456373986750527,0.05903002491666565,0.08068681526628751,0.8194335134115605,0.8220079009486171,0.9947275922671354,success,
PAT_263_403_382.png,0.7086898599299547,0.25501108731558375,0.4759094895577211,0.050423407459396954,0.08939361173336091,0.08334526699348027,0.043799561073446666,0.0824099468345521,0.08061461059117428,0.0029617841127221804,0.032920211104440295,0.0020645794028538167,0.8281511732737754,0.7291980100296473,0.9895988112927192,success,
PAT_1498_1715_345.png,0.6533064009816398,0.3146846935526432,0.6776358567184209,0.013722480487729465,0.07678041523032571,0.08455726772183346,0.01507220977200837,0.07175044222624133,0.07347652175151709,0.0024078390115698134,0.09823919784781426,0.03646041325659399,0.5326789070151108,0.577620776423029,0.9688473520249221,success,
PAT_1534_1810_719.png,0.6745841837240525,0.33260084127800416,0.4719420159904356,0.01721254480605515,0.06041054956668931,0.07233581382475697,0.018269416792455393,0.06104121031494003,0.08280722364530381,0.03740879917055856,0.13418984735865344,0.21733965927346555,0.9053372482224001,0.8782124222761395,1.0,success,
PAT_368_1652_733.png,0.6609730431674771,0.24232853142066854,0.6171297923191066,0.0412437532522421,0.10992615317695863,0.07798017291851765,0.016537336880293286,0.0916665759062478,0.05604331661225518,0.004311130514598144,0.0409190212373802,0.02395346243110752,0.7212876769483503,0.7458042259672821,0.9823232323232324,success,
PAT_1364_1246_238.png,0.5779852995317026,0.4353532583167355,0.6673447037260514,0.007158670924822684,0.054522050242279164,0.024742504227787523,0.006791430992860937,0.056236755135182004,0.020809621705445425,0.008890302251355564,0.12127190208215499,0.037131555830806184,0.8078201060882841,0.7524865524466636,1.0,success,
PAT_360_742_782.png,0.8231236514245068,0.14338553252665628,0.6065788810351024,0.1382253714496806,0.05421522140624586,0.12605900714021637,0.10194742127770431,0.04139505648936297,0.11076456242567881,0.0106401556003274,0.003175618601572089,0.027131506943765427,0.8236397224795382,0.6888570153381346,0.9681528662420382,success,
PAT_650_1230_636.png,0.6356636630394886,0.2810776482603108,0.5984670003245854,0.044981952077123605,0.075046241029678,0.05430763761775191,0.026787901765598712,0.05946297270711817,0.03824698058966641,0.026849388393454396,0.04284750562316453,0.024148539958226856,0.7470249897808972,0.39592968798679307,0.9762611275964391,success,
PAT_756_1496_599.png,0.6282574705574808,0.3287631687474225,0.39560229445506695,0.02221637198098122,0.046982746837428216,0.08873849608928713,0.01953936430561422,0.03476183294044224,0.08522703813859984,0.03624354148042812,0.11195190615486522,0.17704841899076512,0.7937534422901982,0.8192747955239753,1.0,success,
PAT_514_969_995.png,0.6212862164094693,0.11335182715471574,0.6019958483567233,0.09175160049527005,0.0464221325773492,0.025221455332434015,0.07320606347456654,0.0419208463919902,0.018906657429327185,0.018672321375935514,0.029071445570310925,0.01738284098040066,0.8997836452984751,0.8420782394469151,1.0,success,
PAT_1653_2916_994.png,0.595119362892782,0.39387959744083384,0.5886011604697672,0.004268344638642031,0.045501264426935625,0.06348705373107627,0.003060552330155225,0.03645518740849051,0.05380183302848882,0.006502162883153377,0.06543631729476734,0.09461391248193585,0.8434227994110615,0.7474542452211393,0.9978902953586498,success,
PAT_1326_1156_783.png,0.7619125148663802,0.23820812959944684,0.4488403925802059,0.06525149969518734,0.09105537675322399,0.06733444337796571,0.06390588022559839,0.08323657770365057,0.06612550529560965,0.12715889619001644,0.15624492320515415,0.1579194140937269,0.823790433641634,0.8383714671875644,0.9901960784313726,success,
PAT_686_1355_168.png,0.6161184662201193,0.2716559705432182,0.5058319205280852,0.051575893421093796,0.07036698194066827,0.09398677847981168,0.03604029913599808,0.045471884654085935,0.08452638486563413,0.007657437098267018,0.021158213133315007,0.10214558662795892,0.8721796975584419,0.8371221122425654,0.9947275922671354,success,
PAT_1811_3487_560.png,0.6603051897223647,0.314811571360587,0.7069959315128589,0.01399356599704756,0.06345421633862043,0.02628826489029046,0.011631857813943951,0.058481217180864374,0.023193103423123453,0.006291887577633778,0.008234446428903808,0.000240456742328643,0.7312203297426473,0.7266095588054263,1.0,success,
PAT_1282_978_328.png,0.6383320186607437,0.41435637482269333,0.6542771392876461,0.01467960605048965,0.0922868259149516,0.10275022485449554,0.011472519144976519,0.07677898097019055,0.08428799381372015,0.013294775577943499,0.029161040089238865,0.0030070536902999656,0.5532019516032978,0.5486952199628277,1.0,success,
PAT_874_1672_743.png,0.6527557735921182,0.5562887135136952,0.7098759041701953,0.0055051493886556484,0.06636760105830537,0.07099561386368991,0.0043925623151591705,0.060021150800431224,0.06861180728251227,0.003871427433620372,0.02873058486764768,0.02850670765335972,0.9251470871971268,0.8715633679830186,1.0,success,
PAT_883_1682_256.png,0.6548072635390942,0.745736516458358,0.3384329796376424,0.016433213674523706,0.20212270061088589,0.11566791908393223,0.015892047047211266,0.18596011772479756,0.10637860043904886,0.014165888575204299,0.10537676292779807,0.054053019316265716,0.7862278297047518,0.7994486974479986,0.9577464788732394,success,
PAT_599_1140_399.png,0.7466448348867486,0.11808839804088536,0.7061908776637706,0.2569815262875611,0.0756721920848592,0.0928500063918275,0.21434547622858324,0.06465546911890728,0.07884571777248595,0.06796665730997234,0.0202898756038615,0.024083920068744602,0.8005341752935577,0.7714181704197596,0.9937888198757764,success,
PAT_628_1191_564.png,0.6307650151952644,0.2272942505494088,0.732082057708099,0.044049882143008236,0.06994631201975444,0.048276410598913175,0.03436557447234663,0.06014917780047924,0.044432965276097414,0.008032596639466445,0.021340282060249904,0.0026323444255504924,0.9196553956257114,0.8623390315439001,0.9918032786885246,success,
PAT_1245_844_471.png,0.6319515090219012,0.43347092747133453,0.6591106587963905,0.011409404834942934,0.041602571902007966,0.12005647521124961,0.011256951071462209,0.04068510439509429,0.12306813591926276,0.03051464810164567,0.15600161898703557,0.24929518304182063,0.7352225670512094,0.6828746680055475,0.8879310344827587,success,
PAT_375_764_705.png,0.665278538428851,0.45266619179352957,0.535846847891508,0.019663364275954276,0.11198351341465866,0.14682469707525886,0.017143191019316967,0.0945482745782463,0.1392477293243878,0.0203345920751117,0.09047329723809955,0.1082455697932172,0.683060570933689,0.7071550717924702,0.8547008547008547,success,
PAT_1161_578_233.png,0.6036713473067207,0.47307625471868026,0.4501449606052587,0.00543553612002493,0.13970445800579723,0.0774822280482189,0.0031955997973326707,0.14986725743173415,0.07117854842113197,0.0012199831976111063,0.3098255627294425,0.08898299178630004,0.711720636297158,0.5424603091185816,0.9839357429718876,success,
PAT_2159_4792_718.png,0.7021275269978772,0.13158501790809204,0.8012610687127821,0.056235583067534456,0.05188445911962096,0.15138970954167819,0.05516591555288375,0.050968161268380496,0.16346404200999257,0.09757129635735108,0.0318001018480106,0.2794721401488113,0.8541233624578148,0.858351128147475,0.9806451612903225,success,
PAT_830_1565_911.png,0.6535764257760344,0.4768946764456419,0.7813567496549086,0.005243776361603451,0.04893441173109283,0.049509951654944685,0.0035193396458798017,0.04368917916435275,0.042677208427152995,0.004669433529270842,0.042511630297889846,0.0302891208144912,0.6831875341003131,0.6008826447552488,0.9777777777777777,success,
PAT_269_415_906.png,0.625189620549152,0.36306961449844305,0.5804131538837928,0.03572161415935951,0.13910728115873247,0.10831147836916447,0.01969286976423328,0.12675539075458456,0.09134946669544533,0.01005677168218284,0.0845630186301945,0.12436407999988763,0.8996735408591441,0.8211865058521166,0.984251968503937,success,
PAT_369_755_733.png,0.6798237540246372,0.3318506801645049,0.7196055480085105,0.015915628848485547,0.05783338810603328,0.03432965735200424,0.015585769166862638,0.0561053356849804,0.028361902225333295,0.023460326182205192,0.08195961262637855,0.029187251359001576,0.8033371457486452,0.7424879703775328,0.896875,success,
PAT_187_287_482.png,0.6761199023939576,0.30560836591277923,0.5629021187452635,0.016349972149441828,0.06359463493891533,0.0860624295982647,0.016275525867854735,0.06846731372876654,0.09449767634758904,0.032830787588168577,0.12015494591896925,0.0870978812547365,0.62767199329791,0.5589990523180267,0.863849765258216,success,
PAT_567_1078_978.png,0.6764454957459106,0.582256026423925,0.6769391921560957,0.018681503134971328,0.14396548695373254,0.09089544892212979,0.01631914067821232,0.11941586878790832,0.07489591827633578,0.006065767459200326,0.11936010885801657,0.08399033102718789,0.8482977243702234,0.8093049030806978,0.9907038512616202,success,
PAT_912_1729_244.png,0.6429388970900708,0.428890083088752,0.580582310225566,0.009269736153981563,0.034482837399803845,0.05370860891866611,0.006934767769284136,0.02754753447472164,0.04998871509311639,0.00889841446042499,0.030954804152877435,0.060365265946058067,0.8079031561798778,0.752236684480753,1.0,success,
PAT_63_1075_331.png,0.626043123934424,0.43405611591303656,0.7730250353739182,0.022424013372093283,0.12248368961102404,0.07603297814481269,0.02140913590781211,0.11052021451440634,0.05594749598321617,0.03483618529844147,0.1071194735368039,0.06060790097866475,0.8531235363890761,0.7840956904537277,0.9858012170385395,success,
PAT_188_289_859.png,0.8068041800307237,0.175616164408221,0.5777853411785036,0.11171607165884742,0.04835236160532842,0.08098696675949613,0.07701914652695606,0.041545621798021355,0.07798464379064303,0.022928539391649218,0.02752079305320898,0.0284986833732771,0.7130051498613766,0.6677064828499573,1.0,success,
PAT_480_921_1.png,0.6319424922730794,0.49259805677914303,0.8697406228704309,0.012707836142609287,0.09932400640712827,0.06345127453879458,0.011746309165045559,0.0938749308354998,0.052830408030520803,0.015647814553024376,0.0772096792058915,0.0409214197243849,0.9267065796417091,0.8719395776421156,1.0,success,
PAT_1730_3236_201.png,0.5739005451419135,0.15951598276111906,0.35253421969967097,0.12167406142202836,0.12838790507183265,0.1119107945737163,0.060323617895896256,0.1284258763717496,0.10652094572455514,0.03889707787961206,0.2586216763336686,0.17103668919526577,0.8262829748330143,0.7868871794413863,0.9886363636363636,success,
PAT_299_1455_759.png,0.6510968054044931,0.5107917798708842,0.3951305217962964,0.00947310219521469,0.12390844668551686,0.06148818238345857,0.009066325482623606,0.12259581899173376,0.06097744903121385,0.01646002383855934,0.1752678619921802,0.10100715334694443,0.734956215730263,0.664059602509324,0.8940677966101694,success,
PAT_1718_3202_152.png,0.6160693703994429,0.4479499954488233,0.5264430922583626,0.009332550833726862,0.0757616183840058,0.09275956045441731,0.00859959718039032,0.06339387256037218,0.083923711492317,0.009568467385116087,0.09875049913653694,0.07998856959582379,0.7487831057436349,0.7195206269641637,0.9956140350877193,success,
PAT_1694_3110_213.png,0.6886513763222945,0.547207801002212,0.594773749868328,0.022773574104741585,0.15025057219330684,0.07740424742583467,0.022080566219896212,0.15589847686183714,0.08384656790491081,0.03710131758352359,0.38826248374487426,0.1843518134004578,0.8410476690218475,0.7976397891898115,1.0,success,
PAT_453_883_719.png,0.6643989897062427,0.44679634310607663,0.8567579334707953,0.04755042440386662,0.11838110533146273,0.053871161661155034,0.017045090684747202,0.1068642525431513,0.04801078299606717,0.006013322351955865,0.05854738107199109,0.010258669303042867,0.8320866801259803,0.8181448555363784,1.0,success,
PAT_59_93_573.png,0.6431010889850141,0.41638621651575586,0.6704483909042007,0.008726974227445538,0.04290860381131468,0.03847565363896036,0.007952364586528713,0.036352496263350215,0.035078188827679865,0.011864509101981547,0.002074609247028736,0.014190021851531176,0.7850944907650232,0.6767036560366704,0.9963898916967509,success,
PAT_1581_2570_738.png,0.6193844554779878,0.25082265535835346,0.664839370101778,0.01580287271336949,0.06806751483994299,0.060873918489053346,0.01140365642234793,0.05394167564460849,0.05672498198297986,0.008009268588692938,0.031747040319215325,0.04611460338876405,0.8442551349502114,0.7282017965777458,0.9225536368393511,success,
PAT_1136_517_92.png,0.6375650441551232,0.33348085206821265,0.4817416929597118,0.012886635559591483,0.08239360013452528,0.06448250964423759,0.010676385219154372,0.0764859541177507,0.057375048943973224,0.012077391828513365,0.047145450273978484,0.08206736802855874,0.786578353215915,0.8212208529230761,0.9785714285714285,success,
PAT_662_1251_43.png,0.5327894191184707,0.19536535533007163,0.3505693999600726,0.16481807228215672,0.1158244363209917,0.11379683384010593,0.14018177408088034,0.10616133906367428,0.11065572817026012,0.12386031233213401,0.0709821074685952,0.20981986676384462,0.847307736811129,0.816931028982561,0.9590163934426229,success,
PAT_1278_966_295.png,0.6547574531186524,0.2688016883066977,0.633794749019429,0.014721778123055565,0.04232975088666779,0.05096365177708428,0.013889191941937225,0.04022427109000273,0.03184840233126984,0.00861190305875673,0.06250913659999796,0.008472372116259508,0.7198214039204545,0.6532622562448819,0.9897260273972602,success,
PAT_656_1246_489.png,0.04331733858064345,0.25969531173753274,0.35156374681142094,0.31660927589844645,0.12289399476082079,0.08208461344767443,0.3640142522534869,0.12796001773971868,0.08833867810966572,0.3580083987712887,0.20261532387780812,0.19139895105640264,0.7784569999845836,0.5975441031476995,0.9968782518210197,success,
PAT_1324_1146_143.png,0.6139378362778477,0.5023928906281847,0.5812223520134271,0.011847054516385696,0.08553192354306415,0.04854166971334706,0.011022297414864709,0.07971086538287271,0.045661400348916824,0.009831360371409421,0.020632262749348207,0.016416417098036096,0.9023012353503115,0.8829314709250977,1.0,success,
PAT_56_88_274.png,0.6969735930324548,0.452770128533964,0.8950567306323013,0.031240697999943202,0.1165606642332759,0.0762407144275755,0.024693349639501098,0.09153386111322805,0.0630925139158051,0.03640797157090224,0.10501023233619627,0.024436531506830783,0.8025210013575284,0.5439584801374501,0.9702380952380952,success,
PAT_193_297_295.png,0.6436836819240525,0.2790019097412706,0.7694059766474103,0.017403982965588878,0.12106158168632997,0.07182350275479468,0.011813601102453091,0.10612750065467087,0.03799334425856625,0.014598571900937114,0.10738656435368285,0.038240705694578714,0.8493404059551919,0.603638220589169,0.7309941520467836,success,
PAT_771_1489_70.png,0.6705603238280271,0.10478674922150276,0.6715122711155891,0.13048213436982564,0.07376599558051897,0.07730740286090212,0.10495802747551203,0.06838860669996151,0.07357003379601643,0.04300313167482391,0.03534731842424711,0.008926290461645281,0.7346219306870456,0.6054749022885986,0.9966024915062288,success,
PAT_260_400_566.png,0.647591345168209,0.5002037540995046,0.7436305910264462,0.007173560839840719,0.03937285608926005,0.053008458859631784,0.005925012259717556,0.03634293478593334,0.05226117517300692,0.003741442434418237,0.0206063530088908,0.029173678610402543,0.9362714143485555,0.8648552666503271,0.9880952380952381,success,
PAT_419_833_148.png,0.6231677209797284,0.5922427143594668,0.6357100347064241,0.01070552605608533,0.07239435359457999,0.07656696241170896,0.009252715843848092,0.06239574571660973,0.07177982904121516,0.0037880671788526697,0.06343080696740211,0.06747485896935601,0.7323311580927776,0.4726596418579022,1.0,success,
PAT_757_1431_907.png,0.6552951002568673,0.47193703568383877,0.8059280233832664,0.007379960588031393,0.024842254581083627,0.036713253807280334,0.007029129439912586,0.02342463985531302,0.03437422205226521,0.0015730063104865306,0.01083996400492565,0.024388185225781123,0.8244781592800513,0.860015534137873,1.0,success,
PAT_1547_4231_928.png,0.6517335452818791,0.4047299682315566,0.8033339562439872,0.00794441554217229,0.06399128823953587,0.06196642496538882,0.006554667881177487,0.05630772748977975,0.05078418892975815,0.012365624554567252,0.05152044180823451,0.028642380169271675,0.9446526232988572,0.8985374314575724,1.0,success,
PAT_445_871_524.png,0.6499214079705345,0.5523872985960399,0.6071699480848549,0.014517937245572703,0.21763998701885512,0.10860678260944519,0.011148234373813098,0.18818119960569676,0.08835660593410413,0.004574989824110847,0.20362638639056851,0.05855573140071446,0.6050038825047885,0.4012061976929344,0.7569331158238173,success,
PAT_904_1737_511.png,0.6474582200013087,0.34811921191733713,0.7001553348264535,0.012257125531879205,0.11015488498428888,0.05569527157142792,0.010554348293560164,0.10180325395013698,0.051278910233802204,0.000484196937140761,0.016318946672101653,0.006385517854070155,0.881561432660326,0.7929861019630768,1.0,success,
PAT_325_1506_440.png,0.7000472093530534,0.14233729902386164,0.7060831075899644,0.014974429783241068,0.022461586394243258,0.015875618961235325,0.013498006279823298,0.020485001202928475,0.01179450957685282,0.02048763198701885,0.004379069835633326,0.0057292924478039575,0.6262166393385181,0.6413136495287178,0.9659969088098919,success,
PAT_866_1649_674.png,0.6603335967640498,0.34380631773852505,0.5881954864566141,0.011560706669562716,0.053435325565731426,0.018233190007964264,0.011609701993207133,0.04948099235790387,0.013041944281792983,0.02090486260811938,0.000935709205822477,0.014266605734915228,0.8932960250854455,0.8410912903723414,1.0,success,
PAT_471_909_344.png,0.6454964772720111,0.20886145487800134,0.41711531127353313,0.06221595718102984,0.1014023188185927,0.16940296028600924,0.012297860548852266,0.07309738406128936,0.17537783436760013,0.007820485353011481,0.008063409918834835,0.32552402041112255,0.7623545834147625,0.44252001589104495,0.9971050454921423,success,
PAT_1575_2516_618.png,0.6933401963815412,0.27067225495080943,0.6544466914817746,0.009023845068974986,0.055393168018548385,0.023358463741624695,0.007318972246556357,0.05599408931605225,0.01704814406237529,0.001779835948697755,0.0828597066185931,0.014355471510211548,0.6815431000635302,0.7534442660627215,0.9078014184397163,success,
PAT_300_1689_862.png,0.6532530821583152,0.39389330506977566,0.5493181416710828,0.014164555672174926,0.05680586881246555,0.054769703081475316,0.013716943345720815,0.053313916695084985,0.04856320040844436,0.028877559967486692,0.0361295441783247,0.026777092731181673,0.7722431848273769,0.8082125911861804,1.0,success,
PAT_753_1834_712.png,0.6065733165600089,0.7317062089136885,0.8488307705413809,0.004025730121797922,0.06292553430752393,0.0779950913114601,0.003071991873699579,0.04609458508803945,0.06371482203333625,0.0034422776273690344,0.035489355778035137,0.06460643631335627,0.49133253599623683,0.4779326127217819,0.9829059829059829,success,
PAT_263_1480_753.png,0.6410191467260882,0.531339366533356,0.6827599219790245,0.014838728113546031,0.0808803351272141,0.09250714171693937,0.0150003226711905,0.07151009866079068,0.08581230153501328,0.02729846546017743,0.0657803895310266,0.07195294943214792,0.6172289271636153,0.5643443692719575,1.0,success,
PAT_1312_1102_578.png,0.6268548152191874,0.1817133719796933,0.6172717446549131,0.019232135081315778,0.039053046333684026,0.035910464585674914,0.017113405205165157,0.03511391218854177,0.035043019428182706,0.015064563355280332,0.041970365340082666,0.052373417137004386,0.882210231179022,0.7223096659208309,0.8984547461368654,success,
PAT_1033_153_301.png,0.7465315726948195,0.22043510402365615,0.6379184707994509,0.017049410700365746,0.026517171485199373,0.015895046401524192,0.014727181079818857,0.02441966562032461,0.012391919542068822,0.0064938818378526735,0.01595063080853279,0.01302870628120334,0.9332484974239159,0.8873921133407626,1.0,success,
PAT_972_1843_756.png,0.6409670003711221,0.2729836147873056,0.38684063985922496,0.05897212210958655,0.08091990695514038,0.07893968949397663,0.051525542626653924,0.06653655843200518,0.08014625690677145,0.05424124230360934,0.06971341161559766,0.11278828044274597,0.7184734610285849,0.6059012216619247,0.9685230024213075,success,
PAT_1245_845_32.png,0.6145284839624178,0.5223780370094592,0.5463530606804372,0.017465343127223518,0.07476134196723296,0.07798569120597011,0.019168316356083456,0.07916104691226593,0.07968331594642349,0.013520190325282282,0.1614762423597857,0.09865202224843739,0.8223956848215459,0.6767498420261844,0.9955357142857143,success,
PAT_716_1345_460.png,0.6600001149421647,0.5577022246207352,0.7286002678339429,0.00637031495489809,0.09388442300261822,0.11239431246751354,0.004928044760044944,0.0877757855475684,0.10633201243017922,0.001245780940983031,0.07454018657131467,0.11008330968628444,0.8787180094786731,0.8536601833420719,1.0,success,
PAT_2088_4525_507.png,0.6122430090874272,0.4934796838516174,0.3950921773791729,0.010753966895580735,0.0718643975573184,0.08578853185028519,0.009922232704444348,0.05485689271197361,0.08364488117728588,0.02645966507781807,0.03890024059522562,0.1849096215055186,0.933228714422744,0.8236939603742501,0.9901960784313726,success,
PAT_161_250_197.png,0.6645529233820295,0.2955123793778912,0.7547131653234301,0.02059676909134833,0.10918667125864603,0.06007378700120313,0.019690274772897084,0.09483668299442148,0.042577098299760884,0.018479599906144038,0.048304756704074525,0.02106156808949977,0.7100905665425354,0.46213230504659597,0.9782608695652174,success,
PAT_665_1261_17.png,0.6381950174317683,0.38003390445163177,0.4830288790469406,0.021550337012066118,0.09683209356763242,0.07810895870986012,0.022958045278675357,0.11145983574591362,0.0817853229675012,0.03904061840048038,0.1767435265858806,0.11019324644106532,0.7025416597675662,0.7350586134666542,0.9298737727910238,success,
PAT_417_828_723.png,0.7009685348146621,0.16398305163715518,0.444472166777556,0.19345988100867434,0.0848299384150045,0.07349513384869583,0.15582426404842964,0.06883146401390089,0.06664245267693389,0.10062392484792484,0.008374920082993648,0.06130428308071417,0.8084928864698757,0.6801559277729853,0.983132530120482,success,
PAT_1332_1174_839.png,0.5750947721251546,0.33982935545557436,0.441411028784559,0.01163760704573908,0.06604094685594272,0.053891923137303725,0.010537631568114412,0.06068022929630766,0.048461218669208606,0.008569859579360342,0.014143340440793128,0.046496902381392036,0.8324411881144571,0.8777675269734484,0.981203007518797,success,
PAT_14_22_850.png,0.6393744367063554,0.6060832039945072,0.6718421472635298,0.008630541272529928,0.0952101562570438,0.1359094787806652,0.007213431961846758,0.08343884616416729,0.12266875791393657,0.0038551566350113675,0.03321276383269678,0.058986424972097384,0.7425350329624861,0.6880779321936487,1.0,success,
PAT_272_420_10.png,0.6151589172746601,0.3705841099804924,0.6900869943186254,0.030181921211164676,0.13096067109124335,0.11213494680752557,0.023667962734611643,0.0823603078187887,0.07673464785411235,0.011976877560170055,0.025929890494689634,0.04780771537832662,0.7551960901370554,0.6274710417417684,0.998989898989899,success,
PAT_1223_770_120.png,0.6137390352537015,0.5498170548468929,0.5971512621128989,0.008001683877713434,0.06041183144358901,0.04963714746890749,0.007824951741648531,0.05193856519094441,0.03784282913192165,0.012698539337667115,0.10592215371300762,0.07988299562463652,0.95038255069433,0.8991986354950207,1.0,success,
PAT_1726_3228_674.png,0.760508246944184,0.08095017778907287,0.4927293645570189,0.21039519700758239,0.040445059169667015,0.08852109851526051,0.18444862267157422,0.035481758835204075,0.07142236239773461,0.012921514065676515,0.01817575215279635,0.0034573546777983966,0.7412805904289184,0.7344726117793979,0.9902912621359223,success,
PAT_73_111_609.png,0.6413591072469632,0.5063873918822809,0.7452373713197021,0.01442172497807504,0.1597206984551439,0.08160599664443983,0.010988361506692508,0.17118304301157344,0.08303900841513857,0.001578474010027896,0.06726292103012277,0.0012791371669205187,0.7791190889414039,0.6884775461496692,0.9536423841059603,success,
PAT_677_1348_657.png,0.7013451706213756,0.349132678318633,0.5832730966297637,0.12135571675636611,0.1460925419736744,0.09253895655059524,0.10506018064723185,0.138940995677897,0.08679061104556257,0.04154199003507178,0.07231964531695878,0.03822359289277699,0.9326999230454123,0.8492042195555073,0.9918367346938776,success,
PAT_100_393_898.png,0.6434230832233979,0.39010140641622504,0.5286875725900115,0.01547599523641555,0.07337934587263852,0.0954417318977229,0.014707770142937244,0.0684863541341298,0.09306622090812107,0.032684442883929736,0.15275768844123017,0.21485960237753643,0.7540073272728582,0.6574756909774913,0.9841269841269841,success,
PAT_1492_1705_728.png,0.6465080241995864,0.3970002232862778,0.6410328065431149,0.011088050413793465,0.07902724491000271,0.08606178305536996,0.0112000979053808,0.0694390322786372,0.0688635584380192,0.012351077394248951,0.08933873797697078,0.06600293987929695,0.7372006211019897,0.8088122282200225,1.0,success,
PAT_720_1362_700.png,0.6345640295140875,0.229769537223732,0.46522106308991557,0.1549213545692415,0.14778247273839915,0.09847848016260892,0.13548806770496946,0.1377083010559459,0.09072699050980122,0.08746622433705661,0.09462939237086485,0.08014228309422405,0.872184097856596,0.8339734962878219,1.0,success,
PAT_439_859_84.png,0.5990613608384122,0.45019059296600256,0.7750869570930807,0.013833403600076016,0.08778209879934613,0.07800918598454709,0.01100125716812479,0.05718598963085395,0.03977587557750133,0.017093603674602775,0.06777850406127495,0.05148967633701729,0.634577418151048,0.5416665946334166,0.9909638554216867,success,
PAT_1547_1876_839.png,0.7927629465030672,0.19222081021856188,0.551993979976702,0.1208122473855404,0.04699183193527251,0.06712033621617415,0.09787297166342628,0.04110349315526241,0.06119873870872318,0.015208520072472866,0.017607365439837236,0.00870977081529034,0.7523570729736724,0.8513040108902815,0.994413407821229,success,
PAT_2079_4480_586.png,0.8878831982944575,0.11444565716083588,0.6370365847418794,0.3525773157033922,0.043747073326290846,0.12973255729799663,0.31283346624859687,0.030916164904925863,0.09484715250818247,0.13430357673386087,0.013588562096387452,0.05543755348858748,0.7576528654956285,0.48019914547565534,0.9913793103448276,success,
PAT_876_1665_569.png,0.6714864114672516,0.31235982458203226,0.6855948791766351,0.014747824657865848,0.07694032413934272,0.03665447382383676,0.013691972475741745,0.06834711539763036,0.02672134909198366,0.020185316920959748,0.005360036873003404,0.0072408508540448,0.6467546313591008,0.7897692046262091,0.9157894736842105,success,
PAT_237_363_858.png,0.6535058297902704,0.26378813175527727,0.7103191109492324,0.02148962339609064,0.05601088529408741,0.04886652938168838,0.01996770098081156,0.04994701912550215,0.03877741654317478,0.018307028087512122,0.015232856105026893,0.03717185389812039,0.595937012356826,0.5235811530786185,0.7894736842105263,success,
PAT_388_1592_576.png,0.6442577063882118,0.36641354971875056,0.804978363841476,0.016945853644182343,0.09014502943450302,0.0737208968305752,0.01040940162716776,0.06333387602169974,0.0408439755385252,0.015655150268411293,0.046766378529357944,0.019115686386064756,0.6180899137018935,0.379555853248167,0.8503401360544217,success,
PAT_58_91_845.png,0.699246051967347,0.3426627623123593,0.5769800588583243,0.013900680360900555,0.09213048744947737,0.07345393866605603,0.01234323941247933,0.0841614644793705,0.06521351736514211,0.012598121755259544,0.12721235214168167,0.027028598140496407,0.8684251345594736,0.830724603262815,0.9954954954954955,success,
PAT_36_50_14.png,0.6476908112940909,0.5098395082289577,0.5420015117213308,0.009691092071687656,0.07516252088782169,0.0926999202035194,0.007647770509978116,0.054357694565757564,0.0725084814778367,0.0022480570546396924,0.011170614536495704,0.03361009841917162,0.774332338169272,0.6551784527538477,0.8715596330275229,success,
PAT_201_306_781.png,0.6557317981644387,0.4381318294858717,0.5535937594377558,0.009381359219515117,0.10692879825726855,0.09466007821565443,0.00818712443383861,0.11487729678055146,0.10132860791512478,0.010467650397383387,0.02834398886732592,0.002853198571244664,0.7449958238422325,0.7916375002952609,0.9119496855345912,success,
PAT_771_1490_334.png,0.6508204024987985,0.21787093285036913,0.336433611289288,0.18645664803540288,0.16116828429470845,0.09797243032430102,0.18001940113059292,0.14436966686773978,0.09165465430516334,0.031460812066826806,0.026293386267137647,0.06920567392632421,0.9102492520251562,0.8595799186393448,1.0,success,
PAT_84_128_233.png,0.6548125816142957,0.4968469906963871,0.658985331374678,0.008982297561223833,0.09938409282268361,0.08566701021705016,0.007911211896787108,0.09435504230187274,0.08270228445174897,0.019251314365650054,0.075439933468613,0.04076134247288743,0.7453161230318971,0.7258640997454163,1.0,success,
PAT_1301_1063_739.png,0.6558225945312044,0.20982606383616995,0.7057273318062368,0.014361030420642507,0.04213122869800867,0.03417614232213824,0.012357643988573645,0.03709054484289473,0.025682133109836466,0.02123545798261917,0.032720718608633514,0.0015263157778545589,0.8067019108238158,0.6613102663400905,0.9958100558659218,success,
PAT_1401_1374_593.png,0.6261798418414599,0.25785570027841087,0.5531747534432211,0.03510193163027856,0.10594820765126213,0.11759449607097863,0.03475432619987008,0.1013844665019355,0.12361623327423646,0.08396241859634965,0.17995970088209573,0.21996246174263046,0.7957637478715489,0.8235016467977526,0.9771428571428571,success,
PAT_1184_678_86.png,0.6345227639343729,0.2309997771192587,0.6189163981030944,0.01953487278371556,0.07139806201988727,0.06855628345037383,0.01933764326277285,0.06461129850699453,0.05746076474027481,0.021888904053962616,0.03840893368630127,0.050610286390818215,0.9360927046456073,0.8888492523810446,1.0,success,
PAT_478_1829_141.png,0.4705573374048837,0.07817953428199184,0.7984119972500886,0.20872928380230585,0.06586062666863511,0.0841792707795174,0.18179834122457383,0.06068692800219663,0.07305440359004035,0.10699995915856798,0.07022192319181475,0.062025341358520114,0.6708277422476422,0.5761765901335397,0.9758454106280193,success,
PAT_181_280_417.png,0.7067735497252764,0.21501490531272024,0.532555383048697,0.03627188106218046,0.08768833036303074,0.1071431107999316,0.042920719196552576,0.0800533501554438,0.10676650151233734,0.060609570389678506,0.1005426381682281,0.15191726831218588,0.7751670179037755,0.6318802887183281,0.9504643962848297,success,
PAT_364_748_278.png,0.6664489032138795,0.37080698454043365,0.5733827750042206,0.020881098098071274,0.0887476857058521,0.11152071778973738,0.019735518980987393,0.07918089176884294,0.10383635734296275,0.02012563147710272,0.08920151013590671,0.10328323368113268,0.6685706932936661,0.7064668903781344,0.863905325443787,success,
PAT_251_382_576.png,0.6470663858306639,0.37054920733725594,0.7427700298226286,0.016692022809255545,0.0947434757556242,0.08953725902432477,0.01172652909199714,0.0753291542325361,0.055483017771198566,0.01197428751808821,0.11434467786901409,0.06666370963282886,0.8913229179228721,0.7481724678949166,1.0,success,
PAT_1249_861_810.png,0.6054961575368936,0.4202213298526758,0.4990093032647819,0.010184377827110104,0.07198929624590468,0.0848291881236705,0.007984037558369388,0.06150738766926031,0.07457401061964418,0.0019528656285675398,0.010396602714903558,0.04278177508224379,0.8122686652948916,0.8250085784166536,1.0,success,
PAT_191_293_314.png,0.6426810799383027,0.19496569849268858,0.530714881522105,0.04262437932965242,0.07613868002713148,0.11652110637384064,0.04102642630002278,0.06379585847013554,0.10824286676915713,0.026522558943669595,0.017864032223644938,0.1237241912026914,0.7020985791433938,0.6444536524953872,1.0,success,
PAT_573_1090_164.png,0.6063460418075323,0.38043222652863856,0.7832691479184178,0.016271629006760845,0.09821529729181039,0.06329615419572648,0.01579368717020905,0.09738639774041553,0.061585196476621355,0.007750613898441432,0.01015188496802022,0.0015502184486232418,0.9137997394498942,0.8725959187397494,0.9801762114537445,success,
PAT_1928_3876_437.png,0.6755009075515349,0.20936810429577507,0.43993522306655547,0.03956773483048005,0.08225784170083515,0.1052470190488584,0.02513357134977365,0.05758718070847136,0.09519983948021875,0.0491625203115106,0.010555128168704991,0.04277561533200647,0.8219733662248851,0.6953933058597374,1.0,success,
PAT_834_1572_430.png,0.6318803777829656,0.45511517956378666,0.6655582778375866,0.02493664099090764,0.0713796844734398,0.08109593323570458,0.02321616357790261,0.05565436135204539,0.0606092609725722,0.005047430008273877,0.0015759260245331586,0.05953155696497048,0.3976564318950972,0.6425370076174148,0.7784256559766763,success,
PAT_1310_1097_774.png,0.7949561151390785,0.10856570349642615,0.28829622031314556,0.25783466964121593,0.1064628180042109,0.07248468937554571,0.1559521814671383,0.10566625589385754,0.0737839711038072,0.11696789358148516,0.10481692955679513,0.1356535836084231,0.8011276633596758,0.7987078833815683,0.96,success,
PAT_318_677_278.png,0.6847908270474173,0.46246036645542776,0.6456057685442993,0.005664315930828231,0.09762070578783973,0.06316472865484322,0.00470564630914167,0.08908448231894157,0.04972903347751042,0.0003299694961673557,0.08553603300714563,0.033149880583602465,0.716231298018601,0.6116649320443536,0.7604166666666666,success,
PAT_46_879_386.png,0.6671254000825639,0.4183891301674604,0.5686939656136115,0.01580007998096742,0.05457012954269584,0.030725007258708668,0.014687725339949187,0.047202394760995844,0.023357634429201943,0.016744270379332547,0.04095094624201623,0.004123962601866316,0.7381628705002925,0.6490766858795933,1.0,success,
PAT_1411_1415_723.png,0.6115122445736326,0.3640282956180689,0.3006542316757042,0.014650624147065727,0.0853885791641561,0.06643284842886082,0.01257699938452188,0.07909790435751665,0.07184111250794976,0.024407634178533043,0.14697099631804192,0.1604357095828403,0.7219825080272702,0.7079380588076244,0.9200863930885529,success,
PAT_641_3704_317.png,0.6219329285353528,0.42270666422964837,0.4847601313959038,0.013340192073461031,0.14493165105799205,0.10329580612782638,0.011880379351699942,0.15368998653820848,0.1067314583606707,0.02011379468802777,0.28915479520617693,0.18262432238560888,0.8183209393391115,0.8642551918179758,1.0,success,
PAT_242_369_930.png,0.6721714772201491,0.5199870238304164,0.7644910310204907,0.009588387523976921,0.07029855119521107,0.06134493881703457,0.008368261312654295,0.06039748152450477,0.048963078003835814,0.006456006058908375,0.014745658248650706,0.018747746724109726,0.8288261494026263,0.8684497166040732,1.0,success,
PAT_13_21_350.png,0.6470790336678736,0.6329440319288184,0.49305760360209155,0.005973049623894078,0.10860666301673148,0.10517208261533996,0.004053400513329693,0.09056998989487182,0.0972197746066911,0.00064270552158858,0.05395785755791682,0.05862275140646872,0.6897243405244403,0.7535645963797167,0.9337748344370861,success,
PAT_1495_1708_278.png,0.5343874850203374,0.14479015899601436,0.5489686077710547,0.033936187307157334,0.04932471177038743,0.057114684957658354,0.027263634799540394,0.04287855079681354,0.04454196485899695,0.01531877760826919,0.014711404048720345,0.03587049533430231,0.8332299541226219,0.7289291891286043,0.9578947368421052,success,
PAT_248_379_695.png,0.700515863846954,0.1941238824296842,0.6929362841026822,0.04200467299390124,0.06047646892074442,0.04568194860189429,0.03814957727347039,0.0574175093111859,0.0477739837485631,0.020085414778447507,0.019723451279050952,0.015141070086059694,0.6581493917626396,0.6088960138704091,0.9928057553956835,success,
PAT_1345_1223_175.png,0.6137536517609632,0.36411233199112364,0.4920003060817197,0.015776573111450434,0.10339679517401772,0.10341415474582184,0.012841610953839976,0.09816295773694644,0.09966756143169857,0.001700429729241964,0.08317270189624831,0.10501831209110152,0.879198913547786,0.8335738149014628,1.0,success,
PAT_392_792_22.png,0.6279511434939964,0.6203941269179066,0.7206041695638067,0.007920970965441358,0.08861049260670752,0.08300041940270184,0.006512897210448336,0.07713333971025986,0.07283012304088064,0.006420063895030066,0.047418082835282815,0.05946369775247684,0.7577192489334288,0.5619499271838113,0.9963636363636363,success,
PAT_146_217_187.png,0.6394067762867338,0.482682309787739,0.5331520888960811,0.01497358822676964,0.09399967564337812,0.09279277690063893,0.012097433927666006,0.07537971562197744,0.07684498811227986,0.0025736489000443108,0.024369930298145714,0.0332812985250065,0.8132683042883483,0.7166777660577881,0.9878048780487805,success,
PAT_367_753_130.png,0.6222601366396953,0.40909404338832017,0.6283005357237574,0.008308788241694709,0.06326059923115836,0.07907802458319271,0.006217213135267294,0.060387088925507565,0.07769289971871494,0.012062126190081004,0.09738010658896784,0.08844640097954537,0.7042897963132893,0.5047638862561701,1.0,success,
PAT_570_1084_637.png,0.6830626720714718,0.283363913929522,0.720709469831577,0.00886785762304466,0.0483402844625663,0.04041469836414261,0.008652559006171807,0.046395841036118116,0.036396056294841515,0.002756005488451526,0.05035440463917776,0.028069026954509857,0.8664156780242538,0.7792913798570255,0.9944444444444445,success,
PAT_570_1085_344.png,0.6795106953614566,0.2733289541495635,0.7247770966776529,0.009337004129670513,0.05272726604293944,0.0469982513931489,0.009413332985246806,0.05699972262067335,0.050421929164955234,0.0024678380788125133,0.054528630800382644,0.029394342375505644,0.5216762119387186,0.48488238455213456,0.8955823293172691,success,
PAT_986_1855_702.png,0.717267538000755,0.24936607958662843,0.49093155633972924,0.09658571122373258,0.11647674790314141,0.10020833161411044,0.08502023086448603,0.10233440916096997,0.08413816304384084,0.0008718842636004828,0.019028581609502604,0.001165693542200974,0.649604069265183,0.45942670078502884,0.7842227378190255,success,
PAT_1671_3008_622.png,0.7013675790435583,0.1548734265956392,0.5713873316116564,0.1111025749043525,0.08443686518554738,0.1350823406851341,0.060402067581880416,0.07159552731768647,0.1413215815168212,0.08205675414570159,0.009337905854679529,0.23477855242158846,0.6610104980167327,0.4705153782770914,0.989749430523918,success,
PAT_370_758_322.png,0.6215628947554783,0.3941156803744567,0.8535626487305052,0.017832634298463716,0.08171063174814043,0.0901762564257306,0.016367458506532775,0.06737852526659871,0.07467300588853679,0.007792086623170509,0.03343943879005279,0.05776241664981252,0.7835789554180037,0.7819427128214219,0.9553571428571429,success,
PAT_1063_268_919.png,0.6464950988229391,0.25194606037371026,0.7950716472477345,0.013877571190463792,0.027318104666317913,0.02549867024527449,0.013363387166353225,0.027064997302794776,0.02133054641031027,0.024079858085410185,0.03920843771154303,0.0051622576647936125,0.7226642576194997,0.8291014404801061,1.0,success,
PAT_422_837_617.png,0.6284065078894757,0.4054050515542341,0.5191103770120923,0.03427491747438478,0.17619371580285512,0.0876616667249608,0.021020295143137368,0.14965055609014738,0.07664529634320076,0.034657073395700955,0.10490997280621978,0.024508120190018357,0.7450702764651527,0.7982370786252062,0.9566265060240964,success,
PAT_662_1251_380.png,0.6211190337831728,0.5150131037330637,0.4897958473540259,0.02248582648881869,0.18036260094561046,0.20943000590102614,0.015457288340135066,0.07548386346115396,0.16803560419482308,0.022462609909243664,0.008424280189374023,0.2251038575217349,0.848844169906724,0.6778236268270712,0.9303030303030303,success,
PAT_575_1087_29.png,0.6452493551902025,0.3626582333094599,0.4811857323243218,0.06897634272487245,0.13865643342290404,0.17531522584248654,0.05568357391430178,0.11826151727577035,0.1638589897317708,0.015423973919444162,0.02698299999545628,0.19837806420878412,0.7791473537956202,0.6486007200460372,0.9337748344370861,success,
PAT_383_777_129.png,0.6810548116632202,0.2809021178481999,0.6556761057095827,0.03988421665967703,0.0781053897848593,0.07351917151722658,0.03614301663627426,0.07094636691845327,0.06638403723334027,0.03105144168864808,0.05325112719910677,0.03828939679481924,0.869884359810509,0.8312557846013289,0.9747634069400631,success,
PAT_1089_375_60.png,0.6285478474964346,0.27938175748539495,0.7374016560234806,0.018764520592181227,0.08583262324455984,0.08758157289496818,0.018643406422012964,0.07831201687374163,0.08288372912388786,0.032425303257280075,0.06827504556985953,0.03470618711377427,0.8957157354033939,0.8369362412247907,1.0,success,
PAT_388_1589_976.png,0.7163565481279843,0.15839902020844351,0.5270786930887155,0.11649624744537418,0.08455768292130907,0.07579028125124748,0.07792133924102267,0.07630011137679524,0.0712706575364655,0.04170139282903402,0.021387784144599825,0.0004282820492946815,0.7495783918249098,0.7637576412187801,1.0,success,
PAT_545_1031_428.png,0.6811633880822442,0.2415242341146985,0.6140977384638066,0.03491663811347787,0.09573215601108671,0.05762611432386403,0.02198623830783372,0.08896338121787103,0.052740691661002495,0.01323037056272085,0.10455236410910845,0.022937583891367352,0.762626499341372,0.7132732661184302,0.9416498993963782,success,
PAT_406_1542_754.png,0.6290685432937335,0.4886672687768265,0.4394257547742387,0.019008611566133447,0.07223323633684818,0.046335049833514344,0.017541959764597784,0.06257343226655954,0.039507005322107595,0.020597360468651814,0.05174607990976704,0.04615742583740495,0.9353490459627462,0.8811807914542001,1.0,success,
PAT_872_1709_526.png,0.6614633642091587,0.31208406456505255,0.8368523453580328,0.01398451873702126,0.0676379377914523,0.09815161695606459,0.01321971220452446,0.05928700755156252,0.08315755694650151,0.015213708410280762,0.004307026057521923,0.06211669447701362,0.6217353407290016,0.6151046677552909,0.9619047619047619,success,
PAT_1241_824_82.png,0.6095726389262066,0.4069454316141846,0.7906028984482282,0.006223485269536258,0.0416572974474212,0.031137294114500606,0.005450067341589479,0.04830827630993982,0.034427538651800656,0.004807867387270351,0.11119032105932436,0.05646253056025474,0.9203412097236786,0.8892567235939677,1.0,success,
PAT_949_1802_582.png,0.6328590052392055,0.14093251393583278,0.4199116793974496,0.1851390160517218,0.0814916341719034,0.08616077809761771,0.14995883758684073,0.07604502191111646,0.08239999422488481,0.02217290373402629,0.0638537390818158,0.1371160054975637,0.9211841806489354,0.8631800766525007,0.9923076923076923,success,
PAT_169_694_411.png,0.7414729329891194,0.30426948291963535,0.5368248282418818,0.07998205451493605,0.09616302881441338,0.04941358376164163,0.04026492789504002,0.0850758832198266,0.025600943714478696,0.06743721312834268,0.10122095624639624,0.017870945012612438,0.883866488314355,0.8285845835189367,1.0,success,
PAT_537_1014_452.png,0.2231641904120392,0.07281972700216678,0.6155515882718288,0.20408236312695985,0.0391084723270706,0.0776418149945703,0.21419538881821695,0.036454690063563944,0.0738693280362188,0.266451453306161,0.004805225649642392,0.030048931598476436,0.909179428475384,0.8863591591442416,1.0,success,
PAT_632_1206_634.png,0.6765776514413847,0.4060996870381107,0.582014828625086,0.010546685252837393,0.0795714391048445,0.06912165417932918,0.009425871118223517,0.07216479714923817,0.07499442392435951,0.0014290161136845509,0.008712236464309409,0.021019087664108538,0.5974151452430537,0.6862891725436069,0.9584295612009238,success,
PAT_1184_676_904.png,0.6487769499618301,0.2244589310891147,0.7509360601171529,0.006306092612455236,0.049003641113072365,0.05627264858246715,0.00472716692921243,0.04743542282662843,0.05052424011992079,0.004900405790364854,0.028974386682438402,0.019968117384504214,0.795197879215193,0.8053050976590909,1.0,success,
PAT_1946_3924_929.png,0.6120412984312171,0.4482034283878502,0.6714773499347708,0.007548235311837172,0.06832967748138111,0.06080196963748337,0.006710804835811249,0.07290543710446232,0.06111926192927084,0.005468703049500177,0.1395733096736979,0.08632452081352848,0.890443848826975,0.7841635001329357,0.9789029535864979,success,
PAT_632_1206_637.png,0.646560559642921,0.5510440097607671,0.6075097019199837,0.00740163924308743,0.06860804965905311,0.08472733243287357,0.0056462482876626025,0.06460179581602164,0.08272659681126264,0.005864166108718965,0.033417330506719245,0.0017060201109971862,0.5608855250403337,0.7062610130077255,0.9941860465116279,success,
PAT_822_1551_573.png,0.6583699433275165,0.4439292245648398,0.6098836181411236,0.013511409733480072,0.1401741977401428,0.1158841595302375,0.009354702917105918,0.11997636325786448,0.0982609135472079,0.008618400956058281,0.026491491750505136,0.07240026167913516,0.8766819082783779,0.8590946381765566,0.9882869692532943,success,
PAT_683_1297_195.png,0.6691519706408054,0.15053721865329495,0.6697547844882561,0.08513343050295304,0.06796025088695118,0.05839954161416778,0.06458166493760356,0.06209944289709884,0.048828125311342056,0.0518213241679415,0.025616195438170272,0.0038700554933808196,0.9256921848810522,0.8689791848539957,1.0,success,
PAT_982_1852_526.png,0.6147077572414326,0.17074414936797283,0.6633582917092226,0.07102913504109656,0.1047136642359609,0.08317983835763335,0.056145152151819866,0.08975319229670496,0.07509805523645481,0.003452292393118878,0.03205417778809286,0.005824516003818392,0.743319071482912,0.7167634909844627,0.9655172413793104,success,
PAT_574_1081_628.png,0.6662974183033483,0.31705105844950465,0.712711557772601,0.03775215729968722,0.13667018476761064,0.12597696539931377,0.031790640714059695,0.1310033465208469,0.12161023245321614,0.0024613988561659047,0.052902838123288776,0.06040027631950984,0.7144411701748127,0.740166995704929,0.8673469387755102,success,
PAT_1408_1406_950.png,0.6106262350723323,0.4253970921439209,0.5235825312294162,0.008883432789994908,0.05658012364050717,0.06780852789280087,0.00657433951258613,0.04792488403097308,0.06428403786115237,0.0025534664931734755,0.025862971338359075,0.06775240289067153,0.7764011947216616,0.8518301396960942,0.9837837837837838,success,
PAT_736_1392_562.png,0.6336485983773172,0.6317406683461577,0.5354185824697071,0.012989086869532708,0.062115973770914656,0.07435542975249748,0.0123428782541843,0.0520773048518062,0.06728222462693007,0.02451844285478681,0.02169225102745198,0.030112862264460083,0.9103842263500833,0.8689649200446289,0.9948717948717949,success,
PAT_691_1312_389.png,0.6138670946194225,0.26571441085072284,0.475428315360956,0.12249051378663672,0.12726424742116915,0.14925819844367444,0.09782862599496486,0.11099252301967837,0.1451460273870902,0.03838610975731029,0.09115124991219012,0.16570615809134626,0.8787946305406178,0.8254323693223926,0.9758364312267658,success,
PAT_687_1304_898.png,0.6448523385184846,0.38147175522318827,0.6597683736983926,0.015495285108810012,0.13149176608754903,0.1059480799625129,0.011992954492324553,0.11036281630208672,0.09169428779457633,0.0011745501697505902,0.06705556918404298,0.08433057617996575,0.7969589064310956,0.8069413995548965,0.9766536964980544,success,
PAT_838_1585_979.png,0.6104358314672234,0.3170924821630577,0.6673254921749977,0.01846085563609596,0.05484457760201212,0.0267797915389267,0.016809148054689964,0.04941277592558502,0.020673018023079526,0.012061538363149932,0.015741279317789125,0.004289839734673784,0.923226236398262,0.8697919307034658,1.0,success,
PAT_1414_1426_124.png,0.6088759794054805,0.5189674656515791,0.381834084969264,0.010170732074783733,0.07338903526154399,0.0694482848829229,0.009155202299865162,0.06634517300502911,0.06885458797223676,0.01207547572634024,0.12053975115586552,0.13616455342200545,0.7740372332928761,0.6985334858962182,0.9580838323353293,success,
PAT_719_1361_160.png,0.6507315695841803,0.11949309188007852,0.5590345227088365,0.17897497851329666,0.06105244913723485,0.09858460075086561,0.13471149437722876,0.04507437702197661,0.09212285798666865,0.060345759092705245,0.0193601346808457,0.11285214747685657,0.7845447050003311,0.7654929319005119,1.0,success,
PAT_1107_427_352.png,0.6122958803349725,0.3598209729317538,0.42423472471326173,0.019385633922814727,0.08023950304779941,0.06618156028117984,0.018693368427311757,0.07029013934581382,0.04517402466868351,0.03867883462676179,0.16683466507209746,0.07995769458477053,0.8467562406904614,0.8164418735667119,0.9326347305389222,success,
PAT_992_1864_653.png,0.6198664620204172,0.34797022465125477,0.7230363250004496,0.010378186958925017,0.09727455804380367,0.09430910591798639,0.007255784953713816,0.08776042659539936,0.0775916344985446,0.007394382550364279,0.03584881239752702,0.019966687525315496,0.9158757168967038,0.8872892179511805,0.99,success,
PAT_1051_220_356.png,0.6186771269938846,0.12671272436467035,0.8299041822166934,0.01739318726215799,0.042289708946062404,0.03484126949736135,0.01680133401145132,0.0410366012296258,0.030685058416932098,0.011796466607813885,0.04250436038372819,0.012321264907069862,0.7836090834501628,0.8503698411436021,1.0,success,
PAT_1209_737_590.png,0.6439485480665805,0.5154915217521308,0.5638542729139772,0.01590950939147121,0.1381072167378141,0.11182206897040713,0.013090362539028172,0.10433884210157093,0.07793856978160091,0.016605170006430036,0.06750470255788121,0.05359754422824248,0.8337360117440222,0.7172356147963801,1.0,success,
PAT_2152_4781_332.png,0.5860740993378145,0.2395966676826171,0.45114012213981736,0.013415738935979563,0.04428147964844047,0.07518177886228321,0.009668481473906844,0.038570050415637984,0.07446076176351431,0.007309729759625978,0.029095428328045958,0.10887839584287984,0.8878160720274066,0.8923342705374383,1.0,success,
PAT_323_687_169.png,0.7680478291867185,0.12390525869905127,0.5197374673079227,0.2084341729167169,0.08305436392130969,0.062025840961697346,0.20035499060197784,0.0841778479879519,0.055327355440183884,0.07564012896525299,0.004417753983535694,0.001095965754681738,0.7711332426627686,0.41174030338661344,0.9414893617021277,success,
PAT_833_1571_134.png,0.6379240182475903,0.6211785372910692,0.5629706786535431,0.012161736204973708,0.14999738771141885,0.13632281310150055,0.007578296515781002,0.1008462841670337,0.10416718977718102,0.010000739181087286,0.019223293119938423,0.13415228268052315,0.782199100112486,0.8508415400307379,1.0,success,
PAT_233_354_828.png,0.6260492123818565,0.2272058259498627,0.5711821043328148,0.024192000592987442,0.05627673232366926,0.06797281612648949,0.023341353176251703,0.05446825749819897,0.06182681276174679,0.018484053742205003,0.05317503492622891,0.09140357125554477,0.8180301079071821,0.6836593965408109,1.0,success,
PAT_1536_1819_562.png,0.6149974962987979,0.5172781824861671,0.45689404144725204,0.005913833582158904,0.07721363736116123,0.07987697804399434,0.004152904619617886,0.04523703385897104,0.05959382894780394,0.005413652610439988,0.0024496061538125113,0.0006385039826802275,0.6423567921670241,0.7677684795175012,0.9617486338797814,success,
PAT_387_1614_866.png,0.6635464078425538,0.45863012920910795,0.5979299883861142,0.017133521356680947,0.14724936948553669,0.05384516560750634,0.014985221724134565,0.13978826718532375,0.04996302939599668,0.010336551817568956,0.08080207491046543,0.03787240422530336,0.8558212086554955,0.8615210403815625,0.9975124378109452,success,
PAT_1707_3148_237.png,0.6578656556853385,0.30541139878760265,0.5554025629823461,0.01164305669578485,0.06543957314652643,0.056842016889221386,0.01120595561573117,0.05555591415273304,0.04944583452828009,0.01953678164639167,0.048116856754258364,0.05670791185619606,0.46799308533438627,0.31292354836791536,0.9489655172413793,success,
PAT_851_4520_743.png,0.5975713157442079,0.4967974772362771,0.8311703754720886,0.008692368949895326,0.1122704710809032,0.08947747384360977,0.007890542226042567,0.10099761508489351,0.07579072526672233,0.005134874644841858,0.09439131213121527,0.06616239112496802,0.7049336468392714,0.5043013407691864,0.5977337110481586,success,
PAT_167_258_479.png,0.6495049072388358,0.7364513717699738,0.5829314754943695,0.007367320485500168,0.14640768460661405,0.0803628529976825,0.005582071828888433,0.13889924441078275,0.06705355818085368,0.0027395405074519394,0.13852710246065647,0.06238194868008107,0.8028525852530659,0.8238798993430346,0.9301075268817204,success,
PAT_1755_3309_828.png,0.6406626231504313,0.23236716794726336,0.5681086936527623,0.02782331126471405,0.08628212429807747,0.03373890546934024,0.027450918790217098,0.08647877741824239,0.031062190146956593,0.013924995793623414,0.1228824909398026,0.035116806672986556,0.8405363300419767,0.7630201909526961,1.0,success,
PAT_710_1330_243.png,0.5469571295289508,0.3305502748844231,0.33383106333708706,0.06988151633508183,0.12418075729404673,0.1461333542522238,0.049309630465710394,0.10628198797312288,0.14365917928728167,0.03318813090769726,0.1029404584895518,0.2117264324523757,0.9202650502456878,0.8758888547595094,1.0,success,
PAT_145_216_110.png,0.6400745730302395,0.6256675434401402,0.4935988195021269,0.048550560356226194,0.20140670995681687,0.19122091346690429,0.03185259583824573,0.14854313325399096,0.16859217693483128,0.02696805604520078,0.08948319343216249,0.13215169249622938,0.6115184011723558,0.7743865896798944,0.9771863117870723,success,
PAT_317_675_144.png,0.662060867258338,0.21664632942892692,0.7230792465782813,0.01104378848813745,0.030355600212311165,0.039263123154263356,0.0092902637624739,0.029507625676596184,0.029338146669680903,0.007446803069529138,0.043571630380406706,0.01657350460262008,0.6298268757867179,0.6581532484351148,1.0,success,
PAT_324_1465_43.png,0.7760598056451621,0.22846838730487107,0.5802417752165682,0.08417455356945494,0.11241723010650814,0.020955523680401954,0.08058661447082918,0.10642728840356237,0.017846915595712665,0.0683471776857464,0.11764366854398314,0.021133637726541865,0.6795354956375697,0.6973163566142595,0.9901574803149606,success,
PAT_894_1679_640.png,0.9446925560637781,0.2149854911970153,0.2202724460888711,0.30606394535716247,0.11076087495325235,0.10026505272746553,0.31406884055533935,0.10201448812040656,0.10358479977188631,0.2703561320010373,0.02995503184380921,0.14444848494953771,0.806517359858117,0.7933204101800189,0.9866071428571429,success,
PAT_373_2598_235.png,0.6190600161689204,0.3309440372064,0.5567597182061125,0.008895619563385434,0.09826066875517912,0.09857721187771912,0.0070875307758068535,0.0949924091130297,0.08539997769478307,0.012874598698920891,0.010793664134280012,0.05708920183953159,0.705101174832005,0.8035049275924856,0.984304932735426,success,
PAT_31_43_129.png,0.678620630368674,0.27836777929064227,0.7844291558333427,0.024221891410593506,0.09904049770371219,0.10751854180242021,0.02156457820885675,0.09222039928376842,0.10642330713647678,0.015751746139041164,0.03327411545834896,0.031918851660813985,0.8189382831879539,0.8314847647489122,0.9922048997772829,success,
PAT_220_338_339.png,0.6325050545351878,0.6217119965417877,0.6071244512073111,0.01156384919118549,0.14068003222783731,0.1118051726601901,0.009256653060950373,0.1411301603684566,0.11863982914482486,0.003931274972557791,0.07037408736645712,0.013130152478848078,0.7860345580295649,0.6824652750981998,0.996415770609319,success,
PAT_1980_4018_929.png,0.6460018009293789,0.4135819845179451,0.7497920240893292,0.013501875900432616,0.08114098870022882,0.07671118317904602,0.01297367545301069,0.07564032028020495,0.06260157683952564,0.008305126065220965,0.006422722618839971,0.021204766168707923,0.7382748281073848,0.6772876639988157,0.7752293577981652,success,
PAT_69_1053_332.png,0.7247635196009412,0.26793759224119756,0.5744282334200108,0.14247505167420238,0.09840090411664554,0.057026925068756985,0.12588329633981807,0.09002960775753827,0.04847013669359928,0.08463004224742797,0.03678433961178057,0.033518198610897776,0.8476020596500387,0.843797181532421,1.0,success,
PAT_1074_322_864.png,0.6441351370406266,0.3742595504119725,0.7220964235765475,0.012020188010683584,0.07387810571803649,0.06148280912804722,0.011205737821071317,0.07024652807086064,0.05503021560224472,0.008514244041948003,0.017011651252308635,0.0006676820657094407,0.9252802801064235,0.8862072677141254,1.0,success,
PAT_213_328_117.png,0.5864066888779766,0.36116155116763843,0.5295550385068524,0.007643909142204918,0.07616779315987414,0.09565665072061615,0.00546994706564877,0.0721965001702612,0.0864070105174295,0.0010244500514902358,0.08818645586093826,0.11284454224471219,0.9340294743205919,0.8901431411205027,1.0,success,
PAT_980_1849_295.png,0.6342764718153104,0.46670996386520436,0.5891275057975394,0.013039602925383833,0.10152489576698001,0.18233527771367825,0.009863551495728337,0.09747496753585579,0.18252395997356086,0.0078194886394094,0.018749248156501308,0.009670488163409985,0.953922978753147,0.8727019095863277,0.9953051643192489,success,
PAT_369_756_130.png,0.6093532838565768,0.4916349739895958,0.6467389355742297,0.030341173751612542,0.13912265593452017,0.08915878112366413,0.027605373024284237,0.1319037969885488,0.08900949889013592,0.02503802919433906,0.0920865475095794,0.04228345319152327,0.7651227430661682,0.7018842693487028,0.9972677595628415,success,
PAT_1303_1077_501.png,0.5987997113628325,0.5570884914402167,0.7443183417495624,0.006176270110627117,0.054103303511958065,0.07746239913208172,0.00515803196529697,0.04377251314608201,0.06663579285237169,0.001177210200575729,0.05235066693306578,0.06749853282524954,0.8389746954399973,0.8396199060939764,1.0,success,
PAT_742_1470_834.png,0.6782847727797574,0.24263238351898872,0.6109270170004455,0.07606886939834032,0.09020173678429899,0.08578878743016072,0.061790514917174265,0.08053243067718883,0.07422043573540725,0.03481202707216937,0.034962077248203244,0.025155202162040702,0.6601062786854053,0.6518724743602994,0.9940298507462687,success,
PAT_215_330_341.png,0.7220092691236843,0.37911434689783857,0.5979439045902252,0.1572843695143304,0.21483796304496813,0.1961720183878955,0.11998111042498613,0.20326535521615302,0.18225621895713193,0.03712551062552273,0.109613198504035,0.06160123965129438,0.8489196720209866,0.8316307658008818,1.0,success,
PAT_1185_679_115.png,0.6229940725132259,0.3265339495761261,0.4630404883008754,0.00887935281621668,0.05080982165382165,0.08816130332643181,0.007600062745899574,0.043921657538116485,0.09055630157471775,0.0007989553865384222,0.0339808859055824,0.14463370676947085,0.8323619635302343,0.8188064459800336,0.9981949458483754,success,
PAT_404_805_575.png,0.635824492748449,0.24704131273179494,0.5660761447683942,0.033109587052358086,0.12500297108190214,0.024636168112300016,0.027982243155098337,0.12379638507782759,0.020802061866315388,0.032262929637050936,0.11139112401495263,0.00818796914536346,0.9273544603612338,0.8990122250983446,1.0,success,
PAT_890_1693_904.png,0.949221555339402,0.43363536585977286,0.29947574464361165,0.17951351090149573,0.0412290198161359,0.07195046720652062,0.1872854572098147,0.03563465173006485,0.08013570842183482,0.08823082283851752,0.06628008408347036,0.16139594260969442,0.7015943187553648,0.6012555171440741,0.8793650793650793,success,
PAT_756_1495_858.png,0.6269063934172541,0.48030999066293184,0.3698188608776844,0.022029177889345886,0.07707577702450125,0.1207397473628422,0.02078133532428587,0.06503903881493735,0.11566605463321387,0.032799758503984894,0.13444444444444442,0.14729038281979462,0.8240387052391469,0.8637809524400831,1.0,success,
PAT_1554_2392_767.png,0.735827989310795,0.1876484067174979,0.5056319657913807,0.21674099111439202,0.11375932000874818,0.13740671210233493,0.20644041458873544,0.10764377065300078,0.12537492443748666,0.044215065014987925,0.09458127882545866,0.00930387525612758,0.7973306251867778,0.6839803319862792,0.9408418657565415,success,
PAT_1969_3980_995.png,0.5980128963371757,0.2723433354113668,0.5893344694514845,0.00814326711182634,0.05889818941345454,0.02982717241594789,0.0060702198857992586,0.05589333888450467,0.026328040846662442,0.004116366560176014,0.043128536449331956,0.0020516625905997454,0.906253378161129,0.8732909666764744,1.0,success,
PAT_1202_722_827.png,0.5978886203521697,0.5222963465165438,0.6238661246834295,0.011691543112815896,0.09514327095225306,0.11311598524177689,0.01050397506445917,0.0817414769408879,0.10397041771078758,0.015427711058387987,0.14170124497143882,0.15788578801066777,0.7658345605774539,0.7805248083381696,1.0,success,
PAT_101_1041_898.png,0.63075722170707,0.5228233540908561,0.7316402316745775,0.011199745609701267,0.08415200176330039,0.09670566759102614,0.008883275930054755,0.06817723360171667,0.08311941162330276,0.007237743516506138,0.03390523466495676,0.05565184318191152,0.5854458184642684,0.7717349939649792,0.8885350318471338,success,
PAT_388_4500_103.png,0.6105241112852655,0.440386861155242,0.8321944416803063,0.009382535651074792,0.054554302375477794,0.044451707801241906,0.008868971475447256,0.0526358315078191,0.036383702149208705,0.009626478193405556,0.012693023772456624,0.014229399339525384,0.7855660997783621,0.8034110002346712,0.9925788497217068,success,
PAT_455_885_115.png,0.6523214733720857,0.32356615812466216,0.7311793934197892,0.01885651433969426,0.039721839065273046,0.06955729206987418,0.017134160517466437,0.03246819143956887,0.06001339406081714,0.018865321190046636,0.017475216605592647,0.019131202566196714,0.9365110910410055,0.8779855056448743,0.9974905897114178,success,
PAT_2013_4148_303.png,0.5954865836308542,0.32199785728193897,0.45894447546725065,0.021702098183773957,0.08711366738489386,0.03900583887782256,0.021248041387395663,0.08513133031511017,0.03646239435456647,0.03921557565681732,0.13955944601999828,0.05147973267754574,0.7645670677387255,0.805928938939151,0.9210526315789473,success,
PAT_307_1685_651.png,0.6300231086985862,0.3503425466572171,0.7619231384742005,0.014028467684842642,0.05492879951397196,0.09512867388082101,0.014271554526550507,0.050411736147321036,0.09348330332847168,0.01168729342975428,0.03828858146970937,0.04606922934298041,0.9219372733230913,0.8955418567331741,1.0,success,
PAT_844_1605_308.png,0.6346674930198096,0.5325341816759606,0.7035066710212771,0.0201744701696462,0.08619010802881613,0.16492321332515034,0.019498365322894205,0.08255901978226213,0.16982694245640642,0.008944493690315861,0.006545715701335442,0.014980719464183667,0.8658374903291851,0.8233614224588773,1.0,success,
PAT_172_267_557.png,0.6796879089975696,0.17308971916433857,0.5989306554615006,0.2196064439279273,0.09146340170881331,0.12995428739240686,0.21683034474665058,0.07284430737639853,0.10012738100275366,0.21096252994271636,0.07137511825268752,0.07800017118330593,0.9273755288240865,0.8790651455298684,1.0,success,
PAT_1415_1440_629.png,0.6596812975335585,0.2653468350589752,0.720049245706317,0.029919298159053382,0.07094310731181884,0.07070816981671703,0.02813839164404134,0.06596940526795834,0.06501075236982541,0.03948698115644444,0.06615934470439902,0.008876403882925321,0.9343364787446069,0.8021539386028606,1.0,success,
PAT_1414_1433_570.png,0.7870980070268255,0.12614532344250254,0.6613155253522627,0.23487693652398578,0.08450218170223232,0.10933824373898708,0.20260238672556782,0.07945975264492998,0.10114839492886896,0.18490753458912104,0.012241058878984523,0.03027140065514411,0.7564746771951032,0.7637516922754561,0.9566929133858267,success,
PAT_355_732_102.png,0.6404977190951439,0.5544434748437568,0.7471811890008124,0.014646578451415015,0.13086174686759222,0.07085923512324621,0.013645508759738918,0.1234035707216182,0.058502824234000106,0.022103288669903284,0.06010561576412188,0.022486982209264594,0.7932909177796059,0.7846546569447002,0.9971181556195965,success,
PAT_2062_4397_39.png,0.6086806588471144,0.4017678387611702,0.5226159040841799,0.007287824499826644,0.1101786274823488,0.07350540178482699,0.006285347159779084,0.10959435507720731,0.07306342268144521,0.003933585209188017,0.16578465308527165,0.10798244108835309,0.9224772975799933,0.8728875585055401,1.0,success,
PAT_561_1068_557.png,0.6695745140548509,0.2985239743320636,0.5995100995226449,0.055116643893580695,0.12099278951925396,0.10748287676397812,0.03709973038083895,0.10597869352436787,0.09429638661484793,0.054319829998382516,0.10825138722444086,0.09180558359172397,0.832763272198637,0.8247317887894928,0.9493670886075949,success,
PAT_781_1474_517.png,0.6385995191356697,0.5133306351037543,0.8534829469766019,0.008722382462418512,0.04125366119821821,0.060073246666977234,0.007391780208648394,0.03140629053381184,0.05003756834184407,0.005494989655414883,0.006898115287317097,0.02798123444064582,0.7335442563984736,0.6939304749175335,0.9256198347107438,success,
PAT_2123_4647_95.png,0.6280063969641402,0.4935750142989923,0.6341529450219329,0.011002863193877497,0.08867532721187392,0.12186557420861834,0.008622295157641766,0.07951250308605869,0.11088432413297318,0.0023709685500121857,0.07721157865104067,0.07160933043229101,0.8535227175231795,0.8652119502728799,1.0,success,
PAT_1571_2484_488.png,0.6705972279822141,0.19866132371003223,0.650918633725165,0.02226887942190386,0.05777952617010803,0.05171519216696156,0.019778484290071716,0.049515897898815914,0.043674178965158586,0.021398579774038494,0.00542145800984678,0.00728530805525307,0.8791591573648663,0.8562834345237775,1.0,success,
PAT_1520_1777_935.png,0.6625615491569574,0.27738637527849014,0.3979972087095776,0.059384379684571505,0.0996008753929079,0.12872302227279223,0.04398333234297314,0.09207457613405201,0.13612880139198424,0.04631521184232738,0.17515864682734644,0.24800436488427596,0.8765604478705616,0.7798697287103111,0.9977426636568849,success,
PAT_247_1294_292.png,0.68888345859943,0.40180056765055217,0.5429696328875099,0.03328279754755149,0.09138180586168283,0.08910288421508997,0.027133016363720796,0.0814216581549232,0.08372380651196923,0.008341645493005088,0.03188848523865706,0.027594848261554894,0.6688075455462543,0.7919883222707006,0.9237199582027168,success,
PAT_406_808_560.png,0.6211748731099278,0.38102199310532203,0.7282127823236547,0.01222577858027407,0.08641950249065385,0.08595792362213711,0.010239548451813579,0.07642626943711565,0.06963494249819516,0.0027775212682168474,0.05475706970624328,0.019263363912222387,0.9156583171494987,0.8770191111457266,0.9956521739130435,success,
PAT_78_118_164.png,0.7367363469295065,0.30366029973387193,0.4419866154269775,0.160245055561886,0.12299585895615235,0.16428948618319295,0.11611791096994985,0.11371840994861537,0.15701840905092412,0.11557465169374267,0.022500466103450023,0.03167249381873821,0.9196602698615883,0.8711864863724671,1.0,success,
PAT_81_123_52.png,0.5545171926568451,0.4090139855225244,0.6863776793871671,0.02163318333023005,0.10971240763106963,0.11237806940306978,0.019880230719173737,0.10151340500227048,0.10090076399020356,0.024336174761155703,0.09676007367558265,0.00116816929087038,0.9408048293035627,0.8872376267569698,1.0,success,
PAT_2077_4463_77.png,0.6468521632307416,0.2668450829543979,0.7027893401158546,0.021597671821469554,0.04547039793247063,0.033880027920839655,0.021187259411502152,0.046100264675594374,0.03245959494814195,0.02153026144241663,0.018946724735044995,0.020325579108811165,0.891254999889268,0.887557080194162,0.988394584139265,success,
PAT_798_1770_256.png,0.6024684579830452,0.565409382143662,0.5593334696961949,0.00849045224033567,0.054575696565965386,0.050193454541993185,0.007635916844120913,0.04648102899514808,0.041540038989734095,0.007013623334366296,0.06171765530749418,0.042628020791793175,0.9238928049321575,0.8697952819964733,1.0,success,
PAT_377_768_643.png,0.7154929826422763,0.36191845085633806,0.49475397155512746,0.02638456542033148,0.07183618479011121,0.04493565184894192,0.023516002473241815,0.06623189703396651,0.036972266313394675,0.00024238382518228086,0.05569820482793392,0.014319050179999904,0.8155409792102442,0.8154661435368622,1.0,success,
PAT_920_1748_942.png,0.6231473469207823,0.488283132881566,0.7967046567817173,0.011204730711289987,0.052833357028359625,0.046420495514290346,0.010381412431134548,0.043176801191477925,0.03658643552966798,0.005893273571596562,0.004267419515044946,0.020373990805921394,0.6911257427860831,0.771190867434216,0.9878934624697336,success,
PAT_118_180_500.png,0.6617573068229219,0.37526832722951786,0.4115162402746811,0.01600318527649965,0.11461334223228418,0.12129955244020715,0.010932822165528263,0.10014659560811566,0.11869509626034547,3.7632848808202526e-05,0.05923288058541498,0.10934584933776309,0.8218146864706126,0.8280486631474632,1.0,success,
PAT_684_1303_368.png,0.6303742214475563,0.25032586663764506,0.49058131636896474,0.05940557952770915,0.12096137458623002,0.1163279965080715,0.026571659099225542,0.11207952784287332,0.11306245250553483,0.010281067832296268,0.029518814988814146,0.0190785111513182,0.8187266992376144,0.8004653209399023,1.0,success,
PAT_1787_3421_516.png,0.7851203113633681,0.07450033283341055,0.577342358849844,0.1623492987336322,0.027370271298588957,0.07796318871351991,0.1152120309665784,0.023613983861574324,0.05869518131054356,0.18994380104172004,0.01137864737477906,0.08210257106374252,0.7501505333597351,0.8049434693715102,1.0,success,
PAT_1421_1464_297.png,0.6402396414552457,0.16784565743984065,0.5744069857381662,0.03310612924756515,0.0399023325995678,0.04366171756054009,0.03099426228264014,0.03503973511337081,0.02698489016806065,0.035917292630577906,0.00955510997102152,0.011857783537663757,0.28711582656443224,0.4844244780012347,0.7631578947368421,success,
PAT_70_107_155.png,0.744553025357299,0.181084064594814,0.4037387491007826,0.2906421342733958,0.16463625436793902,0.15652832504137254,0.25661614895691637,0.13473224442903098,0.1575975380849082,0.13804291761411924,0.00958090172162454,0.2149884555499219,0.81673113157821,0.8362606229797444,1.0,success,
PAT_464_1794_271.png,0.6293814429212674,0.41495733650212,0.7345925357903137,0.013670016732537787,0.06661851944492647,0.0467525583180985,0.011968602024146614,0.052737301737193085,0.03612709015414082,0.017482219321984536,0.006887471516556554,0.004679790523341443,0.6812902956114621,0.4611709127053669,0.931350114416476,success,
PAT_636_1204_666.png,0.6520638108256426,0.3853558930625712,0.645114162764626,0.016858533604391657,0.08620615380631251,0.1096872374905809,0.013519654003653226,0.07707067415274657,0.09933965599712388,0.0006158109439758795,0.054980148050910116,0.025721418941495156,0.9146083291734455,0.8784851528782114,1.0,success,
PAT_943_1793_256.png,0.7006641740818021,0.2665313219612341,0.52510369549923,0.0518927774350438,0.10742629120324848,0.08680780531976005,0.03754238869254047,0.09839261278573055,0.08038140999443208,0.058106295632423546,0.1050813641628244,0.05640669462812398,0.8526146686282685,0.7551967384675539,0.9885452462772051,success,
PAT_522_3168_747.png,0.614625804537575,0.21610142519869732,0.635948576534741,0.012269779716659107,0.0542250631381542,0.03126233097037032,0.01260979858117423,0.0503955334378252,0.026049025768006114,0.03645550629337385,0.07279039176893196,0.008097081345897594,0.919234748282515,0.8663193129468033,1.0,success,
PAT_562_1110_360.png,0.6544422809570694,0.4822451233974077,0.8069984164768843,0.009616283831528644,0.10563476751879428,0.066981602161624,0.007037423900456686,0.08512177114634692,0.04218576087476788,0.009444502784134398,0.01114376140512624,0.02242690469600972,0.9160893357709208,0.8884744378793664,0.9889196675900277,success,
PAT_689_1307_354.png,0.6273783170032412,0.5314348251946504,0.6534503257048212,0.011798500123329449,0.07885834126826301,0.06563400591077145,0.010647843829000617,0.06897313394090714,0.05201772694949127,0.01275218818390158,0.08367958350225846,0.0024067978622569486,0.7870160368695055,0.8354818022148011,0.9732824427480916,success,
PAT_1260_894_63.png,0.6340102270467985,0.3921337934969825,0.6531434734213426,0.010602803057577695,0.044203836389900365,0.052492633064052704,0.009805906294765692,0.03177882945726957,0.03636352885756027,0.006024102455154197,0.0001228419591767782,0.03585973990412139,0.7863874581139092,0.793674437750138,0.8753993610223643,success,
PAT_1148_542_708.png,0.6424572533520702,0.34463606890194004,0.4612034015930725,0.023354499035492443,0.08922089403817046,0.1498698384265419,0.02245222640993205,0.07673663541165254,0.15331344499403932,0.04677335485956541,0.029955869193694862,0.2629649943716703,0.9216458439179205,0.8879387428219944,1.0,success,
PAT_983_1854_274.png,0.6093799869493217,0.37757246672189704,0.6101625105893052,0.03721701488041017,0.1270289642838166,0.1549569552885846,0.030787391190688945,0.09456603459260118,0.13516635099832183,0.007443759889126669,0.019096448362503904,0.0667318750452156,0.7537022847817003,0.6941810029498334,0.8611111111111112,success,
PAT_75_113_647.png,0.6509322592936332,0.36215896976342,0.6862486381334765,0.01692956602030063,0.06063500886712548,0.04665598238831024,0.012840783309074556,0.04794879342664168,0.029635649624485633,0.00033908502109830527,0.008064077288152893,0.01374342174251908,0.7518030333279493,0.7719113773134115,1.0,success,
PAT_159_245_181.png,0.6536640574948669,0.18776594396969973,0.7113854959802107,0.052053976606401216,0.0836404697599667,0.09241690833996845,0.04796990518725075,0.07234858229802164,0.06905944728426593,0.057885032319159695,0.0005916508088010253,0.046137515467778445,0.7386588969310004,0.6555209106541053,0.9441747572815534,success,
PAT_1850_3631_519.png,0.6104880606637008,0.3756486601425982,0.788891103175791,0.011009702088407467,0.06349929617824862,0.10333197365199748,0.008383083700094135,0.0449125644870573,0.08144190821029598,0.0082065478272333,0.011934527508593529,0.003824867888542527,0.5443737950081111,0.5059955578587654,1.0,success,
PAT_78_118_685.png,0.7748978049188973,0.19810467155632466,0.5914950390619649,0.09282468821549521,0.055673103500823655,0.06473374686318888,0.06923998064626706,0.04740066888763255,0.055811113521306036,0.10523719755280617,0.008714481823473619,0.03651205717261896,0.944971923930155,0.8786381781120547,1.0,success,
PAT_217_332_906.png,0.6742061424316239,0.35381459058212184,0.5022059579115123,0.02395452219139479,0.0750463077006898,0.05045329948074884,0.020735102568838447,0.07004360098482908,0.04216276220311459,0.008471204349356517,0.03606533648512383,0.006897821038711172,0.9053911772883638,0.875974572314223,0.9989440337909187,success,
PAT_1633_2855_460.png,0.6212502921637746,0.38377743545913096,0.6809136908298209,0.011086223783512454,0.0816609883286758,0.08028815649631828,0.009227001120420238,0.07350189905177963,0.06430605545427943,0.007580411281436107,0.02905475420080139,0.02851076074879244,0.8070712414208149,0.6774039139635283,0.9918575063613232,success,
PAT_202_308_692.png,0.6845496461475333,0.23435718329625466,0.6136992803026757,0.015871115151850405,0.09471575456250754,0.047356794079638026,0.014287740190927059,0.08756032177518876,0.04325927121478999,0.023083239968453975,0.07485250053151454,0.0337631799063306,0.8357565921189449,0.8540590834739848,1.0,success,
PAT_767_1501_691.png,0.6970652611428668,0.26857352846906346,0.38694766705437394,0.03923421220149498,0.10031632954960411,0.06447868796778052,0.038135229296994255,0.09330949399267711,0.056674809525218334,0.06306985540655674,0.06660597079803104,0.04296265779994757,0.8553027278571941,0.8853575367355367,1.0,success,
PAT_139_207_342.png,0.6571542571662111,0.2862192760494763,0.4540193661780002,0.15507406297999077,0.17549968333593313,0.11839677062615783,0.1389279517205559,0.1476165635043934,0.08376407580954237,0.03152093836576321,0.13031192994605173,0.053021160470369644,0.8009540139754676,0.7728392372484689,0.9981549815498155,success,
PAT_1563_2425_443.png,0.6073910223084783,0.36181578409703,0.3486347154375907,0.012810336202124946,0.14747682427840958,0.11174679477514685,0.009633711274778063,0.14383306232130555,0.12001246636393587,0.0021225405235671562,0.05746384565680995,0.22391251554145997,0.9078431054779226,0.7805061529187471,1.0,success,
PAT_842_1606_971.png,0.8359337173946019,0.15219472369562773,0.5523364599997908,0.27520991261597694,0.06805932701683871,0.05845176102998906,0.22996904368884347,0.05740668953118833,0.047673801092065635,0.09749563900714549,0.07608303408739454,0.029583452267349708,0.7709061715836873,0.7972847756954434,0.9805115712545676,success,
PAT_775_1463_616.png,0.6653183868896663,0.25539918572835196,0.7540422258353582,0.02622881793547734,0.07114747530524673,0.11075119588798815,0.02383537443252965,0.07236201875837123,0.10593911295764037,0.046897467086256875,0.02868891616787439,0.05974737367645322,0.9046302247259836,0.8437330744760877,1.0,success,
PAT_531_1004_792.png,0.632758324640184,0.4050830431449452,0.8076271842233647,0.01630556194105727,0.08809951409163792,0.08795360843062613,0.007467926448419848,0.08207292313397846,0.07548765623857273,0.00935591614335449,0.023664278065256505,0.03538025792160426,0.9627035432677895,0.8943098481237362,0.996875,success,
PAT_1180_650_843.png,0.6520478082036415,0.3311707556159615,0.5920908343668808,0.01756147572040663,0.0629608506275191,0.058120284893497846,0.017115023550373448,0.06156010635486546,0.04249373325357716,0.01975299853997367,0.0655953381698311,0.031156584742105586,0.72208258880065,0.7444002751653189,0.997289972899729,success,
PAT_1063_271_448.png,0.628592239091764,0.29734217386376516,0.759453983905701,0.026010382445542563,0.05892547312853419,0.035417039710716205,0.025018016576133645,0.0571272031443965,0.030433993043269363,0.02754440981216217,0.05013205524841777,0.021876202489844898,0.9223929860752965,0.8713922875910984,1.0,success,
PAT_416_824_540.png,0.6867232377239633,0.7254820659057171,0.5846769885263657,0.008129695337802178,0.14211002652329524,0.0543318166659589,0.00785666037796032,0.14584562155778766,0.056897868237096715,0.014364049476927774,0.1675722043586233,0.019837278473744613,0.8993518310483324,0.8637252342157177,1.0,success,
PAT_520_983_932.png,0.6481620146482631,0.517770911094227,0.545995299995302,0.019223335035303924,0.10675734130791212,0.08877990495644654,0.014237241014739006,0.07613316490124003,0.06475647863559984,0.02238317516024474,0.07044445313203967,0.07823323588062137,0.8411343456208021,0.8506167483037239,0.965034965034965,success,
PAT_1415_1437_743.png,0.605044094374445,0.31849795960504385,0.675362491475606,0.01241991799128412,0.060511740270464874,0.10134050290578844,0.01142589790580846,0.06487856246737603,0.10147714470670578,0.007053915070642189,0.06798472847593534,0.046548176727864043,0.8217069164704832,0.7521039264488012,1.0,success,
PAT_624_1179_323.png,0.6309482199487847,0.4092141658474303,0.6847423726028483,0.013292847915939375,0.1409899941143886,0.0716410179754965,0.010764355040249774,0.14147840287128247,0.054665496133149374,0.0010974094248017727,0.15786260246100237,0.04196038807342295,0.9586626512579395,0.8947971246027742,1.0,success,
PAT_517_971_88.png,0.6478158791201613,0.24955834881976285,0.58259701975726,0.1110940949437411,0.08810784456857294,0.108683010573307,0.08122500291903141,0.07058343261349048,0.09541301115139948,0.02944064253515969,0.010315161593619504,0.03646466118810199,0.7732493578470774,0.7346043096142711,0.9552980132450332,success,
PAT_1734_3240_299.png,0.5861073388083129,0.49400916711095316,0.897489411172324,0.005070161617165451,0.05701065963357439,0.05455983620810713,0.0035295700557152385,0.04853104688571315,0.038931979007774606,0.005988069760173747,0.02501428777908954,0.048902209128384166,0.7014532207758315,0.7749871553740344,0.9459459459459459,success,
PAT_21_31_965.png,0.6247053041437179,0.4873950515774612,0.7443891562305158,0.010262650651300331,0.09647403600819365,0.1071825712522845,0.007907761357260241,0.0806168154429272,0.0871080503361463,0.008849965707758322,0.0147854668538282,0.049960807621715286,0.7303998516585852,0.6986752353974955,1.0,success,
PAT_149_221_679.png,0.6924844935909338,0.3134032790793385,0.5176552201449333,0.019237505456451483,0.08571236971364522,0.039820648422172644,0.019461164489021597,0.08207832199335455,0.03934789610189089,0.024015418173922776,0.09665725413544482,0.012777092006088675,0.42279719961642315,0.5591556717932483,0.9875,success,
PAT_148_220_174.png,0.6311979481584358,0.237249249793437,0.9022902495798627,0.021471798384469415,0.12453548364974171,0.09548125847837254,0.014832084863987221,0.13887231491130134,0.11221413195559427,0.0005783853198967077,0.1357322394841218,0.12470181017026682,0.3587806396541082,0.5095642008215819,0.8075117370892019,success,
PAT_85_129_896.png,0.5456308538479322,0.2873692709603019,0.6120597485092265,0.06781787435481532,0.11154074323970431,0.1426984326749717,0.06352554089978688,0.10090156792053455,0.12695169933239767,0.04709999195012039,0.021420972141227013,0.023463737218052727,0.5355891213198638,0.44897065010030274,0.9481132075471698,success,
PAT_1577_3527_831.png,0.6196389155761761,0.6348436701087388,0.4993281070845137,0.005093635308644282,0.06404450001805055,0.07835259683471085,0.004842825095376386,0.05337530244977406,0.07571151974455935,0.0064239483121317975,0.07659254054829245,0.09844641397394849,0.6991588250275835,0.7972633709397142,0.9796806966618288,success,
PAT_645_1461_111.png,0.7042439340654827,0.12997425414197644,0.582377022255451,0.1512851397182703,0.06980648397044606,0.048810326346479166,0.10870858793861546,0.0573970048042344,0.04066630207176185,0.0773143374856823,0.011608487978156279,0.026318312838797486,0.6080032936864395,0.7115156623335722,1.0,success,
PAT_2140_4726_85.png,0.6441969265580941,0.45131852888453294,0.8492292199177519,0.018413552278909992,0.11034709613726594,0.0660829238133782,0.015328814731846385,0.08787825597972412,0.03523691913823803,0.02010259562160491,0.08795376676248023,0.017900040981916776,0.8671488143374356,0.6824204755129926,1.0,success,
PAT_990_1860_478.png,0.6191222882904205,0.39492735223585834,0.5859994357455213,0.015923733772034168,0.10935802304041153,0.13119020453055633,0.013763691904196008,0.09825569231503775,0.12204018568717212,0.012161091537511402,0.008409229835383003,0.05419961357117509,0.9159274141091893,0.8738268592740316,1.0,success,
PAT_553_1049_461.png,0.6214771429311795,0.16256960415650318,0.7833254045449634,0.07430712183544512,0.0782358856583387,0.04381037129004795,0.05405467418012899,0.0736890693143714,0.03546644117359062,0.07665384105433672,0.06385386741286522,0.018875988402973665,0.7483573001904238,0.7230572510254972,1.0,success,
PAT_1455_1585_690.png,0.6800443032214414,0.2737477240821616,0.4704756929882058,0.01582214407722218,0.04305968502068898,0.04151831479833714,0.014259003192207995,0.04064285806244517,0.043107731539641106,0.01735605905508469,0.0070034655613676056,0.07166724138307756,0.9715297636952429,0.8848669795471926,1.0,success,
PAT_744_1404_951.png,0.6458777933351857,0.3744611835791362,0.8559855420164483,0.026644170916086597,0.07989945071878002,0.07886488788414804,0.016941508924119036,0.07551565470724704,0.07325021524242492,0.025884526876053904,0.026559804732761927,0.02278017527871068,0.9266614114899402,0.8809559003604178,1.0,success,
PAT_488_931_321.png,0.6755587569726714,0.33084459657156096,0.7103440324621397,0.020163890668054855,0.05197760040420831,0.06193149934804478,0.01878824160539413,0.04439534290109067,0.053051075023828165,0.018881673834598364,0.01848408233329235,0.0660284709366139,0.9193618834706208,0.7704664081505221,1.0,success,
PAT_2082_4491_519.png,0.6796861651838461,0.24491190786207206,0.7053320238003148,0.023945124469128335,0.07204342949066594,0.03896991300243178,0.016730183783850834,0.0663755442719992,0.024107472087363777,0.0026476573524581524,0.07345554886470762,0.01876106672474176,0.8996132686519671,0.8705208434013424,0.99734395750332,success,
PAT_1701_3136_33.png,0.6251670076402744,0.3631180190399449,0.5203619028002926,0.020324167594502365,0.06098373458531558,0.05349093011478239,0.01843253119811505,0.04932875183571774,0.03881299432898475,0.014156858460068377,0.007760285564930303,0.03051382349213838,0.6448395988987552,0.6999386237457231,0.9662309368191722,success,
PAT_409_2614_24.png,0.6812366845849046,0.32746170323655344,0.7423731067737621,0.01575800456192174,0.05395582104412193,0.04001921164156955,0.014894139052673488,0.052776033002500757,0.03141043114521872,0.026146200948525846,0.019971256404498428,0.0012238920141857124,0.9803945434029459,0.8983519570627126,1.0,success,
PAT_763_1439_668.png,0.6505959265973049,0.24251147267417605,0.42896154538798953,0.0633181210142711,0.11197132715541548,0.0754726690124273,0.05316775914284928,0.10505372260200957,0.06702222640614316,0.04944199400729627,0.09482195831183116,0.06266270339847257,0.8416531977707874,0.8290506281984207,1.0,success,
PAT_2070_4430_290.png,0.63883097257974,0.3324255965636763,0.5685444955392487,0.008593856627041074,0.06736507571723775,0.04762381199401351,0.006902212009607707,0.062486975027799076,0.04446851051374278,0.008275216464936995,0.0036248327898982247,0.022196352365743688,0.8654644740108657,0.8178196863984862,0.9180035650623886,success,
PAT_857_1628_916.png,0.6537688926547419,0.4449887194072744,0.6048717138756271,0.06945625186010333,0.1583824725102129,0.08652996514553313,0.06371682200248989,0.14808875265557542,0.06946330777447812,0.028155390963579583,0.038029998943756416,0.0062214465880328085,0.8897921446646893,0.8673616308093547,1.0,success,
PAT_1304_1081_84.png,0.5898158506009346,0.38023110048471087,0.5837565510689849,0.007220733187369047,0.04386831108849198,0.05947896963625973,0.0066863355539553875,0.04425360531136101,0.06241365994195821,0.007303638683319649,0.0858565557668457,0.12954135107714504,0.9017994176150708,0.8422050687189463,0.9798657718120806,success,
PAT_115_1138_970.png,0.642650531450181,0.5069131071078871,0.6792540105356623,0.029392157927610053,0.12874886293635796,0.1638279113902957,0.02283930924987597,0.09320814989274027,0.1379761234383071,0.0010741518000815613,0.01046716144901677,0.11091445121523535,0.9316806462777552,0.8812773416628303,1.0,success,
PAT_267_1061_324.png,0.72581883925914,0.21752182653157698,0.7166637993431504,0.08264604916567615,0.09164675976287519,0.06547738992971734,0.06739810579302541,0.08769314485242427,0.059182078677928296,0.06905241600857484,0.10319930265022956,0.0355532555699829,0.8245474904921213,0.8379990800495235,1.0,success,
PAT_389_2600_833.png,0.6422236394932045,0.3678910523221364,0.6483086088373194,0.01450562567815273,0.09428310780950043,0.0725313862608955,0.013049870173978824,0.08705450046762885,0.06288162727175076,0.013625698595981027,0.018704337095832024,0.02722441958778332,0.8436660590698821,0.8436702326991601,0.9975845410628019,success,
PAT_653_1234_311.png,0.7487640736589195,0.16178823963134692,0.6429830835217674,0.2034996776375831,0.08285749470644102,0.1362531149280685,0.18187548510522422,0.07916943585361148,0.13811913786983832,0.06275002486962364,0.07599137925846253,0.157611271737149,0.8527805016277965,0.7805714119860375,1.0,success,
PAT_106_158_270.png,0.6590556455677957,0.25717073513146493,0.6684171365859956,0.03800504612628223,0.08669465741117975,0.08507647480414089,0.03522995363354213,0.06976301649161386,0.07603348198716042,0.04743487703161217,0.002247251046394616,0.026853035937818626,0.6513034121679373,0.6903053976186975,0.8768873403019745,success,
PAT_113_172_610.png,0.6544388164884464,0.4041044418866877,0.6616951995384531,0.012289906903854267,0.1353655696681403,0.09831590585016274,0.00859563216171466,0.12374223786781031,0.09081727062646025,0.002450733229513465,0.09017717287601501,0.016364192720120463,0.8437292849737379,0.8468350626377406,1.0,success,
PAT_486_929_317.png,0.7612926466237645,0.11628377700375465,0.5214953149156399,0.22005921612665255,0.05581920060340094,0.08132591768838372,0.2234645219135397,0.05372598541108919,0.07862429605252363,0.05813291409289544,0.08156030914127334,0.1128035981645974,0.6838944887554921,0.4585801402967902,0.797583081570997,success,
PAT_849_1613_824.png,0.5691209449357463,0.5539486044316905,0.6993805078804666,0.013934408717139022,0.08260295386873662,0.03828665543174418,0.01273747433544462,0.0598064208244429,0.01872347124706055,0.013233262505815368,0.026802566848535547,0.011619438663976522,0.885603891796639,0.8743190607445912,1.0,success,
PAT_104_1756_151.png,0.7360786730278873,0.12457461973504874,0.6763543435948385,0.04465896647336311,0.033230234093286834,0.04983124854639799,0.040089616985667424,0.03508286210188516,0.04998773458469067,0.07372744912052301,0.10857263402313144,0.08134344078298306,0.7812668612438444,0.6896158583042932,1.0,success,
PAT_682_1292_642.png,0.7044684957332251,0.28436733103022294,0.6361594553378633,0.06052406580152185,0.11949293006565884,0.03860622137365074,0.04907662710439718,0.11941202504890455,0.03801606573039227,0.03229117986317765,0.15915215405034008,0.02488238432290213,0.9363798352135989,0.8686372383310663,0.9914089347079038,success,
PAT_443_864_894.png,0.62486679978964,0.5525215877727381,0.5483017326484875,0.009569838989285689,0.07512461184433321,0.038889346815585424,0.0044322338003909174,0.06205972052850456,0.01794334971515014,0.002159800744285355,0.06341982266478102,0.0134013217790252,0.8887577674691269,0.8591198040614935,0.9949494949494949,success,
PAT_730_1385_585.png,0.6602432073705589,0.22019780255562807,0.6303016299027435,0.026297327312300667,0.04055719112513205,0.038981830551911484,0.025818900432931124,0.03757808466514833,0.03533071330126366,0.04342376119580346,0.008674688389759933,0.007841324293736962,0.9611165740474854,0.8948664531666045,1.0,success,
PAT_838_1586_622.png,0.6667191531130552,0.3701834811188316,0.9017632840747357,0.016415814785097405,0.0729568324227681,0.07073845845694736,0.01475031307153861,0.06266536109023502,0.060596739304956786,0.01678646844521386,0.042525269960599965,0.03606212926595975,0.8959348309430752,0.8585976104658877,0.9782608695652174,success,
PAT_913_1730_815.png,0.6707802116781957,0.4228648116216726,0.5667707606649731,0.019053534594868343,0.13308903442965325,0.08275571498275683,0.01772993203268722,0.12075167402503903,0.07433790676963527,0.00281914199340147,0.04974133245747597,0.038272062683773256,0.5229140330374468,0.4864034988384098,0.8803418803418803,success,
PAT_320_681_410.png,0.5701586695883114,0.3286378666299056,0.21392557022809125,0.10910744551347532,0.14621127332797482,0.0881994050921013,0.0518230561081248,0.13312053856322695,0.08684506052588123,0.02734027188070682,0.15678644600208347,0.15961170107638736,0.9119975273933378,0.8673358936947815,1.0,success,
PAT_309_662_737.png,0.672614948452595,0.5232966485598702,0.5694572672872787,0.03185580208130705,0.17312634513980468,0.09471873811159244,0.02788803203404866,0.15438701328119375,0.080958586225935,0.005314576432480559,0.12366552263436881,0.04098539221414699,0.8371589791111086,0.8721107823586286,1.0,success,
PAT_82_125_907.png,0.6669473455726345,0.36160285439824347,0.38324943810377177,0.14786446942465037,0.19589645105337705,0.1744376905147034,0.12695568259538695,0.18402983528849023,0.17075929186339014,0.055867667641975295,0.08808290434444382,0.13468737752686943,0.8754622750760405,0.7991182193574166,0.9672897196261683,success,
PAT_191_293_699.png,0.5931414663861913,0.45863322042791976,0.6317048972165918,0.0194116406910755,0.1866093890671251,0.1849829886427941,0.014870498990357408,0.11467535948971593,0.12315127432128709,0.0016477560112848424,0.03350325653910752,0.07780224964770077,0.6434690377862675,0.14129687836532104,0.893305439330544,success,
PAT_619_1175_767.png,0.678560375098502,0.19576390204690955,0.6826757790533318,0.053485144602714245,0.0571006756926695,0.044528365109167745,0.026536923386571255,0.050380089581114826,0.03509454737063211,0.041546400350865376,0.03270121320864475,0.018586470686624668,0.8345263978347532,0.8421946941808672,0.9814410480349345,success,
PAT_693_1313_304.png,0.599812353376174,0.5780127119391855,0.7973233724049205,0.012927924506421058,0.12039967921947076,0.08914347680179163,0.010292637975367133,0.08974539336592724,0.05058394594030365,0.0029124106878717112,0.04618246578700824,0.026288970720962035,0.7769285569397725,0.7420709803707449,0.901010101010101,success,
PAT_387_786_782.png,0.6540254205462397,0.33518719893332216,0.7868478806887251,0.018097705150716886,0.10103237886895561,0.06883674019855454,0.014471974099165686,0.08756225808256071,0.03397806458063393,0.007976078289081477,0.06305420111275128,0.013851323555042927,0.8737893415846265,0.8587032975086488,1.0,success,
PAT_337_1697_721.png,0.6289727249839184,0.5776496263179339,0.41393457354476093,0.008298996396501395,0.060644492684889216,0.055585407188048934,0.00616348893709842,0.03716579965962771,0.040390834831121505,0.0008909878481648864,0.008645773197804574,0.017294019017865425,0.8771890324411942,0.855508435851145,0.9875,success,
PAT_40_56_499.png,0.6397487245522,0.4775724077879188,0.5688399356493207,0.014237060765826036,0.05597694559225677,0.0662588003500214,0.013831701219832095,0.0412540281191078,0.05452946921543508,0.027539771288895547,0.020805577069390457,0.02258341256785401,0.8678014572124932,0.6852200455229434,1.0,success,
PAT_460_894_429.png,0.6850151677235256,0.18437240207548966,0.4987357550613355,0.14301422373384093,0.11966464207811002,0.08301492481387057,0.12776827203108365,0.10333868003345073,0.0747541354722865,0.030853135950222804,0.04221907268850436,0.015111980147889836,0.893823594643927,0.8664045780991461,0.99609375,success,
PAT_650_3858_329.png,0.5662196349320597,0.1863112012495809,0.4543625474658096,0.034676333641196155,0.06510197269780105,0.09060071695120109,0.03179851449760681,0.05969107908334378,0.08145986810865,0.03418924876997814,0.056074844077640906,0.07633624720357324,0.9202947931012544,0.8885673726543265,1.0,success,
PAT_223_1067_569.png,0.605607666778671,0.5769615603824964,0.5829389041412272,0.011640592408225412,0.04323037840521418,0.05677100242119752,0.011105818630763565,0.02940129861365028,0.05741120129845714,0.0008056527138434275,0.04226995727588956,0.009061964377755194,0.5780780547852199,0.5395612140701289,0.9835164835164835,success,
PAT_581_1114_116.png,0.7545917476386182,0.25306490831223505,0.6187972553877512,0.2268763153308097,0.16260660769845062,0.1316298534524888,0.18766157892980645,0.1519451142087616,0.1286150682952538,0.05837265933714283,0.016813995253465636,0.09093641305909805,0.6933027979566952,0.7267386572142067,0.9163879598662207,success,
PAT_973_1839_34.png,0.6429269747716198,0.2659135241358948,0.5698200879957019,0.011199693738085196,0.04154132241132894,0.10158783732764144,0.010564152001859776,0.03694876077146224,0.09440197459385519,0.013641231912261591,0.03974174429522473,0.153646607696585,0.5298164419405088,0.4114603881560456,0.8360655737704918,success,
PAT_479_917_598.png,0.6722656331791457,0.3744820694233575,0.740251929624468,0.04807205211557027,0.1638532516087748,0.10060797384237904,0.018674895992419303,0.13857738896057473,0.07244291512795349,0.017083054728089388,0.002245213397084278,0.03407757855973692,0.8536621330100396,0.8646677784769323,1.0,success,
PAT_202_308_721.png,0.6658257313483418,0.5097738303713502,0.5343808117195691,0.008938102973132927,0.16149136032785905,0.06757639219297872,0.008132722682630052,0.1522262820433395,0.05976364069831542,0.004796487394361609,0.17374125765526183,0.04861170712538376,0.7344184414767796,0.7472642474549177,1.0,success,
PAT_43_61_210.png,0.6508150481867895,0.4679814526259718,0.658822817644879,0.016291188658918862,0.08391426707076632,0.09636643164445338,0.012043136163282918,0.06694524415116347,0.08375491461130667,0.005667336547202713,0.025136686462071234,0.05713426085832207,0.6166873382437417,0.34919929587130083,0.9897039897039897,success,
PAT_876_1665_386.png,0.6593748048080015,0.3264369004203224,0.6331547926124235,0.029560317060219794,0.09094564684719923,0.04291212183761309,0.029295027179470183,0.09205337759477676,0.04365118797378326,0.014983966515082001,0.1308114688715426,0.0014238087313603875,0.8149340602321467,0.7694836869512234,0.9558139534883721,success,
PAT_785_1479_108.png,0.6433341599462172,0.30201882430327825,0.7000998771486888,0.02967753840612048,0.09065272575479749,0.1068106738309537,0.02829356170688228,0.08062486783947465,0.10327669584545428,0.04837659287244804,0.009528020152436423,0.09210272811113784,0.8811784531092065,0.8674055062829292,0.9954545454545455,success,
PAT_214_329_300.png,0.6921526398487965,0.3698034800057894,0.6017234442882621,0.01765126635545309,0.09495739489069953,0.10484293533579703,0.0133129761737503,0.07564547324796884,0.08658913410423151,0.0409219091169861,0.02034404185461991,0.02309933145551668,0.7161218564585448,0.5729424593192264,0.8961038961038961,success,
PAT_383_779_429.png,0.675096386582903,0.283357731220342,0.5972161787089265,0.02869231056334456,0.09857042416017113,0.038243595634585514,0.02700031773413624,0.09655518593173305,0.033597315032619327,0.00698075862123291,0.039626786631379474,0.01184370772781651,0.7855928501735598,0.7263386764141572,1.0,success,
PAT_131_197_260.png,0.6469770703866697,0.5264914143278766,0.6668463472441075,0.017590045065037283,0.2134427664665407,0.13338997879102596,0.01477962351416029,0.19654745708115431,0.12459298628516124,0.013810414956852826,0.18669650640031582,0.06691973607494361,0.8351371271808021,0.7778792803144813,0.9966329966329966,success,
PAT_564_1079_31.png,0.6959114740045697,0.3922913605626299,0.5821923439621247,0.01993434288853104,0.09955472142638166,0.0522424886123641,0.018636690456347017,0.09813126897119026,0.04414445168553884,0.00520770152574891,0.1688502182378412,0.017514511800921784,0.9041191966755073,0.7699709517479394,1.0,success,
PAT_695_1314_822.png,0.6699437102247562,0.3203920958972962,0.5753182057732925,0.029830482315965925,0.06357903699083611,0.042769043655581616,0.03064397411373158,0.05590587444855131,0.038456429948023625,0.04144262108606595,0.011716468635194766,0.02441360820923577,0.8778947948225353,0.8514353516883478,0.9952038369304557,success,
PAT_527_1360_225.png,0.6419170521378221,0.47029614701590505,0.505856711140379,0.012507909858857075,0.10276539959690545,0.12593281222026825,0.010897980483570102,0.08330538956596814,0.11102213645057245,0.003461241596053494,0.056194940623930156,0.04959351552027902,0.9253409944836566,0.8630086116214313,1.0,success,
PAT_726_1371_397.png,0.6551936168607134,0.454704531972519,0.6187367146788126,0.014750628049190456,0.056367009294534164,0.04848574845888828,0.014332628529718162,0.049231182420543314,0.04283366545037987,0.02263923545828948,0.04720986337931454,0.015513907148096417,0.9106766264094242,0.886031055691322,1.0,success,
PAT_774_1462_821.png,0.617207737977472,0.28173656614374054,0.7263500393837813,0.013369011024029168,0.05147838490929076,0.05255011107844891,0.012660432324897847,0.047200264050135374,0.04891341360337125,0.016635097473891296,0.0014341283318656806,0.004859888383206501,0.9030880215944967,0.85589895819158,0.9977116704805492,success,
PAT_715_1338_761.png,0.640981264040958,0.6057416800561758,0.8356159685898186,0.009741560418912129,0.061720500712657,0.040967060018589845,0.008361679109847265,0.04529559296345921,0.023955633852726095,0.005034317954537847,0.006313692923841874,0.010184751279445403,0.7745041799361314,0.83032745883688,1.0,success,
PAT_503_950_368.png,0.6426389722250467,0.3382123959002235,0.43599759070929717,0.07652925427742824,0.11803714742299862,0.12324333312864132,0.08138903577892674,0.09289773318939466,0.10628530360021196,0.021320417533149477,0.0064128848185322496,0.12875017755688783,0.7179665813559326,0.6994320472738892,0.9785714285714285,success,
PAT_575_1088_134.png,0.6348189643357044,0.25197961647539296,0.7675670136534869,0.07107097295475925,0.14971551787714144,0.11169057187249044,0.023685458222428415,0.13625684269066432,0.08024948627159538,0.01810592594049333,0.047992485439553756,0.03129360534930892,0.8530315086557829,0.7888076328563891,1.0,success,
PAT_30_41_815.png,0.6314817573146554,0.4994794534084332,0.5534225497254337,0.0071239433836957815,0.048775436280813045,0.04510829659557798,0.0069832421501922195,0.04150674515206276,0.0367113074662964,0.006932159096698598,0.06789944595604286,0.05545250860126971,0.7276830656989239,0.548089337725453,1.0,success,
PAT_698_1319_166.png,0.6635090982615638,0.17831670450712048,0.7876640120524933,0.049522708880081936,0.07261481910188777,0.08290940872751842,0.04121643474104804,0.06696426310020415,0.07766448146992629,0.02794269437498037,0.01808649321075062,0.027442426556402166,0.8723246030009328,0.8440566382544277,1.0,success,
PAT_627_1188_503.png,0.6029267121212765,0.5338809865927056,0.4323389559067962,0.01582710302031267,0.14119603682100448,0.1056323495023573,0.01598087362660891,0.14857398751156525,0.10841655147276257,0.028675386503379485,0.3105247109429108,0.18302788365848727,0.854076803335331,0.858504884142704,0.9814385150812065,success,
PAT_886_1684_103.png,0.5916874682257505,0.6130335462817004,0.8314333914101607,0.016543458514977502,0.05548113135476042,0.11518858186001771,0.016865546589020463,0.05466771565492696,0.12059729226972424,0.03649878857118512,0.09608872923794964,0.19069241690877214,0.7373953333983434,0.8316282935777857,1.0,success,
PAT_856_1626_630.png,0.6137442563164787,0.5630091660237957,0.8734893046764222,0.01124555839153923,0.11045761787895471,0.06687690973066011,0.010113420411020277,0.10452508843128132,0.06032183198469298,0.010479022279426193,0.05794413124308029,0.04481761364906112,0.9327961217564007,0.8973315392379629,1.0,success,
PAT_645_1500_364.png,0.6383706404672819,0.44685933623776114,0.7106641366223909,0.012695542244754577,0.056877146507127684,0.08384468656873631,0.011956838636901342,0.04674200839529676,0.07859454008987302,0.018853974537866868,0.005303385328945365,0.0020653539002447596,0.8210628552087651,0.8505542728370357,0.9963898916967509,success,
PAT_135_202_593.png,0.7024986830894182,0.40941211406611644,0.722776365780165,0.041225500709498486,0.12471311763470412,0.10226782844891173,0.031014456430749043,0.11288813622339905,0.08878686554529584,0.040146077703165396,0.12883272698842324,0.05739776320825407,0.7700930115393221,0.6949233268738201,0.9857142857142858,success,
PAT_215_330_224.png,0.6368087440761806,0.5857387946793698,0.5515206705569335,0.029082803562668413,0.1770308062336096,0.16874730584496897,0.017588784997689292,0.16420881635578347,0.16612777501201445,0.014097497168315857,0.13914909694195132,0.03707260814786206,0.7059614119350331,0.627310502867264,0.9463487332339792,success,
PAT_715_1339_508.png,0.6196859085077864,0.524063454334264,0.7323299281789347,0.01680238306649587,0.08581462303983346,0.06932432821035313,0.014178654252956049,0.07212807667379957,0.049951490090708706,0.007125107584211637,0.03464947546523717,0.06370386280763563,0.9002851156794134,0.8708915694886218,1.0,success,
PAT_90_138_605.png,0.6508070482732861,0.7199847891208955,0.5483240316368547,0.016871564003949163,0.16612101632961318,0.09638055881934147,0.01633752694107748,0.16078465327291686,0.08698939222699925,0.02952295898720981,0.36416263569812285,0.07205063869911588,0.8178617101485827,0.7842390134919651,1.0,success,
PAT_943_1793_787.png,0.6645445704946399,0.4266050048280093,0.7316462783741698,0.017904022212399888,0.14560731912084438,0.11254852363325409,0.015119639427447075,0.1274860332024464,0.10501952570259579,0.02007024818253345,0.08079345417555794,0.05951067044136382,0.7559073307178756,0.6189774886935464,0.9763705103969754,success,
PAT_482_2928_201.png,0.5922979353317189,0.45773541171312787,0.6064002484301092,0.011668083153170793,0.0634162755352497,0.06018979765472176,0.010214930355911362,0.06065793329063801,0.055645068340634596,0.004978392409810558,0.06298441101923263,0.04283564867946865,0.9168775547650834,0.8501481506028546,0.9877488514548239,success,
PAT_474_912_879.png,0.6808800205692518,0.33223571410924724,0.5670281476723407,0.019741916905152142,0.10610009911485024,0.08787480404998514,0.017595474471485677,0.10688036437676438,0.08560989349312893,0.012621749755881003,0.10236212123144259,0.008565357389463069,0.8638664588999123,0.8622992597721258,0.9868766404199475,success,
PAT_279_430_356.png,0.6440251655045462,0.4532033114591239,0.778068744483374,0.01598007997802284,0.11198133892945256,0.08331440227664698,0.011989274703825412,0.08908394576013882,0.05056783663524147,0.019302547964732023,0.04395634359632833,0.0060802426349674255,0.9035074487048521,0.8351578335780603,1.0,success,
PAT_45_66_822.png,0.6000509117442041,0.4771205819999942,0.4527151105968197,0.010405668129442382,0.13324018292957943,0.13389789375051295,0.00820720906776893,0.09398620252366997,0.12669509161095088,0.005406409188505911,0.10527821222655381,0.18848120113147449,0.5056273268782531,0.417470014015864,1.0,success,
PAT_229_349_141.png,0.6657020570149974,0.6334786918254156,0.7144508245351915,0.009106986823417764,0.12397380371448005,0.05924262631877753,0.007702995194642674,0.1109059956246495,0.048160879222368426,0.0026600179411608513,0.1275220349882925,0.038253464593146935,0.857215663135372,0.833187877700282,1.0,success,
PAT_219_337_358.png,0.6970313080559662,0.3195985651932473,0.942035976592293,0.0320979830883421,0.09703963995052717,0.08057151333570776,0.028766561894705365,0.09333583169469321,0.09073162719085252,0.034495224628546275,0.06186535472637894,0.04083319129660323,0.6962006241843206,0.5303309307153293,1.0,success,
PAT_738_1552_502.png,0.5913781376049788,0.53973477805838,0.7002485601035987,0.007280710916221976,0.06893144528487595,0.043980947008930515,0.006169785369930236,0.06092918807008554,0.032444869261670936,0.004861902648993461,0.07079054742263546,0.026711234434381725,0.6099463863783281,0.6058491463889187,0.9953757225433526,success,
PAT_739_1398_331.png,0.646040012828257,0.3838092074033878,0.41973658123313773,0.015956384151947587,0.0639572853204196,0.09308764247969975,0.012066030331367073,0.06032729185200743,0.09861275544662387,0.011650317824926443,0.041045895287356915,0.0642207265285904,0.7781147481648366,0.7781684581776755,0.9629629629629629,success,
PAT_160_249_76.png,0.638242680957343,0.48358903194305247,0.4904178185035482,0.017512527030128303,0.0876865983147649,0.0744975705747709,0.016297590601593064,0.0792922209962054,0.06246391913526057,0.014583378187943908,0.07103040880652334,0.036781518160200255,0.8235332328530979,0.836838067696279,0.9836065573770492,success,
PAT_336_705_711.png,0.6698679800736074,0.4327729369141874,0.6784198456195658,0.011682235626154424,0.08586460123428968,0.05527416467946347,0.01090663436874321,0.07834689372476837,0.043835648678878944,0.014948491248919994,0.06741894134457321,0.0387367752922424,0.7226474829726879,0.7962361844104114,0.9079754601226994,success,
PAT_181_281_54.png,0.646701837352142,0.3135732094189627,0.6373001798538531,0.03508027352115725,0.10827756569947086,0.11093376373847053,0.028728442659773524,0.1032517846272096,0.10637168489955647,0.04613672076916144,0.046929701622143216,0.1126181064442986,0.8720168199905745,0.7540656058225709,1.0,success,
PAT_126_192_208.png,0.7690674500044838,0.14158998729912958,0.6219176293366788,0.13104906588034232,0.05687066221585918,0.037936445842846216,0.11183165975527878,0.05444668565796529,0.03304002221260748,0.0847971542718126,0.024235630177390083,0.0340824783055409,0.7207827338816908,0.7225382708530412,1.0,success,
PAT_172_266_950.png,0.8259326641367782,0.148397299903568,0.573642772956177,0.19185866398717302,0.05155853445585042,0.08718975512928975,0.14210932617283625,0.04159680792579554,0.07693549256267945,0.103030163874791,0.022003782959218038,0.051788528368168385,0.501694767947158,0.42775451839126694,1.0,success,
PAT_987_1859_724.png,0.622573000499986,0.23509507075648903,0.7140272630190339,0.039181204005463904,0.08515985211699359,0.07109841955240197,0.0334883256498859,0.07571936930392978,0.060186538626562175,0.02098167931196097,0.02519174710818914,0.030813977825129846,0.7752903084108925,0.7393609708341685,1.0,success,
PAT_190_291_366.png,0.66866882959655,0.43458839536454863,0.548942240468159,0.008148723990909608,0.08652480505568678,0.03617844179891537,0.007719430757032976,0.08020319114726578,0.031146525333652506,0.017774609939740237,0.0582044845720357,0.010126972641218646,0.7774048704274426,0.6598201279628783,0.9530201342281879,success,
PAT_830_1564_740.png,0.6462597145487324,0.601267460161322,0.5523242507705424,0.010238613770265524,0.08428356303821971,0.1471219376656989,0.008942344407293457,0.07776862140719633,0.1458507061576224,0.01015937853509333,0.057490412557539394,0.0740308007868653,0.895178236715807,0.8314260427699904,0.9945054945054945,success,
PAT_360_742_768.png,0.6195015207060205,0.3119543711708761,0.8927280418082334,0.05421848421899732,0.14217970454013232,0.13309195037852165,0.03503008031893743,0.13724353223573713,0.14982623571682377,0.01530671834756829,0.10045497612968796,0.17635235911506486,0.8908292649090409,0.8429999657187768,1.0,success,
PAT_681_1299_458.png,0.6769163694383226,0.2495938826811616,0.46390939342428145,0.11293628719009968,0.14119388325644516,0.14361969675735653,0.05969903737536974,0.131031251124906,0.1277049084326109,0.047253521463114685,0.014097018494310387,0.10231573633350405,0.7877468473209323,0.8410971394870439,0.9433962264150944,success,
PAT_747_1409_466.png,0.6616755519075963,0.21533674409984538,0.6745046016084902,0.06938366147019613,0.08458825960893115,0.1352548812806576,0.05646001654644571,0.06036331536813491,0.08045784686172677,0.0033913355839711164,0.07966668099900776,0.030463487321997218,0.8414029757121149,0.8456640020508485,1.0,success,
PAT_136_203_436.png,0.6249197397963969,0.40912176295156744,0.6411161491437594,0.0094865501381529,0.154414181088494,0.0700721096719047,0.007892833563189436,0.14672289761903073,0.0647007711202875,0.007395809975843232,0.014331347518400817,0.02313394748049713,0.8583824980789031,0.8136162914443503,1.0,success,
PAT_498_944_488.png,0.7168886074037851,0.2551355126736065,0.6636038554065032,0.02074477173426949,0.06745252061756997,0.038547813151885595,0.019963484458605324,0.061631238007514744,0.02784266236036334,0.01174245043027595,0.015357206106670629,0.018823942571425722,0.897896324765068,0.8796671062358511,1.0,success,
PAT_492_937_43.png,0.7337442902410465,0.23353474345648362,0.5196959758341491,0.12741170101172555,0.09341417704789533,0.10101743980618587,0.11136831958087694,0.07711475636787349,0.09106394505156487,0.04121394699734916,0.030974439514952018,0.07545028972383705,0.9036271162652726,0.8489976367397501,1.0,success,
PAT_414_822_420.png,0.5932925692778849,0.4755738133691336,0.5659546241306759,0.016861364617025698,0.10603642029328347,0.10618922410191813,0.015004419462653691,0.08992311630156583,0.09286737791446528,0.0031584295892505073,0.04430191850917853,0.05973984831217383,0.7333498183365845,0.6828886639495694,0.9829787234042553,success,
PAT_754_1429_380.png,0.5805120251793287,0.29524565250270596,0.43014205542574374,0.058016674132463364,0.1244113436154486,0.10286013025875397,0.029383126914587762,0.10856052140930095,0.11254908258120622,0.03382819353565354,0.05404468947459229,0.13939719669455825,0.8184215084412189,0.8162524915404258,0.9815789473684211,success,
PAT_386_785_536.png,0.5714992954876027,0.3623630910535489,0.5156403782077147,0.03706618590014478,0.10702370681842777,0.14207086209148162,0.03282616647627679,0.08749314798285032,0.12835305941631453,0.05218145209113274,0.06852830575231789,0.1354186796450466,0.7653863685090638,0.8132122284600811,0.9483870967741935,success,
PAT_273_421_905.png,0.6500891871259384,0.6269762539162007,0.649244868679179,0.010241407008095097,0.07241822897607145,0.07384804565983001,0.008893600587225232,0.057572431328176285,0.05964741051159029,0.006086606339442824,0.0013717464165647897,0.00533156067507512,0.8953643087289017,0.8622304767357508,1.0,success,
PAT_491_934_46.png,0.6325155379707287,0.38712923899067825,0.7733427756348441,0.01421099529358967,0.08212366153244771,0.056153125479141475,0.01239743071510955,0.07481254933182419,0.04838075687393601,0.012684292237431708,0.012868116656671535,0.023426363846858145,0.9204792673239117,0.8749966405868495,1.0,success,
PAT_46_880_140.png,0.7064716167550337,0.3675740287259789,0.6229417808256231,0.035992200914840455,0.07730718353777617,0.03408151666097899,0.02467605308518764,0.07076406097067896,0.028703554546894394,0.047487247815236264,0.06664102121100962,0.019837641708319587,0.788334367988829,0.7730508810568538,0.9863523573200993,success,
PAT_326_690_823.png,0.6629554305039371,0.38217020256430917,0.7002448120438374,0.02040613354628272,0.10515719005651486,0.03295288389938939,0.021432084552526823,0.10545402021678915,0.03114386596271003,0.02230141151594659,0.0964886036944213,0.019025788129260812,0.8987595206241263,0.8498161796709847,1.0,success,
