img_id,hsv_mean_h,hsv_mean_s,hsv_mean_v,hsv_std_h,hsv_std_s,hsv_std_v,sp_hsv_std_h,sp_hsv_std_s,sp_hsv_std_v,rel_hsv_diff_h,rel_hsv_diff_s,rel_hsv_diff_v,symmetry,border,diameter,processing_status,error_message
PAT_1516_1765_530.png,0.5968854547129769,0.7247068498542426,0.5599113636875872,0.006252773920432932,0.07409291518798007,0.048777465559132024,0.006173652083754453,0.08105310437115017,0.04885001134376451,0.009992829299935677,0.19451926441734246,0.08508576157692427,0.7410315959173419,0.7676124116673417,0.859375,success,
PAT_46_881_939.png,0.7458074277971851,0.14441294751149727,0.6883113411679169,0.053330182214852605,0.034939442917124496,0.023333276926301535,0.050143468894119296,0.03257505556512945,0.02094330514811028,0.06134038942429009,0.029965235794126438,0.003169275304782504,0.732747107472363,0.573838686892446,0.9609375,success,
PAT_1545_1867_547.png,0.7238821249776899,0.1760087656926221,0.8948219318849889,0.03345695916574126,0.011283070148985181,0.07816821171140674,0.032589198752292575,0.012068852701589031,0.07734274251696507,0.009387589401664165,0.011819862237638395,0.03289899113554928,0.6819306608770155,0.6034742505357125,1.0,success,
PAT_1989_4061_934.png,0.6464029960100997,0.21556161585882255,0.6068504985736759,0.027128574113819755,0.06482154576507095,0.02942583620036855,0.026053700538129384,0.06428381366462724,0.030216940533997698,0.0354736270834885,0.02136354790747136,0.0003450617532785305,0.6917635357355216,0.7657634946304875,0.98046875,success,
PAT_684_1302_588.png,0.6699128358449986,0.3968903856166184,0.5271579303685346,0.01513823097833382,0.05892451161591495,0.036768209253351,0.015137262306350412,0.0594027412721115,0.03345677362698108,0.02712807530440655,0.050079508526435335,0.010655257994801826,0.8812807115563794,0.832369890317704,1.0,success,
PAT_1549_1882_230.png,0.5670219233565068,0.17200667693748478,0.46247555699262477,0.049824589387289606,0.0643683373919046,0.06937015334409354,0.04102029722705685,0.057510326147664055,0.06576364539017332,0.029978023982920217,0.0028623681534757917,0.07554560815213351,0.9060159509323997,0.8571223543161426,1.0,success,
PAT_778_1471_835.png,0.6065384865668235,0.42058105585602834,0.8255396544297133,0.007944680044067965,0.047343981507340975,0.04694022059073068,0.006948889977237474,0.04154051086093425,0.03578364371152076,0.009581774598958266,0.0761586426960078,0.0443582672857894,0.8407485218576722,0.8420324196666232,1.0,success,
PAT_705_4015_413.png,0.7039157136870184,0.1392520285876067,0.6479567369011785,0.05297968311316862,0.040713218770328706,0.03933366803025666,0.04694806855121115,0.038114401933568604,0.03590136440514406,0.043582086391439,0.010546545715893946,0.014565233994506377,0.5607246711547342,0.4941769605128625,0.98046875,success,
PAT_2140_4726_141.png,0.6535726819129318,0.40884827200893925,0.8620111563395145,0.017052767582209676,0.08743944125726567,0.03742047468264913,0.01521848677865484,0.07791680222353037,0.029115198081960184,0.01670448815435566,0.074151871813871,0.01742848219406179,0.6267811300142396,0.6605099394728666,0.95703125,success,
PAT_967_1827_247.png,0.7139503062107172,0.5213604025681069,0.8603466558698208,0.014522796952397386,0.15727100614634493,0.10914543160791634,0.011794447798436596,0.1519878660248826,0.09951592361478998,0.005534497962954138,0.10447140074707612,0.05813045419666796,0.7964053730213786,0.7298131104285577,0.975,success,
PAT_2088_4524_465.png,0.5965427900090489,0.5354207934109039,0.602242503386987,0.01174026467804747,0.0890634100545545,0.11253026115203063,0.0110705252927041,0.06843401051777491,0.100153714294226,0.010895158001608726,0.07349639877644598,0.12989655164272473,0.8930624268629338,0.8480816251096084,1.0,success,
PAT_636_1204_521.png,0.62560424207731,0.4222141382611595,0.40225777209292773,0.02951331555757306,0.116403989386697,0.09204427739161339,0.023351264290146317,0.09486051403595896,0.07953875936974372,0.027359401838524474,0.10949830565946211,0.0063033124275438945,0.7243801781214705,0.5625637678344998,1.0,success,
PAT_38_54_234.png,0.7875415186748913,0.2421417784396163,0.6131345712987762,0.006465929917330798,0.012841323433930796,0.026813082933697736,0.0037207436843208802,0.011361428975433878,0.028944305075551693,0.0008960337533546673,0.002658599381190896,0.008848358929152478,0.8887760128983664,0.853777705962307,0.97265625,success,
PAT_741_1401_619.png,0.6609570973460696,0.26197433957505833,0.5974987026717687,0.0157519841324874,0.07950531743328398,0.08363917847723515,0.014218793755880043,0.07721645209361006,0.0782312567353101,0.021233659736964543,0.025740812924961665,0.0002303237709126993,0.6549347840918595,0.7693931719566637,0.93359375,success,
PAT_380_1540_959.png,0.6489836426909692,0.3563284757696366,0.5972339674282072,0.025164932055754298,0.08712626220924156,0.048827094977924604,0.023172280155706975,0.08632630513709859,0.04776455481166278,0.03793944430730921,0.006019811452810164,0.027191551127937363,0.8751104325460746,0.8389404690699096,0.9764705882352941,success,
PAT_1783_3414_120.png,0.6206511567109081,0.18328036784185178,0.5502682230699126,0.06155650850036455,0.07242621282923775,0.06434221165996928,0.04019213739132148,0.062498944394710224,0.058970003491323225,0.013338499318323234,0.001984406852722248,0.08064457987769147,0.7786229266390525,0.7175260896041802,0.95703125,success,
PAT_759_1538_566.png,0.6511596017610993,0.5240654844299815,0.7115484461115895,0.0067144408266859934,0.09526171752056779,0.03691714681371606,0.0058126146907840695,0.09295638867869074,0.03467334198435468,0.007911271145760108,0.009305767704931078,0.015251341035994015,0.8889708226892996,0.8606827875893152,1.0,success,
PAT_821_1547_77.png,0.6383294558048704,0.3444928392981312,0.7574961816384942,0.008398546418935537,0.03922703561476727,0.023815368035838454,0.007645821825436694,0.0380273206421819,0.020772851283663057,0.008240022131906322,0.0025152334036152024,0.00548464649710334,0.7109474218114298,0.6417513138300732,1.0,success,
PAT_1693_3103_879.png,0.5977502414024547,0.2718831736516263,0.6179924708736998,0.01977976102427614,0.07103427846567828,0.05674206659313259,0.01840272071028786,0.06693840150680827,0.05881662647288541,0.02159872713299625,0.08162604438806775,0.047340761409980225,0.3598494210755403,0.26384291221749,0.94921875,success,
PAT_875_1668_588.png,0.7020786993033975,0.3894242916441075,0.4987798227434309,0.022586018863406564,0.09331319493228177,0.039912302590267366,0.02077216121985877,0.08994872355430654,0.03841274814020676,0.014595633758080675,0.04306035076777054,0.009125963511877,0.92839484121407,0.8641661881215388,1.0,success,
PAT_1653_2916_346.png,0.5990122213042153,0.37750979564938053,0.6493400724092196,0.0056424418845705485,0.03499691926141059,0.046585383692640106,0.0044968492502064856,0.03145372325202822,0.04453917743314561,0.005963771600203355,0.04100578847049635,0.08056266196175121,0.7422593522931327,0.7225034682241981,0.9921875,success,
PAT_1790_3425_942.png,0.6731620796165501,0.21370748474739443,0.46720284902295556,0.0505705523864577,0.09073144413283986,0.14310039923525547,0.028587851844989815,0.08298714959777878,0.13183747454999584,0.03848778202322399,0.120465172876763,0.21663632180491804,0.8373492596485941,0.8074059096223782,0.9717514124293786,success,
PAT_106_159_325.png,0.6553559710508382,0.6148444452562374,0.5349853319167547,0.014695516227572937,0.12130676008159408,0.04519211081450456,0.012723926060602322,0.11114140185822173,0.03862375528124282,0.00046060591392781526,0.06070202466425889,0.026818507980884365,0.8042069481364184,0.698381113462523,1.0,success,
PAT_435_854_68.png,0.6427443114200125,0.264301149031041,0.5795097721628334,0.04065075920680867,0.09010288794603744,0.058903866893934315,0.04391473562082112,0.09420243253112816,0.06463534637929506,0.009877416458351876,0.1304491191723243,0.08548935715141448,0.6688535990253697,0.5895964876532929,0.98046875,success,
PAT_1902_3790_168.png,0.5989643086500894,0.1208129101702131,0.29529202914266894,0.1825426811000048,0.06814692280444552,0.04376325764640864,0.1297813938101563,0.06390587185990795,0.04141549075737947,0.007390380063114716,0.08984493620979427,0.05137820455169079,0.673122219882039,0.5152179302837949,0.8176470588235294,success,
PAT_42_58_13.png,0.6438568576349921,0.6134207552558706,0.517826018311061,0.009127809625781892,0.07243715951413564,0.06928712727790341,0.008351731749433627,0.06226615964603428,0.06375463233040776,0.014607834110976764,0.033730885923352494,0.06050868933164333,0.9332184701945037,0.8640788737582822,1.0,success,
PAT_302_651_529.png,0.6995156311134476,0.24171888758042684,0.6193431077937587,0.03442347178429153,0.08438404000928836,0.10046705775555435,0.020692652866836476,0.07089909557856183,0.07533137346663582,0.007797087708578311,0.014634921548858676,0.01022083045759814,0.9067237098417295,0.8299437293181564,1.0,success,
PAT_359_4450_86.png,0.6853744201581183,0.15940384181502412,0.7198149926280387,0.0612905526073148,0.02709802156486185,0.04708651151562964,0.04635795924888122,0.025650291730270277,0.041334442720841094,0.018042265064310215,0.00832490677886985,0.0038006989020913373,0.7902667331602033,0.8054810241621156,0.99609375,success,
PAT_107_160_609.png,0.5422373525836475,0.2174456386358803,0.5462745917746061,0.0866809576752843,0.1238046746351243,0.057741001352437885,0.0794936744941163,0.11470048309069569,0.05094850528343858,0.09513781927034941,0.054567164337638724,0.013441835844134942,0.8144655269982833,0.8131049651187398,0.96875,success,
PAT_134_201_587.png,0.6446978634350209,0.6590714088631366,0.5914460079689312,0.006872097036594667,0.0803606601406423,0.031072140112920813,0.006063325709663929,0.0712144822686271,0.01957939577476134,0.003804334932894054,0.004479142378073564,0.0011962797921927226,0.6284664590057825,0.6954256643867008,0.8548387096774194,success,
PAT_1453_1567_250.png,0.6065683653736751,0.725717177193458,0.6529310562934851,0.009313487748578517,0.10556893767259518,0.12835022714352928,0.008914767174181833,0.10369095104381824,0.12957001338199065,0.006425658334661617,0.0805462138363805,0.005598037992442517,0.9019673516439904,0.855880061649429,0.992,success,
PAT_79_120_532.png,0.624804320996754,0.5847918768805621,0.5800479363434449,0.005546396641442837,0.057682098682048204,0.032163886774837294,0.0051936856969643725,0.044055246128412474,0.01814647148833624,0.0007065604405457609,0.055126922123897915,0.008796356570590413,0.7003385070073573,0.44739481151309085,1.0,success,
PAT_1926_3871_371.png,0.6000007586719123,0.29408531089203355,0.5340568550652584,0.02195607120121662,0.09570351742374142,0.08625983248457536,0.019049059199349,0.09465802700618876,0.07983502601336821,0.021961554269647916,0.06750251024181686,0.015333344445787711,0.38995373430270985,0.3360988228010297,0.71484375,success,
PAT_724_1369_896.png,0.6077441182605203,0.4777252155603998,0.976562476756095,0.016166082802164142,0.11004392011607611,0.020994879421485143,0.00969240470243677,0.1012912144618293,0.012542264618634445,0.00774122120964004,0.14294586846536128,0.013206350739723094,0.6972893931830264,0.7404526349979015,0.9765625,success,
PAT_1582_2574_34.png,0.6450277059702474,0.3393036110649967,0.5865714865438179,0.014174026648694802,0.08853452069893913,0.13137735238083903,0.012411572120256594,0.07963509627240163,0.12391332416371834,0.010779787621315665,0.02833564622943302,0.19972556101083616,0.7067144955803033,0.7439271902095806,1.0,success,
PAT_1431_1495_511.png,0.6037929897419945,0.37986598436484253,0.5363317387028487,0.00760290989157378,0.06688686692806456,0.04348471874153318,0.007591978854900088,0.0624700973298832,0.03782710201316741,0.003015078589353474,0.03994388896565859,0.02743336225830395,0.564558927095284,0.31143548013040273,1.0,success,
PAT_944_1795_371.png,0.6538330849728523,0.301769174808599,0.5480472362070343,0.03169758935676231,0.09106293768915248,0.05672990675598305,0.028460724693001555,0.08743018644703968,0.05232331978697528,0.0021980924695031473,0.09814228245621645,0.0449033438350489,0.7572101035163207,0.7742770582939829,0.95703125,success,
PAT_394_1562_579.png,0.6452491767894213,0.4817190525879575,0.6202742182289461,0.012766708169376565,0.0664303049490173,0.06522619755222951,0.012215115578264298,0.062235370385476885,0.06305008283402312,0.020400588974285466,0.04889083104663339,0.04135548780509202,0.9165640287257721,0.8692597148834812,0.9861751152073732,success,
PAT_1842_3615_850.png,0.06260530283316952,0.26723042670098246,0.3411594087969154,0.2559034789313742,0.11817577453764888,0.0681358412721325,0.3475180083906304,0.12721863070140754,0.0791126501942966,0.44952206304690673,0.21982317571443122,0.22022937377467278,0.8405518417650133,0.7746388542464374,0.9696969696969697,success,
PAT_621_1183_56.png,0.6645050333936592,0.17316233504361062,0.3930788964737674,0.04139902112411282,0.02300410263166952,0.15291454631398593,0.04301778350241352,0.019524191944885364,0.1480913014388519,0.03175524301154482,0.05392150870470286,0.15869017139737102,0.9545500048051934,0.8376287165864255,0.9921875,success,
PAT_374_762_794.png,0.6437084224027662,0.1693019401623477,0.7834961399829113,0.010466670044399386,0.009705972616988896,0.03201832719520746,0.008849510884281956,0.008058263188350368,0.0322288256524413,0.00029762143143214655,0.0003752615022569461,0.007331395620239989,0.8039332566942385,0.7420944734183067,1.0,success,
PAT_265_406_276.png,0.661397091988769,0.39606130176145793,0.6236544356794226,0.019352716349191387,0.07299822764839596,0.08580647395020104,0.017030154414491953,0.06015820026151658,0.0676493362877949,0.012040494121811443,0.04045085354895822,0.063690015742902,0.9011549716275435,0.8762691928285641,1.0,success,
PAT_1074_322_662.png,0.6042721069693511,0.35777670710875564,0.33633697708420673,0.013532831338178467,0.06204725128057122,0.05859133982686909,0.012363514044213703,0.05156909619208778,0.05205901106605216,0.0020170045672563853,0.01709970554886764,0.03897258701093115,0.6417372334873338,0.6233396624462045,0.9609756097560975,success,
PAT_289_1399_481.png,0.7420971743864202,0.13557228575501581,0.706495896441855,0.07438584926630208,0.06327477739073266,0.08864747459725135,0.06777414885113459,0.05581648841670489,0.0727398018592606,0.0010647689034954055,0.019086852575362773,0.025150094301544468,0.9293655690887523,0.8954362392323676,1.0,success,
PAT_1803_3463_639.png,0.6553821912761998,0.34710106866642043,0.6865873949095739,0.013430703602861844,0.11498322036336565,0.07554139311602641,0.013314516666082542,0.12520899953962691,0.07420277768456265,0.004056193340198651,0.27671369420444053,0.11158685326889406,0.7297129956619989,0.8104462726603268,0.953125,success,
PAT_1029_135_239.png,0.6528954473212892,0.3113919090998139,0.6984713603337309,0.011354746068870391,0.048552521498989344,0.057738526691190756,0.011329741546037402,0.04970034506134819,0.0565851623076331,0.018536168058261478,0.07447227077816398,0.008838408707484646,0.7663821478940391,0.7855946848171107,1.0,success,
PAT_2020_4174_799.png,0.6478187123204565,0.16579874746806664,0.6053172323040249,0.02106919847002347,0.02825501893536102,0.03146946955441289,0.01648908209365395,0.025405338241981806,0.02811954041461889,0.006455628351201249,0.005648560552131421,0.004545597005535362,0.5314290384818132,0.6394185612473153,0.95703125,success,
PAT_682_1292_986.png,0.65571309582803,0.5403523674478888,0.539026103164128,0.010588862896912937,0.10229050625424017,0.053120683030354277,0.011772825880264,0.10053184513446309,0.051443569844770345,0.02567802435257178,0.06999438171289563,0.007172947579735078,0.9459422066434711,0.889106198229632,1.0,success,
PAT_805_1517_154.png,0.6089610171440184,0.442372243014853,0.7742697078831533,0.010047540421643046,0.07338077702271524,0.06592048147067922,0.00922547356092699,0.06974259221840347,0.058740655129163925,0.017153444653126668,0.020357100324113364,0.0002498028914535988,0.9126780626780626,0.8735689575212621,1.0,success,
PAT_680_1289_182.png,0.6381869312916011,0.21601153551780858,0.38801473231086697,0.0292854996701155,0.055801244803047,0.08820961232801001,0.028906899736827908,0.044680537493858745,0.09816870785195157,0.06525103384089219,0.013010052175185916,0.21686702788305873,0.750286683282912,0.6623447897582577,1.0,success,
PAT_53_1370_245.png,0.6544979012183167,0.24264036788022805,0.5126835954290719,0.03561576585036476,0.12394334694484593,0.029473905586420667,0.03043305551473856,0.10996524437652112,0.020180659396391878,0.038866407142034216,0.058181709495441075,0.009945408403762235,0.6834868773705076,0.6569255878519366,0.9609375,success,
PAT_868_1657_698.png,0.656074730567015,0.309919261822376,0.8605824682814301,0.015301951707769088,0.020321172124603493,0.023135983450594814,,,,0.01969149999133653,0.01797735136835482,0.0005583516829192892,0.7236842105263158,0.765048396993174,1.0,success,
PAT_183_283_495.png,0.9506571389075928,0.07530274174422365,0.5376357995855642,0.31892565321233846,0.040772889198830084,0.09055186145000532,0.32366759398005424,0.033263068122169545,0.08434722002251328,0.3352894587871838,0.062112603377459816,0.029679507680343775,0.7581160721621188,0.7448253087885173,0.9583333333333334,success,
PAT_479_919_97.png,0.7240395643027351,0.1957486612285792,0.6310764505147581,0.050993278224426924,0.054674405195868074,0.09818932832323213,0.04791407766852779,0.04798289546505336,0.09148412795182069,0.04418209963463353,0.024529309437466923,0.030676821492946815,0.8004600592372386,0.5773368108560067,0.98046875,success,
PAT_333_1469_499.png,0.6426107357580135,0.3185296526472997,0.395454277807219,0.12352942337567897,0.17408181937320324,0.178617485792432,0.10746095031931344,0.15328168196823658,0.17362869966114539,0.04035074094316605,0.1661459370515382,0.23987356523084358,0.890288240454715,0.823220362773845,1.0,success,
PAT_867_1650_901.png,0.7572689352441592,0.11176750862601174,0.6898361152457892,0.26920425903829603,0.061869999410993,0.043885312141508516,0.22456472171229397,0.059488451623367876,0.0391030211298938,0.10812537726696034,0.03080482300540084,0.01334064178288108,0.877659441962058,0.7217002361454882,1.0,success,
PAT_620_1176_980.png,0.6549693687077819,0.3803923679664851,0.726424963439471,0.014943597345084724,0.046404702358112844,0.03043741493491363,0.015193094455495508,0.04987335220695972,0.030725418637315535,0.02784766988389025,0.0654760826848112,0.004497902751865568,0.7869484003316478,0.7219620035268781,1.0,success,
PAT_26_37_865.png,0.5855176978837002,0.3359082091591128,0.48470671364479406,0.03787789852683159,0.1056347243599791,0.12797341377957927,0.03483056786461729,0.10039985486173804,0.11509194733263678,0.009608699869760704,0.09567717182872537,0.036772561609611454,0.8398641305596624,0.8297712935814315,1.0,success,
PAT_2051_4356_460.png,0.6531685275534977,0.17468936292465706,0.6460963872728578,0.01529079024031181,0.015132867465206784,0.023876055495128834,0.012610383270718641,0.013180747039035233,0.023710669464498384,0.007052697432053792,0.0026620774953097504,0.0009951057858881285,0.660355011952301,0.5896042615025249,0.99609375,success,
PAT_1381_1314_517.png,0.6696253980723815,0.1711194527486195,0.5965033387362503,0.030614477811336232,0.020373720583393706,0.055442478647506475,0.02335311648002542,0.01808385405604805,0.05350669979731743,0.010597723878469308,0.010146550144065902,0.05868265167313136,0.7539191461644981,0.8009754778109002,1.0,success,
PAT_544_3299_671.png,0.6171543457284623,0.41606542430430477,0.4983872305917681,0.0044310834056346645,0.07136632641840569,0.053958575337246524,0.00315458222767591,0.08562980850424706,0.058801956252438864,0.002555248030915733,0.16998949698723692,0.07488426345837834,0.8587880111469322,0.8346021406663576,0.984375,success,
PAT_814_1532_545.png,0.6261339931640936,0.4277428431822702,0.5785992386686277,0.03889237906857636,0.14422816355238044,0.0755892456955661,0.038101607545848695,0.12678408050957773,0.06898969916480657,0.06520830329280164,0.06068401965285847,0.04365852422300576,0.7631448200144959,0.56591123442255,0.95703125,success,
PAT_1014_86_861.png,0.6585867325070396,0.17847304757641708,0.714877084394503,0.012594432815413463,0.020113295217125727,0.023543619572424276,0.010075771987076498,0.017895383308407082,0.020223552335343578,0.005756902055808963,0.00462657677673925,0.004539532324964957,0.7266014290150012,0.7540110203231534,0.9296875,success,
PAT_1984_4038_265.png,0.6044066359130469,0.16872788601135366,0.3549969240493318,0.17168376142145292,0.11480757114917998,0.1324298543627261,0.1442523978026368,0.12308316206973159,0.14828968234663462,0.00035299960281649746,0.14924277233101982,0.3216596324385249,0.8275683661106902,0.7944954587069877,0.9765625,success,
PAT_838_1585_282.png,0.6754027744384694,0.5685092367666704,0.6424676021305891,0.00919782118903087,0.05720551658598798,0.03220999665133983,0.008224882092958904,0.05530206870754928,0.02875044654873675,0.010780868532030278,0.03410007288516814,0.010405136992761133,0.8046827594053398,0.6893409617565512,1.0,success,
PAT_1255_876_939.png,0.6067210953886966,0.22986294474766816,0.5968934798930328,0.027597872726768113,0.07671987302043205,0.044229439915985116,0.020278944306551767,0.0671416632111354,0.03809632449127344,0.004064913400499946,0.00374901867914465,0.02561366848448221,0.6709475270931954,0.5961689324896802,0.9882352941176471,success,
PAT_701_4056_457.png,0.06632115595441467,0.07209450409503107,0.3935082437684374,0.2817937071740892,0.05085340865346228,0.14875798727852566,0.3262390454956396,0.03579561102003601,0.10860130618622628,0.3717122913542235,0.002786327040530015,0.1649318242788924,0.8538051911898383,0.7941869668391717,0.9681818181818181,success,
PAT_411_815_692.png,0.60922193826768,0.5148418924491672,0.3891530632650269,0.010545273289654409,0.1090561498202986,0.11981840732571583,0.007570000977141024,0.09463621460311349,0.12401006093927926,0.001018620329911673,0.0028369199664872724,0.20190646861374767,0.7530441348127428,0.7484547121728128,1.0,success,
PAT_288_441_312.png,0.634744351854531,0.4221123859830325,0.6043564735506839,0.01607869893557471,0.09555737582983458,0.04995189877958087,0.017027150823318734,0.0958192993720629,0.048975942604715016,0.014600057641389854,0.09061429259052145,0.04126562225894714,0.9346540776982426,0.8830520078693846,1.0,success,
PAT_692_1308_364.png,0.6743382330434335,0.3133714399016045,0.7179678975398028,0.01467976855712987,0.06990074216247186,0.06422937926759446,0.011351372856806253,0.06018910685290488,0.0526554329271705,0.0002812199637887147,0.02636463750940571,0.016928648404949675,0.6071364143641967,0.5513521591086782,1.0,success,
PAT_1278_965_701.png,0.607340942871872,0.16265454265366833,0.6732015388170344,0.028263730252206597,0.031621673025257424,0.04452847771657947,0.025640849903879298,0.02759610491914953,0.030991717535933227,0.025170204826341882,0.02538274215791994,0.009864305874040524,0.7369371873150039,0.6668095181683052,1.0,success,
PAT_645_4043_374.png,0.6625765028080582,0.3183195224253162,0.5908501912486483,0.027524121031051726,0.04711099987150216,0.020008929970205806,0.027884493857006316,0.03856389998384889,0.017831408629333387,0.008287193623948813,0.04548725089971828,0.013756444585350525,0.5979494075764737,0.44065866846215795,0.921875,success,
PAT_963_1820_823.png,0.6635901843565435,0.3057360603928931,0.6512560111592084,0.01009660765452572,0.04903288859818339,0.01881949307831125,0.009350740215407601,0.0505366787757295,0.0157889623257454,0.008171349101985154,0.09210377180520812,0.022286271303799454,0.8744445136102438,0.7125378087722574,0.9888268156424581,success,
PAT_882_1677_789.png,0.6303924608912376,0.606729812199794,0.4493470790378007,0.03198594136376008,0.3043611154573786,0.3570322206744497,0.03263001958372971,0.30193929221117244,0.3594240362617369,0.0053973259516476605,0.0724851452776506,0.03516264504727307,0.8359021518574595,0.7433142691081176,0.98046875,success,
PAT_1725_3222_943.png,0.5563664849529737,0.08079576384810686,0.593219638730925,0.07115523411835058,0.033861655404725105,0.03740910218615546,0.053718629171412166,0.027893177351313633,0.03877835680699933,0.05573373813996554,0.014955523836074583,0.07971251354056097,0.6754641493650173,0.6447524977570698,1.0,success,
PAT_98_152_562.png,0.6679428791194332,0.16163745844790597,0.7154776086972809,0.07905670607198736,0.04887838922230408,0.027248867561483422,0.06443236332674349,0.04907057445511136,0.03103435628979011,0.010647456593268996,0.041957688613337374,0.021699094278931685,0.880194323371267,0.7894759979187489,1.0,success,
PAT_1884_3730_813.png,0.5897528121018983,0.11763224181360202,0.7092754482145504,0.04988713660806253,0.0429441992292994,0.043114704838534676,0.04619970038301495,0.04246093417846827,0.04132522379581501,0.05343900603281213,0.0029705393582138834,0.028039630445306107,0.8454515981141696,0.8070626260036629,1.0,success,
PAT_369_755_391.png,0.6965159364140506,0.3635430175583628,0.6037999776107194,0.014499228363778767,0.06536634765052024,0.04071508536855536,0.010853315149174243,0.05735829595597709,0.031412247295100074,0.0010222809339886397,0.06266706726503218,0.009477965373807962,0.7067254326562685,0.711191370301663,1.0,success,
PAT_1276_957_406.png,0.6030986838558464,0.5616899778263043,0.5341479220040353,0.008056179924202081,0.1183281194474155,0.12298264666268262,0.004026459916362937,0.07222980705636078,0.10883760987879915,0.0076210587802018875,0.04500429517495841,0.19663839458848031,0.8609184095219186,0.8216404854591147,0.996078431372549,success,
PAT_1070_305_907.png,0.6503900370467446,0.45791962954112864,0.6342743120500757,0.016108932925674238,0.04153957560640674,0.03933579480869815,0.013523243159063615,0.03530940841012285,0.03295303000167747,0.011979513325471598,0.0020067936393621255,0.014338726975979599,0.904762139673285,0.7728179190033924,1.0,success,
PAT_1688_3066_491.png,0.7283396387190354,0.21582701348855432,0.6204544924534989,0.1322253651329189,0.09526435782643325,0.09758097836195853,0.07113709913558391,0.07371083218133292,0.08368450045147974,0.07659235528773725,0.0019905723570110556,0.012018189785365951,0.7199621797855646,0.713788502579092,0.95703125,success,
PAT_981_1848_906.png,0.6386901529511562,0.3906098761988089,0.737299705396278,0.014942081775466817,0.0681399670000381,0.04723406171518986,0.014381915004367104,0.07382946362834492,0.04146225651637393,0.014515221732524314,0.032611838907346646,0.0076867288241226905,0.8245474261765535,0.829474657921716,1.0,success,
PAT_409_812_974.png,0.6306555939854952,0.45408555545386536,0.7173693079860651,0.015252762196294456,0.16631991813805597,0.06905380882265463,0.013010739311496876,0.1636653828537063,0.0649014258456943,0.015886611319309355,0.11529319819868505,0.002249977074140319,0.9249072955101546,0.8652972860527626,1.0,success,
PAT_276_425_539.png,0.29128451704806857,0.09903693853800359,0.4589722582840722,0.2574337200787312,0.06937921664287533,0.12447687794182362,0.2726033927963979,0.061083634104696936,0.11410825862060536,0.48899114753162426,0.021116626051446874,0.05019556271298242,0.925759381744204,0.8392208177141558,0.9921875,success,
PAT_430_848_476.png,0.6597388360326466,0.40077232278019115,0.5653500113375924,0.019731033113263415,0.09914053045961499,0.07456271907977706,0.01639884687620541,0.08649598476936586,0.06968891203431443,0.00040789709161528106,0.04294265760397975,0.005181266054213096,0.8458362715953569,0.7821783118842615,0.98828125,success,
PAT_419_832_706.png,0.7093264010463812,0.3173296660718281,0.4646142008153108,0.030959093791377353,0.14843254648499873,0.2714437957398562,0.030597952151164697,0.1412336214233841,0.27212523002449407,0.0240401659119022,0.038283006831035304,0.09677965339003225,0.7443083903501408,0.6552850135353783,1.0,success,
PAT_1423_1472_18.png,0.48945205907634803,0.07580885345591228,0.5907002801120448,0.11331465023937076,0.05990602679936359,0.06136647299726822,0.09484228246471135,0.06380996952777171,0.06370337678074478,0.06670548796534474,0.1387365148727977,0.10509770050704681,0.7265896452760408,0.7788902738924518,0.9956331877729258,success,
PAT_55_84_506.png,0.7390349044371124,0.2972150071225527,0.5380604872381367,0.13412929919290498,0.1568010200909889,0.08522007702053531,0.11805439393763996,0.14315870144667617,0.07314612964170226,0.06726197833909218,0.09568775383230727,0.021125984145755505,0.8442563907323932,0.7845453516829821,1.0,success,
PAT_1710_3160_488.png,0.6060233186225222,0.33756235579395577,0.5845562117319435,0.015560350217660123,0.09344484072666705,0.05656503577238933,0.014480871860084548,0.09334681895355776,0.05665650386059021,0.01439146890482811,0.13288914108298333,0.058190592526141116,0.8735913160948883,0.7556170292855272,0.995260663507109,success,
PAT_1818_3568_132.png,0.6227539619961046,0.6191771212734386,0.6278815435522651,0.005918138492162177,0.07778467850140626,0.05976742291319265,0.005232139860960065,0.07276671193371748,0.059259070647863135,0.00931774708631118,0.08495060749351513,0.01898415988058666,0.5728844449220876,0.6659327658044328,0.9803921568627451,success,
PAT_1414_1429_59.png,0.6860230113083459,0.2984484449843556,0.5880193827033796,0.08479115832498216,0.10229146971904628,0.11952944835331382,0.05495841592305561,0.08783968269008205,0.11140788551124438,0.020403771170849596,0.007901561358450826,0.0009429364578067423,0.7909485748372218,0.8048383217992903,0.94,success,
PAT_1573_2499_849.png,0.6877232840375762,0.22117603568390068,0.6824495261807879,0.03593576855961942,0.04238429838356971,0.08608340922449044,0.03528320753541378,0.0356787780291069,0.08385859203795402,0.02482847572051712,0.029597788745139936,0.015602331382544077,0.45061502287635913,0.32839075269482976,0.96484375,success,
PAT_377_1580_534.png,0.6371029240239241,0.5156764159178617,0.507720352973441,0.009669831434610527,0.05995811619156404,0.1146290704678277,0.00773373038485172,0.053004367589887386,0.10975284569896526,0.0003918968219945245,0.005974469277130745,0.04294163701699305,0.5787387922219488,0.7510841485512669,0.9444444444444444,success,
PAT_802_1516_910.png,0.6199682573130757,0.17861436124078173,0.6770704102395427,0.015265008706742616,0.007938206967326134,0.04739500674993669,0.014788879532578693,0.0052024599871032225,0.04611485887516041,0.0004255208078783015,0.0015917159287915095,0.008398246373448437,0.5806914360888626,0.4787295538144429,0.9803921568627451,success,
PAT_962_1823_942.png,0.6192305250892967,0.18306986983248733,0.6746781846979875,0.027227273088375713,0.04999721179144335,0.06255244536474357,0.028529816860243095,0.04566973629964979,0.053265091399920445,0.02391108849930027,0.005945192277956479,0.00801151803132083,0.7432464970232537,0.7107926775759127,0.9807692307692307,success,
PAT_1109_437_254.png,0.642852089055032,0.4048491865618087,0.19889100150184588,0.04293686944218726,0.1423684921704081,0.10312078282228376,0.02480851396715765,0.11247715955720272,0.12139165408843913,0.0578519640449236,0.19705908200755423,0.27587313128519364,0.8582503459609412,0.8079153994841207,0.98046875,success,
PAT_241_367_374.png,0.6756044524264505,0.27248847440200186,0.6785554528474103,0.07492698881848373,0.1367569076207638,0.1430446274449225,0.050034941682764296,0.11924895860275779,0.1319941531998304,0.0006054831619974739,0.0812642957929898,0.12338784363876365,0.4948061448471648,0.5513341224825814,0.984375,success,
PAT_1492_1705_578.png,0.6512112927755803,0.5209759063167712,0.587431148257015,0.010328916680290935,0.0667151534183033,0.05382819475803118,0.010501925171806948,0.061193490678124456,0.05141639987281331,0.005213370634643234,0.045361617929216336,0.07585789773691975,0.780957942253251,0.8397242427509097,1.0,success,
PAT_492_937_958.png,0.6642029601531984,0.4020924090727673,0.581186547666562,0.08832573566548008,0.18553108753428055,0.09093152211553536,0.08324251791380036,0.16876032578971747,0.08272889030949794,0.05027331780472066,0.1308581336373224,0.029965994625449133,0.8112021313997542,0.790465291983045,1.0,success,
PAT_1400_1372_276.png,0.628900412685932,0.3002627012525685,0.524054442698057,0.018172244850890286,0.06640940477451174,0.08230635168231155,0.015817814355168488,0.058775297899609974,0.07320452372695044,0.02692374887209057,0.09744997595530303,0.11338628190872002,0.9088618560182395,0.8423558935422315,1.0,success,
PAT_966_1825_584.png,0.6083534031679023,0.45088794481095623,0.3705078263202924,0.01001719949372419,0.07256312994097673,0.0674050445445259,0.008280891093529376,0.05933744669909632,0.06952649760037193,0.014353489000459518,0.07639072864053742,0.13300144504257377,0.6882584819755277,0.3406533776704253,0.9585492227979274,success,
PAT_263_404_410.png,0.6708420034670257,0.30849058532325885,0.558382426993649,0.016410515082161296,0.08284745930917214,0.06675550999179286,0.01382702973671668,0.08300357805768081,0.06683167858876322,0.03295777916569654,0.11010821290667203,0.10912596690821053,0.8497520936076497,0.7646865207219806,0.984375,success,
PAT_549_1043_676.png,0.6637165775943294,0.48247372583498727,0.8108361401489929,0.009715176772151115,0.06168661235676618,0.13454149194069875,0.008207935214882483,0.052745039264426676,0.13936089989417966,0.010218000565853992,0.05983258216307219,0.054961540436075706,0.6728601984176027,0.42435051570543786,0.94921875,success,
PAT_461_895_72.png,0.6501974228331816,0.716519959696369,0.5737606609094225,0.007088906181906899,0.1390202086246351,0.11229059562757118,0.005642209926767182,0.13812830254996283,0.10208777055235001,0.0018814183600621309,0.20259698043272112,0.09652749359371304,0.7820066668017891,0.734445852827241,1.0,success,
PAT_875_1669_946.png,0.6354475518028116,0.5723740078537733,0.5131107734963554,0.023925448105926537,0.1747040755671539,0.16212570086171274,0.02067877044232133,0.12909998726132013,0.1280937043799541,0.02489239690534267,0.05340757429913834,0.012160651580200521,0.7433077799583994,0.521140140412233,1.0,success,
PAT_1721_3219_737.png,0.6356426893641622,0.24102312547567373,0.46314688267297044,0.029548675586403336,0.11409436950106229,0.10240362343152301,0.012018404208942755,0.10110391392503801,0.1022207993353165,0.0023932184908528283,0.03452787738518337,0.15529656257289082,0.7255494938577939,0.5888593649194445,0.9296875,success,
PAT_714_1337_709.png,0.6751951110361396,0.1935673013501676,0.6831001906616702,0.07157125229583516,0.0208404113293781,0.2414500644880043,0.07241095990816711,0.020265472039446095,0.24643808691743557,0.029820042536712936,0.007117466879101392,0.08516235420444196,0.7828875468081264,0.7538377712226673,0.8654708520179372,success,
PAT_426_842_458.png,0.6408048382616621,0.4482083068982103,0.6337778177033914,0.01719646892040519,0.06414181766035333,0.031384785266641416,0.018929411364863365,0.06544984504844774,0.025588352536652596,0.038226312630090735,0.15511465245450762,0.04786795535993238,0.7953887068947441,0.7005255025045988,0.96484375,success,
PAT_847_1610_165.png,0.7818192734354095,0.16227281131852828,0.5672406023490759,0.048778913306870814,0.05862331417199003,0.0501557256290216,0.04449735927213003,0.050551037416319035,0.04712592740616514,0.006427284730232448,0.04631933264466409,0.03001244617242016,0.7817035227546172,0.7111930879564426,1.0,success,
PAT_168_1486_97.png,0.6687947524495501,0.3329524176892725,0.5774403206158183,0.03417408144621214,0.10014131104830787,0.06540308546290644,0.019046140196174458,0.08507147647495991,0.032430393414873845,0.03355000823317988,0.03131462446882288,0.007715259210224423,0.8323965588298352,0.845620650915165,0.99609375,success,
PAT_441_861_415.png,0.6124597647936261,0.5389303729050572,0.634391940984758,0.006832864759313623,0.06630156782175585,0.06267723543582646,0.005841511439443534,0.050630796009232176,0.04536051026604242,0.013962300117192683,0.10410864814025839,0.0867299478790663,0.7939699739150159,0.6170967898423299,0.9855072463768116,success,
PAT_958_1812_62.png,0.11802462697902673,0.1665753017844183,0.33726762940706767,0.1500117078212999,0.10100955621495182,0.08969922358743534,0.15078910533687306,0.08791259798633819,0.09060966224137326,0.4067254221481698,0.10174045188830881,0.18179648019942207,0.7913297839654855,0.8016246460878553,1.0,success,
PAT_319_680_832.png,0.6292416634812418,0.43787583688690784,0.7610919528598036,0.019970667311287736,0.10478013839498683,0.0739500287264826,0.01815423336364581,0.09069295535207574,0.06500534228290777,0.023607344730819334,0.002896786525600825,0.0242887793788914,0.7974504496953021,0.8005632148991804,0.98828125,success,
PAT_999_20_223.png,0.6324904498431945,0.551172637656162,0.42374201971564435,0.009004123265969229,0.04209090515453174,0.04184451678195196,0.0075142265873255785,0.03526073989465922,0.03848504409010528,0.0018768040453719455,0.006578434098704844,0.02428665411948111,0.7368386043203721,0.725158757164402,1.0,success,
PAT_1305_4097_251.png,0.6218369151423319,0.40282035048092735,0.7042818601308457,0.008723987772849433,0.06834681972288142,0.07132317275701468,0.007984298013106258,0.06785851809182898,0.07044069523668609,0.015759586370483605,0.12462089865718712,0.10884584509419182,0.874532368814629,0.8633261171230425,1.0,success,
PAT_796_1510_130.png,0.6300383805827808,0.395918151138451,0.528875218932889,0.040391847187374104,0.1427720402909642,0.12248831820675822,0.025842729857234056,0.12519991242080988,0.11435708901543896,0.001995228894711055,0.15595643284337057,0.11478937029788316,0.44632463229508135,0.5562157037315326,0.79296875,success,
PAT_963_1819_298.png,0.7025054775118986,0.29197406675601584,0.6164349485142954,0.03530057053813958,0.08212495095436995,0.04205308936338701,0.02543674725756739,0.07866035212581429,0.03671902202545628,0.00224090176597787,0.012004374715449406,0.005259700426445413,0.8878817388315658,0.8392433389861772,0.995575221238938,success,
PAT_1730_3236_7.png,0.5866637661725321,0.34856277394406626,0.6287743420611203,0.01395248436257803,0.1251796076325139,0.15821769508909853,0.009715320881507894,0.106254621415641,0.1472499949583057,0.0056576932901804535,0.1560061507622565,0.23692239143295113,0.7521781002600249,0.669719825566232,0.96875,success,
PAT_1546_1871_376.png,0.6062344750718002,0.5580653536100257,0.5702898933361495,0.013165690709013137,0.06485929690952988,0.06158397817840223,0.012146863844317226,0.05789006005315116,0.058522700701570826,0.008538028176529464,0.012438083422822599,0.021014776058850604,0.864975303407728,0.8228876737546077,1.0,success,
PAT_2154_4783_625.png,0.5897740796110356,0.24407566377912102,0.7375500887472641,0.018886361441991368,0.04912754190972427,0.06874936459156798,0.017145312649124354,0.04645803446426188,0.06497639595321096,0.007430084305950797,0.019401207466331616,0.028303345550581116,0.8389139529108313,0.7342420650062824,0.9923664122137404,success,
PAT_413_819_268.png,0.6638003369926541,0.35824341762964357,0.5763641496759789,0.021914363054094325,0.10087060532843962,0.12205996746607586,0.017897777991382216,0.10153487145980687,0.13149649320317958,0.016799297480168698,0.10197676700957037,0.03304863617676068,0.6893479976044843,0.6455822122650537,0.984375,success,
PAT_690_1309_981.png,0.6628907129536286,0.34246147589792747,0.6012279357300848,0.03448804361497085,0.12820397099710984,0.08039272566935833,0.022502417108927426,0.12056872058431443,0.07788711033655371,0.0011375580558748767,0.1921951323122243,0.018183680318912487,0.9299769758526867,0.8761489485650168,0.99609375,success,
PAT_1754_3308_390.png,0.6100570275023472,0.18953937977053517,0.6205805057049792,0.00607658988437713,0.03145512707665835,0.011322771767522858,0.004972699371965362,0.03241794147947034,0.011181962483028206,0.0025395360832776406,0.05989486624823345,0.015120922370813528,0.794309196896729,0.5965614546236345,0.98046875,success,
PAT_118_180_386.png,0.6620643965527434,0.3928415090296569,0.3641733445013224,0.01795502620363911,0.1296358527303372,0.1210795368054949,0.013184515168560009,0.11531951402784184,0.11556912403754144,0.0003333331620409928,0.05908214631266112,0.12699694360245345,0.7384038774405739,0.6806533861538643,1.0,success,
PAT_850_1611_332.png,0.632493256010518,0.42225190512886374,0.4689369523646431,0.01621528070374191,0.10089756044013817,0.09425487218191346,0.011205361468008568,0.0761210249688919,0.0751902385497633,0.008914456519980263,0.03320153366608536,0.07191972458299273,0.7745329840946438,0.7671425096739618,1.0,success,
PAT_771_1488_562.png,0.6278629793561487,0.22119755193116242,0.5639860110352137,0.06593792084123429,0.13938924668387928,0.10729017553713377,0.04341907523728155,0.13352917608145465,0.10124995180160236,0.003123971961497318,0.12382770983627789,0.06418120604091393,0.9119880126966535,0.8641023367432542,1.0,success,
PAT_1410_1410_46.png,0.6144935862636278,0.1725817874319539,0.5617794635996634,0.08052172638818665,0.04237490579586892,0.0978465453884654,0.08131457746760265,0.03610599327670505,0.09830457235271296,0.07878842523620824,0.019701195220817758,0.04153443392810152,0.8980464997171858,0.8143724786328594,0.98046875,success,
PAT_365_751_709.png,0.6132739734467273,0.48341973499224516,0.6626243490541686,0.01091162063605949,0.0944405004207509,0.05669475541260312,0.009336199149093753,0.08388680492039238,0.04727435883660376,0.00428561431480053,0.022897097145620715,0.013992041795687693,0.8592142496733641,0.8419973281987737,0.98828125,success,
PAT_63_1075_498.png,0.63324258320316,0.37998616044156847,0.7543463061173371,0.012060985825511773,0.09440703829377618,0.08006255474572982,0.010442331149412586,0.0886240395494034,0.0787348990196846,0.016051847725474824,0.027880489618998416,0.008772520156191121,0.8241489100960961,0.7741459107187799,0.984375,success,
PAT_207_3951_140.png,0.6429255341844949,0.1671770190758337,0.6593581282684152,0.01928183796395436,0.02696055421586787,0.03402202221619515,0.016595216269182114,0.02913235088713566,0.033266522524531696,0.014493441122148534,0.05510657614819728,0.003958714713435563,0.6203699432630656,0.44222765670496633,0.8828125,success,
PAT_483_925_716.png,0.6134904836681175,0.21370889390124556,0.8821132694169267,0.03950618023160463,0.1772535589528122,0.22193680001744387,0.035375143143057376,0.1516565021330832,0.193533442792511,0.007438982209130608,0.04342280585387823,0.06585069419523792,0.636262426324026,0.5153991554200781,0.90234375,success,
PAT_358_738_837.png,0.6871235713598719,0.25576970302284147,0.5991905192773923,0.02544944392143128,0.08376313955673413,0.02269379915449039,0.018865591481874708,0.07865032532355196,0.016136365842014704,0.023812042246543305,0.05857574625345752,0.005367347600839456,0.7789489670041327,0.7180529798500646,0.984375,success,
PAT_875_1670_121.png,0.6766357687192028,0.5689651326995248,0.4884277687846706,0.013298739739251657,0.07885412246611069,0.05466324521746224,0.013437012792157843,0.06868639686184799,0.04705780180824024,0.024451030976986646,0.04429875784964199,0.03997879933771292,0.9313228545786874,0.8700897607648485,1.0,success,
PAT_645_1300_463.png,0.6689119489275986,0.3109839271506955,0.5950720480076803,0.026238617145778242,0.1353146606227394,0.047718495469542745,0.02267498098249421,0.12162967181200153,0.041173035047365254,0.010916310980196266,0.07878520865470048,0.013379223535881835,0.8556692721978927,0.8326608567567034,1.0,success,
PAT_514_967_300.png,0.6409431764323598,0.5151899291077982,0.6540489546149924,0.006511438936145321,0.0687418051624431,0.06343733839307487,0.005923956681240295,0.06159340216362667,0.04871815981581496,0.009608060424237803,0.03373366064578681,0.02947206021459481,0.7927987223194357,0.835379940736239,0.9765625,success,
PAT_1286_1000_517.png,0.5035368099321892,0.16000852006076394,0.6565927715242716,0.028017573647687886,0.05134088457412664,0.10642762290703668,0.025027748195492902,0.04592575121874976,0.09233308662648816,0.039983340114724715,0.06995394862289708,0.1063526351873244,0.8801674120828168,0.8009924153177929,0.921875,success,
PAT_330_698_211.png,0.6409579310252183,0.17839741022005706,0.8686321602755991,0.01798702110644134,0.010154567808511506,0.02752269514914584,0.01697197017004,0.007651718585509132,0.0257899109279348,0.011907617747944164,0.0035019975095182954,0.003391194520864893,0.8027420882464532,0.7829125803522113,0.9921875,success,
PAT_1062_264_741.png,0.6679934083455806,0.44618699268463774,0.5977753281891973,0.011596464285679375,0.08975297302938642,0.07714550219873943,0.0111443867275445,0.08492914920578734,0.07218338984897535,0.013655781508656477,0.090940569791156,0.08820771367619751,0.7459980942220277,0.7638517309893987,1.0,success,
PAT_792_4351_858.png,0.6239497715991804,0.2688654991320398,0.6849080727214722,0.010908845808397356,0.050151076777646415,0.029641569731919816,0.00987317854572165,0.04936755742712448,0.02601938912631822,0.018501337038093466,0.006999481523123796,0.009871243876328095,0.8439764578131047,0.849562294422448,1.0,success,
PAT_1728_3234_299.png,0.6543824130209253,0.375241427463794,0.7192596797893817,0.012531187547665988,0.0641043596727995,0.10174813057158864,0.0104817531725525,0.05651088062395271,0.09635759754721102,0.010863561952591125,0.0001980893344609158,0.017019571935492084,0.610715430267466,0.45561592654701105,0.8671875,success,
PAT_722_1377_120.png,0.6562971148964865,0.20877773451508155,0.5298006368842985,0.10958706847118553,0.09549321709694938,0.10506663885244936,0.1163463820939549,0.0872320541296376,0.10054184099811098,0.08540268580564793,0.08748431221131707,0.059786688130261445,0.7210853048230299,0.75693584507408,1.0,success,
PAT_2076_4459_450.png,0.6575030144949034,0.3341002987571082,0.6744774342483814,0.011619350417568307,0.036234148493145844,0.030980064437896214,0.012124619080234865,0.035472503908881875,0.029593118916397446,0.01438024441735782,0.04503013154348112,0.0025845833433686405,0.790434826179713,0.7459207432788605,0.91015625,success,
PAT_280_431_466.png,0.756440181450435,0.22350672963442914,0.5892771358704787,0.1107194709891599,0.10860764461233999,0.044004176210359174,0.09905930598663175,0.1015380835395878,0.04272940505017191,0.038240216029268796,0.11454049526380344,0.009843728867034995,0.7993798137332149,0.7303395365559977,0.94140625,success,
PAT_1411_1414_355.png,0.6463045031078539,0.17271726297994733,0.5844516620082842,0.02019028112750176,0.020560867135124193,0.06273962735936664,0.017987377730169108,0.018596438947936538,0.05543431357191372,0.01597561944887068,0.00393947081140264,0.007848001505098345,0.8381087937645137,0.8512848654275034,0.9911894273127754,success,
PAT_1651_2914_833.png,0.5920904390976245,0.5077126428072303,0.8252701235066804,0.008960089662593746,0.06545732153168264,0.08004052783497646,0.006704762144244387,0.04709155789929385,0.06613041349064216,0.005089339034936953,0.006395155202277181,0.006545159150219693,0.36893074208571325,0.0871512249312504,0.52734375,success,
PAT_966_1825_546.png,0.6471206622807608,0.1497680174291939,0.3740674509803922,0.13083862358637968,0.07509953303271727,0.08790261258281828,0.057686073642445726,0.06259161101669797,0.09058877875075559,0.03704400515591202,0.06626843977961895,0.16658422673927498,0.5866919192806319,0.6035737114721951,0.9568627450980393,success,
PAT_396_796_394.png,0.6708827724863541,0.2759939113541228,0.761116785835887,0.0225154626198241,0.10158736238630323,0.09792311924540532,0.022303637482710414,0.10038844343389086,0.09727847130613188,0.039097923640097634,0.0992758020571721,0.11430548336813184,0.7903928555655865,0.8500145808547557,1.0,success,
PAT_1701_3135_5.png,0.6294125199467824,0.26209272587003163,0.6466578514986097,0.014028539397432415,0.0559415815369673,0.039770126645323985,0.014925877870747468,0.05901470838808484,0.03882997773179938,0.015040601260735384,0.09205004979696141,0.05561668267423292,0.8324547371740273,0.6980043070649525,0.96484375,success,
PAT_2042_4301_636.png,0.6223276878156698,0.14069006426099853,0.6298188169385401,0.028905439529631986,0.0810989249499509,0.05317782845955421,0.022283422723419998,0.08395152703532859,0.052522160180150226,0.01546030409805073,0.05780773192929384,0.03378641685241701,0.5845624553246354,0.7217373392375711,0.91015625,success,
PAT_216_331_678.png,0.6280738020681013,0.32483949092209413,0.7632110484425879,0.015658033189489377,0.05549916024343369,0.03065648871138096,0.014073669084256914,0.051835675615287895,0.028165616084282346,0.027311754449358717,0.0020554085167810987,0.00562975604641025,0.35458172213076045,0.4402388679006696,0.76953125,success,
PAT_747_1408_427.png,0.6635327257992379,0.29567843642334457,0.549164116716403,0.017497420082803108,0.0779838240671192,0.05112079751662397,0.01634666294749378,0.07398666868837839,0.04501875082542335,0.02060240038266438,0.09807732962195118,0.05473315827927361,0.8108600245969164,0.8277567720577814,0.984375,success,
PAT_691_1311_686.png,0.6385235769591819,0.19582990211328297,0.5489102445120085,0.07474077797430945,0.06409866515241908,0.06675400273311083,0.053073865629085774,0.053024496474822026,0.05691431045422084,0.014749826119785009,0.021807426820448034,0.013313246826274328,0.8184032966702689,0.8517976341271934,0.99609375,success,
PAT_34_47_108.png,0.6246651558254037,0.5090254659749565,0.5689169778799196,0.006205867077705185,0.0930395903744023,0.06570732151588138,0.005499842837282379,0.08951280564903163,0.060739431778327434,0.013471336411942916,0.15303418057190638,0.06866206457717172,0.8490741384102278,0.8245607399335962,0.9864864864864865,success,
PAT_1277_964_152.png,0.5132506665774407,0.06027676308416633,0.651832294505587,0.15843586782288044,0.04546402236539932,0.0902902471223164,0.13523804946848703,0.03960549280363854,0.0745954072910273,0.03622095623136209,0.002081890819511982,0.010745237967398347,0.8600817877093334,0.7441401952747427,0.91015625,success,
PAT_361_1568_456.png,0.6504106515376317,0.4122945833113344,0.7967774510041749,0.05731312997548392,0.0717946291818032,0.10729479496044318,0.10037196417084841,0.0685725034512443,0.13313938466501893,0.11488908709115246,0.043914795620806246,0.15854775379703312,0.7883748335759662,0.7824786377464322,0.984375,success,
PAT_162_252_773.png,0.7702743868485171,0.16250772426081328,0.6628696610532073,0.09081923859774282,0.03678517629039157,0.0508936678265761,0.06850764612920025,0.03294164420980767,0.043520925327914586,0.06732375691807452,0.001078828775979368,0.001728499920367721,0.7093945679651752,0.5738842301589333,0.98828125,success,
PAT_1794_3435_711.png,0.6221109585822137,0.35837261239581947,0.4536624355951073,0.017207192806189715,0.05583841622651508,0.027305220693013808,0.015259445349219886,0.050141307199665024,0.02472287366480899,0.012685900873752981,0.011402191631602276,0.008287806277054555,0.3576774326464457,0.24614627129060873,0.84765625,success,
PAT_1702_3548_386.png,0.6109381116965582,0.2014217597709059,0.6697335634005464,0.05806195494884408,0.10745447135501739,0.05530835899243299,0.0503530135767379,0.0992281850154484,0.05106176329236388,0.018772147197033698,0.014772579848177286,0.018255290067552443,0.922894902700559,0.7893148063126986,0.93359375,success,
PAT_267_412_275.png,0.6792665796856163,0.33416164281190053,0.5859721671610778,0.01540734449430453,0.09436717338016411,0.07487319486424351,0.012896877728567277,0.08678889873770279,0.061277057460410664,0.008599437813429095,0.08542409240498544,0.05274510983566583,0.7110599724036747,0.5702524100598713,0.91796875,success,
PAT_395_795_43.png,0.6569580119405684,0.29266645935413743,0.5695751493910894,0.015326028612705302,0.07657194205104136,0.0660544764984645,0.011504587274653897,0.07473776564260258,0.05289495589392536,0.002340067614198915,0.10863273590925221,0.0015461419348055117,0.6800260597205854,0.7164828952495784,1.0,success,
PAT_465_901_627.png,0.6121834379678203,0.45500072199076924,0.491986615539024,0.005783437724468523,0.06044699243104353,0.10019675049941507,0.0050381649891352845,0.059660505076719175,0.09955491702329639,0.007086263352805291,0.13433072445621524,0.186240477196967,0.8330364276467455,0.823843429241687,1.0,success,
PAT_249_380_366.png,0.6054783866179037,0.46835649424393644,0.5899152258836724,0.029455343659830366,0.0935491571039064,0.04394544201152243,0.027099324184141137,0.08311799920583214,0.03494955853000553,0.0006648767243733447,0.02550733263384114,0.016113705870543504,0.8552091330148668,0.8823333473753604,1.0,success,
PAT_985_1856_397.png,0.667981782006788,0.2673791804915618,0.5014598417581236,0.057945865732542214,0.10682465946055564,0.09459408420280234,0.050670132613466916,0.10174834001884961,0.08724567676918414,0.03647095990479998,0.11321328176692672,0.08593461810050862,0.708987057780333,0.6083446274411765,0.984375,success,
PAT_458_891_709.png,0.7655617809243123,0.10465866630236008,0.4982824382656131,0.2118766644820084,0.04728688574301655,0.045417693733837035,0.2340851850596369,0.046327092576442935,0.04478468768149985,0.17537311996248378,0.027276703079584852,0.01998904087900949,0.78066829503201,0.821277937993672,1.0,success,
PAT_747_1410_179.png,0.6410795378479562,0.36084737711773235,0.7997528889394119,0.016187445530256025,0.09731347253946657,0.08997975404978473,0.013793039220034768,0.08836262393503785,0.06861164180966293,0.024303803559816987,0.0544524423253922,0.0026037869722922435,0.8152779767191976,0.8031195750800512,0.9506172839506173,success,
PAT_1316_1114_517.png,0.6382400719761697,0.4188654490764074,0.8299453604371164,0.016271511886679704,0.03644831666124484,0.04655596560758185,0.015738519285054663,0.032724091178708066,0.04166254419618088,0.034468973393809124,0.03689064873184661,0.03742210777131372,0.7041912987575643,0.7163220681890572,0.9558823529411765,success,
PAT_398_799_163.png,0.6543542956905672,0.2850546378625853,0.3568875244172838,0.050493781631507466,0.1263371202154902,0.14506929029941,0.03685519301883956,0.11739663872860977,0.13979721251192614,0.01095824007386494,0.1889841180716718,0.1919517729606709,0.8459035373273697,0.6692987655546556,0.8125,success,
PAT_953_1806_326.png,0.6443426155863058,0.23729456503970608,0.6190577222552031,0.052202425625012455,0.07701180797387153,0.05059936967846647,0.040017060822142625,0.07063970456200465,0.038753611418522765,0.0515313272734493,0.03775353173304055,0.0055900206911605466,0.8290912597315605,0.8184331322430262,0.9800796812749004,success,
PAT_466_903_893.png,0.6369474914001424,0.29705404652500583,0.626972877677511,0.028293833567878894,0.11885051323997725,0.08434093519773271,0.02486349936642168,0.10627876655853201,0.07249636456506763,0.019512534183843164,0.05326457096668813,0.04729312291207877,0.7240377618014499,0.5909314620931284,0.97265625,success,
PAT_1132_508_325.png,0.6812861108064786,0.16037057353568598,0.6163110676098318,0.051390418259366175,0.04123319968965981,0.027279934294577392,0.04989964636187844,0.03719282784578748,0.024102931245682465,0.06120695599858305,0.00973267330577579,0.025301937869496194,0.6901608580865797,0.7643417675176132,0.9874476987447699,success,
PAT_300_648_84.png,0.6992236459690916,0.19449869607005726,0.5808698593095519,0.05760758732120705,0.08463432329371953,0.05004370909740349,0.05420636687409837,0.0844256690736965,0.05053773530325748,0.06300047174190324,0.006292123878010175,0.04887978888954514,0.8917767843409802,0.8525311975858175,0.9954954954954955,success,
PAT_82_125_365.png,0.6279739577183158,0.5916793428786686,0.5910337630168456,0.011022516931882947,0.14186542020875378,0.1753273747059859,0.009419017235124985,0.13340303068503293,0.17049901418656271,0.014831287251298874,0.06316264285526596,0.1484106281164429,0.9265249589289588,0.8601833565942362,0.9709302325581395,success,
PAT_478_916_806.png,0.6999171981736628,0.28870865517924343,0.6482047513316863,0.01332755600074353,0.045709007028409014,0.07972366966487142,0.012372588026163246,0.040955584091142985,0.07487904759010955,0.02117023154650334,0.030979106666925105,0.040323447349360886,0.7094138464617894,0.7662492709946107,1.0,success,
PAT_1089_375_677.png,0.6571330435469933,0.30708871077299277,0.7586922066748177,0.00914459937302588,0.05112135175497699,0.045679558009309805,0.008483079138313424,0.04987100639442189,0.04316938628416605,0.011883080052370095,0.11649721429914334,0.0517680273148281,0.9126384997345911,0.8921174425013875,1.0,success,
PAT_76_1039_269.png,0.641336051229356,0.2163434051662002,0.606529093535042,0.056758823903978704,0.07654045006701292,0.05959503702554314,0.044136803816305026,0.06640820112911654,0.05062455185585045,0.03123030936033994,0.13325462330111265,0.057088331772130796,0.7431293100104238,0.5317759795801307,0.9294117647058824,success,
PAT_663_1254_732.png,0.6957234647164137,0.1793419452806847,0.5798160802365896,0.05549049734244936,0.12060489686458202,0.05997038591705662,0.04238557176011671,0.10734586528754178,0.048913907610893634,0.06791743957311414,0.032930629866147365,0.03194718406925523,0.8455328487434922,0.8424985836672627,1.0,success,
PAT_206_312_760.png,0.6440889884454679,0.22945106994840564,0.502209717516373,0.09192375562667486,0.11537358458783128,0.0675407328276932,0.09437359867924239,0.10389257443754873,0.054474776746952086,0.01945520935862951,0.03882653953101173,0.027934885028909173,0.5864285236808087,0.4889799072721375,1.0,success,
PAT_1566_2435_150.png,0.6562750132302517,0.5369453089612648,0.7658906213605418,0.008376917049971247,0.06462434784257991,0.056960955536291415,0.008318440805534321,0.059131932014031705,0.04464663455666319,0.020452868942210815,0.04739506189614662,0.05410686077838123,0.770965703624342,0.752941278650313,0.9948979591836735,success,
PAT_1955_3947_778.png,0.540720248461741,0.0989806749576993,0.9982433864253688,0.027039838584547372,0.022767727398900876,0.0019501254919234426,0.027495829563973447,0.024279621320995863,0.0005019980482224918,0.009162691769969516,0.009404417115903216,3.057848790077866e-05,0.3308718232395784,0.48101701434584715,0.81640625,success,
PAT_1638_2878_536.png,0.6153849138458025,0.3586556705590629,0.5412235228244516,0.012912259459735152,0.06676198108920718,0.04077204618069199,0.011152222685363934,0.05901454733350663,0.03556231171088234,0.003513742042431605,0.048890918774619097,0.008778695776605727,0.5576361841699281,0.5304016890516471,0.94140625,success,
PAT_1298_1051_831.png,0.6305145738772536,0.6050905926314704,0.6483583870519153,0.008833000848181569,0.14248777031396276,0.17371398337986735,0.007652538026526682,0.1366248006296364,0.1762457810862733,0.0160435755538256,0.010770341521844085,0.14443773768574597,0.9486187310633958,0.886612904411706,0.9905660377358491,success,
PAT_167_258_711.png,0.6470306939709473,0.703897982948506,0.6877793395798365,0.008454422142354283,0.19060992605843755,0.09638250864059338,0.008487998241216857,0.2046840625085182,0.0954401968387749,0.01304892903850643,0.37005890646515066,0.13459361716429785,0.6689611332890656,0.7642258799403017,1.0,success,
PAT_54_83_405.png,0.6602158771099566,0.5162308571756248,0.7030087341096191,0.00858324608486156,0.058126131964379005,0.01549423647383178,0.00764271658150168,0.05872934177405312,0.012512018555565996,0.009804808191151516,0.07558538724112857,0.004664907217081571,0.2834637542025422,0.1730925125310151,0.92578125,success,
PAT_997_14_40.png,0.6867835855002136,0.2859731890512795,0.8757573158259379,0.02257658190309294,0.0605699905774885,0.049814925675487294,0.019850907455648808,0.05466621050732652,0.03754241686601032,0.038961094102568934,0.003786331542389443,0.008329312162081215,0.4523364485981308,0.4858148562484505,0.971830985915493,success,
PAT_373_761_708.png,0.6405097291014522,0.5215808851387793,0.6996884318628566,0.009300423464660439,0.13937340510013382,0.09701872699844495,0.00814485143396989,0.12249123481832855,0.08310522959936952,0.0118710450824679,0.0704367363511153,0.07974588293644769,0.7683626054425858,0.7894273604795125,1.0,success,
PAT_1509_1741_810.png,0.6217300699046222,0.5752031987320341,0.48778521426941873,0.005420186476238797,0.04919332510107135,0.06227100919365792,0.004244596882012831,0.046250404092458564,0.06761458690079689,0.006601518669469423,0.06262267491579299,0.11159332211715828,0.6604351538741629,0.6602015300007203,0.98046875,success,
PAT_228_348_535.png,0.6762397861556669,0.5495646970120044,0.4866839201193874,0.013642720205726773,0.1589851360224927,0.10893798365688852,0.013111016113150525,0.14994788542646958,0.10156859166132037,0.021778680402909128,0.2391074283397256,0.14917339362839294,0.7730885565648432,0.7657495767372839,0.9803921568627451,success,
PAT_1871_3666_675.png,0.6171291154806267,0.29420041293751975,0.711515427185202,0.0137536827243227,0.0906541804359776,0.06162427775111554,0.012605589616815743,0.09293208074976894,0.05587135512334903,0.022308398191763244,0.17736455711835014,0.016587424306474308,0.7868890708895349,0.8077440865785848,0.9796954314720813,success,
PAT_547_1033_911.png,0.6506098355730728,0.1772132143455673,0.8302459659077306,0.017364878370532178,0.017809232822310086,0.046785211132589856,0.01639116201492297,0.014861356477056841,0.04560137471673789,0.013919136057899963,0.0019067208816654357,0.0023218626937340225,0.9188086125539325,0.8801859622758906,1.0,success,
PAT_56_86_479.png,0.6969534804363836,0.45403884318695364,0.891632323869824,0.03040271628536472,0.11590962754801656,0.07595416234096658,0.02434587300701074,0.09319179564801805,0.06645685986307813,0.03936322502128691,0.1069923710547937,0.02824601486724565,0.768450182017779,0.5415251831635886,0.99609375,success,
PAT_699_1320_901.png,0.6815525320685177,0.4605930475989051,0.5388678925272365,0.043025542632989765,0.1723762811407608,0.0576566609064542,0.036151754196885835,0.1700520596199084,0.05238680922494991,0.007660645331735023,0.061682542786310135,0.00872804327582588,0.8481035880154015,0.7987958078644883,1.0,success,
PAT_221_339_566.png,0.6236152593790776,0.41221207878904736,0.8551514948290845,0.010238300659402228,0.0736244339791797,0.048305400466707324,0.0065063606845336295,0.07572082887796565,0.05097336272458676,0.005412919588317698,0.050326581247917945,0.036946263208868735,0.5598725466404362,0.45181634567672857,0.8588957055214724,success,
PAT_803_1522_907.png,0.6357483169750432,0.3065433850519757,0.6088337086276566,0.019290158770172382,0.09666643132092058,0.04082583642920917,0.017761056971404874,0.08826630160645232,0.03580089048774631,0.028219254928408963,0.011484899846170515,0.005286286106250149,0.8543368383000973,0.830838710681134,1.0,success,
PAT_115_175_206.png,0.656624159079654,0.7443737917433344,0.8035059016010284,0.024003571934308354,0.16090237527471868,0.12014330915069774,0.012811993954934538,0.10493663291305272,0.09140381949808654,0.02495315394402111,0.19910240464285855,0.15149542902710134,0.912623388575984,0.7289045937610434,0.8627450980392157,success,
PAT_759_1433_973.png,0.7663263629300049,0.23270425566276923,0.5817234743455783,0.16250590732568082,0.07878953511713878,0.08367356435369164,0.15132673374503078,0.07575769936839835,0.08124648505609561,0.113912904557006,0.11088208747381903,0.04593948272914361,0.8524356611744259,0.871312488899068,1.0,success,
PAT_782_1493_140.png,0.6830616122116345,0.19763414860633663,0.6495261896197165,0.025560868828570418,0.0870568337755937,0.03543481305458529,0.022246745217098116,0.07911692756849818,0.032562064697339466,0.015252251484967082,0.07939385455625624,0.01821568774230109,0.5306788749277564,0.5332357723695548,0.9955555555555555,success,
PAT_1942_3915_388.png,0.6346243520533645,0.5997155515722817,0.501788152072147,0.004956541801546482,0.08422442641716651,0.11799744705853549,0.003143709156345363,0.07831855289392027,0.11805182399755758,0.000749773260911092,0.10467353476555907,0.18455059032136212,0.8260792924963148,0.762881051027209,0.99609375,success,
PAT_1125_492_523.png,0.9463371383961563,0.11612831928262447,0.5612232010356478,0.3267216643817921,0.047238091574464014,0.09938686923906229,0.3302236421075978,0.04569966057637379,0.09235153763597066,0.20426491611847394,0.02254723951485378,0.06017594422326833,0.8878689975288854,0.8750568840519614,1.0,success,
PAT_256_394_449.png,0.6621948408735762,0.41402426457918756,0.7018936642487676,0.020646670151332543,0.0871904482572615,0.05045062318420183,0.02040878985249547,0.09048927527793396,0.05849775187345891,0.03639913527678679,0.09862765138845675,0.018626335018619322,0.31715475553268596,0.10741402127853882,0.66796875,success,
PAT_385_783_574.png,0.6940629861327069,0.3268187842267163,0.6478453018741996,0.023670931494852866,0.07211742600972364,0.059876805670229835,0.02522578823701475,0.0689395612396651,0.061853528718550356,0.04092614165083843,0.053923830819366914,0.012570410025036116,0.825655811714429,0.7464529576956953,1.0,success,
PAT_721_1365_142.png,0.7057286868276406,0.20734970197064764,0.5844067097514667,0.08151331237770874,0.08915549799437372,0.07312140016323258,0.04197273076114254,0.08083666642888566,0.06726734572375713,0.07130982369827553,0.07588870543029733,0.013043251004392076,0.8087328657794999,0.8221938455537642,0.97265625,success,
PAT_940_1774_962.png,0.6486841350857522,0.4976264761172088,0.6738464627798322,0.012782021573783286,0.08568754535094843,0.08146153307505928,0.009567297377287818,0.06927903675607958,0.07398603239916304,0.0030434534123077446,0.006555041747799528,0.04961346598385752,0.587185232354511,0.5559529482963707,0.90625,success,
PAT_316_674_924.png,0.6633126766474606,0.3312448180644975,0.652996810931751,0.029282279908543072,0.11288331033628722,0.1592686155282522,0.024713681858179796,0.0997313376231219,0.15504399178982767,0.028358224625773767,0.01972457947833628,0.08659871314175271,0.6109377984071506,0.5349134988571315,1.0,success,
PAT_1094_381_446.png,0.6178389731564798,0.5452494560445853,0.8497569696275655,0.00557463260510227,0.027221570083058578,0.0345637999482323,0.004852044654181508,0.02176585896929421,0.03211218518885522,0.00969951415966419,0.01039014801303062,0.006849030745128437,0.5974771661610772,0.6208162548942145,0.8135593220338984,success,
PAT_412_818_61.png,0.636142902450296,0.43634825994212123,0.8484899167972686,0.01965673661233736,0.14861125852877155,0.07112134089620592,0.009576168722026445,0.12583416852942939,0.04108225519398524,0.010969642363801392,0.08223982446789646,0.03188459598552362,0.795710113207997,0.7589255064113811,0.98046875,success,
PAT_359_740_46.png,0.7679338822505509,0.12146010605500061,0.7366510835323267,0.15908094117493218,0.043640849839353374,0.051494452862173606,0.15782756075119445,0.041189117187031825,0.0487944512095272,0.13147150738240312,0.023383047583497116,0.047495429651043586,0.8732923766205741,0.8738631883170409,0.9935897435897436,success,
PAT_842_1606_720.png,0.6278314429407335,0.5331825873001578,0.6681991661700352,0.016216123079117347,0.07151976821141554,0.06840767366748635,0.01445967321247125,0.061545208801775754,0.06472855320014867,0.02824843481848652,0.047738794885434976,0.03624033612638977,0.6922719570734076,0.7394851182425236,0.9609375,success,
PAT_1082_342_705.png,0.6124100808712273,0.41826813644197314,0.5400204858062627,0.011560888258907512,0.05888075890392914,0.04493462113170657,0.01071242036942423,0.05822506076776049,0.04090965009940461,0.0012789883814778118,0.06297441582755342,0.018511440199069584,0.8455369669235668,0.8225378395245532,0.984375,success,
PAT_1821_3575_920.png,0.5779950198779291,0.2295511471873852,0.4838092175876474,0.06461080825763668,0.09430171554497874,0.04680420371765391,0.052637025793166044,0.09424546362348017,0.04117364377942544,0.010674540980771339,0.15599682628492104,0.00918200334740732,0.7287474314310582,0.5431031457064152,0.84375,success,
PAT_526_991_109.png,0.7355451144281683,0.21213096132704323,0.49469299252703214,0.07093851113342355,0.10065801903885413,0.11382586779224815,0.060866920346476165,0.09216057078606105,0.11213979359115893,0.05839096727074207,0.08132789227333481,0.11920400361157679,0.9041762270340195,0.8021965671785376,0.9296875,success,
PAT_1460_1598_959.png,0.6293764254289399,0.17392935170239124,0.6319553536794424,0.018060821755211846,0.05682591474091529,0.04451312585601956,0.012708049392155208,0.04991969809160175,0.036900438581363854,0.004816832873365229,0.020853479090451266,0.0450158008389373,0.8546312200930657,0.8306941320819285,0.9957627118644068,success,
PAT_880_1673_410.png,0.5707985809218449,0.25082899647794776,0.9611918204279031,0.022494773976904782,0.09264265101061661,0.0376184927967086,0.022100393184162744,0.09170093408621152,0.03635927892151837,0.00869442127030611,0.07161973555090706,0.021307007736185546,0.8265581064764951,0.7899954774582444,1.0,success,
PAT_730_1383_535.png,0.6881530951976957,0.24082167346439803,0.4766310850809245,0.09100896640998218,0.09053677795474092,0.05588759933221012,0.07955702743632556,0.08046455141098104,0.05535141501669012,0.024411167025043153,0.021949259133824672,0.013292556182737725,0.8191999563301385,0.8223671792407461,0.97265625,success,
PAT_948_1801_993.png,0.6289706427817738,0.4314795952799971,0.544057063651513,0.054013849339998976,0.13494877416830298,0.2512883073192761,0.031109220112142958,0.1120962710803494,0.23647381025251127,0.011648328520558238,0.009882179120588086,0.22181660087250166,0.7920199888418875,0.8180967833268546,0.9271255060728745,success,
PAT_962_1823_857.png,0.6360083903734631,0.20174309974173626,0.661469470054394,0.06916268954990666,0.11409941941542827,0.06435807243459164,0.051380211723081194,0.1015121659738314,0.05602667140027451,0.03529984737247492,0.016029757165648584,0.0006264345251706382,0.8415463255471981,0.7982022188413259,0.9329608938547486,success,
PAT_21_982_266.png,0.656044388604511,0.35966868053624546,0.6938155064346323,0.013182084358346594,0.046060229443065086,0.0410961660344447,0.0116658118958382,0.04229868219319239,0.03696426798512497,0.006966843742362982,0.0591496737792086,0.03876418929143821,0.8271779681133102,0.7982275334303417,0.9934640522875817,success,
PAT_257_395_866.png,0.6237348754599745,0.618327698163504,0.37943025666198094,0.030353512976062647,0.174620361713611,0.08047330295623033,0.027878124681560285,0.16144628140637196,0.07469206447897872,0.005882288735636208,0.16373955725130274,0.06356560033013414,0.9175106785738609,0.8771831318876455,1.0,success,
PAT_1217_762_198.png,0.6194834108480715,0.7113706203792993,0.4905220990035359,0.008725885477509694,0.07375373728834994,0.06097701673698407,0.010071257913469503,0.06883377179538218,0.06585984783325129,0.023674900300579397,0.12401039459062857,0.14604551066018262,0.8747254598420972,0.8647890334458674,0.98828125,success,
PAT_397_798_482.png,0.7642964682146468,0.19315324646192214,0.6006151274023485,0.035254082587688015,0.0397285744161454,0.08363595134143305,0.036574707519020644,0.036464130809399815,0.08264006143705342,0.06170428488150195,0.03978158930998235,0.012468394680206663,0.7991874015914231,0.8299001212971178,0.98828125,success,
PAT_1481_1674_735.png,0.6349238185215518,0.45061840737385317,0.5481446442554124,0.01349741807450318,0.05120621315212539,0.05905193340304832,0.012283873168895124,0.04744391367352416,0.05482230768691957,0.003769731562020616,0.0611886732160391,0.05996576972149903,0.756636378007732,0.7769514635067507,0.9819004524886877,success,
PAT_665_1262_774.png,0.6505373418779462,0.34618381859038166,0.36744174387485923,0.027650767870448255,0.1420548235032587,0.11060782499822921,0.02556252966779257,0.1351067617980635,0.1105949132892083,0.04808161357193133,0.21000647768012723,0.13030668186619437,0.9023964686759595,0.8198808253694295,0.9453125,success,
PAT_976_1837_861.png,0.6434648843425516,0.4577444360643886,0.35988863947065813,0.024667825352900043,0.13061688432486782,0.11264865410237787,0.019582364174950954,0.11610919366992,0.11353887667273486,0.007915373432179488,0.08911507708758348,0.23724427791945718,0.7867008675911629,0.784976143649373,1.0,success,
PAT_827_1600_1000.png,0.648033532107459,0.4983274271371967,0.5736995902974575,0.013077846849232726,0.10686119048626501,0.07181189766604641,0.010430056726355092,0.0957149022042662,0.062367460445162844,0.017988387988182097,0.018521984213372533,0.05002605423900308,0.831338148226624,0.8349957287103409,0.96484375,success,
PAT_1764_3335_366.png,0.6111798514230838,0.30754129336503894,0.6489515528547065,0.01124077845673336,0.09954218003966787,0.11191815420396305,0.008383372242462335,0.09582806297842623,0.10293570223738957,0.009089770579897226,0.044943958394738026,0.09463392532713966,0.6476671510203243,0.684910934598464,0.8099173553719008,success,
PAT_645_1223_124.png,0.8151174252927386,0.14877812506440982,0.6268120350442574,0.2601534972793048,0.06870881171883636,0.07994832364503053,0.2097770608449741,0.06105150515021375,0.06856171136708343,0.08548667886783522,0.039072195142708,0.06188372467641878,0.7022662887451997,0.6726967822504033,0.76953125,success,
PAT_185_285_862.png,0.746212707924024,0.2831719158334183,0.6368362353602085,0.04183497981407141,0.10183050854475077,0.03542663971754579,0.03823051230233733,0.09580446048357678,0.02653303182360979,0.013214109031144025,0.09309628840218395,0.008413409759112533,0.7477526520071959,0.7265898233485153,0.9375,success,
PAT_1333_1177_261.png,0.6638978690147462,0.15846131578352216,0.4554409390053599,0.04985216871165109,0.044751993375424674,0.04712738646820981,0.04853605876550211,0.03938839682309586,0.04593963466795447,0.06829561742503501,0.010021254729160295,0.11074011066001516,0.8770958474797597,0.8247065551653923,0.984375,success,
PAT_1461_1600_867.png,0.5694058497737693,0.13786003714891956,0.434970397643269,0.13442811245265351,0.09186441814695494,0.08919768624029208,0.1186199032823953,0.0858400705300681,0.08742315864213958,0.1165067731811322,0.07210832161554465,0.11926899826065301,0.8995217789379109,0.8261485996698593,1.0,success,
PAT_1658_2933_322.png,0.613944978914405,0.47454310920160836,0.5958089147986888,0.006188778892161444,0.051936500186532224,0.02292301433408284,0.006249046484682762,0.05497116047498434,0.021997709792615113,0.01626761045360199,0.11972177842256893,0.041573499776952905,0.768661473561295,0.7116823939958743,0.94921875,success,
PAT_1013_82_876.png,0.6968452235584792,0.17647333015270913,0.645853006590786,0.04835802750938534,0.0366510935858719,0.06781960928243115,0.045649641846933625,0.03165503718477084,0.06090177371859086,0.035081811226261236,0.0005338848349150105,0.01111975313014446,0.9082678124246728,0.8623233984831481,0.9921875,success,
PAT_2066_4417_201.png,0.6331073394166367,0.30707388023295734,0.39604494526386375,0.016609166616332553,0.10248101460148061,0.12728658388120717,0.015034915609296451,0.0973320653093189,0.12229387601330147,0.0056753297868124735,0.09533297448929162,0.16377491503159097,0.9127245807344049,0.7967261131050034,0.9765625,success,
PAT_1593_2651_122.png,0.647297463862224,0.43988683244684035,0.6789000105516321,0.01376376890962678,0.0901162269725876,0.12787612148188757,0.011904209198262985,0.08858677618535725,0.128824518575678,0.0002981151778405275,0.019482465051801234,0.03884690960189885,0.9247512050803786,0.8443603113045701,0.99609375,success,
PAT_375_763_732.png,0.7122968403989224,0.18374322593358952,0.9040279830525175,0.019472373366230367,0.005426473302699593,0.02692757702683392,0.018700503571817437,0.003263978109043635,0.02889969787858217,0.007882677714212763,0.00199489130283384,0.035066890762198266,0.8738674770527513,0.7837116205092697,0.9876543209876543,success,
PAT_495_941_26.png,0.6325571060559378,0.5760080776496646,0.5698104358022279,0.005436646440969864,0.05156693023299274,0.1283460385707944,0.004110293945621637,0.038644835973561296,0.12720951068873346,0.0057964173096620815,0.00989128657319105,0.18406050865554735,0.7611055458104168,0.6529384819996433,0.95703125,success,
PAT_535_1012_145.png,0.6719878834661904,0.3405101663878845,0.8466614970651122,0.015660920340650482,0.08578814178941958,0.05213954480684591,0.007264497067850251,0.06836190062659703,0.03370516761640492,0.014476293035216041,0.022947375131750325,0.00934551618734547,0.7275239817959647,0.7069429719932617,0.85546875,success,
PAT_1583_2607_628.png,0.6362514088265102,0.28639227164467046,0.5393656753481535,0.00875291249561552,0.036604304476004025,0.04550546939615378,0.006998618769861292,0.03469621076425343,0.04025958339280856,0.008044197858512644,0.02870083479279345,0.05878084302423203,0.7662016804524902,0.7009008167428546,0.90234375,success,
PAT_121_184_502.png,0.6172671327034152,0.6432117572354586,0.8920148237434293,0.010409005246247006,0.08016285293074374,0.05290525928646187,0.00934437222586923,0.07057001904879869,0.043724886700726454,0.0114118405674073,0.010421595394412564,0.01624841548336098,0.8548370830053815,0.8633784043422013,0.9771428571428571,success,
PAT_614_1166_885.png,0.6600855970066437,0.29346338188655013,0.3522412777936131,0.13453820504122155,0.13004584610054062,0.16081508002306658,0.05933164905955711,0.09162694999158875,0.15976270650702099,0.03354295677241079,0.08674448304563132,0.2496549355335828,0.6051875220565426,0.49220597122879123,0.890625,success,
PAT_524_987_738.png,0.658710203853991,0.5131475646294065,0.8009786980701933,0.011007963045138304,0.11089559449145943,0.05259534177725845,0.009019465486806174,0.10490619158684762,0.04083335482878186,0.01229054758271199,0.007887393377443153,0.020321398195703222,0.9109356183018402,0.8599631316200217,0.99609375,success,
PAT_381_775_566.png,0.6288861763662729,0.5448727406395308,0.4805622668813618,0.012477178623644633,0.14560872174462766,0.12270675533735165,0.008939100097493461,0.09543652636908204,0.08655167464977068,0.01615588790539017,0.13707161590435973,0.1498013814858517,0.9484967057877217,0.8812686920305014,1.0,success,
PAT_1774_3352_474.png,0.71360305219667,0.09981001626179166,0.6469605848679066,0.27302683208912965,0.05866908014611278,0.08886292718338386,0.27334565222340373,0.05062743992349142,0.0808226099077042,0.05508486023405786,0.03182846063779686,0.005956923368402811,0.7606879033253205,0.7674877829072118,0.98828125,success,
PAT_375_763_980.png,0.6406000406674505,0.519106240348168,0.7109823225232814,0.006858301650134308,0.04243031692399582,0.029756128938697963,0.005491376179231411,0.03576316849667287,0.023199684971516227,0.006646996317483832,0.0008502528320543101,0.024092947396067932,0.8059651117358492,0.8126907495200659,0.9337748344370861,success,
PAT_79_120_739.png,0.625457226425975,0.49962474509279015,0.5854536101684683,0.006251054348411266,0.06808043087643778,0.02187892551710648,0.005354221653861512,0.0629338279081878,0.01367967846660708,0.0009665683848344504,0.057427739792667465,0.008376185398227154,0.6240201592493173,0.4905806398701104,0.9601593625498008,success,
PAT_587_3431_6.png,0.6242658359407831,0.2695022028959974,0.5839081150123926,0.01186949479406724,0.05775795416829536,0.05638498843635213,0.010083585436641685,0.05295465637856485,0.05158744005714535,0.003428885132832783,0.016315287413650792,0.001129021950620368,0.6706351579395833,0.6653974697969748,0.9921875,success,
PAT_666_1268_870.png,0.8329699035605311,0.16757550772846597,0.6408243486428458,0.08562625174836727,0.0557677751648129,0.048059156644220696,0.05854456514837928,0.0502481593753377,0.03678353741475719,0.030862665535453006,0.07978157451637859,0.005569225963505842,0.6970262271675182,0.5354667191671392,0.99609375,success,
PAT_691_3994_671.png,0.6166968074183559,0.17922479290581173,0.58485277272421,0.11409332631454364,0.09462694536218554,0.11076812211041681,0.09327349597864212,0.0816646732686296,0.1016750128394557,0.009118431259690378,0.00839781135218659,0.0076069590088782,0.9009555739934614,0.8212178032042596,0.96875,success,
PAT_364_749_377.png,0.7314992762873542,0.15266337955200301,0.647625519034895,0.07396850189788683,0.03055187809683791,0.07073693475530901,0.04892210608856422,0.022515184936221223,0.06354315915624958,0.030511337510327665,0.03330133654901543,0.029625139234905173,0.8368738593659572,0.8061043991339527,0.96875,success,
PAT_576_1089_435.png,0.7344549323203189,0.2368181760935001,0.5323380873110948,0.05166403279333702,0.08462166234313992,0.07027999098374152,0.05340603543390798,0.08151362719051002,0.06448601485344987,0.07438151829213539,0.005438764328794199,0.016806224565996786,0.6540853439620554,0.6957546879958714,0.98828125,success,
PAT_952_1807_58.png,0.742199402299093,0.24181727429052843,0.574102028490423,0.08340603498595746,0.09876186030295654,0.06846638057703887,0.08230965593292594,0.09931066146234664,0.06530005888830943,0.02139949138789395,0.09148917414474958,0.015025916887449031,0.9337119844575276,0.8904887842569223,1.0,success,
PAT_485_928_796.png,0.6225778735183735,0.5414594874987032,0.5165717052252999,0.010473290149865975,0.07225329015373816,0.06097496281105409,0.0076662859092245465,0.05291821353707116,0.05465225987008344,0.007623572974742861,0.02493941308883485,0.014727196486648775,0.6191531578545388,0.67239606982633,0.6796875,success,
PAT_39_55_233.png,0.7141680041892254,0.24144752399555558,0.37464367045347796,0.10653399967985469,0.10939101867598572,0.08957829706754426,0.09725301267361076,0.0972261825122643,0.08099122484555049,0.07339676597423626,0.018696206443651775,0.07454531904207146,0.9397186979081051,0.8704099763347307,1.0,success,
PAT_340_714_68.png,0.11258424473553102,0.4508412976174451,0.4037088138077504,0.18457432386469388,0.20806522278399753,0.13151014634702002,0.2648310519606658,0.21553387408771144,0.12222630145102012,0.4842286312969571,0.35568210448010634,0.243517448991371,0.8711529023361764,0.6733195273957135,0.98046875,success,
PAT_1981_4023_673.png,0.6955275672243497,0.19877033777519476,0.6311935461552299,0.04187812332048391,0.05986573086463719,0.1231219183726716,0.0444857410323687,0.0629621928193719,0.12962705696562038,0.01474452180938294,0.020920808825625664,0.03437069379153568,0.7881927186214175,0.6533956421174997,0.9140625,success,
PAT_315_673_227.png,0.6643404251347275,0.24249140680001655,0.6934678038192541,0.02096368081441023,0.0987490925703075,0.0626119109260911,0.016739422851258845,0.0852015501133083,0.04705801638967082,0.00988375524316262,0.007515893846460009,0.006171717727526116,0.7781030891548515,0.7833000498813999,0.97265625,success,
PAT_59_94_849.png,0.6088750067324582,0.5239178179059102,0.6789727324264502,0.009752492232894336,0.0961500532520463,0.0665207395855732,0.008197619560650845,0.08478657884305425,0.052099624214365356,0.0033870913647585927,0.10066426524882621,0.01165303129267481,0.8869962409043188,0.7618944452542602,0.9765625,success,
PAT_1324_1145_309.png,0.6027514707466998,0.6080179044163736,0.6117322596582823,0.006885693514880094,0.03895742069130673,0.018913716953387744,0.006719501058057645,0.03626595966226706,0.014037536086050099,0.011777736274069639,0.03509011548231533,0.006120510092415654,0.6716225307057664,0.7302499535342052,1.0,success,
PAT_1914_3822_863.png,0.5869786422964381,0.13439276485788113,0.5519167046663627,0.14146800201587448,0.08647707644214037,0.06106290803215293,0.11322667631258211,0.08456824367601143,0.06033564328208571,0.017367870527429514,0.15315069859697064,0.1108011725302907,0.8547013743390203,0.8402356289996746,1.0,success,
PAT_672_1272_705.png,0.6952019976260457,0.23012381775700078,0.3422156881099346,0.10182552335842,0.11802160229891649,0.13718915589582692,0.05099392142578633,0.0984091289776816,0.12143912348401519,0.06176329391295504,0.13417666607289483,0.24904522352744768,0.7881620449372506,0.8286738817254238,0.96484375,success,
PAT_2122_4642_680.png,0.6248844760232269,0.44618928036932753,0.7275306293280571,0.004974728709922813,0.06501981096543032,0.09145052527597754,0.0035149378356068273,0.055199626170747376,0.08060459087359094,6.82893417042073e-06,0.02605878693839897,0.013415384617741166,0.6556080604199301,0.6969592896331538,0.9921875,success,
PAT_886_1684_297.png,0.608176196629983,0.27339888253903666,0.7669400776595405,0.030333783547827578,0.1116871937516642,0.09258146049209764,0.0296008485428838,0.11387179805783308,0.09568756240532003,0.03394102488718826,0.13134896977914812,0.11758695848544953,0.8613247200431564,0.8687953656718194,1.0,success,
PAT_270_1386_755.png,0.6324701305184317,0.24329373829338263,0.7242340181098272,0.03946594086944716,0.09489270125199281,0.036186286895268586,0.03468000443083396,0.08869476073848546,0.030542413348721938,0.02867558666095983,0.03794170927114843,0.011872870860862972,0.7641120899434232,0.7456416922989925,1.0,success,
PAT_908_1726_939.png,0.6491059697951471,0.5358051259731093,0.8203121779570951,0.005176266156911182,0.03602809014259213,0.059079353734496846,0.0053589837490944005,0.035189588988763766,0.06102162230166221,0.01944408380083576,0.07335647573836745,0.0605706064947138,0.8385695074027533,0.7821671516863213,1.0,success,
PAT_666_1271_645.png,0.7828772898095031,0.21082985630668846,0.6137146063666833,0.03955353785675745,0.057102273789274315,0.022818640654844843,0.04034148379189486,0.05876595261818877,0.017103322605039464,0.076829397132332,0.10660937341760232,0.012265651305658709,0.8662378940248471,0.782159528758575,0.9921875,success,
PAT_115_1138_870.png,0.6283841060665326,0.506835265021095,0.6160750367748089,0.009276798945584242,0.08794095516004861,0.14591484868840585,0.007127608199194956,0.0791782136385427,0.13765341504684125,0.0038488749733374228,0.008616777626136995,0.1365116706354279,0.7804581897446099,0.7612783700054366,0.9302325581395349,success,
PAT_585_1130_474.png,0.9632548513210006,0.12699142423204177,0.5605156711037018,0.32410960177686193,0.058739885975884726,0.11327460364474276,0.33832626918217784,0.05561787898782146,0.10204406211907167,0.19865958297275987,0.0010193987989409459,0.035327202615988984,0.930365947432745,0.9040248858202824,1.0,success,
PAT_464_1794_78.png,0.6496414782983208,0.44841229614201944,0.7977362663693082,0.010137013174041401,0.07433422905890978,0.06877705385421494,0.009134055849854907,0.058749030722421276,0.050869095167547305,0.01182147764068778,0.03517056578725403,0.03746222718342118,0.7804566959525612,0.7360412285466664,1.0,success,
PAT_587_1117_880.png,0.6366449709162982,0.5002539506657991,0.7618490769432295,0.01406129666807643,0.1257174961440978,0.054645941620483474,0.012009895603764717,0.10976711467117244,0.04282665835877268,0.021870939329165,0.008770366365626336,0.004441986507576656,0.7515386605555303,0.795460410661421,0.9921875,success,
PAT_500_947_77.png,0.6660798402215277,0.6193186931149862,0.6584128724291115,0.009401176028284568,0.11625370702141036,0.06287840936021252,0.009196516318864447,0.11214908778773446,0.054885222056963674,0.010839231906055128,0.19303422323577324,0.06592431832321177,0.8115052932059235,0.7868462952945461,1.0,success,
PAT_2011_4140_988.png,0.6612623145577021,0.2108076453591681,0.7845195383117786,0.07152063731087528,0.07237973081626657,0.14311510706682873,0.07628600827345758,0.08089529632460742,0.15858095517016008,0.05783825471596502,0.059251225266744395,0.10489756622430468,0.5287368306373965,0.570992797353197,0.9538461538461539,success,
PAT_600_1141_542.png,0.7118731631871428,0.32717955051840264,0.6023890534066948,0.12020232394412136,0.1480553758260374,0.1592850442827072,0.1072475368009556,0.13770977162873702,0.1537580027980949,0.013122566821082494,0.04222393643197203,0.10860733718934468,0.8698558938949978,0.8714318367649369,1.0,success,
PAT_1661_2956_357.png,0.6296912292642486,0.49960999424811664,0.8523033253368125,0.009184948427200714,0.07097866237856613,0.0510402615304447,0.00805378997866503,0.0626177765240103,0.03357221144645371,0.0015594394033411638,0.009134242819018368,0.021113397674231038,0.47898903775883067,0.598943185432013,0.8787878787878788,success,
PAT_1682_3050_600.png,0.5944498295097026,0.27532822479896507,0.5052812060128093,0.009793758648824265,0.051050215867440865,0.07189685645662103,0.008129023630596182,0.0400541342242429,0.06483256302869458,0.014765897340907545,0.0365626183679193,0.10796366737549057,0.9089634473195379,0.8490056996378312,0.9921875,success,
PAT_832_1569_413.png,0.77387990026719,0.2925928087788933,0.5574903975131963,0.13873535858754973,0.1146337905571644,0.08914952326787892,0.10086425320207262,0.09920173547346821,0.0867219702955026,0.025825674640751434,0.04927624580395154,0.03340756533746525,0.7775782512059066,0.6702296526362018,0.99609375,success,
PAT_131_197_974.png,0.6537711549627798,0.17953397319909642,0.8582987282315526,0.023362092827355494,0.03804550687249433,0.06145360706135229,0.02379774368631233,0.041928467584326536,0.06242423437189142,0.0030237726760356212,0.0030347480693152518,0.022612058700985482,0.8628157123576832,0.8325510691478921,1.0,success,
PAT_270_1382_561.png,0.9662114090041665,0.16483380798392472,0.21214254655112796,0.33740666012627873,0.07646472172952756,0.09702790472644937,0.3505229288742988,0.06577164333828467,0.11304281274207932,0.3384212252909503,0.05310728447705282,0.2441506133863689,0.7547983049867824,0.8045564080426547,0.96875,success,
PAT_170_264_785.png,0.6303561577707477,0.5240449179951076,0.6937909408809574,0.005394398294395644,0.05314860562722121,0.043297084729080094,0.004512434283736658,0.05008566113585593,0.0383364602386509,0.0039591826705097964,0.02287266948835842,0.006637476211021953,0.866238113666945,0.8666941488451078,1.0,success,
PAT_1364_1246_420.png,0.5761417471511131,0.4662182919208277,0.635559271153251,0.007129694453135675,0.07973042846016182,0.05043002033775684,0.0063556342826305585,0.0760655201664919,0.043238897778538773,0.0051689568725298805,0.15031298117048214,0.06875703123389276,0.9169200002413762,0.8671443394410168,1.0,success,
PAT_192_295_164.png,0.6231179483501463,0.5010670466485037,0.7935987552648626,0.009446991068190727,0.05354299981695758,0.06502616596504475,0.009388770626958816,0.047272296967244505,0.06373119096721398,0.015677758785141153,0.02159417971353844,0.01604299271830445,0.9248974944387142,0.8828237068863736,1.0,success,
PAT_93_142_269.png,0.6128655287098641,0.17563489845571856,0.6051298690021142,0.017402697175710215,0.010068029829375163,0.03070702690815151,0.01564878050110302,0.007058974676717608,0.03017042845914286,0.0024104140538644477,0.004573958849240639,0.0022810936422995587,0.9434219319716287,0.8860252211141256,1.0,success,
PAT_831_1570_991.png,0.6513804190622865,0.12798553402051088,0.7305124673329547,0.20429595096339992,0.07209458315593398,0.09444637372064116,0.18950554393603555,0.07286534494608445,0.08550577030962202,0.019749248934861026,0.1134053874870854,0.08029812163975636,0.8731085552094222,0.8464226250034361,1.0,success,
PAT_840_1595_981.png,0.6572160973030261,0.4290231871519505,0.4879539103716964,0.08662391764256898,0.14715469151495714,0.07846799863076581,0.06302292470009668,0.13182078503876882,0.053571112882257334,0.008752902910131154,0.1396926685067998,0.003423902860105188,0.8160110786818406,0.7973810842240899,0.9803921568627451,success,
PAT_792_1498_936.png,0.8239065528277066,0.05592235241079676,0.6156789081249752,0.327339325653835,0.044103068358147035,0.08951726830989398,0.3078657635435363,0.04064881646021569,0.0833632715046842,0.08560970510444497,0.010146930839321729,0.010890692921364242,0.761118905334561,0.7108418999468361,0.9296875,success,
PAT_2155_4784_483.png,0.5862656757580093,0.4892720338418493,0.5444390780094597,0.007869408205095714,0.04388319039828393,0.08414063252921877,0.006496544892412127,0.03373924833944762,0.08156350876372243,0.0033420592801070214,0.026010131112687962,0.12301759406430457,0.8831730266771791,0.8667166822868855,1.0,success,
PAT_291_446_704.png,0.6648747189859964,0.36473429154798953,0.5900982041723027,0.04157598952708527,0.12962504358847626,0.07676736976709903,0.015078374982384062,0.1101962478649526,0.04941529015711455,0.01986534017123963,0.015745835318167867,0.0025324342413969303,0.8234228048725709,0.7677963744804669,1.0,success,
PAT_1392_1353_161.png,0.6374280072195306,0.4337341668799279,0.7388409802702933,0.027284058022337288,0.07707538884085023,0.06814964454530718,0.025361142632318104,0.07052165588823099,0.0611712146494618,0.014090460046723843,0.02189177580483831,0.02580679223610527,0.8876907186691196,0.8579047242163788,1.0,success,
PAT_939_1791_329.png,0.2836973829771295,0.10612587360015895,0.2939843416484765,0.19162260324149297,0.04809306768577352,0.05540717511041291,0.18270053330520916,0.03731259903839446,0.058718069067646636,0.27409987360455523,0.015122788676962817,0.11072698228905414,0.5614764324965993,0.4542681758782653,0.99609375,success,
PAT_1057_242_297.png,0.6217325016286315,0.3500822953243765,0.5284226091546246,0.01583162591997681,0.05602981549532276,0.032746923683932457,0.014547326376404237,0.05319603696180678,0.029194188580569522,0.024017192628318026,0.006677819189748746,0.0009305095033068644,0.821464635384981,0.8519291119701118,1.0,success,
PAT_1760_3326_525.png,0.640650138941904,0.4449217480114833,0.6666738145361548,0.0139146826934286,0.10165152574756776,0.058882611271094,0.012703951440444129,0.08856643406190627,0.04022091859244468,0.010767895841548617,0.023086441857561923,0.018095408710404493,0.6422527400703216,0.7406300862024454,0.9140625,success,
PAT_346_720_265.png,0.6951486755811832,0.29960406499220255,0.5363612814722117,0.029085348995503853,0.1361322346707666,0.05039845383669672,0.028490479577185177,0.12648818285078192,0.05093979601014819,0.002191347606318159,0.07269737847944135,0.0003689762077110359,0.9188357386516649,0.8719065523087614,1.0,success,
PAT_838_1587_73.png,0.6460369477379132,0.4949002407980736,0.8225602656717207,0.009158612369343913,0.09028345798542535,0.06571155504713158,0.007381733415634377,0.08250121155432397,0.060506781127317166,0.0017835849094223497,0.03582772855058536,0.0013492828220063036,0.7243671738061132,0.7571104316927629,0.9603960396039604,success,
PAT_738_1397_966.png,0.686418024679225,0.42462609210721164,0.9253913293438211,0.0159060498492993,0.11195687069269182,0.05921088706299086,0.012630626976935394,0.1020015362778847,0.04443147881510569,0.013911006053448303,0.05565661350351986,0.02716604513726295,0.9538300512925454,0.8906777748354782,1.0,success,
PAT_372_760_267.png,0.6293063871954848,0.6706626573749908,0.5614368528643792,0.015558130299374612,0.12716587360741066,0.13353710082747347,0.01405647359514825,0.12274252926157071,0.13193346789272195,0.012906779389052837,0.15967961332444958,0.13352778316321356,0.5256030934936791,0.33898034119554377,1.0,success,
PAT_1922_3848_451.png,0.4891283271589174,0.14571605146356537,0.5646018888481288,0.089174949937727,0.06159630531346046,0.1182461820151515,0.07824129663375608,0.05392580158372908,0.10799428366856348,0.0643018420394777,0.024804436078607106,0.08220464917967618,0.9380365105908584,0.887048724169967,1.0,success,
PAT_286_1458_381.png,0.603460931456437,0.5821503345439027,0.6898793867293711,0.009828075785297184,0.045330373194449415,0.06606323647069279,0.009120090105555971,0.03861772473983422,0.06773155260357164,0.0031648514837199415,0.04080437638248857,0.06111832579236687,0.554022708180945,0.5242567043614198,0.9608695652173913,success,
PAT_161_250_338.png,0.6960878001377591,0.17789793901946868,0.6902555281871443,0.018513220505433175,0.009417850669113248,0.03153035018833974,0.017923584834171932,0.005469955895453064,0.029067843703619707,0.0015281864430483614,0.002449720044156778,0.012159649835803754,0.8234057146838267,0.6574311242179292,0.9140625,success,
PAT_349_724_750.png,0.6437200091448179,0.3073098291081511,0.8976790652939979,0.019785618979195903,0.07980306331210968,0.037279171822644674,0.01880829399473432,0.069647868053121,0.02501362099197582,0.03517732242299895,0.011472735171012993,0.0016610448120896182,0.772337110065614,0.7715891947874005,0.95703125,success,
PAT_522_986_305.png,0.7345274862320956,0.2882609100647385,0.6278210143915048,0.047322278832266335,0.10892447270675494,0.07349466873020905,0.04337285793195509,0.10852049923022793,0.07015147915597864,0.08009109225403985,0.060940941937871695,0.049493767262286714,0.8898191400348694,0.8445469551413275,1.0,success,
PAT_793_1512_513.png,0.6019236539010727,0.45309865070848565,0.7640163203272378,0.00787354369644787,0.08169332250453323,0.07906119355554479,0.006857536893408357,0.07744263853327575,0.06928059014342051,0.01605461800565027,0.13147950523370183,0.08018951921381878,0.693759555729702,0.673614534847451,1.0,success,
PAT_462_896_893.png,0.6804870972165549,0.4544480641677327,0.47306920966539723,0.022880018750618777,0.12573302841954043,0.08429363158728083,0.019721756612522165,0.10658694779093413,0.0679623208497155,0.007538690117118563,0.05407355028143224,0.08361781564712667,0.7830528210204932,0.6756007757806951,0.88671875,success,
PAT_895_1699_872.png,0.6040368616565821,0.5500685068583833,0.6307625728473366,0.008803642294024356,0.053677367314956884,0.10166899938158211,0.008645491158555613,0.04434153228440749,0.09911494736160793,0.014709124533977618,0.07497858669934404,0.15102717571897517,0.7776204752260283,0.7366673262630036,0.9921875,success,
PAT_545_1030_854.png,0.6685153315991741,0.3143055107005402,0.562303435689468,0.015769894267826476,0.11474884279360699,0.04166729119290377,0.015588691199211878,0.11569142952072309,0.03790577357305263,0.04001288009800332,0.20634557534815534,0.03871689983481841,0.6651700565542477,0.7060836995258185,0.9296875,success,
PAT_145_216_158.png,0.6235428713117436,0.5305889279202095,0.5777972181526256,0.03337451457389806,0.17147752323687807,0.14535667418566228,0.01755149959206547,0.15365533381868732,0.12897998037218203,0.015215722686825788,0.13719012006918374,0.0026047993302538153,0.7313516490671912,0.837764833571891,0.98046875,success,
PAT_214_329_70.png,0.6664341534742432,0.44426932986935236,0.7534081189727799,0.01252133568011334,0.10495138790465604,0.09855861295121054,0.011119977846263665,0.06478991114704244,0.053647772350884526,0.027168892354487578,0.008376636889611377,0.005230105402997065,0.5910039333034025,0.5646712795947975,0.9140625,success,
PAT_1124_489_151.png,0.7750664103015072,0.12481274202889268,0.6054118394329284,0.11243386800603523,0.0429143452512556,0.03395800793383737,0.09928631661902253,0.03679701869931686,0.028306434167510008,0.1472376419599149,0.019283341719460514,0.023554559009460463,0.7899870555461412,0.7233679348788137,0.95703125,success,
PAT_513_964_343.png,0.6620485593344546,0.5477324634934518,0.6885860849916174,0.006490626255214525,0.10976584751930228,0.08377683972843844,0.0052016990657417364,0.10188289095519895,0.07502810743227807,0.003471518025104577,0.055721510284441444,0.038107365069344756,0.8500540310942801,0.8401469961767446,0.9949748743718593,success,
PAT_439_859_283.png,0.6307766509835703,0.499760781094732,0.4793808564072575,0.011037324558619792,0.056253386763753035,0.033296217235053764,0.009362797235103606,0.05082670462544813,0.02879074126768265,0.011805734266103781,0.07402248404111711,0.03036608910194466,0.7511561865189961,0.5800225236786306,0.84765625,success,
PAT_108_162_660.png,0.6036902501738852,0.19982165911893507,0.5597585742078439,0.07352859805494731,0.13499889420152858,0.08096834729968194,0.06441326600685726,0.14271682974276853,0.07910130165600711,0.03792367510367261,0.04266984056524292,0.013616286360098151,0.8773447605579008,0.8399963903112682,1.0,success,
PAT_354_1817_500.png,0.6326789241529558,0.32919016052016664,0.3630340089403637,0.017551377434721908,0.09818897747848916,0.1094155462236725,0.012727337031829945,0.0908095458556916,0.10897205085985437,0.008921740279401607,0.14695464974126946,0.19048998629308883,0.7588371652596559,0.8095396896235366,1.0,success,
PAT_1619_2774_616.png,0.6189652523677652,0.5891482722755114,0.6802409212247804,0.003578387198381684,0.041430624622800116,0.06009752210226469,0.0030510005922399154,0.03944014586222394,0.05757836192628563,3.9258846099462136e-05,0.06885178418244398,0.07851939629342342,0.8526289703274195,0.864150636575033,1.0,success,
PAT_1993_4076_174.png,0.6784941835913585,0.3190448399113829,0.7072795533139956,0.013489592213864478,0.05600766726682867,0.05994831128475314,0.012913620573950547,0.05091583407664006,0.05848573138371345,0.008379201128764021,0.03436338439078601,0.008632846401024685,0.6146455669755532,0.5867278300161106,0.9921875,success,
PAT_510_959_174.png,0.6919059380450008,0.6897237563555468,0.4546518493053428,0.0057947215183369715,0.14730190550399075,0.06271198788396948,0.003857524608806853,0.14282630813396108,0.054319833279279826,0.0027346766266002002,0.2990948194430553,0.08686218629242187,0.8456161276043268,0.7887502201087888,0.9719626168224299,success,
PAT_974_1841_693.png,0.6753529098145165,0.1805703936234247,0.6074256619547741,0.022729697201778986,0.008819946510502922,0.03847792199053385,0.022865525258522253,0.006962549808600896,0.03837556165463906,0.007643357951905788,0.0032558476828105642,0.022877785446389742,0.8221353630391426,0.8352583750022309,1.0,success,
PAT_580_1104_684.png,0.6647909566904935,0.3136718615203503,0.5239944764726814,0.026894752004100218,0.09305176517938389,0.0743906751189896,0.024057889835092328,0.08858341098612572,0.05997656996236366,0.028931123387015607,0.09766268178611284,0.08774485828489464,0.9642908880197016,0.8880747501231491,1.0,success,
PAT_207_313_709.png,0.6401814794439951,0.47076535281494575,0.45959879660018516,0.021837363300663482,0.13395551371823428,0.09353791321253604,0.018512911785482075,0.11472873829446156,0.09091541140577726,0.042374416129778325,0.1007840911812839,0.1383061585875202,0.52973851441838,0.6418398931358263,0.859375,success,
PAT_1945_3923_428.png,0.6380376254989005,0.5518913850006698,0.5205516073663283,0.015549695721921256,0.10916585884664032,0.13129276522793065,0.015391774318076581,0.09391516292543105,0.1309977322771374,0.027119388701612557,0.13563038849024722,0.2127545908394971,0.9004373889338974,0.8250928373638877,1.0,success,
PAT_1875_3689_646.png,0.6657458498959751,0.32342578993504045,0.5580705054152323,0.027386667444244693,0.07484811411408787,0.0447988707113606,0.0260574696068366,0.06697934747059307,0.04190197201173306,0.030477375458705956,0.0420583594287014,0.03438756214914285,0.8216119072138035,0.767381013455182,0.9140625,success,
PAT_935_1781_341.png,0.6395193599778548,0.404063602881074,0.6905936204790891,0.014634590927258875,0.09369119824162041,0.12155795110594057,0.010531989836136043,0.10154954197175824,0.12851802139561008,0.001734490929849544,0.033049617274933885,0.0024402103940557307,0.89600997027659,0.8555916247834134,0.98828125,success,
PAT_493_3016_512.png,0.6009143732019858,0.37906085645596943,0.7742520714722156,0.017578800971765635,0.0668795827773885,0.0913925282962836,0.016416817971077382,0.061770037412770935,0.08220439083043088,0.015584004668362895,0.02994764191350746,0.046988894087174105,0.7998172151229955,0.8090072391460651,1.0,success,
PAT_177_275_905.png,0.6887049735758998,0.15366837152896476,0.6206917546209365,0.21251789215079944,0.08711514417880763,0.10484527332348599,0.17981606041724849,0.07916113567011754,0.09467945305270452,0.04890365506937076,0.01364732202496724,0.03359127541959317,0.6579531759356381,0.7538143750045668,1.0,success,
PAT_2157_4789_969.png,0.61562401934544,0.4131580515432397,0.5940220157210495,0.021327964930820804,0.06621814459577409,0.05265429795756607,0.018854810640216317,0.05639475704170931,0.04190022730726003,0.010562176301222494,0.01273687776620469,0.03929111596309465,0.8061957945035787,0.7799773537394538,0.9666666666666667,success,
PAT_1393_1355_270.png,0.647448608438827,0.316185328726679,0.5721152136574547,0.02020983676340591,0.07881807280255919,0.06911771001700973,0.015860672494478468,0.07224166085694,0.06234768091916811,0.012683071940008972,0.005614199189374225,0.009519686769703162,0.8875020462049232,0.854768408840898,1.0,success,
PAT_806_1520_708.png,0.6373945441531373,0.36322403626857763,0.7095771326953076,0.010781922740878374,0.063026643503853,0.02394006646543293,0.010590937330177732,0.05706772063847622,0.018943532191215123,0.01757717453988374,0.022961658970587273,0.023311358750214617,0.8197393639522502,0.8185562221791206,0.984375,success,
PAT_923_1753_706.png,0.6263911780853263,0.49436480988651316,0.5336588051757365,0.012719561856941383,0.08407955508943492,0.09450020451885519,0.011072084918002134,0.08133295459721622,0.09447233063025369,0.012802132051987927,0.10606545605407108,0.0577042741469016,0.8402163320032864,0.7686936951488805,0.9090909090909091,success,
PAT_497_943_580.png,0.6384668613721218,0.5238032399229132,0.5952557770254198,0.01251291237563962,0.08657860396580712,0.09996265616181359,0.009940125728200517,0.06693629126751927,0.07987124996195145,0.010677249590685594,0.07809814608913307,0.08504575270175252,0.9261580951516016,0.8285867770305045,0.9921875,success,
PAT_1334_1178_413.png,0.7230765993777434,0.18073837718393412,0.22950693861832785,0.23805861542364642,0.10406550850501428,0.08199168013264914,0.2095519199707085,0.09167448208072282,0.0999157036799903,0.16174176028772702,1.2005030839479236e-05,0.28510050859395075,0.8391227051995473,0.8423485405418587,0.9921875,success,
PAT_521_984_412.png,0.6282790849620628,0.7989687033949139,0.4968059522433728,0.00514722465397388,0.08556926064125099,0.050279082197235,0.004694458929422834,0.0839363637480501,0.048427376189106155,0.006361888125866165,0.21299416000401938,0.1072244845030918,0.8826282855522369,0.8564894193181893,1.0,success,
PAT_2125_4653_497.png,0.7111291453364093,0.14191732444776012,0.40699446821329716,0.07263610486929792,0.06688765137071163,0.12009520680843416,0.06589835799418613,0.06372249250901112,0.1348060158858337,0.08744100532557882,0.02429185740796977,0.2745380901388747,0.6015667423178359,0.6539333653709231,0.9453125,success,
PAT_771_1491_390.png,0.7132629696910353,0.26154351918408136,0.5507770125858775,0.056082510060828795,0.09580488840861691,0.039991668041586374,0.050020304842538874,0.08842332863405918,0.03640713849729095,0.008754165379553551,0.007323595111117909,0.015918743773164046,0.9218782121591496,0.8153133330101934,0.92578125,success,
PAT_1256_879_199.png,0.6310392284527797,0.2552985603403687,0.5198009543683512,0.01245948540159043,0.07479192031759453,0.07150543177247456,0.011031903020883584,0.07151317363711325,0.06783768251788387,0.008956783088533468,0.06589026443355159,0.0899728434189202,0.9364618609901629,0.8803829436310099,1.0,success,
PAT_2009_4134_828.png,0.6635291427630817,0.18054755104741657,0.6743706322067254,0.014270173838681278,0.008295422634905892,0.08250761714066013,0.013427571613419767,0.00504619623916799,0.08283925855835805,0.008602117282099345,0.0016077180187155093,0.022463110321598867,0.7876192117542314,0.6636130124037299,1.0,success,
PAT_679_1286_677.png,0.6604727370851472,0.4664528020032348,0.7528154369448519,0.006159616050179374,0.08787210868853229,0.11515695022381531,0.005923080428492703,0.08129277209511933,0.10624405803753166,0.006715247048200249,0.07784253718017409,0.07073897286688158,0.7893651782434187,0.7635155026130492,1.0,success,
PAT_1976_4000_701.png,0.6470386884435462,0.24016858335259317,0.5653488952822695,0.019644198875273775,0.04131283970891348,0.05699506141301927,0.020097891501500886,0.04077622963905265,0.05542479014018764,0.005118797605670741,0.038057296429704984,0.01857302110474046,0.5450610589555126,0.5304023040814457,0.78515625,success,
PAT_879_1676_668.png,0.6295338738081265,0.5934960684302591,0.6520188096410733,0.007938697842725984,0.04895254993216328,0.049926300416203086,0.007327361610252179,0.042718328501400615,0.04811470262335626,0.015144996322041809,0.040935619280138336,0.08470863438892151,0.7920395761146284,0.8192589039615016,0.9166666666666666,success,
PAT_561_1069_418.png,0.6565229906261965,0.436126304938758,0.5748510145875613,0.02314500745635132,0.12942041659534545,0.07626295964522765,0.021250584536341474,0.12238458898305689,0.06889319795488588,0.028982151578565644,0.14955112440782997,0.07485602419125303,0.7908827412599347,0.6942598666739764,1.0,success,
PAT_757_1431_696.png,0.6463264511660143,0.5561059833769574,0.6605970912955346,0.011778657001249249,0.11885025315986537,0.1945852451382735,0.010369918721167007,0.10990218442045264,0.18774442586866077,0.01403140301022374,0.0011312060405190838,0.005725709709522464,0.8536839799797766,0.8547868261886103,0.9951456310679612,success,
PAT_372_760_355.png,0.6831599341078562,0.4445850165355978,0.33963083211176087,0.11331060482223661,0.18746571059867295,0.08116040836253854,0.09100032144189883,0.17254085721445978,0.07762629270620489,0.006396130496392358,0.09418401793987302,0.09454759257376322,0.4781610719505788,0.34194002667909273,0.984375,success,
PAT_770_1451_136.png,0.713921022817935,0.30841226372609876,0.32440720049658595,0.13098986931258746,0.1821049839753146,0.10736085219522314,0.07921451087481253,0.16008928070945738,0.10607623581154432,0.009941261036506907,0.14340264102776143,0.20027897702050262,0.507741685782807,0.49662647589201103,0.8984375,success,
PAT_74_112_729.png,0.6551342661457806,0.27325575282043657,0.5426560478415178,0.09376631371050823,0.1763664815605399,0.1304140966972483,0.05586806333372446,0.18085939594501468,0.12599053424357984,0.019612181109200183,0.062435572630769764,0.05517285662129451,0.7236590263346692,0.7257595986839759,0.953125,success,
PAT_1472_1639_87.png,0.57218644444949,0.09548256524545846,0.6390979639174548,0.20403528201108959,0.07291518072550565,0.09211031812091708,0.18869477851529987,0.07378886221836345,0.08377898853162236,0.06252694923788996,0.09029322225633328,0.07807343310689507,0.9256000909516902,0.8987500815466457,1.0,success,
PAT_354_731_155.png,0.6182719134291763,0.5036285917309156,0.8229966259916238,0.013992596429488911,0.12757459036668883,0.041770281502168424,0.013470511132344662,0.12189611454604873,0.03654559278770171,0.020992149274363926,0.023674363983034075,0.030162277948501126,0.9446133490578859,0.8924194002750531,0.9956896551724138,success,
PAT_1257_887_828.png,0.5637560845087911,0.34370804327100646,0.5173991331650335,0.008836850835849857,0.03123068547359162,0.03658887974506482,0.009118933147711972,0.03559826443137238,0.03913705943824178,0.01915700172919483,0.12050620103306892,0.08316661919567447,0.7072774549447622,0.6952954640658441,0.99609375,success,
PAT_2048_4333_63.png,0.6204298270946412,0.39968632842511453,0.7051932960162361,0.010056953483871882,0.07050860486757288,0.055365878023810725,0.008768168537839285,0.0637430429530831,0.052898475201240955,0.008985304260163534,0.001562229428189288,0.058468985348752,0.8041118291399352,0.7954830387289241,0.98046875,success,
PAT_1304_3507_308.png,0.5806123008418455,0.3663193887909387,0.17867891934248722,0.025582739411553732,0.10550032532818603,0.06976203984411006,0.021818762490964736,0.08028657894771594,0.0716873282402357,0.019928851463336547,0.09965100523607778,0.2004875675017002,0.8929531732870781,0.866377475988061,1.0,success,
PAT_425_841_644.png,0.6754414718673083,0.49897981104635436,0.4559148858566048,0.01873055319844363,0.1443429118300502,0.053193399335084574,0.016841394571687325,0.1409074387584563,0.049579411515787215,0.017157642562415986,0.10457075172294716,0.008104597712771833,0.9036855572152356,0.8646921804263147,1.0,success,
PAT_330_1438_323.png,0.681050090377685,0.37157527252924644,0.8071031672712067,0.014534892932394329,0.1462335224009918,0.06337273139706595,0.010619790384549575,0.12571058294384316,0.052010264114636544,0.0024308418684476072,0.017094302703008046,0.01629589858310221,0.7483498307550842,0.5101728365136169,0.828125,success,
PAT_264_405_118.png,0.6018252376937622,0.38709849418270115,0.7864819212371809,0.02308053468130156,0.10353524926987402,0.08728070976015104,0.010842001472923019,0.09036581821275047,0.07750483024591577,0.0035879608161543,0.03757804043944096,0.0639051237111522,0.8726618631475511,0.8320207524898251,0.98828125,success,
PAT_1881_3711_217.png,0.6205632875235279,0.26158559577677226,0.552853192559075,0.016051933164681138,0.03465567899275234,0.028573475901779444,0.014312834070618877,0.03241264083191503,0.026168199275063645,0.01964612941237039,0.016602369064336597,0.013714134637055508,0.6425066312997347,0.7278788789271503,0.9803921568627451,success,
PAT_1818_3570_577.png,0.6118224198603406,0.5703791422424852,0.439130702313491,0.008465646824938656,0.08843992641298513,0.03084760234601331,0.0083831200527809,0.09688244418786249,0.03328980931677221,0.013523298647071552,0.15796135663599148,0.06292897104363754,0.9280958279529312,0.8655194303113856,1.0,success,
PAT_128_194_144.png,0.5910667966866533,0.1282770853074811,0.6916036964145427,0.25012780840423965,0.051014385386311596,0.11994500157847497,0.24320187464926316,0.04460274998802842,0.10822372206580405,0.03113412433315822,0.02846913046202862,0.060457071603308266,0.7931150548885898,0.8519875004502458,0.9512195121951219,success,
PAT_1554_4170_992.png,0.6026296072335707,0.2128324264236109,0.5392859050207393,0.18434600879265303,0.1721135010176875,0.10453629326806071,0.17511695306081887,0.16993609715284702,0.10053880586946233,0.04775624958309213,0.023005312113486553,0.06078720261619697,0.907442795316633,0.8891006845987294,1.0,success,
PAT_307_659_85.png,0.6858210058950632,0.31560657641253004,0.498879476420447,0.04677583382671726,0.08714239047785478,0.07328841672287001,0.026335549207440436,0.08054812924145445,0.06459833671950528,0.030917445170980783,0.010449001831542515,0.01750584886161266,0.9279896724435974,0.8687352413675502,1.0,success,
PAT_106_158_249.png,0.684449569577786,0.27812429164453495,0.6384419506572975,0.03084294611527162,0.09655915675580168,0.07178730760204056,0.02720248597083271,0.08466718428890763,0.06224744505136279,0.03724654911745004,0.04636630971101385,0.017794144455346994,0.6981315635650687,0.7007276209347527,0.828125,success,
PAT_817_1537_643.png,0.7055744596975714,0.2636060483038112,0.5860987775664813,0.035575735350582616,0.07917048951228452,0.04610524762462324,0.03012062546855412,0.06892601518955398,0.04157011952698716,0.03498140945944499,0.05721408002119244,0.028106244950883763,0.6956109097954422,0.7914659875477554,1.0,success,
PAT_255_388_77.png,0.6362857876717671,0.3148671183788273,0.611044202023563,0.015493206820764807,0.06649686545582185,0.12562406465515474,0.013206530140001015,0.05943881306305613,0.11478432384587858,0.004225383813908302,0.011971911692744586,0.07130755283588808,0.8131071268042793,0.7312744729940474,1.0,success,
PAT_390_790_505.png,0.6330534431087985,0.4982074102894568,0.5561680811224862,0.02854799647781973,0.19461206753509425,0.07336821821750582,0.02765649163989545,0.19801111096511914,0.07436958730476191,0.021657966448838235,0.21931178689760084,0.08286337862708859,0.6770742809066028,0.6567110936304439,0.9932432432432432,success,
PAT_1068_285_845.png,0.6226591414133206,0.22163184148219664,0.6083477001586097,0.017873463431367483,0.04372547697206251,0.07860612318205618,0.014671330957068573,0.0402977523719371,0.07536421738243855,0.03158239979973085,0.11163993526564878,0.15083352226378133,0.7048249143729017,0.714177453656805,1.0,success,
PAT_1947_3926_165.png,0.6168594930623944,0.5113100328855068,0.5910977922937922,0.007684549476739458,0.11629512550121598,0.08926240896881553,0.007048650275985277,0.10504156244546758,0.08674916812009506,0.010428168658374658,0.06659251211588557,0.12064421454893648,0.7817720341382519,0.7037744420701074,1.0,success,
PAT_1733_3239_934.png,0.6194448832849364,0.4597304076009736,0.7927344724909497,0.013681141327336478,0.11773808743064326,0.10808879827380666,0.013031949539311546,0.11412715308997488,0.10388068185190417,0.022143308643651317,0.16837292284746874,0.14992169778385167,0.8341571144196358,0.8192595012915895,0.96875,success,
PAT_531_1004_189.png,0.645542454580151,0.3638044849420093,0.5314168840553086,0.012783554869854509,0.06222301602235199,0.03343964215299715,0.010001243889886496,0.05841611922520389,0.030287535914660952,0.010245119146711959,0.09086358108654985,0.03269060808996793,0.9259264180666841,0.8277826318945077,1.0,success,
PAT_1364_1246_927.png,0.5846911565746344,0.40906650127100924,0.7022837757197296,0.006115077962227506,0.05684483662007502,0.03523153717267746,0.004999611282208458,0.054262528701637155,0.028543243826999316,0.007807709503616738,0.09307504525635613,0.03474847809915227,0.7964570739166336,0.8442845875040512,0.98046875,success,
PAT_981_1848_486.png,0.6272881735534486,0.36359872788268605,0.6444541377739358,0.012062942425309201,0.04742612172912251,0.07049207298390547,0.011326220322580328,0.041435091124287025,0.06488250825553002,0.01275243804049582,0.01023530648261689,0.024242784843081844,0.8680790419095112,0.7988062665110734,0.9852216748768473,success,
PAT_1402_1377_959.png,0.6310042511126143,0.27236702691248144,0.7994723042851385,0.01044350969908508,0.04406484215996729,0.037001886148681176,0.010063278072115175,0.042816219425720066,0.033251201067106585,0.007307777854238869,0.05468791707665588,0.037068282495054006,0.7874871275307929,0.6224455637115176,0.7925925925925926,success,
PAT_233_354_935.png,0.6077785043537252,0.42385281821832765,0.8245194459629923,0.009436008858977713,0.07168775600489186,0.04925640168162765,0.008837392812411388,0.0700825579917291,0.04281428957468313,0.012707232225608638,0.055528860664051105,0.060027319122256784,0.8292492010858619,0.8027052091708965,0.9477611940298507,success,
PAT_1042_187_746.png,0.6333438956220719,0.17971644140165605,0.6251090518181137,0.026402283482048528,0.04239503019525751,0.0360640784869666,0.023959194806045223,0.04034342942801953,0.03072334742714705,0.022033612089864835,0.01457383450514435,0.0015988595058730182,0.5088223322010805,0.594468708019699,0.7566137566137566,success,
PAT_1813_3562_195.png,0.6042373871733796,0.540099259714862,0.47646090353185844,0.006745296785504513,0.05695505454694435,0.03645878873935236,0.005832519967092698,0.04935161600213848,0.03563076533580731,0.009951944875604508,0.01065819153970371,0.06256579660021944,0.8345289066510002,0.7651843463327308,0.9803921568627451,success,
PAT_689_1306_772.png,0.6297850102249493,0.6362417109937715,0.5862517779553027,0.014470957069393482,0.11821233490393454,0.10175267915551438,0.012933204329812778,0.10969705327330954,0.0959446295538098,0.008722569309680258,0.0678416264858791,0.032104543536865204,0.8683148417089515,0.831423955540635,1.0,success,
PAT_1769_3342_63.png,0.6229981767959479,0.553311526836789,0.657736190572796,0.006342528718713488,0.07183674611322556,0.08697365981283081,0.004967907761073491,0.0671450225816346,0.08753598708679951,0.004436497486166344,0.011968759760697334,0.005124292178701029,0.872864150041337,0.7440132846248292,1.0,success,
PAT_853_1642_497.png,0.6700864992414558,0.4329878121461351,0.6596069491626438,0.01815130651770009,0.12598867634552452,0.07031386273000728,0.016465009200266327,0.11372493808749852,0.05993618126004989,0.0018783925878221592,0.14356450827264633,0.07098437489856035,0.80216357448791,0.6377629602657077,1.0,success,
PAT_108_161_423.png,0.5914967824819868,0.3218436432840348,0.5185766647232214,0.07738420444282815,0.14563694148847653,0.09686911340016696,0.06918357150529102,0.13014062748732108,0.09654022210170234,0.009660912781846302,0.1087791685858586,0.01530498050368212,0.8412942870652258,0.7663193899853836,0.96484375,success,
PAT_1476_1657_788.png,0.5993917415497052,0.16157044051690975,0.9974737948051012,0.02113892835627189,0.017002584531590235,0.00313719482834714,0.020204839434926666,0.015585981132174057,0.0018099564736611215,0.00032028972059529163,0.0029505333845831205,0.00027560518584202054,0.8193634724927517,0.8132820390253611,1.0,success,
PAT_1109_436_141.png,0.6551091771568573,0.5358660226905992,0.3508156122181854,0.007813791535405113,0.08122367540042512,0.09009205869791846,0.007541184296782373,0.061778791239004205,0.09453786330373129,0.024089423013433968,0.13925742322618728,0.2724822205472866,0.8227899880092568,0.8180163497813061,0.996078431372549,success,
PAT_211_319_777.png,0.6435547561022583,0.4823897121960582,0.6955223538840232,0.01134595508873249,0.05487252472572119,0.045124340948053294,0.010723434347652373,0.050617868275859824,0.04073168779359758,0.014661521482712046,0.05094837095544613,0.010087478239590886,0.8306573868828042,0.8133366908653014,1.0,success,
PAT_1393_1356_371.png,0.654490562446313,0.1860453769212003,0.6014301803776998,0.026268828879277593,0.09473176435183053,0.08989949580350097,0.02131752099368824,0.08844176650162229,0.0858587677873444,0.012568699344796149,0.09990451810481965,0.08139893129391662,0.6967416741868123,0.5279395311678842,0.99609375,success,
PAT_319_679_533.png,0.6460004132697024,0.5842185012183428,0.6321255464949551,0.011385561161965572,0.12725470171647707,0.06482935512771253,0.008750486769583695,0.11391347973288182,0.058962261360633796,0.005441124477522328,0.06467060718552176,0.07218018578131646,0.7530888615564082,0.746688685250097,0.8828125,success,
PAT_766_1444_52.png,0.6340906987379507,0.31390183504917085,0.7315477890869262,0.017175392178961326,0.07861027174129921,0.04132351069105692,0.016121777935825324,0.0722427789838054,0.03904946422595918,0.0057998058966161475,0.027920799820529585,0.013970000616910005,0.5868347746178811,0.6521881053811192,0.9921875,success,
PAT_408_811_808.png,0.6992302546527203,0.2086830950981275,0.7298809971454144,0.04590496847784749,0.08242410016643541,0.1423981580662688,0.029186945170872513,0.07075613912834992,0.13330226079311597,0.04994487421411888,0.026637779976793313,0.01664142183930939,0.870746257235685,0.8227082841729266,1.0,success,
PAT_1639_2879_744.png,0.6467792160521888,0.25923285315301303,0.3661491989226448,0.12331141340978946,0.1403945425326742,0.12435667440418745,0.06453007743895604,0.13033142070733583,0.12331935317238182,0.03336187721535408,0.02803269147900528,0.18154438987509963,0.8601758211475288,0.8600776767152897,1.0,success,
PAT_645_1222_140.png,0.7664089023873414,0.16794997446660817,0.6840976518288499,0.03679218038063116,0.030823577845097084,0.04581426093749288,0.03407334419210376,0.028868549106546498,0.039939621021005955,0.0008929634282501473,0.02516609025245123,0.011553654384530598,0.8626006142587108,0.8209855659687968,1.0,success,
PAT_179_278_331.png,0.7074927589578923,0.21988952696473196,0.5403108403958039,0.04839148344584869,0.06820813659547299,0.05478134463324242,0.04265893955908531,0.0635299617891136,0.04730659150877187,0.07688349439733291,0.024679766353660232,0.019945555727719833,0.7767586969175231,0.7755226654593644,0.9921875,success,
PAT_726_1371_543.png,0.6639514964203131,0.47907055677738564,0.8375189828241659,0.006593749193950835,0.049324708375969466,0.06276110424739842,0.005554024682651581,0.04185560080754232,0.055145598892703075,0.009357547172616954,0.009778079162951592,0.003498198818221332,0.8959531236021103,0.8468374453539685,1.0,success,
PAT_82_125_525.png,0.6562849514668281,0.4693066945653763,0.4655664675508758,0.012674340185849904,0.0796734614501217,0.11581506696845541,0.009001981162950215,0.06483285937716778,0.10355863713377952,0.01302871953471391,0.05075278096855185,0.1511693752047179,0.916930527579596,0.8013122656976305,1.0,success,
PAT_109_868_723.png,0.6281703800771956,0.5316713586360502,0.31343818604672813,0.012529426787213166,0.1377590661609686,0.12292303296976721,0.009538789600594339,0.078365827878901,0.11671283172440096,0.01231900249004975,0.1265433966506112,0.21640872316295257,0.8414389682597696,0.8076033159432615,0.99,success,
PAT_286_1459_926.png,0.6355081386287789,0.37170513775130304,0.7358389178456193,0.0045318942568356715,0.044249502136025624,0.03526149262510387,0.0036203790182579155,0.04245618846982284,0.03063755347137899,0.000469600494057766,0.10432177061134362,0.031670660698442044,0.9291610937907173,0.8880632295759239,1.0,success,
PAT_851_4519_488.png,0.6368693515837458,0.40269361002311105,0.8478459153479795,0.013089897929289959,0.08353216693557515,0.06422829846049181,0.009665913517158495,0.060133517201263455,0.03568881419022247,0.012721596873104426,0.02513664616695621,0.011355130875228547,0.7812351444965906,0.7953294272652356,0.9375,success,
PAT_1243_836_47.png,0.626400079768489,0.5247481511969213,0.5114545722344351,0.011056584572961489,0.05712699789934492,0.07145547892092263,0.00989362182542784,0.04631552191011299,0.06735015215538236,0.012899400760428234,0.045515048349216936,0.05051387915770755,0.8171855053242993,0.8290030868967172,0.98828125,success,
PAT_1329_1168_620.png,0.5978802035048352,0.41936216600193454,0.6486889966124633,0.0070972964507749915,0.03768990310493969,0.06296400477733209,0.007132164600677396,0.03143749468234742,0.0674407101905374,0.017681457665195667,0.014014088351289145,0.1363820947223805,0.8993757231906236,0.8645521063950773,1.0,success,
PAT_115_176_455.png,0.6530149767180345,0.5441378624689313,0.7816368958851146,0.025016980772579057,0.12954630316998147,0.11956262009070755,0.02240048497985969,0.11880031872405092,0.11324553212056847,0.004498864106587537,0.08517535402857751,0.07545726240675443,0.6171527240803092,0.7036387391543656,1.0,success,
PAT_1439_1521_868.png,0.6482561260555526,0.17288874603652502,0.6414576094651444,0.21331901908283327,0.14023127574884234,0.09163267596794164,0.17988022729021155,0.14904776198034725,0.08279101931284323,0.0005705167750668415,0.19975309615765244,0.1014934018544349,0.40263367109243153,0.532577462355472,0.890625,success,
PAT_2043_4308_681.png,0.7459021027013972,0.12456222380336977,0.6148698215400701,0.17213745250969137,0.058638533490437274,0.05530134314663545,0.13337662099403857,0.048280797314090754,0.03943369300165096,0.08129335083860849,0.03127033173316275,0.003269320324543634,0.3832871012482663,0.41979585790950624,0.75390625,success,
PAT_827_1599_248.png,0.6635242672507288,0.3954931189867251,0.6075087078309584,0.023734226990586842,0.08533994660328287,0.059955876765584094,0.021577062675189062,0.0826458706334139,0.0512750103531628,0.027621590460109976,0.01427595427513828,0.031249271466234796,0.9243451681059123,0.8221035310830594,1.0,success,
PAT_1181_659_231.png,0.6771296855471505,0.15316130464221797,0.7270218217678245,0.033634417840111175,0.034968054246913516,0.0935319201951667,0.030608896774632077,0.028967540143312404,0.10224599543281906,0.054062812828854355,0.0082616942199224,0.0006671916586470372,0.6650526941786401,0.6023055603522016,1.0,success,
PAT_1326_1156_139.png,0.8010077695113695,0.21468700272406074,0.45562275804407043,0.08124902197773426,0.05766959725404396,0.06455590797542221,0.08045619698854914,0.05353110194845414,0.06254334690482356,0.15355581282219732,0.10404047774173522,0.13297612521784358,0.8574407925660773,0.8627922248175811,1.0,success,
PAT_1074_322_174.png,0.6103973458164924,0.25060579890755785,0.6152413539286742,0.017846125347809976,0.060558021089807665,0.060359276494816594,0.014584783103180112,0.054215654059583125,0.058019125718936804,0.010707391118102075,0.016831334594456238,0.008837806164612938,0.6779681582075707,0.5802273025746819,0.9765625,success,
PAT_503_949_409.png,0.6137251952450964,0.3021217074988746,0.8684464807393354,0.015035539819219432,0.056675466576172916,0.03477372193170223,0.013950858453393491,0.053012998212907406,0.02961756838460396,0.013246345821639713,0.015779756941839973,0.0009796985011408799,0.8321512721037051,0.7937797324869265,0.98828125,success,
PAT_691_1310_780.png,0.6812373068764024,0.2519849543777907,0.5756906425936712,0.07537905107374321,0.07975993755924021,0.06138438202093116,0.0542481932456986,0.06357610125119166,0.05399396758912969,0.03966707172820815,0.011619526208604236,0.041451767613561175,0.740722312544164,0.6955678910026775,0.93359375,success,
PAT_514_967_908.png,0.6303496883666206,0.431206102311114,0.7248018622791274,0.009128532188209455,0.05259108842043772,0.039340584547077354,0.009165323762013327,0.04485601788561274,0.032452631665174494,0.017991953514741334,0.01590761748100955,0.009652785738050285,0.896917127743238,0.7873243689249635,1.0,success,
PAT_217_333_61.png,0.6844922332387992,0.152455507585885,0.9856122515281922,0.008286352767143356,0.020959202370689378,0.018886784191898633,0.00626391878756976,0.021296266028669315,0.018696328650190507,0.0004549517243609734,0.011836497872476426,0.0004350568359735574,0.9364253547988949,0.8775470194836738,1.0,success,
PAT_467_904_235.png,0.654067951275257,0.31686108580427225,0.5439775463115152,0.02386452448880316,0.08902039947457466,0.029230581299886437,0.02150714530362048,0.08362044063806662,0.025117335773878514,0.021120576850762834,0.05023183655401675,0.01021906825000296,0.60132820620457,0.6497876190697154,1.0,success,
PAT_101_1041_651.png,0.589287699011405,0.30484261423924935,0.4358813360929591,0.05206193488560393,0.13157612838885563,0.09704346942609907,0.04669376748642277,0.12472542974826209,0.0860180981473144,0.0018099865477976904,0.06632533119979583,0.017992491699027224,0.8864746742420269,0.79915762711083,0.9140625,success,
PAT_1347_1226_928.png,0.6371315639015417,0.4076698050041597,0.6837418349683989,0.014263844230520054,0.042136881077370306,0.04201638926717781,0.013672434972762937,0.03923221622318645,0.03219146780866807,0.014758345426607634,0.03856729543376414,0.02162809522400977,0.7100989316644007,0.6143501280195531,1.0,success,
PAT_2050_4350_36.png,0.6519934253309196,0.17267352101883404,0.640930553956006,0.01745963742557684,0.015666215461562733,0.02554675668978048,0.01594800291590337,0.012876124580276203,0.02518416077342339,0.012050179049924815,0.004451382070079335,0.0034548437334896986,0.6558760220615467,0.5945840504574738,0.9453125,success,
PAT_73_111_435.png,0.6563290783146704,0.3913356553868172,0.623496461241605,0.036726949257503624,0.1750033791056478,0.08484780728549501,0.02420538925499694,0.17565706905763523,0.0865299155563231,0.015024274345389601,0.04399751771899302,0.02225519864872305,0.7784954200757715,0.8332637803985561,0.99609375,success,
PAT_858_1633_926.png,0.6469405708516741,0.5222424771650778,0.713857796829933,0.01095721411008937,0.07807177026045214,0.036666711034638456,0.009260549822396043,0.07136684355792329,0.02963211383103208,0.01562734639440677,0.08359541834154832,0.02687014434653756,0.7742129928838637,0.7697061194665286,1.0,success,
PAT_652_1231_516.png,0.7011404576428543,0.15000516242878195,0.6814678192962201,0.03278726378522335,0.03452168387640029,0.02532090982684639,0.03339568106165362,0.034673670744819335,0.023276928593495217,0.013635058701832984,0.04692978335505221,0.014351542703307851,0.5792237622427665,0.6341822395355621,1.0,success,
PAT_115_175_283.png,0.657060027949229,0.7463155671019127,0.8047770633872432,0.022457264379461977,0.15553718270943148,0.11928140052676278,0.013574654639558849,0.10171301558848345,0.09747326734703053,0.02499724502060027,0.20466197930606866,0.14929054017499277,0.893662012656123,0.7698005297851209,0.8622448979591837,success,
PAT_1330_1172_722.png,0.6913297007160302,0.395060679465394,0.6214523301637803,0.016653656058694517,0.1299533399204557,0.02774174508025785,0.016884559708618394,0.13249932848777982,0.025291347921065264,0.0343318219877435,0.2336882509611097,0.003109897923520899,0.8429459830265791,0.8325158720986118,1.0,success,
PAT_2061_4395_587.png,0.6439033649881337,0.3137090679454414,0.5314864783834023,0.043130496072309524,0.10039759558039241,0.0736118845913763,0.045740538696096955,0.08925245794404019,0.06975000354413985,0.005045925186353628,0.010557467722291991,0.028808860415549864,0.6528586654837905,0.7757114118683245,0.96484375,success,
PAT_1374_1286_939.png,0.6014443841973924,0.362694204950907,0.6907003640392854,0.010829666034880047,0.0723228697047806,0.06672534716924833,0.009177625274719152,0.06238034727879213,0.061375552621912716,0.010854367103401725,0.06730864731201436,0.11050379284494971,0.3981684601749056,0.3917604411370669,0.9554655870445344,success,
PAT_930_1760_560.png,0.6454220452912669,0.45765827409139426,0.43839624815471095,0.010614505707860768,0.10600846427176545,0.10301361167565476,0.00989112222254168,0.10271256240416346,0.10463900088263973,0.004581739114042923,0.12824483903363143,0.0840142366440429,0.920319289699608,0.8483572917886556,1.0,success,
PAT_2071_4433_848.png,0.6061716371686028,0.32379932977298886,0.6738790401882128,0.006280647247801889,0.031166432581621772,0.027504390222267146,0.005784323309996601,0.02981251699436637,0.024567029398085787,0.0005121506762122073,0.03989598476187839,0.03308101971930755,0.7467475968031239,0.507765298143887,0.875,success,
PAT_673_3928_888.png,0.6797479036807446,0.1739507119666641,0.9049717514124294,0.022869919493099616,0.02368804064313579,0.06960488439191835,0.023659978898482054,0.02383020564227923,0.06960298333534909,0.0036266376801698643,0.008924269761916598,0.04632195709640685,0.6033606012575635,0.5877341794387114,0.9375,success,
PAT_597_1139_181.png,0.610831517496976,0.38379607793423204,0.6541484200563882,0.014921714343904133,0.054019390169351984,0.030120966889692388,0.012590018501602605,0.04533666474965855,0.024004081560822066,0.01903797532217679,0.06153042857825536,0.016351210758280832,0.5845786720372285,0.49981105619005545,0.96875,success,
PAT_235_360_50.png,0.6560367590639804,0.5030122849771667,0.6619565916513611,0.014570401764617297,0.09542470615789361,0.11579308060541305,0.01310053332061585,0.09758109698001619,0.11931093761337869,0.003465110219044634,0.009531450589282453,0.043773905960591275,0.39135514018691586,0.2978379186658607,0.8744186046511628,success,
PAT_1070_304_845.png,0.6455577242803789,0.3983823598874154,0.6507418120051384,0.01988102692363402,0.0571374140411285,0.06882762823419616,0.01648307915335892,0.047354353502845635,0.07341189721712871,0.014650976518534264,0.040047011042706526,0.06036171129844137,0.2701526119202806,0.07379136650375023,0.609375,success,
PAT_490_933_352.png,0.5747445341765788,0.5683559599522335,0.6092974317687101,0.023294997994909736,0.12384124802173509,0.11018885934187847,0.02318639347524829,0.12579202577804363,0.10903896997981458,0.043175765130307374,0.11697519595975675,0.0014244049262766012,0.6934276462552038,0.6665706861150344,0.9133333333333333,success,
PAT_304_4186_458.png,0.6301612321086586,0.26284183035497716,0.48892233973460886,0.02060285478236735,0.07314693820804087,0.07498751374532249,0.011809497599792258,0.07371598914759153,0.07613913774871844,0.004538653969648563,0.0680462913215199,0.04604862510733787,0.3834361854489211,0.2753789338167239,0.76171875,success,
PAT_655_1245_807.png,0.6916630981080976,0.18290015554104913,0.7436051675088449,0.05077879176376099,0.061300558345627296,0.060063630269928545,0.030220390678924083,0.052602248132613785,0.04368241245532244,0.04324897659057041,0.011050264364495105,0.01939545363266648,0.7224415802945638,0.5955941347959784,0.9640287769784173,success,
PAT_1652_2915_65.png,0.5925900173724707,0.46004564546560384,0.7396853946306555,0.006368778696079555,0.04921499821540602,0.08588551223569951,0.005672172852745402,0.0530030011104467,0.08079727525398639,0.005436329795971536,0.1514318678862609,0.1347248818138881,0.7649742995164548,0.7091347212131534,1.0,success,
PAT_1397_1361_183.png,0.6126900088846988,0.5428516428908996,0.5423942959788294,0.007884491877084579,0.0789188778686247,0.07609193616186748,0.0073774541217495795,0.07642660968785475,0.079470314647753,0.006582894172592309,0.11998643776826018,0.06795980285627656,0.7355762937836888,0.4198022360356183,0.9765625,success,
PAT_2143_4736_227.png,0.660325936695583,0.1865331506009879,0.7895537549150722,0.04674720769127962,0.08190340055963469,0.07677408588050029,0.02605391984997496,0.07692521471295408,0.05165434315319511,0.03645359577524571,0.07997351565009325,0.03589257657434919,0.7902096987479295,0.7215422239740501,1.0,success,
PAT_1526_1792_482.png,0.6214117675215409,0.31984622281662695,0.8831459706120282,0.016010118183997578,0.0470938720418417,0.04510194590006555,0.01406494756806459,0.044054926916560384,0.025982584615127657,0.004628580408715364,0.044392172677255815,0.017201438117890766,0.7254560573948521,0.715327426750122,0.99609375,success,
PAT_38_1002_34.png,0.6487281897873748,0.1544657219406019,0.5995843100607174,0.05258390098162586,0.03930231308532651,0.026995322281530138,0.05066569317244455,0.04419240790608069,0.02754047932814599,0.0004764123029619643,0.05291048795304938,0.007175032043324703,0.7332315078035543,0.41286486303445113,0.9550561797752809,success,
PAT_191_294_629.png,0.7246258180435329,0.24038197857800575,0.4714464331153057,0.15737342279265146,0.21841654866205296,0.18856284401710752,0.07650895202506738,0.20387700581396442,0.18164012468862983,0.007359814929031611,0.06330985059565847,0.1177935905731104,0.7160624057436147,0.380172225579914,0.984375,success,
PAT_171_265_757.png,0.7164262325485189,0.3358798496354626,0.47099624296399706,0.06691450178901431,0.15667934117399698,0.0667809171187004,0.043739489513464534,0.13391285901715863,0.049247284566643665,0.057876936073414084,0.06760219095185005,0.02008158170242691,0.43092709129392603,0.16429035776269396,0.7734375,success,
PAT_801_1518_78.png,0.6551902358882289,0.2841857816729701,0.5298559116356371,0.018391038055981294,0.07557075827252767,0.0930435555368148,0.016307410305915725,0.06779878206640727,0.105019873140189,0.02491241274601808,0.0019017737871701579,0.2577809496782316,0.7367704397956392,0.6692877240838448,0.9375,success,
PAT_333_1468_620.png,0.6419809603961082,0.3528484042061688,0.5337555518594495,0.014996857569349249,0.06320597000529403,0.07835657706890316,0.013411735001195888,0.052687011580797485,0.08131701005514,0.021513702142742612,0.020439589921947554,0.18858324015592165,0.8406732638079861,0.7847913388134881,0.9832635983263598,success,
PAT_1145_534_529.png,0.6292792553865705,0.3518900229211413,0.6260335325752152,0.025825251606622877,0.036485145925929025,0.08314709518946,0.02748727917459509,0.029694337237470246,0.08604930615006676,0.02176866470344668,0.021306650902660873,0.091095318281606,0.8607840424659781,0.8333720811547831,1.0,success,
PAT_1588_2629_296.png,0.6599340018317019,0.22731020613373554,0.27361488185017596,0.18714968784164548,0.13031180899240416,0.09796149553745799,0.14242251615364113,0.12341396149694034,0.09685941785633645,0.03956737476228724,0.17530980738891488,0.2319237703923302,0.7600624134403882,0.7156732371939002,1.0,success,
PAT_224_1340_551.png,0.6888447201265187,0.49335609410272196,0.6766058469058412,0.010377906324151295,0.1654071156839,0.10989641817720001,0.00867970784659601,0.16264296111817514,0.11623144705604559,0.010400852328174419,0.0032311042790147404,0.037569665463173196,0.6251311959047513,0.35629916673412887,0.84375,success,
PAT_397_797_742.png,0.7584256502122136,0.178691717725092,0.5980369028477076,0.043179380355933356,0.0286981690125879,0.09265379096136506,0.04089943328451274,0.02533139557968288,0.09475113825601988,0.0633329622547352,0.026287280787877343,0.023295717335565125,0.7893175400582721,0.7673962808172157,0.9921875,success,
PAT_289_442_43.png,0.4253777906860505,0.13978935803126152,0.3609604209405928,0.21822516023415875,0.08259838158777646,0.14722678476575254,0.22855484603104267,0.07962964167104106,0.14256891357086143,0.2899279796190586,0.026865270595198082,0.13376573724869717,0.6956793799153544,0.6606032366571192,0.98828125,success,
PAT_87_133_391.png,0.5918014253126566,0.3528405962817092,0.5050544191758777,0.010240809902483876,0.09259707036527,0.14011184861960105,0.009083327856796847,0.08102568416862509,0.13914952279428558,0.019914383126493206,0.1423587864498335,0.24867496463467298,0.1392357169882709,0.14008483792054244,0.4068627450980392,success,
PAT_46_879_225.png,0.6570187017932274,0.39390666531461355,0.5765727297030706,0.017646376092026943,0.05571225220096614,0.02789146718015913,0.016066294505055298,0.048108358770237586,0.02358014952536403,0.030057868656833304,0.007890322189054833,0.0010555753996507322,0.6179658184013364,0.5627489797677389,0.9140625,success,
PAT_654_1244_16.png,0.6244909349046422,0.4225274096672705,0.6167013061302317,0.01406937981199778,0.058493610973615585,0.09421215603378874,0.011908581448556398,0.05013893130412418,0.08950918695341849,0.015035089358215004,0.009239039929327897,0.10059119746338463,0.8421746537534553,0.7493071265935671,0.921875,success,
PAT_996_6_886.png,0.5694791796789993,0.1793480280664199,0.5564352636429856,0.03521038247268889,0.06802713402081477,0.047650694719210726,0.02025696517651183,0.04704091487548557,0.0444826413364409,0.0010440295537667529,0.005557548701869558,0.015454490842378044,0.8188944294374139,0.7366057958632394,0.93359375,success,
PAT_1350_1230_878.png,0.6866028715226992,0.36522183156651755,0.30509335843931573,0.0731349534240411,0.1896165501496466,0.12399419803959956,0.06909064385350168,0.19088297754840128,0.12791288709701326,0.06662650104292094,0.14372185902848272,0.1407791081943966,0.8998516086420467,0.8705570550921214,1.0,success,
PAT_63_98_187.png,0.6459353432293718,0.3156791156767071,0.5440590048419136,0.018069835863220397,0.08060884552962294,0.04513368190261581,0.01512471870481606,0.07560320438800414,0.04067016816454461,0.012133209769630879,0.11189266173460102,0.03688658177200432,0.7840940650918196,0.740121793454192,0.99609375,success,
PAT_1122_479_664.png,0.5379514042661124,0.14870414843361904,0.577602065515572,0.07445933623702833,0.0717480720918637,0.10175871676429635,0.050657233594176614,0.059484738638822074,0.07526521892595969,0.01189685720237708,0.013697501706792015,0.07052636709955262,0.9020240247134517,0.8451695926128603,1.0,success,
PAT_378_770_302.png,0.6449982762330824,0.5871318224259401,0.7569081225019072,0.011039581115977967,0.08537834933954953,0.04822945903449047,0.010200453843603782,0.07273841405713528,0.04123138398614154,0.02126301319185247,0.0068609267453455525,0.005161176697171088,0.624422428546718,0.7584948233391471,0.88671875,success,
PAT_1648_2904_523.png,0.5947592315977194,0.4416392830212174,0.5539079632793962,0.012962459105722341,0.05134127641751615,0.07952216512959318,0.012913182245748523,0.051331424318962184,0.07945483575225042,0.02193776250887554,0.09316872972972928,0.1264514337652315,0.8236895278098897,0.7845024239234759,1.0,success,
PAT_194_298_945.png,0.5890760026249166,0.4817045961624275,0.45672362653227283,0.012921976207258563,0.1288079929087358,0.19532581548609568,0.009052607490951336,0.08928810907235671,0.17682845487114254,0.007196228591454614,0.0003647266988449638,0.26626581959388274,0.7408565321304743,0.7759109098890402,0.9459459459459459,success,
PAT_1265_908_754.png,0.6560626927476096,0.24002094216936906,0.6329641348706141,0.01563728462410849,0.03275072880391897,0.027937674013033837,0.01499843178821388,0.03038104882524887,0.024929962977952,0.025736147873480615,0.02017864226008151,0.020544243569729947,0.9265132607062443,0.8547133481036586,1.0,success,
PAT_108_162_526.png,0.5818268926210253,0.32271483840386683,0.7077672795369424,0.03776424251466363,0.13626565459462625,0.13310005370580444,0.03278725957634077,0.14320989661338268,0.13697228679352258,0.018713627173503826,0.10223285944647209,0.07969608400765982,0.8924597545820849,0.7956666455730674,0.984375,success,
PAT_381_775_253.png,0.7771320159863903,0.1504497199076564,0.5110311700992115,0.1770836696550492,0.05693041929102213,0.08678848136881696,0.09150375374759097,0.0505081995973227,0.07794078976218514,0.14152729792364435,0.05908046896338602,0.09245379617404181,0.8887392887140492,0.8760490258151273,1.0,success,
PAT_2016_4160_868.png,0.6368050832641439,0.4639038030768422,0.6534810454229467,0.016762754958080255,0.10494841495489049,0.06649681022943164,0.01467850285826527,0.09047579869384502,0.0662307059196831,0.005435975888326065,0.06821255931428966,0.08037364534459579,0.8448751100158687,0.808414785452181,1.0,success,
PAT_723_1396_338.png,0.6352008159702314,0.17677782022277228,0.7578236300005873,0.020614435396480054,0.014837355988291626,0.04650717934617251,0.020521061457406987,0.013638257370626662,0.048616323793444806,0.01017951957011931,0.002426813527316024,0.010345973966781608,0.6982041789364404,0.6368600177579654,1.0,success,
PAT_753_1427_658.png,0.6299297406523006,0.5954165160357382,0.5636282256537382,0.010742536838146102,0.05104488105275019,0.06420084183904992,0.009854953159698745,0.04498956554317321,0.05876627065991317,0.006691375443211929,0.05148552217342506,0.03788833443565176,0.7297229602260649,0.7075156582995188,0.927710843373494,success,
PAT_1719_3203_18.png,0.6443730410585089,0.2397967404780624,0.558699547670341,0.024735000286642637,0.0859839967393325,0.05905624683982178,0.02166767258619154,0.07662036591185814,0.059910266993760855,0.008731465668029948,0.03613923332065855,0.08064639843514587,0.6247571945957584,0.6700864123595189,0.98828125,success,
PAT_279_429_142.png,0.6360289194184611,0.5344498542453613,0.7959522344082101,0.014959575445110729,0.1374735466771412,0.08266645628496154,0.013250981813224986,0.12387240466697699,0.06601020875088356,0.003740451765289284,0.009747517523920335,0.004855255075936538,0.8347296313741042,0.8500271112623008,1.0,success,
PAT_539_1023_878.png,0.5795836579557748,0.3005597169465251,0.7246381956524311,0.0430634180362477,0.05856368663885005,0.07562357821837591,0.04160941532534505,0.05064725568206635,0.062136937336838706,0.03916154365765941,0.12881495852265373,0.15806796100119358,0.8078246706165064,0.69339912524432,0.98,success,
PAT_1903_3791_14.png,0.6474062798595268,0.38686659109617694,0.416349540504433,0.029387853159154723,0.08118254355052004,0.11733557881365282,0.02719840571732354,0.07290423138944102,0.12059887022830802,0.031315961243372055,0.052940012334591,0.2484087205235555,0.9122952013924643,0.8352999510472091,1.0,success,
PAT_1215_752_707.png,0.6027961794714565,0.5703980360700667,0.6069566927930311,0.008411620183698613,0.061104776336758086,0.12951799775046424,0.010180322947884545,0.06515214971963687,0.13972181212593954,0.02015033635819508,0.10852517057055011,0.1709244916069439,0.8339465848701808,0.7812149323278487,1.0,success,
PAT_270_416_398.png,0.6709803103251674,0.183923336618936,0.9052548692580517,0.009220790647072747,0.0055283375473863874,0.024541523330651332,0.00828714005515296,0.0030247382140596146,0.027063033451931,0.0027929647366212703,0.0006145941057923154,0.027082748766845244,0.8166624651444172,0.784722062550576,0.96484375,success,
PAT_179_277_436.png,0.6783396049648994,0.34317216487231256,0.6294399770997934,0.014632787708215873,0.06560304482456675,0.04096125273435587,0.014501626811324714,0.06279049821097693,0.0313456650404191,0.02481534926757121,0.07188114109485783,0.0010341645367268892,0.7559483672038236,0.8238083952400305,0.9921875,success,
PAT_35_48_43.png,0.6169327238575092,0.4118906097626093,0.8148607328842387,0.013209873731920846,0.09515948495610406,0.10809040318319862,0.011707516440868595,0.08863750650766805,0.10226065588289811,0.015769841944008156,0.11132841847388009,0.10299048699302527,0.7550571376646481,0.8056323349299496,0.9554455445544554,success,
PAT_527_1359_165.png,0.5942217742915131,0.18563405979887668,0.7292512528167356,0.017719994086150742,0.013602201657888766,0.04000402773580044,0.017660812846356264,0.010805657056125309,0.038632575431954454,0.011343851952254545,0.0042469769116778855,0.004097359395978328,0.8894377486865206,0.734602218086875,1.0,success,
PAT_301_649_533.png,0.6507289176385587,0.38593462265288886,0.5670812056880169,0.023538055773655663,0.118921353423432,0.09899554757447175,0.018234479448705668,0.10245436966105867,0.08967253823191491,0.002265342349837201,0.13512763468362748,0.09944278664707906,0.7504795597941724,0.6353133662725289,1.0,success,
PAT_247_1293_449.png,0.6773813278533766,0.18272422710822517,0.6595846704075732,0.03544182349454444,0.0234298557374713,0.0526904997080709,0.03966057184285822,0.022796821045562913,0.056257169200596445,0.026323045565910915,0.012621702300261273,0.04727240563730939,0.744550239390487,0.7897179940259575,0.9411764705882353,success,
PAT_995_1867_165.png,0.05286537709464066,0.15601301552012112,0.2844582000185526,0.2749907468593284,0.07049046096069832,0.08373030493131167,0.30114809874572906,0.05463310583766407,0.09952698297411973,0.47436373443778906,0.027237824289308876,0.2668706686747985,0.7552379572758308,0.6991438782728707,0.96484375,success,
PAT_416_826_123.png,0.6681819042209627,0.5241529255294956,0.6990775562335911,0.010186199854663347,0.09388849933376683,0.060571441547138935,0.008328992246370816,0.08634906802663954,0.05771585236586398,0.016633616689926196,0.03149240579670426,0.029505686286909416,0.6620953495973749,0.5824939742490556,1.0,success,
PAT_872_1707_638.png,0.6271539725130805,0.41036031442050913,0.6324456733184508,0.017690186085826735,0.08988027496754591,0.1968539950518917,0.016425879347794593,0.08361363035473685,0.19363102147498515,0.002819315056384871,0.07276143293795173,0.022012088338490776,0.7194383372872316,0.6912150958092613,0.9615384615384616,success,
PAT_858_1631_427.png,0.6898843486625582,0.227302688686325,0.6700398879788961,0.10806191696927565,0.10915316626719791,0.127245808497531,0.05204679738448926,0.09253983647666832,0.11701160280610391,0.027503900864250693,0.0022389975017919894,0.048879470986516904,0.6664867164262784,0.4711364929415855,0.7803921568627451,success,
PAT_38_1003_68.png,0.6482769998682013,0.1585287388605099,0.5964749182275118,0.026125962729574848,0.03213358984014814,0.029571765148644694,0.02154393684489937,0.03352123554486048,0.027650868952547855,0.008883191405016946,0.06695786908947568,0.004720985801189959,0.686189334226895,0.4998991462957507,0.9318181818181818,success,
PAT_20_30_44.png,0.6435526414726932,0.47854628899965856,0.5465238444922667,0.013820122439771574,0.0836586514974399,0.1204449531768324,0.012637827459605828,0.0812287621665369,0.12124093638329822,0.018424716258840037,0.025750588598186686,0.007991162906348048,0.810054205178655,0.82394427989931,1.0,success,
PAT_112_168_360.png,0.5335991215393118,0.25305549458589405,0.41249512242708025,0.1521446532941143,0.14450974612997114,0.10175838925737801,0.154326534336651,0.12245745460104784,0.10714708577856101,0.1668098429842114,0.11367821175786924,0.14766664440731309,0.8328836099276138,0.6127839985057977,1.0,success,
PAT_746_1407_708.png,0.6635562955071895,0.28175472459961665,0.27896845612763965,0.242014549142315,0.15640460892567792,0.11968117052641426,0.2028684574291492,0.10619994495700366,0.13026481409069382,0.07617510605095966,0.05897041087412644,0.30451115794020966,0.7262572112087005,0.5294203744803464,1.0,success,
PAT_65_101_847.png,0.6167019535729914,0.4075635391771387,0.6363713925937348,0.01342201330457755,0.05758122145499969,0.015245405484200626,0.01366290137548174,0.05486599419277365,0.010707765956452994,0.024443804175851052,0.07384349653823441,0.009652395072592301,0.6993160640837446,0.6222635719543825,0.99609375,success,
PAT_517_972_845.png,0.608529572707631,0.1751524150369387,0.6277587020815597,0.027477190136313723,0.012045463749319989,0.0996637725518459,0.02747635573118284,0.012955354015467187,0.10084542554998403,0.021463188611804976,0.018479941677879613,0.13436936790293058,0.9340638270411639,0.8584186089504738,1.0,success,
PAT_44_63_151.png,0.6943841825153355,0.4000358579425343,0.32743837760063854,0.05699753377742954,0.20177252039147017,0.19177033166259844,0.05773577325087604,0.18907961064769013,0.17939820040387663,0.06301296655526198,0.12937907686331307,0.01706038508176838,0.8432686284227825,0.7334863125889249,0.9792746113989638,success,
PAT_712_1335_359.png,0.7085525437618543,0.23860263843890434,0.586392057257822,0.10252525480611878,0.12655559629162286,0.08632470522146254,0.07348638268530056,0.11869788698870627,0.06767447975685832,0.07828063245470104,0.009378948557806549,0.0209085029946392,0.5124889971888806,0.5945186905586807,0.79296875,success,
PAT_708_1333_222.png,0.7881934698323704,0.12779139052881425,0.6561382087081408,0.2900569422404367,0.07151929020070005,0.08426094875028174,0.26869321660901485,0.057848429958221294,0.0708408111947881,0.07341059752201097,0.018109400807153744,0.03543813099805515,0.7079353977972278,0.619780935809434,0.94921875,success,
PAT_860_1641_440.png,0.6643442651843613,0.3214656127470029,0.5282051516495305,0.033004010184309575,0.14814728106505537,0.06452435101536633,0.03028435046493442,0.13411433215903143,0.05972156049660679,0.015502676115763276,0.03567312519457366,0.02325539445552416,0.7912969930433572,0.7545428836727772,1.0,success,
PAT_882_1678_192.png,0.8301485904732715,0.4220600264645736,0.4190414325239298,0.012159457624972636,0.07110574696371637,0.06495083799862782,0.010939240455971486,0.06986917867423352,0.06419091746574417,0.0050788337702095355,0.003309428445971596,0.008018398737022259,0.8067955085140879,0.7038849069323442,0.984375,success,
PAT_532_3216_633.png,0.6068459138835475,0.25371256860116165,0.572769610830559,0.014544232079186576,0.07973335417598178,0.05920770076431278,0.012025904853674637,0.07076293376048548,0.055543149147475754,0.043333376702792574,0.1269063310084336,0.08003269126256962,0.9004610197208174,0.8798922729197588,0.99609375,success,
PAT_394_794_235.png,0.6431779565417967,0.5462632370671474,0.7404423242740843,0.014773685622250137,0.0811582464413522,0.04975622988638604,0.015199286046361562,0.07366236386261119,0.04170312177487194,0.008972034183538903,0.017587255696555282,0.017853770963353166,0.7401203132894127,0.6575723618624923,1.0,success,
PAT_590_1121_504.png,0.8550324247018976,0.11538583292311222,0.7674305250007382,0.2210295097310195,0.03836500776451932,0.09493849561897096,0.16061386562315683,0.03358519847011185,0.08248053609740341,0.21350348231760388,0.018564615353114794,0.0026081943217416415,0.8402379236688371,0.782930916077389,0.984375,success,
PAT_1904_3794_215.png,0.6518306613721795,0.4060931126085439,0.4262779913795477,0.02215171009372406,0.108940922607903,0.05058770337887863,0.011738880668388952,0.12146604837113646,0.05236578716260145,0.02062593230033569,0.2529663221676634,0.08084683875052412,0.8424654556908862,0.8222321841019535,0.9921568627450981,success,
PAT_279_1393_118.png,0.6420672922110746,0.1790835244177187,0.9724489783648788,0.007203128555751679,0.008282183160150907,0.02141611645643698,0.006879343909484427,0.006937455549212543,0.020841219259910462,0.010171584649637567,0.006767512811282406,0.019033040451616468,0.8735068065085116,0.8238159768439615,0.9647058823529412,success,
PAT_864_1645_639.png,0.6464085953577409,0.6827891923655484,0.6308622300870323,0.009517734838003654,0.10781490563869356,0.12320129296238551,0.008339031512449172,0.09205013443804665,0.11590099658659003,0.013007895992617414,0.06546630685968857,0.06930813247841794,0.7753678273621788,0.7521187968456361,0.95703125,success,
PAT_1699_3126_673.png,0.5083156975023202,0.11837169168876453,0.3268586024399591,0.22790574691309062,0.07741412546642049,0.09737085823558954,0.19718449134283952,0.06872789366811313,0.105782611703691,0.04927969672998734,0.0788436472443892,0.23158666376330328,0.9174595582073386,0.877908307359024,1.0,success,
PAT_1364_1246_447.png,0.5891241219614529,0.521548999449355,0.6093169349337051,0.00953736356856415,0.09095960750196205,0.047698297061690646,0.009502104445896928,0.09164079194117557,0.043797471927394166,0.012648774534803507,0.16117940904785283,0.05147513062961673,0.8065266190416285,0.7846789596238019,1.0,success,
PAT_512_962_998.png,0.6194140125805055,0.43992211203187975,0.6702732027919622,0.0146449746875976,0.10336633642734015,0.06150007170317072,0.012152911839220399,0.09537663364446035,0.051879086702450956,1.367981832029525e-06,0.013072932108338042,0.004025724326054858,0.7061129416429315,0.6356987333032753,1.0,success,
PAT_924_1757_784.png,0.6743353470454263,0.16661118703723654,0.5287671802549228,0.0428592556532501,0.07791937075878212,0.05181865421133052,0.035782236277599716,0.07041918347918111,0.044638516072309,0.04118034885138115,0.020273847042293125,0.025317876795537875,0.6833184690617431,0.6831934802118744,0.99609375,success,
PAT_809_1528_118.png,0.7324426031869711,0.16654719433612655,0.7054747089244725,0.03823398985595355,0.054069053925753216,0.050236007425421635,0.033201250791651545,0.05212285455080263,0.04768266567688251,0.043615123819846086,0.04829161624282026,0.0021017735434235574,0.9144560558051098,0.8624241873937928,1.0,success,
PAT_326_690_797.png,0.6175027624644102,0.4693767373629141,0.8223671321339006,0.008711701228638504,0.10466880073443152,0.04842353337634691,0.007446256554944469,0.09543655938949007,0.03808325794779694,0.008000297562289501,0.011950812468154548,0.003031098389811304,0.7657874830198965,0.8365600676757359,1.0,success,
PAT_40_1026_312.png,0.5374507864167374,0.1415551173914631,0.9987019388761091,0.021907991036436595,0.01880561673312303,0.002468143838044642,0.02274019006885786,0.018057774939837817,0.001789956231124458,0.0025607940336850594,0.016382046048761117,9.899798912316182e-05,0.801009143823463,0.7258560497484522,0.9606299212598425,success,
PAT_452_882_896.png,0.6534001702333315,0.1850935279617188,0.7158164765495353,0.07012693574881354,0.049608996841950324,0.20714444278557048,0.0751882400350464,0.05357330207548119,0.2106436441619522,0.017055096951273423,0.04500054026863365,0.027733407850669467,0.7510110196989177,0.6776384767559805,0.87890625,success,
PAT_948_1801_721.png,0.6454412249183433,0.15627678747354015,0.27677156600632324,0.2278859300300899,0.07902008350083897,0.10573617760383504,0.19914759422943606,0.06737907846804467,0.10279061241268315,0.008697311696683446,0.035398971668385404,0.13952300041553778,0.7699572943814543,0.7919880942605941,0.9765625,success,
PAT_57_90_910.png,0.6498924194156089,0.16211631663974152,0.6277696474389433,0.01774215931963573,0.03873131648133569,0.04403990041467995,0.01607003728428614,0.03797883429290369,0.038078923786954266,0.007186276449713821,0.0043741718801480756,0.009425008746798524,0.7641301917590932,0.6630461395870447,0.8926174496644296,success,
PAT_155_240_211.png,0.6188109926254501,0.7109787058636163,0.6298255311043035,0.013886040739620268,0.12078094706222647,0.1730955949019428,0.010691413270622604,0.09518067339111597,0.1591305113147752,0.000757696964456045,0.09604999058811048,0.1366601065322861,0.7489385745172498,0.5779196951327221,0.8831168831168831,success,
PAT_53_82_940.png,0.7847835639145018,0.19140929392758718,0.47269512813202824,0.09739780438853808,0.057429230345795355,0.06477743023674117,0.10485558491607656,0.05764444901605441,0.06799504515443447,0.05357548181014743,0.11545442830967187,0.11290098145037492,0.8642543751476555,0.8556303614009106,1.0,success,
PAT_713_1336_159.png,0.6456526117695482,0.1796694032555428,0.8387034556656845,0.013989617734853427,0.01045023025927103,0.05535850349851479,0.012826510483506375,0.006895088985524861,0.056691139569834244,0.015104652574748042,0.0016884203479969329,0.027780602821675715,0.8715392064852632,0.7969864383729564,1.0,success,
PAT_153_1200_541.png,0.6261213404315196,0.35294904418096595,0.6832303525488687,0.011590134004545153,0.10129897341026457,0.10992011962110153,0.011127101061862602,0.1032907949352828,0.11177476073489867,0.009101457098267375,0.02348856654535647,0.004148644609550001,0.6773405342249925,0.6860511347747894,0.99609375,success,
PAT_230_351_720.png,0.6146801089179698,0.19684934953254357,0.8627553634851358,0.024859407011746458,0.047772929295305626,0.04361235542869751,0.02390556172223175,0.04309151157878493,0.035268370803728834,0.04292641178031092,0.032710113074324365,0.02793084942069779,0.9092383514827069,0.8093928200151945,1.0,success,
PAT_328_1738_890.png,0.6538774752351479,0.15250680468783054,0.5477719642160388,0.06913500823251478,0.03819387751123695,0.11203195918553784,0.0555145121041454,0.03135375206153709,0.11062577372735288,0.009902420092459212,0.013547742808307672,0.004493591111650819,0.8310984250413104,0.8089523507396563,0.9644670050761421,success,
PAT_366_752_782.png,0.6620036284039094,0.3363135236633023,0.6679676392200112,0.02880685248547999,0.14217590539340674,0.062082818481690914,0.021790530176414653,0.1278705274415154,0.042319773278675185,0.010260807341798994,0.06863108013728747,0.005830214471478579,0.8686159186539472,0.8333504849214921,1.0,success,
PAT_433_852_20.png,0.6524504010193528,0.6081164225019787,0.23267476068873855,0.0152888544225793,0.17561971407595467,0.09486405761813779,0.011830472350489916,0.16958623781756163,0.09502305990960516,0.009600670039988539,0.2905307447526181,0.21926044817741663,0.8591074393232667,0.761958701418436,1.0,success,
PAT_431_850_472.png,0.6602330875562019,0.803828036572389,0.5703910046562697,0.012950149582820468,0.19261023024178078,0.13669510353143927,0.012001538020306431,0.17231923131133994,0.12260988215345686,0.014161941368666458,0.2849503008765798,0.2052055734616952,0.7053259279892418,0.7000060389584809,1.0,success,
PAT_849_1612_143.png,0.7709460699807971,0.26335788356913203,0.5816673782677043,0.19943638064919303,0.13950280714970556,0.10965435155286361,0.1626754673943987,0.11483124166291964,0.0906107129810965,0.06716592723632857,0.07491986192936395,0.07891188307875985,0.5093655602935268,0.5671986712626721,0.92578125,success,
PAT_227_347_19.png,0.6840189111355688,0.17210255812371875,0.6819842046819019,0.03493679771654919,0.010996398022890512,0.10998433835057868,0.03460081079727421,0.008919604202838204,0.108155983504089,2.0193676773535194e-05,0.0019187717196940401,0.07020158766782492,0.9218719672218445,0.8628270694731619,1.0,success,
PAT_430_847_315.png,0.6721090501743816,0.7630243749740712,0.3867687602065254,0.019347662865238816,0.1628228364565578,0.10767279882497217,0.01050265454026784,0.14251339608567126,0.10053627387373056,0.015539669206462431,0.1823689988197449,0.09172004200611195,0.7966494305957599,0.6856038353983146,0.89453125,success,
PAT_903_1719_943.png,0.6282333091071299,0.403641426827795,0.7219596804092362,0.013587791457225582,0.07374682290222652,0.07814571840479738,0.011194268048302373,0.06699618140482115,0.06739169992545913,0.01579357541205321,0.06534313807998149,0.05406117917185971,0.8668773030981493,0.7875573470643064,0.9703389830508474,success,
PAT_749_1414_770.png,0.738220857612344,0.07460772482086335,0.8436456773388051,0.048965308503493885,0.02700116415196353,0.0300457964216084,0.03849054038831815,0.02556204455981534,0.025287792672854633,0.013565343023281192,0.006062460295563746,0.008115522986712698,0.8842807495555507,0.7968894345762769,1.0,success,
PAT_761_1435_561.png,0.6854288888848852,0.21134083486024968,0.7430518999218809,0.12681654004196438,0.12445038597297477,0.11270428306816709,0.10291474077539073,0.10863979656805475,0.0912042553288667,0.001234894366493617,0.0738071361513403,0.04326218415972938,0.7959280096029102,0.6672697054449496,0.9294117647058824,success,
PAT_49_75_326.png,0.6619748315052633,0.27331439803048335,0.6439812240233229,0.0219499788320919,0.06362104382912435,0.035927203134684255,0.015072683876315813,0.053990330139296695,0.027158856726081676,0.0214430560076943,0.01771879759069711,0.025699421562471514,0.6173195744421063,0.48386906470080104,0.89453125,success,
PAT_247_378_484.png,0.6265391313903863,0.558973670069855,0.46238370684114594,0.011023465913618278,0.12099406792204902,0.10015651323762301,0.008202464445982854,0.10474256977230441,0.08713819876203106,0.0005002592187846884,0.013646933727219368,0.0160749611206355,0.7793526606817598,0.7759223021461334,1.0,success,
PAT_456_887_499.png,0.6999188930007925,0.22369778895338643,0.6116481942178115,0.015151912053832836,0.06565287539795062,0.028567477105935598,0.014162146228842477,0.06486483177276205,0.020385113672253354,0.00691816848030429,0.12677757448916166,0.017333037498189263,0.6822232345865156,0.6452320461848084,0.8828125,success,
PAT_637_1434_570.png,0.8001223072434025,0.08801155326909167,0.60493252792418,0.29882129242936417,0.04359636511908602,0.09200785773009927,0.28826928275237357,0.03950830469431229,0.08404394026519232,0.14170730121168856,0.013594621115555816,0.05917437537237913,0.8893551849063928,0.8469065554954406,1.0,success,
PAT_571_1097_652.png,0.7555483758958779,0.20158251701355928,0.6545665786635069,0.056544688940851025,0.08121755656479449,0.03355929847998007,0.057469273761927585,0.07527454775620335,0.031908446087200656,0.03547662432750324,0.08066478538775916,0.0053009169044238025,0.6231807417186969,0.6373498615214763,0.9142857142857143,success,
PAT_388_2452_548.png,0.6494181160822385,0.42319597920505664,0.5809949065163569,0.011715154660138363,0.05930070350267366,0.02718591553494702,0.01113496724119934,0.058844787976051166,0.02283017251133536,0.014690133955651972,0.013481712819934155,0.0233884901901793,0.9569652203724109,0.8689807512833253,1.0,success,
PAT_704_1323_974.png,0.611391727907486,0.15401273120223635,0.5296241210777443,0.035833962875462866,0.0364271165445653,0.04893336187403316,0.022497273250405528,0.03142652084319957,0.047886827897379476,0.0026762647802155153,0.00470202477314649,0.010839120179829353,0.7381328607061034,0.5038118564108311,0.984375,success,
PAT_753_1428_451.png,0.6304894579364066,0.3823599190565906,0.9285883748517201,0.011230117949130982,0.028325483686081943,0.03824105462128266,,,,0.013390400302802953,0.04409405236248548,0.056139056141185084,0.7650794325036105,0.8649524918569326,1.0,success,
PAT_715_4072_827.png,0.6629262885262294,0.14212370322001647,0.7514973488337358,0.03345485740345557,0.055009580408637834,0.06798067228939086,0.02411163059243549,0.052871186118689045,0.06742548669552169,0.0005278890227439584,0.06846127697814983,0.056119091888298,0.6380034035539301,0.5471150047551536,0.87890625,success,
PAT_639_3674_452.png,0.6353365092947681,0.15679049711170776,0.9963426897730047,0.032505900473564796,0.016864312064890502,0.006869265487410865,0.03155875745911809,0.015571240407972767,0.005568109122976595,0.03190098561156055,0.0027162698812725206,0.00017545351242909124,0.8401433414765033,0.7515557192581951,1.0,success,
PAT_349_724_133.png,0.673734680825365,0.2458180755585809,0.6695190420415496,0.013128972407715022,0.11827609782319416,0.2754353738947748,0.012266824812394021,0.1177789494882387,0.27004658601378706,0.0011720689619451718,0.02310111975189913,0.03357698956616062,0.7182789473162763,0.5574433058747039,0.9921875,success,
PAT_1420_1461_93.png,0.5998414147235889,0.16202386435001048,0.6918053171446514,0.03834573317988272,0.08480832588217058,0.08340920150591173,0.009846766182958381,0.07889299214201351,0.07352934196542345,0.02169298705472566,0.01779604868983231,0.014855182876252537,0.8242393167169051,0.7628959041250427,0.9904761904761905,success,
PAT_237_362_909.png,0.622673396702024,0.4620246189674173,0.7267793649803506,0.014391978561487412,0.0907239356663785,0.06404345800194024,0.013671062456169045,0.08197949830000975,0.0553244978848032,0.015047010054827897,0.01414463970473323,0.02776128594862992,0.8300511247443763,0.7730542469339673,0.9726027397260274,success,
PAT_646_1225_590.png,0.6506413317156927,0.39954817064211195,0.7479407479061567,0.020440455352773113,0.14841138379778676,0.06884441720147423,0.014833120458475402,0.12965639231047987,0.06137378447458911,0.024614358596450517,0.00024809453514590407,0.032550282963782706,0.6701576008977801,0.7419290329170055,0.98828125,success,
PAT_630_1196_710.png,0.7605645562851913,0.2738882091888231,0.5255383164370724,0.03473475106292799,0.10456235055948446,0.07609774469264921,0.03110586444205991,0.09217991702425611,0.06998491548166086,0.04101422855185367,0.026590690572348613,0.04085696566680158,0.6908435761573386,0.6390363685945545,0.94921875,success,
PAT_1600_2685_445.png,0.6747356579648968,0.2406415620641562,0.7372178386491195,0.0683879008941084,0.0940761660223148,0.1918729938217216,0.0686262081719548,0.0978093461630357,0.19687887685554037,0.035950788184035076,0.05061933596816742,0.09226376641292178,0.8650890753524811,0.782773274676477,0.91796875,success,
PAT_1460_1598_708.png,0.6522261824904018,0.24641191415505936,0.6070077774685088,0.01727091441612198,0.0751238273058465,0.05696989386415696,0.013241208257301495,0.06759447954013682,0.05128850054948438,0.004847528915837214,0.005238727456464032,0.025827830360701243,0.6609022722724138,0.6784291990444806,0.96484375,success,
PAT_2131_4683_112.png,0.6082604489609533,0.15825126190962682,0.6273321679115491,0.030999836341144334,0.040747551336971145,0.04286411361151782,0.010726948991647086,0.03529762024580569,0.036604651907038765,0.0014275720031952865,0.01567489466731159,0.03310804960238389,0.7568765850393646,0.5631440047623778,1.0,success,
PAT_492_1782_752.png,0.5563702164128401,0.38570181404493686,0.7662459863070727,0.034733423527349316,0.15380769700571806,0.05586925957742725,0.032212941089179485,0.15062822360753728,0.05419826773496572,0.006379969729005018,0.08524104094967982,0.032301324014122224,0.6069428590651001,0.5290664711528043,1.0,success,
PAT_757_4220_942.png,0.6113922853604052,0.42726517996835495,0.9042942016996315,0.00741413011323168,0.03697838669798289,0.0383373991064268,0.00654389361747469,0.025795934941434978,0.025739563847831076,0.009341258831142894,0.015713209150907403,0.03219002507203228,0.3395193312434692,0.21786037996736304,0.714975845410628,success,
PAT_412_817_232.png,0.6292243037233893,0.4327740818221777,0.767648942604178,0.008507276531303721,0.06996028012549828,0.043887984453732376,0.007099055555833534,0.06467605772087907,0.028850755539218762,0.006227234381490061,0.043084189089688585,0.008027646764094842,0.8525624282080401,0.7612668992766507,1.0,success,
PAT_1070_308_751.png,0.6243802727423973,0.42408761256744143,0.6663610230049842,0.008990828068355595,0.06179807270047517,0.0683281632950177,0.007721165883131819,0.05919160325639377,0.06861068496204607,0.009444790294659259,0.0604952998749797,0.06516407280183945,0.7104931886075931,0.757722201381706,0.96875,success,
PAT_365_750_854.png,0.6139283085882473,0.4709548717988098,0.6279041352621638,0.014088141296699542,0.05947976420064596,0.05523124749917476,0.011727447872291363,0.04853387593396294,0.04712061390141927,0.010344484649723443,0.010917076993767705,0.02831349161188157,0.7838013276828776,0.5960284783271297,0.99609375,success,
PAT_2011_4140_787.png,0.6434001667921012,0.4321223066579104,0.8592660349626293,0.01290327352036778,0.04860195629891215,0.036602178334357464,0.012004400831711096,0.0446321990543721,0.032873713696570106,0.009690534782346955,0.025257333651372338,0.0025585008233380835,0.9055197357922619,0.8902528421769587,0.9878048780487805,success,
PAT_330_696_894.png,0.6323133579099015,0.6955744180268435,0.6496027218748891,0.014488229449135326,0.1661154042041242,0.05609018180947555,0.013806207241160141,0.15932782128953543,0.04902882525378334,0.02062433932547631,0.23963447283877504,0.03812019983937387,0.8528862597765625,0.7556621670808231,0.9896907216494846,success,
PAT_582_1363_358.png,0.6988715544153207,0.17607753038033133,0.885323802122802,0.04679416124936971,0.02753538918622525,0.15391232908776922,0.0468634451052213,0.026187481330157067,0.15650672266189797,0.021112352873312704,0.008849991465138707,0.07945440894294542,0.8083035399788658,0.8237653930459379,0.9558823529411765,success,
PAT_1280_972_727.png,0.6168427421957814,0.2690965981908489,0.7346227927522693,0.011488868240182148,0.06417760486954234,0.09657909316239821,0.010002354104883517,0.05279172748543122,0.06943595921455704,0.011549708703350979,0.025532598184671018,0.009518811765935276,0.6178999897826292,0.4611033648068362,0.77734375,success,
PAT_393_793_852.png,0.6372668146060536,0.4906664497807419,0.5967602664985802,0.012131224267794784,0.05730930645768656,0.04043327414246894,0.01122210447873511,0.05233713640101977,0.03725270427293243,0.01648446669768783,0.028757446324725988,0.016168321047886014,0.8422771530471089,0.8824963709843733,1.0,success,
PAT_61_299_74.png,0.6010307555765723,0.18520219252114278,0.4863027286797842,0.024658785997511215,0.07045578013370347,0.08840147878787875,0.015131108477949415,0.06421147806408008,0.08551476940407891,0.006975195986545025,0.02468266688200596,0.1349134275563454,0.740917610050987,0.8492975206000812,0.9864864864864865,success,
PAT_432_851_560.png,0.6553950459987501,0.7353750486610526,0.4501531542606593,0.012109536969229949,0.14859431357132918,0.15538158048556605,0.008461978194941799,0.14121240773664978,0.14840670179343193,0.00039899273805177576,0.2211428024906733,0.1863203059006317,0.8691801701750548,0.7882129235331495,1.0,success,
PAT_2106_4590_227.png,0.7488757156442656,0.15505975340522596,0.8031869469916494,0.06290068733111377,0.031780197359830474,0.051890962124244204,0.0619963738383528,0.0321610221671212,0.040572624433428045,0.04997151246547465,0.010115565734287568,0.0181509826717976,0.7783434281382298,0.7491627040386958,0.89453125,success,
PAT_85_129_225.png,0.5987955282306175,0.4501053593642895,0.6803303798860935,0.029816159358233014,0.11514288679864866,0.1320391109709459,0.028289949778765436,0.10832056940410509,0.12439136080860524,0.012662731182962498,0.01002129999510637,0.05210781278227827,0.7679966433950971,0.8188877679244869,0.9841269841269841,success,
PAT_1790_3427_355.png,0.6409797083295372,0.2556294036177666,0.8818883028348721,0.03417869918561907,0.1033725969273324,0.058884977120762155,0.019532092592308207,0.09268233026109003,0.045714068673114346,0.013174390692777867,0.0612993929249121,0.012620718996716906,0.598349575792738,0.6560413505255364,0.859375,success,
PAT_180_279_377.png,0.7121415158036782,0.15594294284633142,0.5441085317633577,0.1729268148931429,0.03911283784044551,0.10349692793509564,0.17013794486277095,0.03361176239090896,0.09082231023335009,0.14566564902229576,0.0003804869170774827,0.01768160995537349,0.9461676464479178,0.8666708848131862,1.0,success,
PAT_219_336_376.png,0.6079784052233598,0.3100865820342871,0.7359002471404407,0.07133859603363507,0.13493585814897427,0.18677660980106903,0.039786104038356813,0.10100986713191025,0.15397209061577316,0.029154812774613327,0.0023091544333486147,0.15096956329029743,0.9124652581025529,0.8664080732704916,0.98046875,success,
PAT_1286_999_824.png,0.1667491408766527,0.14968491567891778,0.4102754445410916,0.18137343392262126,0.060459710136949965,0.08453803162424653,0.19151532522008347,0.04443919434932888,0.07981984464731266,0.40625310418680666,0.1010073742769994,0.19227136065205336,0.8480228760405693,0.8402750384723741,1.0,success,
PAT_529_994_419.png,0.6509250237309185,0.4812317891833548,0.7235835643748904,0.007558160517254489,0.11858456938859817,0.08330148572645359,0.006648483115395784,0.10631911099710042,0.06604334016925013,0.006267789055039765,0.006102636661468153,0.017562480609157105,0.905196256819478,0.829220509963142,0.95703125,success,
PAT_188_289_908.png,0.7970064073012433,0.1550291412765002,0.5910560471976402,0.10710281459441492,0.057978779524289745,0.0733564305533811,0.08349148456506916,0.05279542975536654,0.06433812481993628,0.06590564078234169,0.07551444001427994,0.024916675538956823,0.8370919993140972,0.7551806406118812,1.0,success,
PAT_356_736_188.png,0.6477698714549678,0.5130177846447355,0.8042779594983455,0.010482066439593781,0.0720873949541337,0.05934273808480715,0.009893079281948002,0.06829823234702252,0.05960146409039268,0.018681836216902385,0.015906304881283473,0.017581847606489842,0.8403508414024012,0.8084218925647498,1.0,success,
PAT_1432_1497_328.png,0.6274563692032913,0.5268296978116429,0.7132066273877434,0.01280208445803547,0.07979002078846145,0.04321222033820424,0.013010196966015315,0.07173455837538852,0.031143829159336906,0.01953140285786369,0.0086402741171967,0.017156467407955067,0.8695770185160667,0.8137620499074434,1.0,success,
PAT_951_1836_991.png,0.6188920740411152,0.25639522189156766,0.7104372082068845,0.05264906833674156,0.08083430471285981,0.08564167041202726,0.04572887201438077,0.07754918385140698,0.07833348508393766,0.006358753452999603,0.09938595178786852,0.022574358440643483,0.9227467554933695,0.8678305819118828,0.9879518072289156,success,
PAT_911_1728_101.png,0.6489160472854215,0.5161891075482153,0.7424767011636013,0.014016200141354709,0.10966111034970367,0.08790094125205848,0.01095461525355155,0.09430666440038128,0.07892187699585504,0.010656459832815794,0.024391489496727314,0.028035668791493107,0.9011715050734338,0.8420731937322196,1.0,success,
PAT_697_1317_892.png,0.6480748469882398,0.49454337023978884,0.6294578668481062,0.015079217267287958,0.10367350972241568,0.06778135824750943,0.01600625451114523,0.08927294494690577,0.055507855829062834,0.03609732166256418,0.008250484172823536,0.04131989724742913,0.8309199811022228,0.7356722541038451,0.96875,success,
PAT_1832_3597_594.png,0.17079149350210412,0.31897241866744536,0.4538381517079096,0.12754788316550286,0.19031929244725196,0.11491263609947984,0.1356482761005531,0.18273443673203713,0.10841982843150687,0.32188048232364586,0.2032744527706268,0.11236224659188537,0.8691333880608009,0.8388969232936526,0.98046875,success,
PAT_856_1626_523.png,0.629656441820982,0.6077876166738041,0.6790624915715943,0.007550215916491679,0.07125537175375117,0.06800278976541083,0.006702065293220924,0.06347546114724074,0.06377734948362547,0.009239857947731798,0.06505933184886603,0.07532007721490064,0.7530445304407307,0.7276711407186054,0.9747899159663865,success,
PAT_835_1577_938.png,0.6448018298813546,0.4943443873713168,0.5210542529032074,0.011364618666691783,0.06012812533427132,0.07549916817712142,0.010699244691297814,0.05007191562959629,0.07385983357772263,0.009946790030576599,0.05633110789785839,0.05091178158897447,0.56549753020015,0.4302243473691594,0.6484375,success,
PAT_1978_4004_82.png,0.6226769526516581,0.3123780016650033,0.3073966621971101,0.01929289478969763,0.08081354047687761,0.09850142380921834,0.015050975482640453,0.06581459183109473,0.10180824523130101,0.020688223587648952,0.025139872417719367,0.16715642614639503,0.799225621941541,0.737220998711544,0.979253112033195,success,
PAT_627_1188_755.png,0.6193744297893655,0.3965322690644602,0.4678613120196131,0.014265030301124169,0.0590121989501415,0.07617969951100018,0.013147123271706147,0.05548397308356682,0.0777020907578854,0.031085564324085307,0.22803865050078873,0.188944972527622,0.8827678718931878,0.8397461544461958,0.9923076923076923,success,
PAT_531_3079_652.png,0.7190155360018543,0.2123779017621085,0.5868055361968315,0.05961773087924897,0.04539614043649964,0.13834532261298926,0.05940958366052546,0.04410861914735619,0.13561663312121014,0.02266433376073454,0.016019509267179488,0.007652818265643124,0.860575193003638,0.8048273720834426,1.0,success,
PAT_1720_3208_130.png,0.6489358107407036,0.2543348914169688,0.6616887329935301,0.017165137222336493,0.054202970927698504,0.025090378233077647,0.015366332590212169,0.04369069029157144,0.0185631377434184,0.01349403518336124,0.004231732375156283,0.012599011549360606,0.8566413219899871,0.6803292719224524,0.8125,success,
PAT_115_177_575.png,0.6235071402490467,0.48160589742535725,0.9623982758721937,0.06443632632541303,0.16612879629499344,0.05115353033690874,0.03483643822630309,0.1502135046164304,0.046929006358917065,0.003409663570478156,0.015647190762205998,0.0023537906974032685,0.8730559000475604,0.8188469662483384,0.98828125,success,
PAT_570_1085_429.png,0.6682233874218437,0.39949695277721226,0.5329600846186429,0.015031910719021815,0.061735715342148445,0.05168145785057695,0.014128278962047392,0.05879989452450201,0.04830902275550578,0.015655305974038292,0.002287657101231355,0.030525817701940294,0.8800857947237859,0.8596994296667761,1.0,success,
PAT_337_706_254.png,0.844743153126347,0.10108457428292243,0.5045042714444758,0.3196415298362286,0.05268121440800982,0.08291418744681582,0.31476828945168805,0.044056736093832906,0.06356662651144218,0.2738697707088573,0.03156071368332565,0.040282423415098245,0.751324721805027,0.7542756877618184,1.0,success,
PAT_923_1753_496.png,0.6512933301509687,0.5571582278481013,0.5719411764705883,0.011686648723729027,0.09720159828624934,0.12043093864179653,0.009587346727459974,0.08506665357764455,0.11534110941443611,0.0052193997265784255,0.026506621155554244,0.11421228910952497,0.8094991723914116,0.765312884489232,0.9957264957264957,success,
PAT_207_1280_15.png,0.6548557270639215,0.31276863784790393,0.6312721851692078,0.013496643044210147,0.10726890374562369,0.06390205309262773,0.01274383816545141,0.10011658938284376,0.058756542447994956,0.023329717554959946,0.015518340652582008,0.05083548176528707,0.8214862992707044,0.8245055787770867,0.98046875,success,
PAT_242_368_261.png,0.6308166046818322,0.6810331295439523,0.7403030219578468,0.007762167225563801,0.028321883544794577,0.048133377321061876,0.006498529980109706,0.0238497468840951,0.04329091919790273,0.002372281511005762,0.010540289361872124,0.034996902348205516,0.8934510281506041,0.8754133556106346,1.0,success,
PAT_806_1519_527.png,0.636373442179586,0.5044760655711995,0.7193891613834096,0.010522491472624277,0.0907438917248274,0.03265271077417589,0.009171831903059048,0.08568868060414052,0.027796089630567494,0.0005616059294250735,0.011856214244027052,0.005289948266094635,0.8127588103069325,0.8488994206292377,1.0,success,
PAT_703_1329_112.png,0.6802842914829067,0.3256294901058475,0.5604699152627999,0.03231794853552106,0.11157700345061025,0.058288766844483704,0.031637413243382054,0.1061711381588508,0.058776720173790487,0.0029603769039398898,0.06769024841111071,0.0034612109459063456,0.7776930008893238,0.7734389287208631,1.0,success,
PAT_468_905_765.png,0.6472351635460689,0.2955775922101889,0.5758432403629241,0.09223890926090929,0.14314500758799364,0.0991694141884568,0.08502707334486909,0.13324103146317784,0.08741933097026486,0.04157620905102135,0.1465817080444007,0.09504534563876343,0.9036828587018311,0.8318451205995498,1.0,success,
PAT_1449_1554_932.png,0.6194056379162214,0.6379124276126426,0.5371890692514306,0.014733727989849897,0.06840152750006503,0.052048530076363085,0.01264144733966453,0.06186656505352777,0.0457335965503575,0.006470855620197429,0.006726089726491913,0.01175434571337619,0.6355698291892157,0.7710661999812584,0.9453125,success,
PAT_305_655_30.png,0.7201863534090036,0.1782286456693091,0.7863238370012676,0.07700587348640452,0.09911234313568472,0.07034746590619909,0.06241878867624417,0.09426259761084614,0.06792627553101399,0.021391316960569878,0.07997409717059273,0.04655139088874982,0.8577088258902139,0.8133635376770685,0.9915966386554622,success,
PAT_493_1862_360.png,0.6744133805721322,0.4229189993642758,0.7641548823324339,0.03264314060961995,0.2613960307163139,0.19353268788726724,0.01591798865479017,0.21879489097135524,0.1674680004796845,0.0004563325745099039,0.16195401088808203,0.11764908556305265,0.9050095519217553,0.8484553211013639,0.9855072463768116,success,
PAT_401_4594_970.png,0.6550135698156447,0.3064653300298621,0.708478401269446,0.012849467108553283,0.05087771286837072,0.03941729015640901,0.012687891001031222,0.04831770562717886,0.0315134305174559,0.016067660508571495,0.03676483522166718,0.017083618212426988,0.8030271921532934,0.8283424310327552,1.0,success,
PAT_36_49_935.png,0.6546460623048133,0.5180106673697951,0.6778418514413319,0.005707552461101018,0.07613253872137138,0.08459930796017279,0.004503858521053826,0.06931512706941563,0.07901011786975862,0.006429869908819322,0.05882982826016536,0.022035884495635316,0.8563957374241464,0.8339002851754506,1.0,success,
PAT_204_310_975.png,0.6831466741843444,0.3049026757032419,0.6278786210643713,0.015789199982580486,0.12073075318226593,0.08746280179123127,0.014778455537541531,0.11827793950229615,0.08456959913310665,0.0323424027591747,0.11177609381076486,0.08535692717254917,0.8703288666430264,0.831282984096566,1.0,success,
PAT_788_1503_168.png,0.6768698945885028,0.14008247842851243,0.5271490600069,0.11583792097157743,0.06676039932771102,0.07527784223514049,0.09231745655397659,0.05834415050212836,0.07447154519411435,0.01122087168137832,0.011218040567036902,0.10762854777113096,0.5061771633143342,0.4507760897138435,1.0,success,
PAT_217_963_806.png,0.7286807491669904,0.1417053148012263,0.6559876705920348,0.052007993372335845,0.05973235416783033,0.058310002259070834,0.04605322768654253,0.053373007734858535,0.04945795090410682,0.0162599663667739,0.0031539835747562694,0.05605302128546363,0.905295294147769,0.8020193458597348,1.0,success,
PAT_514_969_187.png,0.7962930566149099,0.08963315385013351,0.6435213927259558,0.2648552992397046,0.04584292014457994,0.07010310106469594,0.30007238667732494,0.03881518329110292,0.0656359525742656,0.17890449193746605,0.013171986697852842,0.0006850694518217848,0.6877941814201346,0.7194543789854524,0.96484375,success,
PAT_86_1109_306.png,0.6454480064869748,0.1787469949199257,0.8060229708358337,0.03670851294274808,0.06211775793047954,0.05778113064202933,0.030357408320266472,0.060788773818887476,0.05254401247524481,0.035140014299334,0.038662848433930364,0.019453398355227414,0.7287154814484955,0.7203140296341113,0.9684684684684685,success,
PAT_1585_2619_396.png,0.6231896655012635,0.42203241883650755,0.5237523629443278,0.005981596438200907,0.04770590354489989,0.03529066186731888,0.004727773429022655,0.04416153910814092,0.029838210591009526,0.00460240683052741,0.006523058242831892,0.027105382097657005,0.9020404190952636,0.8138525969050432,1.0,success,
PAT_812_1625_430.png,0.6330240130173155,0.197548095694887,0.6162611090490445,0.06350612633250323,0.06471067443479711,0.036673553499983365,0.06245211565699159,0.057932456968337105,0.035679952851141394,0.03958987973768334,0.03704008664084271,0.010390142161276539,0.8823960319825279,0.8290556015513134,0.96875,success,
PAT_86_1082_41.png,0.6893486827337,0.18390163301216714,0.5378617222301465,0.03379661859198669,0.10171607823247393,0.11394569753267125,0.026578628923102133,0.09042461991729836,0.10882630797384624,0.019456158624152585,0.015831574919441732,0.06145949709776155,0.8811384780332008,0.8462698628920428,1.0,success,
PAT_886_4635_304.png,0.6811526325933591,0.23996006945154083,0.686145162440396,0.02189567658574908,0.06628171407669758,0.04620504103348907,0.020742087769846786,0.05936569682705361,0.04644164269093873,0.04144385920767001,0.03631343306762133,0.03625263782368682,0.826500096450246,0.579077351225348,1.0,success,
PAT_791_1487_906.png,0.6743346809284945,0.3396857519057904,0.33519061610750817,0.03433482956909393,0.06230274920663995,0.0810503439599411,0.030478173641005243,0.04917923800562177,0.08201523354022816,0.03180979657282508,0.06922553254986291,0.13067749454601113,0.9045912582259076,0.8514865329514744,1.0,success,
PAT_223_341_187.png,0.6177961574751809,0.5501308923215616,0.8131533780621002,0.010732344115880595,0.09648191405858655,0.08631025376410523,0.010006760811264252,0.09243921464409227,0.08188898331894018,0.0055032789912640425,0.1290208889981984,0.08119690442377547,0.8286761822602149,0.8151894787154444,0.9838709677419355,success,
PAT_267_1061_152.png,0.7253258033306028,0.2205720754300229,0.7167950523206053,0.07364945526827633,0.08974327493362808,0.0650902825928269,0.06435199128228497,0.089321786007284,0.06164124581246366,0.025830752780300434,0.10066830568998685,0.0224172324987002,0.6527220715597969,0.7327071521240143,0.9953051643192489,success,
PAT_1314_1108_442.png,0.6227237648944106,0.49668132948486876,0.6444900994466781,0.009362071639566788,0.05519624231867593,0.11893349867245226,0.008599636484660932,0.040921871413240975,0.11702589678282711,0.01666412168274576,0.043744162798153186,0.15338471510081775,0.757591029184002,0.6568977280090353,0.9651162790697675,success,
PAT_15_23_240.png,0.6632493770227271,0.175834999944362,0.6634948959721122,0.02111153300102132,0.015452351448416193,0.06023059804028093,0.018900555950595446,0.012626437127846795,0.06039277345745347,0.010187224560499667,0.00311639405398359,0.034144652588772084,0.8477707334647901,0.7857691121240289,0.98046875,success,
PAT_2006_4123_719.png,0.6281775154279481,0.634211985162428,0.683177076935746,0.010733463388545545,0.0715569470266045,0.09663991480787089,0.009796150747175188,0.05968232957262388,0.09852502600141072,0.01942867485988534,0.09659740573286801,0.17305847173738353,0.8638709501452145,0.8076213096471774,0.99609375,success,
PAT_196_300_749.png,0.7452041769778305,0.21036850087407527,0.4633782398349355,0.18581004106667792,0.0882622179763181,0.09039642596464327,0.1493973182609869,0.07681762966373974,0.07932254884110307,0.10070964255133516,0.004337700651570242,0.0742937144595332,0.8508938557321464,0.8001080738950738,0.99609375,success,
PAT_499_945_878.png,0.6623626732648467,0.2658114244257773,0.6498302895940822,0.045980919993437896,0.11464035163413704,0.05278823230228027,0.035845988116127256,0.10433632534909767,0.04950632087452644,0.04527778103844184,0.05139010819610523,0.006999792261981885,0.6576062856717138,0.7163034362576431,0.9921875,success,
PAT_1575_2516_23.png,0.6929555895862319,0.32583037836012374,0.5603727453314169,0.011384071245189498,0.06750054935611252,0.02077494050207235,0.010801681369408636,0.06497743310882918,0.013526162635700325,0.0047116959092656585,0.08508145291852959,0.011710379165477125,0.6280233154206043,0.49417144136058383,0.92578125,success,
PAT_230_1008_673.png,0.646501104203537,0.48284091124203105,0.7417501158578352,0.009850550465994212,0.04637622418935592,0.06661687599431333,0.008945459917001903,0.04220459176723142,0.058458573835170204,0.014385693264161779,0.05997021968664301,0.0700305478422274,0.8236275691094371,0.7896011315794752,0.9853658536585366,success,
PAT_470_908_103.png,0.6665343382988594,0.35639149429571193,0.8100015874001836,0.013492803033034987,0.10772388766946382,0.05488764431640571,0.011702404151288993,0.09937047506936977,0.04942034112250305,0.025125554017672,0.004670669645228609,0.0062959575836111226,0.6541281064255957,0.4936797277026864,0.78515625,success,
PAT_1403_1392_407.png,0.6741544137014659,0.418703118555727,0.630676396372119,0.012987173072229144,0.1369028556122334,0.13481026005111177,0.011558037030770754,0.12880781068500902,0.1270019201885671,0.008113624907778434,0.12902395076254275,0.07173113262766206,0.7278465917848843,0.7127993447783662,0.9765625,success,
PAT_813_1619_543.png,0.6549426508541578,0.41864398537192654,0.6110528625030258,0.01652291254310466,0.0880238878057322,0.13697879992655426,0.014206394290845746,0.07253686570540814,0.1297652221254186,0.013244780302184485,0.052208381725205866,0.16571858452371757,0.6905851906556373,0.731125830112734,0.9375,success,
PAT_905_1721_327.png,0.6340196203097725,0.5546444281134507,0.5236037532883876,0.014756990754334126,0.13959133217234887,0.11865483762069386,0.012491427699155955,0.12111256812589727,0.1028561000862878,0.011194404739901466,0.11224627587009722,0.10279754407266206,0.916715681004151,0.8793530639519037,1.0,success,
PAT_294_638_564.png,0.6387881068141741,0.46639465897520876,0.5815118372611722,0.01624230240931365,0.08969126922338755,0.11622442187625528,0.013269202809718352,0.08319639438460671,0.11047995929676613,0.004422283805244199,0.01567856657881128,0.1609044839234013,0.897931820032769,0.8436782436044029,1.0,success,
PAT_621_1182_456.png,0.6740221547055351,0.16828579322558912,0.4761849728111896,0.034733416412487124,0.027331854392249295,0.10324383692721141,0.04691730445849728,0.03614824564033463,0.1035907339484726,0.04751532653195341,0.07761403661734109,0.12593151744272907,0.9152828055208979,0.8532081043037049,1.0,success,
PAT_220_1343_489.png,0.631882993342023,0.578235770141206,0.6682585327222922,0.017469180229067845,0.09880124957184214,0.05794505772337437,0.01629341888269841,0.088767970903178,0.040050543052400966,0.019590728125827735,0.07072757322689538,0.012991283325411773,0.9367917211332409,0.6216447775178112,1.0,success,
PAT_537_1014_961.png,0.5275157228763879,0.10118084470077922,0.5709006640145847,0.12415743074902211,0.05789059289122603,0.0827316215994007,0.10508561110400458,0.0540041723240419,0.07372703899467696,0.04129273502314135,0.06595089620149795,0.020343162489195432,0.5981954152015847,0.44248314186744553,0.85546875,success,
PAT_311_666_191.png,0.7345543330963387,0.24832444427778466,0.45808490610484376,0.046736932960019954,0.07146046730411587,0.04174729153438602,0.042405947131070584,0.0693185577804707,0.03945479106842819,0.023288851575949506,0.09619071401213353,0.004906412643636504,0.9436009053094858,0.8721960442055172,0.9789029535864979,success,
PAT_382_776_986.png,0.6483523165913625,0.44725975195732004,0.8535202891521745,0.009225975258577277,0.07908561870224202,0.04510009472502557,0.008095359420463277,0.07675136039572074,0.03614778114433753,0.02144592693681899,0.09294163196652755,0.01642202430825057,0.7193898852088056,0.729828687173608,0.8738738738738738,success,
PAT_735_1391_683.png,0.6377131439115852,0.2713462532111694,0.41264566398129215,0.025408130942378804,0.10895810292090931,0.05955236149907766,0.02045562291733586,0.10625976125932365,0.049553140499072036,0.008009223960260275,0.1349096979284587,0.033443654213744234,0.678729567437299,0.6112438101842023,0.9921875,success,
PAT_221_339_951.png,0.6190910287701671,0.41955219698342394,0.8443299836725076,0.010050078251012092,0.05817016779814003,0.03783774249968494,0.006852484857796332,0.0540293440733534,0.03637130043189453,0.001634927542594274,0.052016454123299416,0.03977154576244801,0.8743663616070381,0.7724071021168604,1.0,success,
PAT_1591_2648_855.png,0.5760735174413578,0.6782958549138673,0.897704318271609,0.0062132451541926596,0.14444339976258644,0.041779829436957086,0.004911528721973022,0.13465544927524706,0.029915514560069138,0.0022150208766005463,0.21465801865213668,0.03777734639719588,0.6448245899029144,0.701222788085982,0.907608695652174,success,
PAT_1065_278_954.png,0.7188759880356833,0.16825492426777308,0.6464253050480715,0.056000560582904126,0.02497600492015233,0.04635115344301656,0.050767771879831974,0.022335273761297916,0.04314833891981912,0.027600632394679064,0.03285298345071305,0.02684652914385377,0.79633840544361,0.8520738206838302,0.967391304347826,success,
PAT_924_1757_704.png,0.822210311582179,0.09431966170692195,0.5724014796758399,0.3087321485917577,0.10019665291993853,0.09039956901582433,0.2450830373641969,0.08467020133372084,0.07749586314532454,0.13904837576999066,0.048738460796873634,0.03041484652663784,0.8437694857044578,0.6304410885313364,0.96484375,success,
PAT_846_1607_895.png,0.741174541338452,0.13481230495652108,0.755868098451012,0.09911090749052731,0.03451019289341058,0.05743100018602486,0.1060720860196653,0.03126641335079309,0.05198786766409419,0.08851276299368077,0.014364082016178448,0.015381804430916413,0.6871918444826524,0.6624888887503837,0.88671875,success,
PAT_168_262_74.png,0.6703269711701801,0.3411059663579815,0.6515980958857531,0.03476273346038898,0.12272325526201279,0.06530694634300567,0.029635889506140257,0.11252159367004487,0.06000284390940066,0.004736301116140219,0.05913281847813995,0.04478594738672825,0.867265218072761,0.7686420109196737,1.0,success,
PAT_776_1466_241.png,0.6616438876007034,0.3780081936107295,0.7003518879778141,0.05809905925416055,0.1795067720546966,0.0840668690366071,0.04075719067510697,0.16743372245643282,0.07797134559074918,0.038490593828621106,0.00827960842466613,0.045033933915951674,0.8431818065085059,0.8361050785376161,1.0,success,
PAT_356_735_568.png,0.6351481767012697,0.353220305899084,0.8838897796615683,0.02175878089278027,0.09268697313730326,0.03979347659240842,0.014409088926308974,0.08207164289886161,0.036697468219756946,0.009746025306502936,0.06485723201099214,0.023007338941970712,0.7245461289421606,0.5627168508955077,0.9453125,success,
PAT_109_868_113.png,0.6129834674868252,0.496622975137907,0.3804189572925762,0.008227002477481277,0.06287275720467404,0.0936575792071456,0.007314589727711178,0.052898725725401476,0.0987022722360226,0.01570778959908539,0.06302005269777228,0.18587662285932732,0.8139514265586048,0.761765341774568,0.99609375,success,
PAT_755_1430_681.png,0.67153982409786,0.3506748488035178,0.8432905146670571,0.016481370294263123,0.10463063309893834,0.051953887431796034,0.014562935400664214,0.09283681742124865,0.042453028383357155,0.014030037241409983,0.00810908689151113,0.009262202175139955,0.8273997323063682,0.7861061720151667,1.0,success,
PAT_549_1043_36.png,0.708004190682,0.1822989207900631,0.7069085007246637,0.17286334856021687,0.08487659075500378,0.07262286403532305,0.12521431131154465,0.08322171713427234,0.061012803125487264,0.0802319117246766,0.09760012731480594,0.05740995391554338,0.6955278487087442,0.5718075262409991,0.93359375,success,
PAT_917_1735_936.png,0.6247645323571428,0.5949716951801471,0.34120860433137823,0.012878524953713843,0.11279198610731306,0.07380576629940865,0.010937160801483778,0.10822756897269316,0.073016362168113,0.011909460182070732,0.18312392374158287,0.11919863548762633,0.7244428639165481,0.5723509895087873,0.9841269841269841,success,
PAT_1074_322_242.png,0.6050828877503625,0.28924894005045626,0.5636586330950341,0.019088845101540755,0.04550163394729615,0.08668340038779611,0.017364211708228498,0.042279530692700136,0.08896416814695003,0.022446743688873106,0.05727944798403095,0.10579171451509384,0.7241338613549053,0.6090392642534466,1.0,success,
PAT_2034_4268_141.png,0.603361114988209,0.7183683728916955,0.6202589274619008,0.0056692690230297415,0.08942270109773394,0.05330858077220252,0.004544192668580143,0.07098974490241305,0.03958961528912447,0.006472698241290923,0.007997457154398036,0.03351540172445311,0.6026160455973846,0.6561029346619622,0.9297520661157025,success,
PAT_8_15_820.png,0.7328655086260571,0.17728047064864777,0.7021785357173158,0.03125177155439717,0.012453477443335378,0.03182778619896021,0.029879233780319474,0.009990308107285453,0.030913638450212225,0.01897654101656738,0.0015731304918766287,0.021132587096932443,0.8388751720653256,0.7716969630003362,1.0,success,
PAT_86_1109_164.png,0.707122110750067,0.1356141631575702,0.5341902357940438,0.11205057050133228,0.04235480474871668,0.0895883803693652,0.07703864073257968,0.03766539082033263,0.09368973547745488,0.009317850875910633,0.025016734796960066,0.01632717446834142,0.667746943261437,0.5052603432291766,0.9176470588235294,success,
PAT_540_1016_644.png,0.6220854484091334,0.42347500645071584,0.9055495753259303,0.012529745306834214,0.11102288967300053,0.06689022695864273,0.008949810494380062,0.10004334830494101,0.0641657107790127,0.007879307519286114,0.020795563021092034,0.02632450730829261,0.8370431300160617,0.8155304600555583,1.0,success,
PAT_166_3672_759.png,0.6131411219809308,0.2967511701791621,0.5332480205502518,0.01496714335054756,0.07046503612998993,0.11177517044982263,0.01135342131578512,0.06386526060914001,0.10457519061591075,0.0009296399406578202,0.0919311934079658,0.11891516179585737,0.7822652662885538,0.7052590026924475,0.984375,success,
PAT_749_1415_164.png,0.6387988479747447,0.16749341814729501,0.7220611700695345,0.01600626579224942,0.024347664160715786,0.02652236475755654,0.014483620140474588,0.01963718957587135,0.02480585269524499,0.01911554265068768,0.01285192510606506,0.004740320365370532,0.7211105501719073,0.5618889528478987,1.0,success,
PAT_1402_1377_799.png,0.6665362771993201,0.24794849758085052,0.718704640947288,0.030231866720377434,0.04026718336362124,0.040823972546526185,0.027577317233635334,0.035888812301179275,0.0349097123992727,0.024034829665981524,0.015985676296076945,0.0364584285761812,0.44127659964427285,0.25454197258924177,1.0,success,
PAT_1479_1669_376.png,0.7628762497266578,0.17049046752212266,0.4766287942663406,0.1735199627876757,0.0957400838382794,0.07301911282900882,0.12544706169358844,0.08629350958642848,0.06157975965851876,0.15722305320065708,0.07559146065902023,0.063481406052397,0.8871720836227763,0.8526382874235785,1.0,success,
PAT_744_1405_742.png,0.6098775166762752,0.4913616013552056,0.7667923151237183,0.014728723515230783,0.10222186145341497,0.07845719105102157,0.013520161465792161,0.09093625412742698,0.05705345214241247,0.017168118862821224,0.09802607425914028,0.029175441752325004,0.9282965786217894,0.8648041560478639,1.0,success,
PAT_1942_3917_379.png,0.6388573289706734,0.541467951629661,0.45621302878487163,0.008368546133905152,0.10823080840563246,0.14117444151221922,0.006421589120016088,0.09366601034204033,0.1526707480918672,0.00030496491397013554,0.11715358990849717,0.3064091971486979,0.7961651466013006,0.8646808852637219,1.0,success,
PAT_677_1349_851.png,0.7172146923234958,0.18104049219576068,0.9303273452437695,0.019644929563608818,0.0077568341223045395,0.027088417088933874,0.01872971164066996,0.005820959623336134,0.027731647514682316,6.901751839052394e-05,0.0039041233872174064,0.01533140226560592,0.7548956271787879,0.8236725492058503,0.95703125,success,
PAT_71_108_56.png,0.6255931979279906,0.3502628392789126,0.7029966641529813,0.012118896347404795,0.05064826453790671,0.05914917376917951,0.010982538691746997,0.03691222098045348,0.04736839015843752,0.014418562806419762,0.0032280596029075626,0.04913605791782372,0.7104334578722589,0.49662770239591825,0.9375,success,
PAT_337_706_944.png,0.6971486636896741,0.12193788282742477,0.8502642663153958,0.1675905496750112,0.07250128676652844,0.05792881887283338,0.1479467799781666,0.06418107551844862,0.03927342845034523,0.07353535648889611,0.04067071333189662,0.01683860130112025,0.724054053145049,0.6208046054351366,0.9946524064171123,success,
PAT_388_787_818.png,0.7277031730806319,0.31477335378862337,0.6374232162841404,0.020187913684533383,0.07782628059339647,0.05652465805267477,0.019251477865885148,0.07469692891397949,0.047037069417541766,0.027348843392704224,0.12021432294829801,0.006231938972887319,0.8120071778234186,0.7090601654108056,1.0,success,
PAT_287_440_729.png,0.5839457396968807,0.40846455745437565,0.5927838766369681,0.02227751842564809,0.10121361535206556,0.08556340157993314,0.020091742424258173,0.09623314201376187,0.0739458684322148,0.004660442396740589,0.007519205649244243,0.0007841422059495784,0.8146258355411499,0.6298824414200987,0.9882352941176471,success,
PAT_771_1489_345.png,0.6318273854524085,0.16181668515247896,0.7327405850104753,0.01888463961082013,0.05640299051521195,0.06433087387842906,0.015828752423723072,0.05752123628769217,0.06329865484209943,0.0047148931680767074,0.0854838234077864,0.042540983473696725,0.8506198067189861,0.7768060803706327,1.0,success,
PAT_814_1532_265.png,0.6381829144732768,0.36844263078300993,0.5594636477102808,0.026566602871179863,0.11745396802167192,0.08881076510413757,0.021491770302466632,0.10498889908453535,0.08312325407615723,0.01804081420697514,0.07019083950530863,0.002461640575198709,0.8783862623092236,0.8276916639337725,1.0,success,
PAT_419_2768_910.png,0.5796929853735837,0.23388590240646245,0.6036240774721869,0.025948330852177133,0.05802830518302668,0.07443693729140671,0.030660216085231343,0.0601953898165305,0.07429463955596712,0.053104821400876134,0.10508334538071312,0.08808925738416562,0.9054094905226903,0.8077113863415377,1.0,success,
PAT_664_1263_781.png,0.6490892389331484,0.17437075539101565,0.6373307606021299,0.07511106122877337,0.09076373301491276,0.05122253141228023,0.04728819661147088,0.08144167964190964,0.04271033720666157,0.049050496974415755,0.00988813577490355,0.005701872884681269,0.8190938845299703,0.6804786316255399,0.9686274509803922,success,
PAT_1591_2648_723.png,0.5988519876949875,0.7313909677379579,0.7591468973707473,0.013611472316555948,0.12780105504094902,0.11371370051933433,0.014139808656976454,0.12517614779516173,0.10958129969287296,0.02439333905730731,0.25972212630772845,0.1329769614248053,0.8493746312401051,0.8242528262511538,1.0,success,
PAT_1641_2886_284.png,0.5984046949541404,0.2298654498771489,0.6345998410129838,0.03126042298895765,0.12680335625643735,0.09423648517749322,0.02131100731269843,0.11324466432120861,0.08090958958607547,0.0036236417787972324,0.02089329991864869,0.06413785717369902,0.757145808534271,0.7585787863224424,0.970954356846473,success,
PAT_1322_1137_201.png,0.6521484922287103,0.17793426137758991,0.5157894192614422,0.030824321262930502,0.01164391108671548,0.02596933198069819,0.03193192969645461,0.009105169890967093,0.02822712293201012,0.0038070637821134156,0.010390419776591359,0.057677780062215744,0.6047983961259791,0.7044787168649154,0.8796992481203008,success,
PAT_413_819_550.png,0.6776439393179864,0.17735873733841218,0.7832899128910379,0.016577793206172805,0.008456204488966555,0.06438840817300645,0.015146845525746447,0.005733117634231886,0.06707571253152116,0.0019303722660788639,0.004738384849590577,0.0016183982595093793,0.8788566181489883,0.8414663732937958,1.0,success,
PAT_253_384_607.png,0.6586343282471958,0.1738192097143426,0.8173568229322186,0.006501874148169393,0.00789146396319595,0.029232881489749382,0.0027161620375155894,0.006165787444310942,0.030491638313267927,0.0011429813167517801,0.00012283821594064048,0.000994375324862129,0.873179074889492,0.8683296061957515,0.97265625,success,
PAT_837_1582_714.png,0.6568380928665131,0.21244177294575048,0.5519147351949825,0.025241678809347735,0.058573133745131366,0.07071972975003091,0.023258719739552118,0.05211373937785436,0.07065287855351407,0.03662918558810841,0.008438278478656719,0.009046165985120314,0.7814410194782209,0.7857301758091301,1.0,success,
PAT_522_986_800.png,0.7353595957748996,0.2447692544453719,0.634115955233905,0.12917331479738747,0.12294590468064952,0.06813429130368005,0.1068784148648211,0.11122804486241354,0.06250386429758238,0.13348483618457768,0.007723331272266598,0.049090671997650714,0.9505750143742029,0.8539427303804294,1.0,success,
PAT_53_1370_288.png,0.6851692954377249,0.30013711551739225,0.6364211229209819,0.01918633832820783,0.07012105217388077,0.04459561400267415,0.020537441557765428,0.06282461971475475,0.03313131172248405,0.009875428589347972,0.10343618361377824,0.03043580355191533,0.5787532096222695,0.6045496015373675,0.9921875,success,
PAT_938_1789_693.png,0.7192492665131427,0.12008617227151569,0.34665498229086794,0.030778070304352794,0.015194259783856063,0.013599624481760293,0.024801489006263038,0.008591678574065644,0.013262893143922143,0.017756811642445157,0.002516144260311201,0.006605962683024769,0.9010192628122451,0.8937700528963033,1.0,success,
PAT_854_1635_103.png,0.6815835879997348,0.3584038918597742,0.582289411976912,0.02116106642727516,0.09154232666984376,0.06783664932684909,0.017346129726728974,0.08386764711004993,0.06792957429901646,0.014597171896709997,0.075097904610061,0.028554221714584993,0.6760460397514836,0.7084979253660142,0.9921875,success,
PAT_595_1142_142.png,0.5903373882917127,0.22133437995078226,0.7244359390861005,0.048925463009315134,0.09960419890061835,0.12628210554697467,0.04221943229243518,0.09920112586339108,0.12524879287828855,0.03865438128533232,0.007904041641565829,0.03092912151100269,0.7684420838993886,0.6285504347134054,0.984375,success,
PAT_835_1578_592.png,0.6903426119325276,0.2340342535859665,0.5749956369365162,0.08107557465998651,0.09046777092610325,0.13621144768779744,0.07158594211985385,0.07922025544816415,0.1272792500658851,0.04384216666650952,0.003302481065736579,0.10359531281517254,0.9493526599350535,0.878255465987625,1.0,success,
PAT_492_1784_50.png,0.5400629783566301,0.24641570843843127,0.692414759244403,0.05846178479888293,0.08827537931652243,0.10850363016802614,0.05260534132851871,0.07967436016769941,0.10428315415238033,0.02518880139195316,0.04404287397822046,0.09455408920414843,0.6262886139320094,0.5907358656322597,0.82421875,success,
PAT_492_4723_890.png,0.6627637639223257,0.2594923476940485,0.8265308862369884,0.023849841939023897,0.06904956110679195,0.04965871093349212,0.02133274801165625,0.06226161104793727,0.046148367342815015,0.004635333211803625,0.018477225700361533,0.01684800073710946,0.7539232053739269,0.7663360239842537,0.98828125,success,
PAT_528_992_124.png,0.6782148749313369,0.1824962206743465,0.6596163107403012,0.032352230292498924,0.027198113243632707,0.09113574973461813,0.03628141613264895,0.032468901833053974,0.1032170812874806,0.053944904048358604,0.05023916064463596,0.14504671161729754,0.8420969794275088,0.8661456345998989,0.984375,success,
PAT_709_1331_253.png,0.6246245251125492,0.42480556385141843,0.7885619623461216,0.013692574943090162,0.10265071414590869,0.09553593004845952,0.00973436101915846,0.08178483337765685,0.07018810807775756,0.003336910986339979,0.020308668483297765,0.0630581858867224,0.57197303366334,0.6778922167524922,0.9140625,success,
PAT_1392_1352_778.png,0.6179015540820507,0.47118210146068645,0.653484937416193,0.010306159842565681,0.0850122664516059,0.08963572682111243,0.009215910688064252,0.07709117308209767,0.0834257640632362,0.008787844531218525,0.0895907716787136,0.1052043562210313,0.8473439911432556,0.8407806183261582,1.0,success,
PAT_1547_4232_115.png,0.6298109169866164,0.5248348079566074,0.6960368582454184,0.011396081305320457,0.05623723500038668,0.08111471684025688,0.010111839104339307,0.048099899866121586,0.07505506938993102,0.005584999061549291,0.006110416848643108,0.031226700605720192,0.8978260351333891,0.8779033101668956,1.0,success,
PAT_184_284_721.png,0.5997324612591521,0.22743901257042684,0.4993775047091693,0.06540041724890792,0.11245027107548701,0.060451494176528016,0.053731242924876826,0.1026672419169427,0.05349662874906933,0.016095614306329508,0.057944424509230846,0.028359857226025464,0.9023560317209504,0.8655269586176647,0.9765625,success,
PAT_640_1210_293.png,0.6884538524073023,0.17742165299921345,0.7823856473013199,0.03820271425628144,0.05893654297523004,0.17209469835994207,0.03655882080544,0.05823382108889919,0.16468500680364478,0.002156760450679782,0.011611010392870963,0.05438497024346656,0.947031189515333,0.8550775230361017,1.0,success,
PAT_1067_284_533.png,0.7513128893625303,0.08950706421212919,0.7731296563708083,0.2768093501002489,0.04419515174086332,0.04750747572358892,0.27061431553536364,0.03985835854046613,0.038931646089005546,0.022993415992266206,0.0012066532214287246,0.016438114833803197,0.8824990942484294,0.8600480922765393,0.9795918367346939,success,
PAT_354_1814_619.png,0.6397588718024356,0.32796189029215334,0.5217049197420873,0.010141708399341653,0.04938950451450797,0.05189192636128068,0.009538592948622712,0.045044533052249314,0.05042659414399093,0.010347435788789975,0.05211601527068438,0.07007665365338411,0.777426235620839,0.8071039640455471,1.0,success,
PAT_224_1340_142.png,0.6767468619381655,0.559650248382307,0.35838077954771813,0.00575547155123606,0.14014190575281044,0.12034291707573168,0.004456093454923168,0.12798411007691374,0.11617889386332231,0.0011645049973586829,0.1389824801946941,0.0791487323552556,0.6264012946906394,0.7126736417138761,0.9175257731958762,success,
PAT_198_302_44.png,0.6012077970850955,0.5284621981116866,0.711917735652187,0.013573223145302783,0.04830026918716066,0.03361142143623708,0.012740623347511174,0.044132487101398936,0.03070997294489878,0.004327972497189355,0.038925838247180766,0.010691248988095148,0.7110709754015911,0.7504075229804626,0.96875,success,
PAT_407_810_390.png,0.6568005809235522,0.4472992700729927,0.5923819598716458,0.01537462937267744,0.057623857774793175,0.05096174694229862,0.015399531169201449,0.050461317812202255,0.04788340861994624,0.0301792136916424,0.02072830620621452,0.0019187899874674175,0.9047672977487529,0.8551912003273254,1.0,success,
PAT_63_99_189.png,0.6327698813646472,0.36324070999558217,0.5338222286550554,0.019492893004566244,0.11919484861764992,0.030473154135599093,0.01784420222589226,0.11792343886683884,0.02651069951318778,0.027516770002723075,0.13977604702812974,0.027552353175628985,0.8142128093340892,0.8460950435142959,1.0,success,
PAT_90_138_369.png,0.6454923510610838,0.6152830470741769,0.7834524834042416,0.01061751745768811,0.17373121519663517,0.07099829252300997,0.010143617165105675,0.17062810199208828,0.05905207292130305,0.016236584764316574,0.26030128908610567,0.055141155830744415,0.9402047647243605,0.891943665239574,1.0,success,
PAT_297_4307_924.png,0.6081350697913286,0.4535775103183537,0.6515058599420372,0.008341360858624174,0.06303637031725459,0.03180239667583786,0.007876428982435409,0.06261493615788648,0.029949735332570997,0.011826364302930948,0.1139844095604135,0.03256447269486229,0.7812844457381307,0.7280418344527475,0.9948979591836735,success,
PAT_1439_1522_211.png,0.6187296736396317,0.31379337675316177,0.5290101312932906,0.0146511868771752,0.09050998202826394,0.12884968441310438,0.012910953754051728,0.08545075835303384,0.13185014017829993,0.011231304392828257,0.058867004247734556,0.09065133044569584,0.8345264773273777,0.8502909784957272,0.99609375,success,
PAT_705_1326_82.png,0.7390568734171478,0.1281981424148607,0.7935252837977296,0.1401735315911315,0.040190031626567875,0.06369958868565563,0.15096299532950955,0.03792939766021286,0.05938346068731889,0.03854226265583252,0.02535287387266119,0.034119202524640624,0.9131777431809307,0.8878293393435731,1.0,success,
PAT_1273_953_510.png,0.6053038399009208,0.40447527945032463,0.5877187366313468,0.013576145656394808,0.1408732245610559,0.06502989187963362,0.012966483922092343,0.13422382888040077,0.059959202527872485,0.023689515543444076,0.17826217614769455,0.06012364251860103,0.8077714096638355,0.8170264293296354,0.984375,success,
PAT_1572_2495_335.png,0.6003780981049511,0.3084186684961402,0.527732087763036,0.053532740653754365,0.1305695996835391,0.09424411317085048,0.024587549020589024,0.11140177311066246,0.09135697272907324,0.017459296326590688,0.03860960111674033,0.025260162799547015,0.8281610877130501,0.7060061008473351,1.0,success,
PAT_68_105_871.png,0.6781645541467984,0.4462118521793491,0.7353896253616006,0.04303640367718112,0.174477034425887,0.1162521202280465,0.0385057623541753,0.1704149968346128,0.11610519722926232,0.02171441260011891,0.12263255836006198,0.011550665146035421,0.8463131390961803,0.8562003409298706,0.9717741935483871,success,
PAT_577_1107_61.png,0.5999387133138906,0.4859640735357862,0.30024541676228356,0.01365288852700844,0.086981531443143,0.09224417735562378,0.006801268283619309,0.06889386016117281,0.09457524200317231,0.011975573722303148,0.039907883364617924,0.19010368113458842,0.8527911870649567,0.7267233748479136,0.9779411764705882,success,
PAT_1506_1735_733.png,0.6566488673738843,0.1722273359766367,0.6675690152543418,0.03937305513714957,0.07895330199170464,0.07221739137604048,0.02724770001550596,0.07145151046556103,0.06928096907265117,0.010128041186451577,0.02158308991239069,0.025724794844368182,0.8678866548479346,0.8265826963772277,0.9710144927536232,success,
PAT_154_237_625.png,0.6532553877929334,0.5553788234201492,0.6019786077632391,0.03338042074204562,0.17274526035351606,0.15591692330030568,0.027552169542981893,0.15788900008069076,0.15482200579268113,0.026016888550820502,0.063359974749079,0.007053457317306999,0.6652953049297753,0.48581936020827177,0.984375,success,
PAT_1252_866_852.png,0.605224213948782,0.4897489074923189,0.5629472180125102,0.006880735139569404,0.06017692825893101,0.1264071237453802,0.005235080211891309,0.04524001044533246,0.12474338041931363,0.0075603121860661005,0.08127302076186566,0.21949554743811772,0.8610034220753159,0.8204304771863496,0.9921875,success,
PAT_1689_3075_38.png,0.6396525846438055,0.33258175686668934,0.7028500150374457,0.013228040547908895,0.06218671864466786,0.06330360500896687,0.011006186610957222,0.05639419339180411,0.05241771270190603,0.008673965382205514,0.005512620353268383,0.0188778238090056,0.8359346391784883,0.7241048419774615,0.9011857707509882,success,
PAT_1415_1439_295.png,0.6225932716392383,0.4291942763852876,0.688203320509996,0.009264321858630447,0.0645821740361589,0.056983971797186124,0.007693960151401841,0.05596775769094435,0.049312648802840774,0.005448771530413805,0.02482183005728944,0.003269893775718291,0.8799953184678599,0.8616875737866238,1.0,success,
PAT_63_99_736.png,0.6334719516848349,0.36566132689511854,0.5330033795016182,0.01815848277171614,0.11880683769713016,0.02948228734899386,0.01494728340734372,0.11440083861106722,0.025456894039518594,0.025242288238132144,0.12636527546141665,0.025879795926734284,0.8253624870415022,0.821260701194215,0.9765625,success,
PAT_464_899_646.png,0.67829256309821,0.5785063438972513,0.5298537404346095,0.039314698748230355,0.24107274169192255,0.15276152987212754,0.01822270864923559,0.20047713948529716,0.1292503396460108,0.002093744251721969,0.23776497819822096,0.14471512204532755,0.7675962453845251,0.6572934142461693,0.99609375,success,
PAT_330_695_90.png,0.6249662281954619,0.5192582567498852,0.799261140256229,0.01228977904386324,0.09984341840266951,0.05688895491784226,0.0129179280188734,0.09186882056629418,0.049711520227060546,0.005921754924032364,0.03287663762152726,0.02692178145366564,0.9498582762810164,0.8959329370346366,0.9921875,success,
PAT_1707_3148_835.png,0.647422857014795,0.4219711684035722,0.6471252313136999,0.01022101823452957,0.06292570499020342,0.055449038762021584,0.009657975559361749,0.05725705295110968,0.053575972091654524,0.0185424630157176,0.03639515406431848,0.05803309794598177,0.8078250996350317,0.832795130289587,0.984375,success,
PAT_961_1818_992.png,0.6477076280286825,0.4627257778981787,0.8916757492329694,0.01799725786893044,0.05308853283568741,0.06709787791369934,0.01829890880587301,0.04273819189111525,0.05783022293722074,0.03177673741278453,0.003671413300693871,0.014690486501041655,0.7189426149285816,0.6745912507332973,0.98828125,success,
PAT_126_191_304.png,0.6687822868552394,0.2721365257509171,0.5513771333327674,0.03456637845125363,0.10469484981105,0.07404587215977525,0.0276274663529296,0.09308443672122678,0.04674485154054326,0.03543067125569013,0.08137959535962017,0.021516996544112765,0.8603110100139804,0.80842381953553,0.9296875,success,
PAT_683_1296_237.png,0.7476221970610583,0.12517191710807546,0.6171736414418322,0.23480504755620793,0.06374886431932256,0.08801894563512673,0.20491482663785623,0.05628315493436338,0.07201024943281972,0.023397711748502716,0.019489958790157094,0.04842389835801575,0.9054486740214925,0.8594425128764257,0.9722222222222222,success,
PAT_558_1072_486.png,0.6547301785265683,0.37750579517761973,0.8058143297736744,0.01345396760383597,0.11305482368116428,0.10204737311192659,0.013046638393132325,0.10923642377906433,0.09441858887645264,0.018348885040855124,0.11130543324923275,0.061273908909285746,0.9474740466013842,0.8522111201446612,1.0,success,
PAT_834_4490_317.png,0.6868296442187787,0.313012500538654,0.5330708467055502,0.047093504403608086,0.07689289838022052,0.06846264467326638,0.047155029107107685,0.07097879120071356,0.06177380063000247,0.018928366863437813,0.010155204017344766,0.016383157915604185,0.9358070194104225,0.8618524021628706,0.984313725490196,success,
PAT_1503_1728_65.png,0.6111447937014396,0.2710277214334009,0.5885873933177695,0.012818173534049617,0.07408488118009714,0.09408793451058751,0.01114502625211201,0.07165417630668115,0.09032574672766373,0.026671610457941756,0.14468249481816467,0.15660547071308872,0.8089514329221622,0.803509189557997,0.9900990099009901,success,
PAT_927_1759_749.png,0.6462040377866684,0.17900132599307594,0.5953176621933748,0.13824702834048058,0.10226781487711974,0.07451733170460728,0.11665834038747361,0.094956452945392,0.06486614715839034,0.04921506539586081,0.023767647822354104,0.030219984559315405,0.8833311458213213,0.8523481839331043,0.9801587301587301,success,
PAT_97_151_503.png,0.6663715058317046,0.5997647040186224,0.7734871283779534,0.017167140714151274,0.13563980690005972,0.08929539397894921,0.015754930429841333,0.13090427508947453,0.08882910770751849,0.02512660726833352,0.09107120281541803,0.05080023676328538,0.8278529898829476,0.7191734373030806,0.93359375,success,
PAT_876_1664_579.png,0.7421340230100009,0.21162953646531,0.6029397400520714,0.02960282792274379,0.10096782472551528,0.22815922986066342,0.027491707701113716,0.08478290785291881,0.2144682727160357,0.0014982924771274498,0.03421066611738213,0.09291858214632731,0.846734234198026,0.8145580867233144,0.99609375,success,
PAT_690_1309_217.png,0.650037355533308,0.28683351777758864,0.5772388978746346,0.025409189241941608,0.08167215872635825,0.048962192530609974,0.02425109656625593,0.08049823055350318,0.04900095183444773,0.04246805093559508,0.08863702574752655,0.005767638073077785,0.7657404819824315,0.8313358073265498,0.96484375,success,
PAT_122_185_957.png,0.6425969782008648,0.436907681601972,0.6115641731558056,0.01894653424205654,0.09869862601045552,0.1331473071797103,0.01876227129945354,0.09118098122223875,0.12761394377271834,0.028857475241425037,0.15505137151036785,0.13417706387954909,0.7370145820273812,0.7771607083738832,0.8586387434554974,success,
PAT_1881_3717_785.png,0.6324485985099576,0.3051529456404075,0.6301922840849488,0.015144267393206599,0.08892596761025712,0.061036621588347745,0.012875071791300657,0.08213522008815527,0.0574464166458253,0.012069336510834224,0.02070238171305938,0.059897274013299806,0.9348601904070886,0.8975295942642216,1.0,success,
PAT_884_1683_538.png,0.6445339687830803,0.4878368900735916,0.5023340943429667,0.022289967984353534,0.09629399741621386,0.14584307255998424,0.016199642422179812,0.08448228137030524,0.15636118187973724,0.0009754284769412733,0.13701914083390188,0.3299421607988269,0.7341034765849206,0.6830392596153305,0.8984375,success,
PAT_463_897_440.png,0.7382172793706616,0.17608879764760085,0.4557264353564508,0.1277760815627847,0.06320816490941239,0.05904352643974838,0.10333468803484355,0.05637533087935941,0.04900012140342244,0.016687210407077817,0.034870016926088654,0.03488030025084482,0.7705693716747511,0.8091003393491664,0.99609375,success,
PAT_824_1561_796.png,0.733102083987722,0.20423015786721344,0.5536243184889482,0.11302125187038989,0.11879782829722924,0.06251557855383195,0.07432997912670558,0.10387341790398262,0.05526982882445316,0.06187000249492643,0.03467389206636959,0.017332898082924597,0.8189355171335535,0.8177386076206884,0.984375,success,
PAT_1586_2624_615.png,0.6195980311730304,0.6016106606461916,0.41652693841402694,0.0037113799367877146,0.04548854682215909,0.04676743798525564,0.0032130217953835476,0.03529058439259381,0.046486863824525486,0.002648626173661957,0.025060302035620596,0.08060916266643431,0.9324916698101345,0.8614870253638776,1.0,success,
PAT_859_1638_598.png,0.6184957387279443,0.3881921921739619,0.42207295054557853,0.02148855975546437,0.0689756315230892,0.05981954673998453,0.021260586363612104,0.05905559958611288,0.0520517039504049,0.03913849267683207,0.07289868849781111,0.029597135597950797,0.5664160682540944,0.4781200260298718,0.9764705882352941,success,
PAT_535_1011_567.png,0.6708225469087984,0.35053875755909836,0.8314489417262232,0.017688845378424627,0.07204167054502167,0.03687989411396035,0.0180700535844209,0.06741466076082606,0.033896820394523325,0.026656043616897385,0.07598009772218645,0.025816738756090363,0.6448867954452492,0.7753927905667829,0.98046875,success,
PAT_793_1512_382.png,0.6074081054723826,0.39253633251610176,0.5788527897314566,0.010360458417073455,0.09520117297122356,0.06245375182200891,0.009865559989773428,0.09414798540847999,0.0597767777308495,0.026680218090178363,0.16711026786616384,0.08519494952198081,0.7785251643271943,0.8380665845225289,0.9884393063583815,success,
PAT_153_233_45.png,0.6679763595704883,0.2489589927341495,0.7652440529511296,0.01992913091947308,0.08624352390797091,0.08437950907828959,0.012971903435157223,0.07690109798018459,0.06977036455819671,0.009703338101086385,0.08543743619165578,0.06838141098340711,0.8756278991701641,0.8013708624901165,1.0,success,
PAT_1736_3246_166.png,0.6750097607387456,0.16587598236534407,0.7114866274284297,0.04658697294661535,0.04937891569314749,0.051899526718761926,0.048835068637897494,0.05471905146865223,0.05791871438649008,0.022413709811872216,0.025490593206240253,0.07732208880262148,0.8294957513502781,0.8656750745441807,0.9807692307692307,success,
PAT_338_709_306.png,0.6062356871286283,0.36680489597192684,0.8161323634621424,0.011482851567560366,0.10677845695611275,0.11601532675045785,0.010370875896720035,0.10409764068182265,0.11563649175020667,0.00291593783253461,0.0547257693978484,0.05595793107839109,0.9127071332705432,0.8715416788975375,1.0,success,
PAT_950_1804_64.png,0.7050710742774925,0.28290192593367053,0.6415241057542769,0.021106831219639157,0.11114346082399597,0.0912109449853547,0.01774014453132838,0.10364339657826681,0.08445902553100697,0.008308909323972576,0.09069589725354177,0.07820899345555632,0.7957492465953775,0.82395247184838,1.0,success,
PAT_246_377_159.png,0.608115686422066,0.3164858831401789,0.8590293358524941,0.008333831287258755,0.05757951420048745,0.05562975251540894,0.005693160725495738,0.04893442685103908,0.042942179658080275,0.00939830102622139,0.03467299106932192,0.01186297997574759,0.8055492953008847,0.724065256019936,1.0,success,
PAT_796_1509_459.png,0.7048318301526871,0.24668765170468238,0.5617867757822392,0.04566959733743543,0.0898903800345223,0.08424365147367106,0.04430195848471354,0.08826298984794102,0.08616434026535946,0.002559037327135469,0.07490283521398353,0.02814740768135593,0.8271570718310481,0.8573278792830675,1.0,success,
PAT_1608_2720_196.png,0.6181200234799233,0.18759665126129207,0.746828662085498,0.04468261519984421,0.02214543071502459,0.09837640517378897,0.04740570599927562,0.023800283587442572,0.11047027747298208,0.0802391801899392,0.014483258915068964,0.18970301853198723,0.8582444866838725,0.8769884166510106,1.0,success,
PAT_819_1541_727.png,0.6464372688270605,0.44827587168564237,0.6971068147538736,0.009219627270378257,0.10848693881153837,0.08751393498049571,0.009056285235341714,0.10973813343747453,0.0958973828813743,0.0035623742692217934,0.09290321328167789,0.061161716714657866,0.8270970852591641,0.796744263170899,0.97265625,success,
PAT_621_3591_171.png,0.6022865111484611,0.17856224297366688,0.6627927203326289,0.02137028831742475,0.011964278588643826,0.06580378935246352,0.02144551888436264,0.013151807348353159,0.0647088445370692,0.000836500964911677,0.023864559506233146,0.00587966239319937,0.9408238006995899,0.8528956689770623,1.0,success,
PAT_16_24_691.png,0.6446408435853653,0.5360526534311019,0.5582079637231434,0.009108341196423377,0.05788497114442033,0.07509871860456596,0.00936802402892851,0.052293097391010825,0.0729511724285535,0.004344247382862281,0.0449606610786053,0.023675484064613284,0.9209638870469007,0.8776215280270717,1.0,success,
PAT_834_1572_973.png,0.6773423995458744,0.22827382352070258,0.48216923558384295,0.023856130431899332,0.07449649199180501,0.04826871870567286,0.019962668754523377,0.06833978557001709,0.04157935778001794,0.012962891308481833,0.004278724322826721,0.02788471157538286,0.6038264689035711,0.6978767522375023,0.9254901960784314,success,
PAT_72_110_647.png,0.6098021566687623,0.16265931828178043,0.673835715969372,0.02168335344857373,0.019038354200031016,0.013821200329703902,0.020799556194423318,0.022505435646839968,0.013073262906143326,0.10924194540946507,0.04206962334673445,0.015804285034715204,0.8113934733695003,0.8435598831533984,0.9619047619047619,success,
PAT_152_230_934.png,0.6395781124272631,0.5346941180271663,0.8545666109809243,0.02197022165390289,0.11504338535340539,0.030249834917713568,0.008630609921966315,0.09971295905631686,0.023417842204352876,0.0064186563074929695,0.1436820252849697,0.03734446432115446,0.754636598823994,0.8627557809246963,0.9921875,success,
PAT_1388_3513_146.png,0.5549062583309069,0.39254174659059304,0.3721841197463379,0.08486791192868491,0.12696889596586994,0.17071389104404322,0.07531262105550755,0.11530941154569145,0.17034362850123425,0.044868471606542136,0.02415180021995572,0.23138898447042355,0.9044863416135258,0.8462574150179202,1.0,success,
PAT_1406_1397_669.png,0.6008222706124525,0.5671475128259874,0.7356303326182974,0.005599036588644209,0.0648686643220474,0.06186715351279443,0.004725168983453049,0.05488727893823168,0.05100555261816519,0.006200282253613349,0.01681664145479289,0.038974199232921114,0.7712428283634241,0.761959775812754,0.9375,success,
PAT_75_114_73.png,0.6796983853619896,0.1718404613658286,0.7408116045207795,0.033336111206569964,0.01634503778506078,0.05252631197736991,0.02994101074064227,0.013769668550931494,0.04656379210928291,0.004962319389102592,0.009692850471043984,0.02012871209137823,0.9183628338503071,0.8391490762201896,1.0,success,
PAT_50_76_296.png,0.6735556953686058,0.1660555293428216,0.7504093279988624,0.0531662370037095,0.020681699948248877,0.1884945402308702,0.04396631944040077,0.015830180972200066,0.16230815162760295,0.002614855010308443,0.005055043489415489,0.05142164829409379,0.7743013774782606,0.781906075542808,0.97265625,success,
PAT_600_1141_988.png,0.6217855170990211,0.23156043509898172,0.6484230199367582,0.06781710382502701,0.09902781599541534,0.08946388998480351,0.06429468405528754,0.08454659891701241,0.08314749506133882,0.030153299937714057,0.073409552840602,0.10627615905967147,0.9668668237096754,0.8827376052620762,1.0,success,
PAT_624_1180_803.png,0.7584340586882279,0.25884510408925754,0.5996731835890903,0.08702961262576919,0.1449291814466569,0.07963304402752105,0.07076948977236569,0.12704241030655547,0.06212830241239275,0.013253314269882013,0.062303448929541094,0.028214508576978048,0.6026959702750607,0.6837198817869904,0.8828125,success,
PAT_691_1311_2.png,0.6118640270626529,0.17951713497413005,0.5848844411803908,0.11841145243238059,0.09705297759199294,0.11174240752009795,0.09891578650925535,0.08594443490072161,0.10279843189958142,0.022412131491564857,0.017238475177619172,0.004546591348227547,0.8700528957249198,0.846216585526835,0.96875,success,
PAT_1770_3344_274.png,0.6273358207934894,0.7314489320228201,0.44939462930854607,0.004380767191762066,0.05998892421709345,0.06265784053530599,0.002151185792996283,0.048114054084181936,0.061056884568043326,0.0006823115973017163,0.053687095580926214,0.07790486386384216,0.904456649687496,0.8393547481485817,0.9669811320754716,success,
PAT_362_744_283.png,0.6205322017171647,0.4860865777820795,0.6704662119887033,0.0072863111374135885,0.04319474969052276,0.03810382337291669,0.007259605481601959,0.03715598985184656,0.032069487053399584,0.011401069919285333,0.02618619827543811,0.03815609983925372,0.7415858210601519,0.756596900947656,0.9609375,success,
PAT_198_853_778.png,0.5820996627590638,0.5966164885492806,0.6305504772838121,0.01101654796932205,0.1040894057627647,0.07667433340441,0.010207896336258428,0.09545277676652575,0.060138605740562484,0.010830076322553436,0.08800242758298604,0.05980526527230168,0.7278029983153621,0.6476653222623414,0.891566265060241,success,
PAT_649_1233_229.png,0.5931943528246806,0.35638963556640296,0.38859626459685825,0.008723773073266688,0.0839834924013685,0.06830005939660433,0.004007301559789531,0.07893964373908512,0.06876374633924147,5.9452822638740425e-05,0.11661891587179346,0.1207636732108639,0.8590301290712392,0.8242728386742351,1.0,success,
PAT_386_1554_362.png,0.6742770228359607,0.4381577298459378,0.5609813962502949,0.058272816038445134,0.13549266273630506,0.07665725082723021,0.06024719586934943,0.1384342272231031,0.08020792214082195,0.01449182480854287,0.06320061100988528,0.033126823284379325,0.6512670371501459,0.33171326885012625,0.890625,success,
PAT_641_1211_321.png,0.6422139480751086,0.5166378449178655,0.47068481078748264,0.00811022495208519,0.09731020821612453,0.04200917192384551,0.006434715829237283,0.09171107253709782,0.038361374976619934,0.007341378275861861,0.13944119267646288,0.058639167842094386,0.7626001950262296,0.7837662027170187,0.991701244813278,success,
PAT_966_1826_587.png,0.6724960319663613,0.17384000373181116,0.6462865269206096,0.033781847816401596,0.022328401334117422,0.02805731265739237,0.029515492942081265,0.017950386964946347,0.02461283852728122,0.03346929046982723,0.008011358265254537,0.021799594369041553,0.7611123126711417,0.7347507877115051,0.9921875,success,
PAT_1521_1778_763.png,0.6028701615245267,0.2814081293792493,0.5819461435065622,0.020436342973607653,0.08564911786987751,0.09149875956673773,0.014221355336924849,0.07243890529937205,0.0886396148920148,0.015070359381467884,0.042037492348408534,0.12235722537781235,0.8476129727747693,0.7453638911701481,1.0,success,
PAT_800_1514_512.png,0.6506536265542149,0.30786763306121995,0.583016287611561,0.02482338500423208,0.07689130042870566,0.03780597402565048,0.021939750551730156,0.0734313550862724,0.03308271403729102,0.00480734586136167,0.0582160688053911,0.016998400036282613,0.6879893011232077,0.733401700659436,0.9605263157894737,success,
PAT_601_1147_943.png,0.6176003962427393,0.3780135180561075,0.530680872341126,0.015603788453382832,0.0976566374141879,0.043992825937549274,0.009033510397844488,0.0833723931243795,0.03696471031158732,0.006432839828102269,0.06521378978750375,0.008262587486292938,0.5210433128881912,0.3061898824122861,0.9921875,success,
PAT_994_1866_913.png,0.6735282413677106,0.1349309036554656,0.756491438527341,0.052438539917302365,0.058275187328488985,0.04033843390150144,0.052950246345782874,0.05246300029337663,0.03147149607656983,0.08832103731123292,0.03547911026894887,0.001695054093924786,0.8778868494315262,0.8533264062562774,1.0,success,
PAT_277_426_825.png,0.7025126997831431,0.1729550441655939,0.8864298639080088,0.01456676672416263,0.012857224849703594,0.019761797799362962,0.012868600198679244,0.011672928880006919,0.019595104313075932,0.00523963049195607,0.0007780541642953831,0.009977096227038573,0.9449762590799047,0.8816537535435655,1.0,success,
PAT_557_1058_309.png,0.6828382314200588,0.3218659454547531,0.6827916417597266,0.05141977772512129,0.17000689932557927,0.05378432385374847,0.04576784645415949,0.16128780290975844,0.05578855973579523,0.0291567692513481,0.14906113002712718,0.0008982842591774842,0.8567192780736299,0.8564710433904705,1.0,success,
PAT_67_104_730.png,0.5814039027556279,0.22656417774609558,0.37685364393842596,0.12074401384856799,0.142634393139334,0.09598649003376045,0.09182034495499496,0.12424724922310523,0.09054424434531694,0.027021149052292987,0.14356749504935676,0.1391486794479097,0.8222715851755146,0.8015893792264327,0.8984375,success,
PAT_403_804_994.png,0.16860647414808128,0.14438211560123948,0.4697809966240586,0.2428942556645763,0.10184816449433005,0.15449227411659686,0.23559781320427073,0.08651122538776594,0.13316813764116942,0.4295867334469987,0.04536615572891846,0.08242328974165047,0.7280939702823772,0.7952876066330831,0.96484375,success,
PAT_465_901_106.png,0.6159690212198593,0.45705326173790817,0.45118971776436206,0.00939148987285619,0.07776582962995095,0.09768972383030088,0.007952839480737946,0.06980662777842174,0.09576060364516513,0.007117202699372251,0.11916663112277204,0.13329379169227412,0.8809326038850933,0.8766575415605007,1.0,success,
PAT_526_3205_611.png,0.6688964295772398,0.2019686531661845,0.6219202571520411,0.029460274334118595,0.05826148754875683,0.030785813463449573,0.029140547644602062,0.05200401627687957,0.029616683359514666,0.05644810273155964,0.05326139762196008,0.010351089151627524,0.7693381891787423,0.8375338621986832,0.9765625,success,
PAT_1414_1431_754.png,0.6638158149578127,0.28720508041251175,0.6879216581463827,0.018260178216253725,0.055395989358539115,0.04403704073296497,0.01787880947173293,0.052281564473612104,0.03825205983711045,0.05892940699569809,0.06927868333434348,0.07956781937330448,0.7856696421749766,0.840923486197395,0.9764705882352941,success,
PAT_1130_501_181.png,0.6187169553459598,0.5962984459302946,0.6549793476082526,0.00611041481870494,0.048342819870197014,0.028837108346754698,0.00482927147838758,0.04340959275443955,0.02765032589058144,0.005685898666497261,0.060289691597777195,0.024007064282251744,0.5656878422270577,0.6248392731535992,0.99609375,success,
PAT_841_1603_667.png,0.5985015485707225,0.4600707161518829,0.3808561561869594,0.012248917073324934,0.05438196241942202,0.05080318577570933,0.011653704165545672,0.0447381024627997,0.046279616302863216,0.019277015358719434,0.029958719612488083,0.05888064856596559,0.8366454866766948,0.7987836230111293,1.0,success,
PAT_1020_111_593.png,0.6141734608855401,0.44200223178702375,0.6086465805834529,0.0052448652155676736,0.0386234512947092,0.02710039403203476,0.0024364036409191673,0.014915893326374424,0.011761017486452034,0.0007905143018945183,0.01155659898844974,0.021052997695752307,0.8596633117661154,0.8440156984398792,1.0,success,
PAT_1735_3242_27.png,0.5969984664038079,0.38277300015890997,0.8843905388700054,0.01924493525670316,0.0643096793620647,0.07919227403301947,0.007394984206508415,0.06095272937792285,0.08005683287064475,0.01939987301454972,0.09233591190025464,0.036670203714497585,0.9417208849920309,0.8642158625214568,1.0,success,
PAT_926_1758_714.png,0.6527355399547736,0.3071398196383986,0.7814865005482545,0.013265268943335481,0.0668364947147173,0.025619425466359633,0.010850882861238519,0.05776644546204855,0.02185833767594221,0.00588629026074151,0.006423977746086107,0.00034126808580803303,0.634979420720676,0.7209747085083495,0.97265625,success,
PAT_154_235_162.png,0.6018368432302665,0.43155372446540435,0.8377755638409001,0.01805524482974371,0.15318228152569632,0.05668158435229338,0.015749943721201174,0.1311320928822652,0.03999377738270452,0.0016400861850075425,0.09619239787390288,0.03357730405478998,0.8830710593479874,0.8350368968336852,0.99609375,success,
PAT_831_1570_637.png,0.5786894105845006,0.1349602344109056,0.7002261221825133,0.17562981835030458,0.09813377223950491,0.06877313597678547,0.15187987928835964,0.09567847174214913,0.06545330398531074,0.004458950434203027,0.07841769940958188,0.09766115170600043,0.9485181356596433,0.8589185955371078,0.9921875,success,
PAT_1249_862_658.png,0.5915586147243116,0.3844735696476393,0.3359473459713556,0.01693801864299684,0.07422977531960707,0.10387547366740883,0.013246914070859487,0.06570023128155955,0.10538473622437182,0.0028812597039171175,0.016864377295844002,0.11795767383707928,0.8275730017281272,0.8539987540216845,0.967948717948718,success,
PAT_759_1433_914.png,0.6451482897399389,0.4821062233308385,0.7109206541573801,0.008860450028083349,0.09926974149545804,0.037414934760122434,0.008444693144554937,0.09647493326489263,0.0343030662985746,0.010293974617389996,0.06897994189042728,0.0027600758665882186,0.9069615464825714,0.8478896176210061,1.0,success,
PAT_183_283_602.png,0.5426367331152471,0.11958672882341079,0.4804469591829472,0.13867049371169532,0.07658371961668309,0.08027424205356691,0.10599425564079137,0.07408326498561406,0.07362347308724193,0.051425368377094174,0.11269876762841022,0.0452250444141048,0.9101921476445027,0.8952575148640093,1.0,success,
PAT_764_1448_499.png,0.6290572615558602,0.7174036451202073,0.5934660807351094,0.0070622917329552885,0.10271841363605454,0.15078008053214273,0.006162806660247145,0.09240784005416336,0.14493130247265576,0.002097433271544307,0.05646091973561895,0.10708307968309738,0.8927620474464988,0.8578312513436006,1.0,success,
PAT_934_1778_140.png,0.6854603998740233,0.12835469433152485,0.7420596536893916,0.0577593929486632,0.043011679639401564,0.033733352007082995,0.054987743548603016,0.038300055887119246,0.030088643387942794,0.05156205019134429,0.04734149880531101,0.02811977579572733,0.756820263454071,0.7788353937802627,1.0,success,
PAT_1531_1800_683.png,0.6074092892884497,0.46676102843050704,0.8132550098488078,0.0168141069338156,0.10607058233269369,0.07079984224882988,0.015472592845586504,0.08925445528384694,0.03969198724714221,0.02193363587866194,0.04355212239405426,0.01684152978319642,0.8661700830560093,0.8570664902737151,0.984375,success,
PAT_2144_4738_120.png,0.6355689119612978,0.3092234523692774,0.3929886035430709,0.021989958551295156,0.1145069089685607,0.1571749747756258,0.017680303769129133,0.09992851670835493,0.17607557369311644,0.028990252842380295,0.15057743412847432,0.37892627270919904,0.8296641009373912,0.8740767424811743,0.994475138121547,success,
PAT_1370_1274_515.png,0.6337115558245594,0.16859694025705899,0.49769100080898404,0.10448562414532846,0.08006370780597657,0.049989232356654444,0.07404772770025593,0.07090383120403429,0.050394746868343464,0.03265620631399639,0.005206793708097651,0.04034480923676326,0.8657525918418845,0.852933893479592,0.984313725490196,success,
PAT_251_382_164.png,0.6756712987940493,0.16748124737875827,0.5872967272388364,0.02875547059575526,0.022601651073763353,0.025465221105122747,0.023289760463489528,0.022035219046379607,0.0205570974433603,0.006486731569002381,0.02100315056562682,0.015204864769755688,0.7164278032885143,0.8115184844838813,0.9245283018867925,success,
PAT_862_1643_386.png,0.6075509354765253,0.4227774235481942,0.7916602163930861,0.006128068486632595,0.0599703039301186,0.04301429185605087,0.005534274216226966,0.05878809332638862,0.04261655985481598,0.004033153605679255,0.06479305332951851,0.020721206764412137,0.8017780361177343,0.7450977429772601,0.875,success,
PAT_1418_1447_360.png,0.6203212005311086,0.28203265172971126,0.453165329655936,0.035826293235134775,0.11827486678325362,0.1573345463986536,0.017986981205599804,0.09765756346502212,0.17113491049110435,0.004574149481774172,0.04284991981341535,0.3622126385248004,0.8681385836708699,0.7990576798079222,1.0,success,
PAT_56_86_802.png,0.671777707862682,0.17974230566998994,0.6347894492345233,0.02140465305606344,0.01059619861141235,0.04088057085555304,0.019506630125962425,0.007392852415355276,0.037360425158851907,0.008557094390895909,0.0009614287116075648,0.012480431486662225,0.7482228055003406,0.5607559695159373,0.984375,success,
PAT_1846_3622_35.png,0.6181102846409081,0.2526041371225443,0.8216622232306616,0.007724271308206295,0.05170851794130023,0.0465008199018853,0.0057405762671362,0.04909639215462548,0.0446473331693036,0.010348596249767658,0.03095025817966282,0.006502446945565676,0.8233251072469441,0.8540471963739681,0.9622641509433962,success,
PAT_1365_1253_912.png,0.6209602851338323,0.18361343433765762,0.7018548544572203,0.030688345162933568,0.031674219853194414,0.037189003497556196,0.029971202588987274,0.028961169592970685,0.031936201921207705,0.03287059290011085,0.005693558187775699,0.0028799670983036263,0.7196338941279428,0.8164581981097845,0.95703125,success,
PAT_1509_1742_422.png,0.6030101950056402,0.32457927347298954,0.5011387030557639,0.011368993063330012,0.02919323190986284,0.05203656566643454,0.00932624362686801,0.02432396312018722,0.05603410391086006,0.001206757179787527,0.02766337687932824,0.06311119906094065,0.6815258961120302,0.795666897930592,0.915,success,
PAT_625_1184_994.png,0.6573723187276469,0.4373584812426473,0.5672773092953378,0.010946089389003452,0.05466248738814383,0.0999131177329523,0.00943092793803967,0.04826917325035989,0.10013757816092245,0.015691913666457283,0.008423252503482748,0.1630084234188005,0.9128846153846154,0.8404152932593861,0.9912280701754386,success,
PAT_522_985_991.png,0.6455959879976209,0.28999454361836813,0.6041938096083012,0.013331268808412015,0.08854865586080468,0.06518916806692507,0.012394376682085047,0.08201840100713,0.05782111285453182,0.01960241941625098,0.024578312412390058,0.00013149740590345793,0.8777742685116894,0.8469851657274746,1.0,success,
PAT_43_1017_483.png,0.6336694081931871,0.38915133621015974,0.6539767373309301,0.009894687128696823,0.04638153964467309,0.03884397055102617,0.008060202290814215,0.04061379991099254,0.02172757467566013,0.0059737232110720125,0.027832156960139298,0.010180265553606738,0.5857341972416479,0.7885847882923166,0.9620853080568721,success,
PAT_1349_1229_828.png,0.6290812648730321,0.628274130805542,0.7812444773761389,0.004902300552290726,0.04520226842561423,0.1333674368880154,0.004780188866649356,0.04287069323412589,0.13018779041810033,0.0066341810122582485,0.04705096292123079,0.18673523691674854,0.9111205004062959,0.8510618028029809,1.0,success,
PAT_1374_1284_208.png,0.6253313756145682,0.549821327554546,0.747516775018929,0.006902079755224157,0.06805669683120681,0.07582566261116569,0.006484993283055113,0.06893369755437477,0.07532442659966866,0.006030637154482972,0.040040657259803325,0.04181429042289797,0.7523375441390865,0.6532887168809509,0.8995215311004785,success,
PAT_609_1159_932.png,0.6710953032209817,0.2566144693270472,0.6782609030590964,0.02076531565382844,0.11342887878095545,0.05114192718978576,0.02045995305621115,0.10631724169718446,0.04986724921803704,0.038931440543156115,0.008413816408111952,0.04640427250796131,0.8841049453217037,0.8094627244663695,1.0,success,
PAT_1090_376_384.png,0.6197134133347255,0.4593717344822597,0.9842606733865997,0.008518776254386953,0.044306221884787444,0.02025722214865325,0.006922966166204771,0.03903367790403154,0.011865047542918745,0.005714897534853868,0.01915860990165963,0.0026103320530446172,0.8606046186942409,0.7775502583031108,1.0,success,
PAT_370_2558_175.png,0.6433959519990383,0.4129649190421133,0.6193078493226943,0.018256686408697206,0.084988809568348,0.1194495906248262,0.01570370135479384,0.07903807061781247,0.12364090014643118,0.006370811871666859,0.02990872712256537,0.005006816028167327,0.7163011125591967,0.7375818266772554,1.0,success,
PAT_225_345_903.png,0.7148227396277921,0.1999926876196831,0.7347150685307142,0.028108271553313413,0.04503984977524198,0.05559364142628991,0.024538472197542526,0.04203402060944286,0.0585861550089921,0.0530571714268433,0.020245445405476153,0.04647824518923538,0.8450407621816853,0.8678878619114275,1.0,success,
PAT_1371_1276_145.png,0.5957038066769572,0.18090682755478685,0.5418380087874668,0.03862368063122191,0.03274488386696665,0.019851685824395313,0.034704409525439496,0.03710799614367922,0.018903596757995987,0.03328321145923228,0.017958329830976366,0.0007934668552884716,0.9137731417637301,0.8262833733484262,1.0,success,
PAT_71_108_617.png,0.636849771534278,0.3237429562788583,0.7391435123787252,0.012603019628051418,0.04967364775185486,0.05447375696726597,0.011543329854760101,0.04313563881782933,0.04741296518623156,0.012940498424762836,0.036892085441960654,0.047158053449716575,0.8210611789650146,0.83954252487229,1.0,success,
PAT_475_913_874.png,0.6539492968505058,0.36908604784987176,0.5721122846165251,0.02110208158621718,0.10020551358044492,0.06397155424424517,0.017108555099969218,0.0928935054357737,0.05063393152739781,0.006031538379030918,0.08037477947241167,0.044589610408186875,0.8969456950928733,0.7900586060969268,0.9609756097560975,success,
PAT_1273_952_89.png,0.6760041491078405,0.1551109437236581,0.38875333758308195,0.09583707439212112,0.09990539660335594,0.08084326020906975,0.08694723072200942,0.08930017293922542,0.08585110421370334,0.07611605628762325,0.06808707242694374,0.16808649538298337,0.8854447217205044,0.7807997581589966,0.9921875,success,
PAT_1712_3173_684.png,0.6060076990559609,0.37642574786837024,0.6896710534426853,0.01449778891574732,0.08374978160436304,0.06074113446424827,0.013452292288875409,0.07268145380872605,0.05017535982426006,0.018403063757329363,0.05669242946162295,0.04794257259847734,0.8465354940780153,0.7978810957467839,1.0,success,
PAT_212_327_532.png,0.6251557687339668,0.28385735580782023,0.7588629654361458,0.021517529566458256,0.1289832309480446,0.0770501116388613,0.01929927277899781,0.13144288556815487,0.07894319849547943,0.020591005772013678,0.033924103431497765,0.018348345838047786,0.8735643619882671,0.8474915518451679,1.0,success,
PAT_1340_1208_931.png,0.5863506194173705,0.2660353930105345,0.6469333226901527,0.007307407767811811,0.05397414070977099,0.04187745584568939,0.00490282027980447,0.050118405796364944,0.0320177018026628,0.004412614637824911,0.0780741347545206,0.027603216437428912,0.7695505143484733,0.7122274267438533,1.0,success,
PAT_1420_1460_951.png,0.5517095729889095,0.2063231494148047,0.3392604997091058,0.04839166193511721,0.08468811877475156,0.044051157715792336,0.0432654035654734,0.08288880175801183,0.03508899042098999,0.034985739447849634,0.13737107506986093,0.011077295665454234,0.807795345475812,0.7488970411864397,0.9933774834437086,success,
PAT_935_1786_482.png,0.6293731318986556,0.3796589506958832,0.9460062772700064,0.011046632556059742,0.0485206512684789,0.035129585871191644,0.010132664462997017,0.04148941467183197,0.025576496628444575,0.016103916142011183,0.037703984051798256,0.026576806324547952,0.7592124223741877,0.6936293888117068,0.9227642276422764,success,
PAT_168_260_654.png,0.5966354336884728,0.4586260380273566,0.7790593114208874,0.006927047286316479,0.07923858273330481,0.03374441749905342,0.005670935339054051,0.07002152936424288,0.029916937724759063,0.0051144439846650715,0.03005072487526428,0.018121777877458833,0.9553940027592942,0.8624978015319112,0.98046875,success,
PAT_439_2887_834.png,0.7375439451638406,0.15087142957819014,0.6152240418792159,0.039996958504209125,0.05008248296455387,0.0468505302137485,0.036640034155639205,0.04927508360751425,0.0404626523518495,0.13179818676905372,0.07534996053842187,0.0769358570757207,0.7775142647689905,0.8337989746083965,0.9692307692307692,success,
PAT_596_1146_294.png,0.6249352420628511,0.6659528379182239,0.7221253240849861,0.006158110028357633,0.04880024235340583,0.10701252756655133,0.005648442313262548,0.04483532241776149,0.10642712310252178,0.012636467148750085,0.0542974440533609,0.16338855626390147,0.9355012616980013,0.8570462101209232,1.0,success,
PAT_314_672_909.png,0.7421402726687014,0.3029271185775322,0.6214397192240892,0.043879688722843105,0.0897920768765471,0.05138409589134246,0.04031259128349544,0.08766437952278251,0.048566114962519794,0.015595940449718172,0.0911291874678096,0.020841614148916054,0.867977608456685,0.8780088902378926,0.9782608695652174,success,
PAT_255_388_231.png,0.6437452935192703,0.3155511791444116,0.5768886876207828,0.015311236292783834,0.1456671902030989,0.12423891125169173,0.012386744233837975,0.13620036196154442,0.11955255741733806,0.015044949964093491,0.023468030095318282,0.13113656582424849,0.7908867119898879,0.7409351498461574,1.0,success,
PAT_809_1527_202.png,0.6716807330120412,0.2718458301775646,0.566954472776235,0.04320408894591451,0.08290283316522401,0.06075322044436527,0.039480584517331115,0.07820066424317758,0.059080006667148424,0.052102209090296406,0.02499455206586776,0.02809497836118502,0.7951715281462604,0.8472737605146009,0.967741935483871,success,
PAT_224_343_782.png,0.6483391438722491,0.23797957933883376,0.6415628375143356,0.050564060495552975,0.05347788869206496,0.039945871150502715,0.061830963627533715,0.05203953015982497,0.035419891860972316,0.010840705807181748,0.015742555665084784,0.014871532720166614,0.939236005152025,0.8932921263073134,1.0,success,
PAT_959_1813_1000.png,0.6880192289191586,0.2614574873825477,0.5300862274308037,0.03554143877665277,0.0632053146306589,0.050983768403667425,0.03639325617844262,0.05782588793790647,0.046752722554894724,0.06369462141637618,0.06046516476841149,0.05453896495920385,0.7553530530978997,0.6794275805509813,1.0,success,
PAT_1551_1889_948.png,0.619624506710512,0.43514990154477634,0.7115606638695082,0.008225259960629606,0.07156673858003873,0.06845563917275929,0.006790379328356545,0.06982732740089201,0.06868964423565951,0.0010666153934472788,0.06442667327119656,0.0773261948881172,0.9467852186964587,0.899643030087613,1.0,success,
PAT_1944_3921_281.png,0.6168663134671721,0.38601392518475164,0.8487409633139439,0.005458258234522729,0.08400115892794283,0.04565631752235803,0.0037371964867102913,0.07750985998030746,0.04227602705543063,0.0011180904224277791,0.06211341869059389,0.029314299711982517,0.8821620350364823,0.8607044923686127,1.0,success,
PAT_1065_276_231.png,0.6593870232701123,0.28036158784226384,0.7261627145290187,0.01366520128757438,0.04371742918649478,0.04453384195637583,0.012570203714041637,0.06416306513140353,0.05946294630988585,0.015458876995494267,0.01401812738115632,0.022736728750091806,0.8572925756720223,0.8452336912097386,1.0,success,
PAT_2034_4269_670.png,0.608303086773568,0.7629285211734584,0.5351199106261787,0.007123726843575645,0.09578688017547313,0.04341336625130514,0.005632795603894056,0.07242339848886077,0.03454104086297861,0.005036344659910302,0.04237281003537974,0.0448143890968844,0.6680014398561234,0.43485526247482703,0.8671875,success,
PAT_448_875_81.png,0.656068708673473,0.36433301312359595,0.6724314425948996,0.010586311430552385,0.061441466599466456,0.02944118441151939,0.009493137661010195,0.05921643773806372,0.023801847545738396,0.004941725098759599,0.08818606763344661,0.010572055550872816,0.7323601771927097,0.7433793526127712,0.9670781893004116,success,
PAT_1415_1437_527.png,0.6005136429738294,0.24746671555260205,0.7464509574768746,0.012532379262113643,0.04875412753070421,0.039601732164024996,0.010543598292760466,0.04918115084588439,0.035445653839951706,0.005081641487129061,0.10286329770880731,0.05108453337667607,0.7997825671863912,0.7033355694498395,0.9484536082474226,success,
PAT_1735_3241_207.png,0.6070059369997031,0.42913570916171345,0.7433567329370773,0.015776885110648637,0.09258469121409692,0.11575346215413612,0.008668833578664423,0.07354848650648002,0.09658937834645846,0.01575729222244833,0.0859849729313924,0.054380401132236744,0.859632793003361,0.8269860566015901,1.0,success,
PAT_2053_4360_281.png,0.7741113724236625,0.15139593521946462,0.4405034507975684,0.21171598097669547,0.06519487012087549,0.07498265037676118,0.15128761132101962,0.055743516719053664,0.06907055149819924,0.10260329973786876,0.0013345395339656452,0.06703852446320174,0.6730898574246045,0.7450273937311168,0.9727891156462585,success,
PAT_90_139_57.png,0.6928385550152428,0.1588159859703333,0.6044099072043269,0.17863525330722818,0.08586389394062117,0.060336328868824965,0.1667442487412975,0.08143144390745224,0.055181952433428334,0.06845153067069482,0.016367226531282614,0.012590695625801951,0.8565872991085759,0.7714315419939421,0.984375,success,
PAT_827_1598_85.png,0.6193853704662343,0.523850296545414,0.5303042698467638,0.013882335347367963,0.08149435175037374,0.05736898176233721,0.01245191449547257,0.07397688249510825,0.05042576807939809,0.001759158259787894,0.06227922717584872,0.017347482039045903,0.6660002448387726,0.6613577265162669,0.95703125,success,
PAT_1780_3380_542.png,0.6091619596066435,0.3015406887768054,0.33118788685852385,0.011037285202772059,0.06991334247691093,0.10067931839315167,0.006937995338887844,0.07138177271792147,0.12786911926317482,0.02096124463233464,0.09781557064606164,0.25761629515583795,0.728707954491139,0.7153924475115846,0.97265625,success,
PAT_1529_1798_206.png,0.6075203278412188,0.49255995744582437,0.6542746676135243,0.007798871374111774,0.11358380942407742,0.0942563578468012,0.004430840213571722,0.0980882948841271,0.08821799834614741,0.008257454532712356,0.010137784031003905,0.1468994952334327,0.6624270123590197,0.5523402071883119,0.9609375,success,
PAT_954_1808_415.png,0.6380659359816826,0.5185296637031672,0.6367348541041947,0.010014606618801528,0.15737952603667485,0.09116546588223275,0.008267699940438645,0.1331675543317739,0.08293934061114734,0.01071385237845514,0.13378689169410646,0.02895759186080349,0.6211895447900293,0.5578225784570121,0.9609375,success,
PAT_471_909_394.png,0.6500566443469923,0.22264990233167667,0.2986403085824494,0.04507017142929531,0.1065350680276622,0.1278946755184266,0.01523842042608074,0.08680287041494052,0.14270269688693513,0.006496072900077681,0.03203109695325246,0.3018190387780946,0.7123072913047229,0.5344138061793288,0.96875,success,
PAT_1288_1003_553.png,0.6667930232535473,0.21444646379717364,0.41567057961172377,0.021320061278958507,0.040083766731571636,0.08619765381067308,0.020723181953669217,0.04225718488277616,0.08807807128679951,0.04821578442737086,0.10637206092251711,0.15497070586040212,0.8896452189616787,0.837552145733371,0.98046875,success,
PAT_337_706_598.png,0.9076197753368953,0.10387548771267584,0.5273501726424691,0.355360245880517,0.05182342161286319,0.08669045293072404,0.36581443282798937,0.04427342398087552,0.0706137911522893,0.2203639120447742,0.01311409384143257,0.04718106958915125,0.7659981809634067,0.7593394334975327,0.98046875,success,
PAT_817_4471_179.png,0.6137312039436258,0.5452001381446082,0.6732786701523021,0.011398177557416244,0.08469271012112009,0.047670876476869926,0.011330867751972892,0.07860173133536018,0.040169557014176044,0.01663226278863961,0.07698440454626143,0.04566663926671888,0.8146964411808215,0.725091169097039,0.9296875,success,
PAT_1892_3760_713.png,0.6364444242103477,0.49560252821491807,0.7724195095896101,0.003910781246787384,0.04359996885721588,0.07094852964247106,0.0029666058394184776,0.04442997746631072,0.0728811799085475,0.003253409576303312,0.04672042277807292,0.05721054018626093,0.5519239056256993,0.45403821687176793,0.7647058823529411,success,
PAT_1326_1156_163.png,0.7527758847727952,0.3001338398842855,0.31144240983813176,0.08132854544442918,0.1255547164351826,0.0929365282146643,0.07892306093488498,0.12441520499864539,0.09717466629454874,0.10000508102824691,0.18929884440749556,0.17145331654580703,0.7030255247079599,0.825830833232815,0.9902912621359223,success,
PAT_771_1488_922.png,0.059987724249260195,0.09783786216120535,0.6359428511637464,0.30587368701933576,0.046320250737223456,0.14317608446665994,0.3143690684286345,0.03995463932646065,0.13331801665277881,0.3288578225296662,0.04030118097350992,0.09281183228640899,0.7940365686052944,0.7568609421933035,0.9765625,success,
PAT_379_1531_17.png,0.6412227722634832,0.4146044650589037,0.6408589724421502,0.02012267776634951,0.13172394795714917,0.05815226186104138,0.019849281462098703,0.13171189760018945,0.05475538069631521,0.02518446803547884,0.15191899483120863,0.03516094047351104,0.9474008826169855,0.8717515281951065,1.0,success,
PAT_2065_4412_407.png,0.6285264333162212,0.28065852652677914,0.6336973627300101,0.010416796887242653,0.1239048988953239,0.04735921074627394,0.007532451222636959,0.11483857995129712,0.038677446548126874,0.00048746798094983194,0.07470904620793639,0.009625499321712305,0.8579854694878548,0.8229746166234153,1.0,success,
PAT_921_1750_313.png,0.668312059243908,0.4608127650833833,0.6751178302578109,0.014161957722899826,0.10460210620155685,0.09686048261788996,0.010477917016930856,0.08794893744365063,0.086246666179176,0.0023153813367970755,0.07491825041946831,0.023627845345843723,0.44330935284667755,0.22995078566249078,0.96484375,success,
PAT_392_792_712.png,0.6229015909224672,0.5201655843642856,0.7944450087314001,0.01283886776171899,0.14301737353980518,0.05320380543341622,0.008026816077523298,0.1345026876894178,0.038017561084946624,0.003097940907015426,0.03952062084273572,0.009894177743263288,0.7868990665110852,0.745283059439643,0.9765625,success,
PAT_768_1449_842.png,0.6103725615300328,0.1237720521872351,0.6381825829799325,0.1306857546480109,0.0611108516218912,0.12650514480202718,0.08698918280460044,0.046938624155108404,0.10422883387167674,0.0002572387452966988,0.04631065955433801,0.05625956975774049,0.7255295127834007,0.6322691388712566,0.9765625,success,
PAT_1764_3336_981.png,0.6115378864478223,0.47549915596374487,0.49818438088698347,0.008191073090795368,0.05536090382750791,0.07691462453116035,0.006658482461641824,0.051450595925096626,0.07530567300233704,0.0034417924292854075,0.03585324048904881,0.10551087539406812,0.8947237385700427,0.8584896992039348,1.0,success,
PAT_633_1199_218.png,0.7219996236377468,0.17437237032344005,0.7628298974933801,0.020978023038375853,0.012471405966945973,0.05448791136208806,0.02028232434706244,0.015711579068021998,0.0535928598277547,0.0034469622922611303,0.05047260516926198,0.0005575879242736281,0.7842808669154442,0.8403558696347228,0.9925925925925926,success,
PAT_53_1144_892.png,0.6695951299148959,0.2980452215119254,0.5461282149567434,0.04652354238942291,0.07635129561862096,0.11974942558138617,0.04355575114299502,0.06239774620893106,0.11873370236283728,0.06423078596872595,0.04558994399706423,0.04758787844579182,0.7384556856856389,0.6203398946192353,0.83984375,success,
PAT_528_3072_615.png,0.6218733468819312,0.14781804868225284,0.998035144628402,0.02158400308450203,0.021345235649362606,0.002098587572136055,0.02096751602191771,0.02110464754258835,0.000345472269236432,0.012840178261402792,0.004816172179068073,0.0003438385359285645,0.9276709653607027,0.8905833336474039,1.0,success,
PAT_2119_4625_733.png,0.7031219071773054,0.17936731091811303,0.9157287574399874,0.010815457884388835,0.015254094176285352,0.03469162155346657,0.010846495514660392,0.014285166313259146,0.03457264021970715,0.005557018184110123,0.0027114517240416913,0.0055944672498056125,0.7199271150459433,0.7451233360743934,0.9841269841269841,success,
PAT_473_911_610.png,0.7096313596272238,0.2730471289577941,0.7388746230527133,0.023162252591447566,0.07256548262571422,0.046019809330644146,0.022955074907763516,0.06965161113106555,0.03406393307697557,0.00624360613405849,0.0926136494057139,0.021173526866207215,0.713913408102506,0.7781143744340521,0.96875,success,
PAT_816_1544_933.png,0.6725194999604445,0.29662509347009963,0.6223855969175746,0.024268720166859565,0.1088073366223874,0.0440442243547079,0.02424041722724223,0.10159079299170282,0.043108318119297634,0.045773026699908015,0.07539094989932643,0.015268840940757755,0.8249474437941463,0.608792861564498,1.0,success,
PAT_330_698_302.png,0.6447427157958464,0.1767398609138156,0.8725904210971558,0.014497512673244662,0.008974474030784312,0.022538335477204796,0.01323871155272933,0.006321723292746208,0.020783279475433736,0.01902017957744633,0.0023714160625185887,0.0023933989498589048,0.8819760350365513,0.8687700596334872,1.0,success,
PAT_159_246_630.png,0.6677599473367232,0.5639093794002059,0.6643662127230313,0.01139491638164168,0.14961204039259235,0.05499525225840977,0.0102772697182939,0.14088738521352837,0.03908422308735461,0.0038742091190835976,0.18844119291332284,0.0364740130876553,0.7985734232673898,0.7768055058060791,0.9751552795031055,success,
PAT_571_1096_10.png,0.7028693601014233,0.2025182200698165,0.6140807238896926,0.15575558712554674,0.10441396375517287,0.1391316695615536,0.1305844018611573,0.09099281174657012,0.1316657915035925,0.07147958976164624,0.05340737605590101,0.07776355580073913,0.9222887959378343,0.8178956714703158,1.0,success,
PAT_1481_1675_371.png,0.6133296012275891,1.0,0.2609271482610227,0.014370181366511959,0.0,0.03251338061056956,0.014039757920366476,0.0,0.031909093339218625,0.005832008910550397,0.0,0.013979760743698944,0.7664821146850245,0.7290429321353803,0.9354838709677419,success,
PAT_510_959_985.png,0.6854131326699011,0.5335067942618223,0.5708180147058823,0.016898713118312963,0.1738838776644428,0.09040587903213061,0.01494180427824599,0.16701243989215703,0.08531917155686022,0.004156059254426086,0.2528588464599471,0.0892676962251967,0.7903552377828049,0.8082462122096148,0.9881656804733728,success,
PAT_409_2614_805.png,0.5888502563421467,0.38658007682971085,0.8625753218964676,0.00858483040408204,0.1004352155547355,0.04755215457502453,0.007091106024213402,0.0988053424311971,0.04692389829972103,0.0028614640522162758,0.005797886619114512,0.0011028225848855877,0.7458156302155081,0.8069587762555336,1.0,success,
PAT_768_1450_402.png,0.6992101983901547,0.19380543401933778,0.5271782482088754,0.08872070716683382,0.08111231792183182,0.0826243314535657,0.06489187350457529,0.07282769511893329,0.07713623727359221,0.11530448815314737,0.09054819830285331,0.10052328877685723,0.7457336366291866,0.6662930717999722,0.9940828402366864,success,
PAT_1216_759_542.png,0.6176130675380306,0.5659493228047379,0.4615507783402231,0.020116253320094035,0.17141254682167784,0.1366934972256217,0.005761347691555265,0.11407198738219983,0.112227686826373,0.0037634327883360975,0.03651986537367369,0.21110894034544653,0.857795346087016,0.8103358016141236,0.99609375,success,
PAT_123_186_718.png,0.6796093536075788,0.3049408273413158,0.7659047611640349,0.04173696639963564,0.12622844868154917,0.09168724879840028,0.042448278162401314,0.10707009619328511,0.06883719387487482,0.07405236900473942,0.050069636440713106,0.043092777245268166,0.7837682839004003,0.8630785134602575,0.98828125,success,
PAT_1626_2811_850.png,0.6235171958108422,0.2837362191542453,0.6554067187554734,0.010735094811511876,0.051392259690955795,0.07277789704435733,0.009712706611090827,0.04611442029814646,0.07034123506850319,0.006449103794082905,0.059284430460044196,0.1440157363968002,0.6601918551843426,0.775899378079946,0.912621359223301,success,
PAT_1133_510_956.png,0.6599356903558332,0.1704119175732663,0.6870295626312078,0.054530550781811384,0.07337091852131229,0.10637624532880721,0.053470026601672715,0.08472878531823634,0.11362158100071805,0.020504933774122946,0.045852839521940636,0.05445061690347319,0.4604891869622405,0.41604326219031074,0.99609375,success,
PAT_59_93_342.png,0.6367991344136446,0.4186176848631484,0.6645540349816018,0.0128297747174617,0.04766674182426492,0.043360059198916015,0.013003160995791076,0.04657800178006239,0.04341843587559981,0.025130600212877614,0.019513268009901885,0.007470995419166404,0.8496036558185764,0.8410738133851161,1.0,success,
PAT_330_1440_532.png,0.7813214234775876,0.15055991018602966,0.7201351558900323,0.24585796912471308,0.07760164152517027,0.08784387385812918,0.23960237749794638,0.071786480450071,0.07023687068261093,0.07688827939139806,0.05509150763340301,0.0203625264123225,0.9458724278090612,0.8670503514818322,1.0,success,
PAT_1934_3890_306.png,0.6114695887503829,0.5254746925389734,0.503848701991998,0.005652361035866176,0.057842902623648364,0.10454746774048773,0.0033025365847950783,0.053537987461160896,0.10210003962099373,0.0038494205078192087,0.07859892814871028,0.12534923070220638,0.7656111233514574,0.76404060948705,1.0,success,
PAT_1203_724_762.png,0.592093871075783,0.36092134039941703,0.8304280982854144,0.006306916019452266,0.06846684290526502,0.040923558738790486,0.004321118908814249,0.05175729412954392,0.034041102692181364,0.011558167495406401,0.03823737653642084,0.056577338882600414,0.8476493742778201,0.7618335873719189,0.9609375,success,
PAT_1275_955_131.png,0.6339782993664033,0.39845432029436895,0.8133740522933591,0.015653286069646707,0.10757928985345547,0.0852992759416495,0.013435159129686966,0.08791525674937474,0.046838805625863685,0.027685400530785546,0.09342414253861858,0.01815703768922383,0.8479720233516864,0.7571153029992292,1.0,success,
PAT_798_1529_282.png,0.5702069238920154,0.1754368191721133,0.5679754901960785,0.007843123713046159,0.010181508720970634,0.030138255810120012,0.003662723941888335,0.006800634178904764,0.029175887287703414,0.009867030603264956,0.020520604898793343,0.015042370045363351,0.7818173869745881,0.6932376158677094,0.9639175257731959,success,
PAT_796_1509_400.png,0.7176918333471953,0.23137272441458637,0.5870312075900422,0.042190062463651944,0.0689815188839323,0.06795539698247542,0.04060372161269849,0.0630801128525628,0.06376147545971028,0.0681959440573119,0.022442576639971706,0.025140308964878955,0.8030063944701533,0.7899597833499369,1.0,success,
PAT_373_2598_514.png,0.6471394769512461,0.27751307396044506,0.513312708547182,0.018281989372708106,0.1328282090500581,0.09878436054982845,0.016573813292149235,0.11773974191705928,0.09203781226608905,0.017264428725913838,0.06746293888779786,0.11746316820815395,0.8783488122621291,0.7623991001032366,0.9296875,success,
PAT_1221_766_430.png,0.6074442382514977,0.3964595878546407,0.7673572088546357,0.010272863028352982,0.0686634877730283,0.06492892978031663,0.008223487211738495,0.06344535937376618,0.06136251010075479,0.007822192378071295,0.08873413249064027,0.017661441462634153,0.754601514908172,0.6161066475718815,0.9765625,success,
PAT_167_684_365.png,0.6134270182585403,0.41566354399970096,0.8353898888629592,0.00861687942930578,0.06697230113447872,0.05017024632703909,0.007913619969536339,0.06005778994255436,0.03596400233597346,0.011408444226962269,0.030479148371365117,0.011776992724111479,0.8232531097472287,0.8488883726007275,1.0,success,
PAT_535_1010_303.png,0.6555748518681147,0.4626339561096998,0.7994575960763768,0.008842689539333684,0.09740148561074927,0.041002862040281904,0.007935697974746811,0.0945456236959318,0.03706293546449763,0.00361988698430393,0.05374305544019792,0.006717400765595571,0.9553468681920693,0.8579436487790019,1.0,success,
PAT_798_1771_240.png,0.6356171479533848,0.22708851540616248,0.5666386554621848,0.02355009000201589,0.058605388215634914,0.04080622237605483,0.018730470974990525,0.054476514533110865,0.03531996137854186,0.021600487978341062,0.03667418559441518,0.02793636301527269,0.8646401293395003,0.8395069593851717,1.0,success,
PAT_150_1799_644.png,0.6586143080375171,0.3266999405822935,0.5522280319535221,0.03855017533874043,0.07510635899823136,0.10765387599435895,0.03458043058439813,0.06650635356828766,0.09714306785905075,0.012248350420770512,0.043885319389481536,0.08910371785712401,0.7703221418958912,0.5241537298610353,1.0,success,
PAT_192_296_824.png,0.6976011461213614,0.2372555058896001,0.7319059044394808,0.012614529908949925,0.07458980991352245,0.03575557358319463,0.010282269491750188,0.07149720080792958,0.032198534499077766,0.011014763480610333,0.04644196477202975,0.014249864443864557,0.8893418667737752,0.8515492704245955,0.99609375,success,
PAT_142_210_904.png,0.6870131596991055,0.11953536414565827,0.6718651960784314,0.19332053614342945,0.08913920887306855,0.110976182017871,0.16348917279250239,0.07841522913367568,0.09809372158500308,0.15731106515490303,0.041574922327009406,0.011727149156605887,0.8447982924483353,0.8577673539932852,1.0,success,
PAT_1555_2396_71.png,0.6332192080102926,0.23579624355389703,0.5176900747024165,0.10675758217753256,0.1773868709457206,0.08581522721602562,0.09195881241511282,0.1643975159473224,0.07892668555316613,0.009836861430806466,0.03519028884611933,0.09002493614534646,0.7091830856300536,0.7665192724994675,0.984375,success,
PAT_528_993_589.png,0.6301746714492923,0.3827100131272095,0.7198878705177099,0.0189143399365733,0.09401620045977858,0.17312195959854834,0.01821645227445687,0.08258294404035083,0.15947102005212047,0.02737348620973571,0.0058312240980384344,0.06753302185251742,0.7885129241978173,0.7532171552386974,0.9888888888888889,success,
PAT_722_1376_280.png,0.6627698221828079,0.16576387831354397,0.6453577440494778,0.039125025234296014,0.031821408924951985,0.06346585826145416,0.019976351692147294,0.033666274163632076,0.062101313362803535,0.023306070566432406,0.030795965964761335,0.014213487192672791,0.806164603094651,0.7844546605600584,0.9921875,success,
PAT_953_1806_845.png,0.6473857640050612,0.4210558481765912,0.6235181536729525,0.021068946231743907,0.06422529454635366,0.037532923871033276,0.01893167783611895,0.05731529664416236,0.031174869402136735,0.03062854999393281,0.028727668740352708,0.01645910007729945,0.8372940858763165,0.7575303864766828,1.0,success,
PAT_340_714_314.png,0.09877079331114495,0.51291567295431,0.2943554592881244,0.23218867129630646,0.28384748225704004,0.138658916755002,0.2841920828459469,0.2838168267805836,0.13720946749463928,0.4804784866892858,0.4310166957909346,0.27065995914428215,0.8629096887772466,0.7221595799425489,0.98828125,success,
PAT_845_1604_313.png,0.6813579767828233,0.20977515248931716,0.6064971666415927,0.0243092263943814,0.07180541036961305,0.04505021613411007,0.018640411065855428,0.06421387301291241,0.034795358479309,0.008377384751172596,0.06623604300593522,0.04327658901451581,0.7629776111325943,0.7018054417587429,1.0,success,
PAT_996_6_367.png,0.5851498878269378,0.20604035953770952,0.6927837999617101,0.01968211220547446,0.051873659080554475,0.026246642744772744,0.015905833587338013,0.04717363878383995,0.024114279648812895,0.0031593039496806497,0.020123771398205648,0.0038935550670717856,0.8048180722069557,0.7631747262564156,0.9883720930232558,success,
PAT_2122_4642_204.png,0.6076802613601034,0.684182866673485,0.7754835089044312,0.006251208348140667,0.08713323829914031,0.09609794278195369,0.005269852270406663,0.05130014684405006,0.0681371404680003,0.003653740080738446,0.0013599492652667244,0.01218881807407357,0.3619322764008671,0.5044727587482325,0.9518072289156626,success,
PAT_168_262_292.png,0.6368813896729163,0.5542320214624548,0.755467813941768,0.019297405525777,0.13532094907186293,0.045634489531198225,0.01033393156076401,0.12727417663294938,0.036680120751467045,0.008461979103644997,0.12538311536139995,0.05089635843270579,0.9439797618799894,0.8840377963417749,1.0,success,
PAT_277_427_658.png,0.684601588029722,0.5790378793154333,0.3592642333442763,0.01091618516969769,0.08783706650209885,0.07184712514802419,0.0077795774834279055,0.07858665248128735,0.06719951386534319,0.0075792944760180265,0.06794659814277004,0.08512230767990031,0.8491988360983995,0.8130763062343558,0.9772727272727273,success,
PAT_38_1003_226.png,0.6532534910669964,0.37414787589329807,0.7652657750625544,0.014586376330823585,0.10010937452619162,0.07142503803939176,0.01096264136071665,0.08792218547595748,0.04758664749026548,0.0099339915620232,0.09667522633757092,0.003065595989466652,0.7177729762040721,0.7286679265964269,0.99609375,success,
PAT_903_1720_647.png,0.630039608283231,0.3704587356463474,0.6451593403655285,0.03185266346961576,0.11442567946293415,0.10729667715069015,0.02085480036349141,0.10471855241415208,0.09669309439439633,0.0365656909976451,0.052019458094836046,0.05915690556024478,0.8569139003943762,0.8226425150982041,1.0,success,
PAT_1727_3233_399.png,0.6437707051009878,0.257914395790265,0.6712197738520329,0.024735938662985676,0.06512792467555574,0.07476396041127972,0.022243187680014653,0.0602369654600322,0.06815661844581532,0.010515313275280548,0.04994455424136057,0.03383204456677047,0.8216488607366388,0.7671346406229403,1.0,success,
PAT_272_419_906.png,0.6230489315737349,0.16500835540766362,0.856032677306129,0.028544852319587328,0.031367008482527194,0.05703320183552299,0.02815759024295802,0.02836821094562008,0.0570585572134232,0.023893355265616693,0.02282493768813726,0.0689217882812434,0.7734420324792715,0.7770445065955893,0.94140625,success,
PAT_29_40_561.png,0.608866020332918,0.5140013665549249,0.566106971156811,0.007499923966327418,0.08234294290744314,0.08590102400270339,0.007783856983479349,0.08353649185762879,0.08956713921379318,0.016167664764250925,0.18897746520571557,0.17364265752980057,0.7574451875390352,0.785301995482071,0.96484375,success,
PAT_164_255_119.png,0.6980432333758829,0.3470808443518918,0.7485023745709315,0.014360851865621973,0.10960219340018156,0.08980519900620239,0.015386973871805399,0.09413422295557103,0.05920448054534299,0.033235525127692726,0.07363169615425014,0.045144448924862024,0.7560961447201682,0.7000395291385675,1.0,success,
PAT_238_364_387.png,0.655427620756601,0.17897492698736955,0.7165569432192767,0.010810624602155264,0.0077551458182322,0.03409876235297894,0.009575505082421484,0.0057099413996689425,0.03380022197041028,0.0012728578342292155,0.0003818207673440821,0.013244400978665416,0.8087028707096471,0.8029422055631922,1.0,success,
PAT_1955_3946_319.png,0.6197670750825429,0.48470217236931723,0.7939273364926163,0.008898054799762748,0.033800559226909874,0.06122978056522202,0.007539381710505651,0.030649066341436625,0.06229806773871715,0.009537192757797424,0.04030317830275276,0.017701018256096823,0.6778886326707982,0.714822838638498,0.81640625,success,
PAT_944_1795_666.png,0.6380573010005671,0.48608281718464047,0.6979769404729709,0.014665246465556295,0.10717239080810258,0.08541346902108066,0.011390778672013222,0.10256313147985652,0.08291074375197152,0.005051041894774578,0.11859212147363962,0.10342968932300034,0.7707436857961923,0.6152166655808713,0.99609375,success,
PAT_490_933_17.png,0.6413588068131737,0.4053628107057618,0.6877356115171698,0.03317362643894894,0.037001424944582244,0.0659646178099699,0.030817934559476866,0.03125649412194268,0.06092574782477873,0.025427263032508703,0.010068229242188809,0.016400472248092712,0.6994313162260506,0.8158700197526859,0.9782608695652174,success,
PAT_180_279_746.png,0.6430985994497043,0.5776583323267706,0.6674863785349869,0.01671976969350653,0.11575565597631804,0.08871698201414477,0.016686247374499603,0.09298909456888728,0.07498468430145903,0.03243556752267685,0.015319935098789261,0.06558882379204478,0.8812971543978678,0.8735677369781256,0.98828125,success,
PAT_789_1483_793.png,0.5209112963894766,0.1961979602771277,0.5285928448111235,0.13283590646471766,0.08282375564794299,0.1771007774437752,0.11943852047258564,0.06443362588872491,0.14463176476848272,0.07752614715343616,0.07773783486111688,0.022711911791833184,0.7915078439092783,0.7119505251235232,0.9957081545064378,success,
PAT_1767_3340_959.png,0.6202214968163173,0.3265059003300076,0.7482558788464255,0.009342548182016791,0.05609518497905636,0.05315014050405564,0.008762220122939377,0.056071525633125625,0.03574872150846678,0.006124909186023804,0.06877276227845402,0.03802087792358111,0.7515785520895921,0.7018372750329277,0.96484375,success,
PAT_1408_1404_929.png,0.6089913535094826,0.2707358212102045,0.5904761336468042,0.01222753861620212,0.033666307633738284,0.04967711076277592,0.012031150163197191,0.03402762948363815,0.0487443551437921,0.007711492779418055,0.08399123326513636,0.06899468764874694,0.7044171261317753,0.6996735885104886,0.9931506849315068,success,
PAT_1951_3934_98.png,0.8318318985655632,0.09645006397993185,0.6783511336906074,0.33677102931876673,0.05103360961423202,0.13913571954525933,0.26714407666276435,0.04603526002481632,0.11127740077609918,0.18984349353660973,0.07555959744277675,0.0626327969373014,0.8623375752804117,0.8397687009053565,1.0,success,
PAT_1483_1678_538.png,0.6238322261263372,0.4264020135340839,0.6024040498426717,0.018842256145899065,0.06908321690618806,0.0916820238285917,0.016750311652041935,0.0547641857802674,0.08594962102287373,0.0018071449471705925,0.018888535288144548,0.0939924899864426,0.5133676217614804,0.439184934191412,0.8834355828220859,success,
PAT_711_4067_260.png,0.642951838483155,0.2480570004320685,0.6060121451149443,0.02028456503284762,0.07517465763005782,0.06736607817628525,0.01813049762854205,0.0720027265572429,0.06450560604768708,0.0029205186459355065,0.042851229558792864,0.009356511115389377,0.8002059509427839,0.7935625054122682,0.99609375,success,
PAT_914_1740_932.png,0.6774501310777801,0.17818850944633172,0.7785907980213361,0.03894823854623546,0.05326027456689141,0.08007448256904572,0.039000554099125256,0.051661845045624585,0.07631715661738764,0.05028371493589603,0.003079745610560042,0.04707342019432992,0.721611790615095,0.7701919516551677,0.9696969696969697,success,
PAT_1370_1273_41.png,0.5918061492942912,0.35728706678009,0.5928130250589336,0.020308496782625276,0.07665566159944659,0.042487014437900414,0.018007722948430862,0.06967926619589293,0.041794308130336355,0.011838368543225957,0.03424528920226472,0.012443362853707396,0.9110698938255672,0.845912321231441,1.0,success,
PAT_457_890_255.png,0.6352506104185958,0.14717704841631388,0.8083346967732223,0.058641627784345486,0.04412137198163234,0.057889389139527334,0.05130889669703162,0.03562862451493129,0.04838211560922773,0.03792421347806167,0.02407658445110092,0.03321032912879285,0.787311809214987,0.7690217019294086,0.9765625,success,
PAT_494_939_518.png,0.6572569224471042,0.44613374810677964,0.8302606155933121,0.010439480705915983,0.08043046518451966,0.05348776907572246,0.008728627863614169,0.07464650200977002,0.04436526140704361,0.00024696941197509167,0.06879124463039343,0.005129166735371227,0.8956429609008059,0.8091006340215615,1.0,success,
PAT_835_1578_52.png,0.9177988569595816,0.13567368907276123,0.5568425726954035,0.3842746810596681,0.0524933886523365,0.10005616293039395,0.3469148977937878,0.043921517739231794,0.08675723592734153,0.14561668963226346,0.037999200368747724,0.029681045206792045,0.8742511638856945,0.8238076987148888,1.0,success,
PAT_325_689_528.png,0.6557513860278579,0.3386320291345448,0.5131084746464584,0.012420870230581377,0.08128880881810134,0.0319921990581326,0.010719295492938511,0.07287827926119193,0.02799868514113816,0.01894825043294885,0.015467613805596858,0.016176060152274796,0.9187526769951666,0.854117120881879,1.0,success,
PAT_344_718_206.png,0.5659109214494897,0.6817897966387011,0.32499668597584835,0.010727492396449418,0.07527350656953535,0.06282630465622044,0.010297415678901231,0.07138911811857211,0.06669479223449522,0.018988143307100497,0.18961035033443413,0.15512845351084065,0.7906058793241451,0.8481477999100815,0.9571428571428572,success,
PAT_1061_254_813.png,0.604367548135082,0.09289957219726488,0.5795710473980343,0.08849967049098276,0.04593331715554869,0.02627906867895937,0.08395517825005858,0.04298940909932383,0.021713788314102922,0.00247231958305218,0.007434487352480937,0.007285469054308602,0.9283356482304482,0.8068505429935492,0.9439252336448598,success,
PAT_432_851_386.png,0.6532195710603099,0.6829946659656541,0.4982474686175697,0.01281878403652757,0.15882205688207165,0.15602552680598167,0.010321541364679785,0.14617610695127128,0.14299474425623823,0.0038535230148640824,0.21424525643399206,0.16054170627271053,0.7818056830088436,0.8328089617663003,1.0,success,
PAT_27_38_240.png,0.5670458864976138,0.47942414457646804,0.32525153259394446,0.018780043084451328,0.1362677451205717,0.15929250820189436,0.011283157663955781,0.08806183414756556,0.16227469046173118,0.009373880133910006,0.07572605016534278,0.2244892059030793,0.8697809711358488,0.8400014889304193,0.99609375,success,
PAT_147_219_544.png,0.6341486257227404,0.5329864311606541,0.8604910411353529,0.01339145234851835,0.15321695889337508,0.029644791269645303,0.012879385377438098,0.1478864611153544,0.022622452362751757,0.011981596189209319,0.16718064732496596,0.02199491911688456,0.754454525254767,0.7514794004605612,1.0,success,
PAT_267_1062_418.png,0.7131851313457255,0.16772135194525492,0.6493917782278623,0.15692573762342996,0.07520850118763038,0.10917474659422127,0.14704337144152765,0.06542539117961477,0.10727562217494271,0.05959341563750734,0.03303271934349347,0.04796388588755818,0.882411544912204,0.8446520813514318,1.0,success,
PAT_2090_4532_178.png,0.6472754341598003,0.3227195169515784,0.5900576223079538,0.00853200932909456,0.07526027652600324,0.03572970581668525,0.007053894694793919,0.06580692411075112,0.02172691021151857,0.0045416333469237066,0.044881020627249246,0.006832690935093866,0.5632736089532977,0.6654617321580288,0.78515625,success,
PAT_2049_4348_485.png,0.5876714304338224,0.2662962838788028,0.5300051035898353,0.011451523992504842,0.06234599373438173,0.03643218463543534,0.009501681601119784,0.05618681508115368,0.03541787982242678,0.009941719398469533,0.0034481556088016285,0.06938987867175839,0.8570871716486625,0.8094333367390658,0.99609375,success,
PAT_753_1833_710.png,0.6229958736128478,0.5513403011718638,0.493939132187383,0.0059485240347732496,0.037265891264247154,0.03864184943382631,0.004373798700298017,0.03279495466036169,0.03590528835961998,0.0003477765675734348,0.011964216848318054,0.002466416222866974,0.6181007551114885,0.7613143485468514,0.9811320754716981,success,
PAT_968_1835_721.png,0.6609855835607716,0.4601800398382461,0.7801392244802812,0.00631047377452063,0.06278155659863592,0.0241795966789176,0.005607583408612257,0.059481860362212605,0.015833672998919524,0.0016528495041855408,0.035735108091083156,0.003305579349918264,0.8327610827014413,0.8533997870788013,1.0,success,
PAT_717_1347_899.png,0.5980477928490793,0.19607544610113187,0.46561701206671585,0.21089749725159582,0.09880618181129829,0.12358649147891398,0.1980272762239075,0.07562924420148022,0.1270843525543137,0.024589717311067873,0.002184082429381451,0.18849372172699536,0.9126463277417501,0.7582300559783248,0.996078431372549,success,
PAT_1605_2715_845.png,0.6066607078691824,0.3068582078612862,0.8144884440070083,0.012556286292395621,0.08219470247349578,0.0700354725423655,0.010206920777667968,0.07661248588915746,0.053175516695806516,0.01062477269132766,0.032495749524556805,0.02329788547805678,0.7185297988444975,0.7331535948542683,0.9594594594594594,success,
PAT_1650_2913_374.png,0.6486451864547905,0.32918389996245967,0.6164981724373276,0.025126735484808663,0.05749233324292537,0.053489046894565594,0.024421911473083247,0.05534916051089785,0.047021157427291,0.03654823591047484,0.04992195518772624,0.031060876002588667,0.716537245308859,0.7040618645956912,1.0,success,
PAT_354_1814_153.png,0.647828790284545,0.24855645253582095,0.5237583398903585,0.021406980470249012,0.06523675642829335,0.0605526499648494,0.01700634915497448,0.05852377171138609,0.057874637775839385,0.0006121458969567407,0.015856645467145603,0.07623423215590597,0.8715059297589329,0.8093421182999512,1.0,success,
PAT_1208_736_599.png,0.6084780254192388,0.5745618233541411,0.2814409719881535,0.0267799308203914,0.15190490540604312,0.12528572502737756,0.0153347076249766,0.12011818959217192,0.11528967980007401,0.02052504910054106,0.033648634921385256,0.2111637565975158,0.8683101678815242,0.7913363688124898,1.0,success,
PAT_852_1629_265.png,0.6179201184833284,0.3998533063057424,0.657533780476257,0.011967125947948588,0.1467026880383636,0.171124484492285,0.010458784460451469,0.12645107670979458,0.14701897463362568,0.008655756047474641,0.02818835534122882,0.022143284676373054,0.6416267821133483,0.6129773121980162,0.912751677852349,success,
PAT_2105_4587_204.png,0.6301956425426303,0.369122644125062,0.4704150036645152,0.024309367984071534,0.07324819399010664,0.06920496257105876,0.006569014394106755,0.05247099352102721,0.04975474928124145,0.0007720855712237709,0.029056161961169336,0.01542897394367354,0.21516301956204564,0.269049671947363,0.53125,success,
PAT_1066_281_698.png,0.6295157143595728,0.15424599720085355,0.7582413938091093,0.08138727685043913,0.040624524403157225,0.07661057553437522,0.08058454207674029,0.03861701478326227,0.07780555117949374,0.055344685706731726,0.0002072102136237708,0.0824422611756972,0.8275956776990752,0.8175986772738892,1.0,success,
PAT_1308_1095_117.png,0.6565602431296796,0.23677512967194247,0.49795174850962975,0.1870856990457548,0.16538010021563224,0.18313193612257042,0.17228999404063844,0.16544511014743085,0.18220112829558877,0.05340720426473327,0.11897923406462124,0.15881365268630965,0.7743966222063683,0.6981998974035902,0.921875,success,
PAT_677_1350_67.png,0.6577608875236293,0.12222656386600235,0.6650759019004744,0.24820902588168461,0.04997507646093472,0.05948006842078868,0.24006493786937663,0.04502868855356556,0.061630465443845026,0.025479564270542692,0.014760196650169935,0.01552044088196658,0.7116033959484072,0.7736244025285209,0.984375,success,
PAT_217_1290_283.png,0.7177975467760335,0.20500400010861913,0.5784053666209213,0.11732453197977746,0.09701438369432054,0.0733377041871649,0.09252666024413873,0.08367815547775022,0.06718671144836073,0.0758259415682883,0.033420328011353945,0.05882899161597066,0.8730486948030038,0.7843349308347795,0.99609375,success,
PAT_1288_1003_969.png,0.6583112497600527,0.21957194445685335,0.4204488864366173,0.02090877506170657,0.03708592826924717,0.07810884481350876,0.02130708645796573,0.04046477661515827,0.08532884279092065,0.04918776457345805,0.09877194102740987,0.1512963573539466,0.8948943411345656,0.828838678632615,0.99609375,success,
PAT_1780_3381_999.png,0.6178128442041351,0.3322067536409538,0.41744241344204264,0.012594398281827086,0.09831973096119385,0.061712550581702025,0.007646326345946924,0.09750254367738884,0.0612307422413016,0.0004829937877848541,0.10664215577470942,0.14112612251362583,0.8800606092333461,0.8624425689799831,1.0,success,
PAT_605_1152_536.png,0.5880793401656242,0.24719441136778597,0.5678035511100527,0.029276690682053352,0.06219769521929603,0.052697060166917616,0.024561632582518762,0.06034986342368782,0.046738811897550775,0.007669232242430566,0.09322018952734518,0.027712459900485875,0.6482768845838027,0.7698883418722022,0.92578125,success,
PAT_613_1164_827.png,0.620701023616954,0.16541104990404562,0.618870457706263,0.05442537894535501,0.06605576809645138,0.048200002780653235,0.04376474187471583,0.06243849497382337,0.04261056294053654,0.03208871634285941,0.02381021216017487,0.0015956091468156686,0.7443755016214091,0.7671292935652538,0.91015625,success,
PAT_881_1681_462.png,0.6343517922046285,0.3130738397215145,0.598209302759657,0.013655224491806093,0.0579602884572064,0.030753200178182446,0.011831893628417956,0.05609539132914027,0.020642608589133922,0.002911317880150695,0.006836981749931248,0.0019075167391263692,0.7117621417923479,0.6996180933154894,0.9839357429718876,success,
PAT_1636_2869_595.png,0.6406350315537466,0.341700118910657,0.6104900719257732,0.009392673855386042,0.0517982663778678,0.07089976232142921,0.007706833739308571,0.0419406646583524,0.047940132526160036,0.010656758082829674,0.06586035061236684,0.06241775874977995,0.7982459663464425,0.6959743436403822,1.0,success,
PAT_75_113_165.png,0.6333352742571351,0.18121340063278416,0.8099571442176439,0.029886201727896973,0.009566313457893416,0.052110597220322914,0.02991039035760109,0.008047829001397534,0.05203169107590794,0.01826937354427653,0.0022610973408709323,0.0031027815204244247,0.8899258061632846,0.8208942615892152,1.0,success,
PAT_817_1537_943.png,0.6766072863889282,0.2915835258121606,0.5741468438471768,0.018197881562179538,0.05799422983358793,0.025534952059471778,0.016795816916855062,0.05592595860141897,0.022753121746055177,0.02522594383534269,0.0672861448557815,0.02883024954989266,0.8467891330660546,0.7355119110257403,1.0,success,
PAT_1772_3346_66.png,0.6319150463622728,0.5216676469688876,0.6302987133758191,0.00889903807599929,0.09633679530834953,0.1406249507255528,0.006060165815459483,0.09028181991563994,0.13657444777383015,0.0019792885593560073,0.03829794244153989,0.03617193598753221,0.9002077868333935,0.8536470587622743,0.996078431372549,success,
PAT_269_415_103.png,0.6582657069866198,0.5504475247352143,0.4246750140694215,0.03381132637346741,0.15109213705217436,0.16509506317851824,0.01663523789642153,0.11046368547472114,0.15071273034546817,0.0027367541282441407,0.0263301609063451,0.09771664630787419,0.6286111517656143,0.5848286288587493,0.9140625,success,
PAT_823_1558_67.png,0.6732009837347801,0.25555616857930075,0.6241602131985127,0.0322610050139243,0.13131414046214313,0.08781733697082986,0.02501187979220074,0.1069454438390322,0.06763779441764359,0.008485359092240765,0.0049300775702374455,0.004647195511027213,0.46560045608393935,0.2496469460708686,0.83984375,success,
PAT_1988_4052_897.png,0.6796573626492124,0.16203906197233614,0.4825231910082004,0.034421750894042716,0.07119974815059377,0.08382930360966641,0.025129575089686135,0.06868428347371341,0.08385135787304314,0.003551302684583075,0.05694061778467774,0.046093381433959246,0.9086336225093528,0.7997505111680562,1.0,success,
PAT_492_937_126.png,0.6536659190608459,0.44781996844947886,0.5806035747460021,0.08885715610937212,0.19574853895577077,0.09770098906393729,0.08119047157312609,0.17835827207649238,0.08908047881497631,0.06295548895888822,0.158585761294954,0.01985995328934753,0.8315090613146692,0.762430335789306,1.0,success,
PAT_1307_1088_252.png,0.5966774184983175,0.5606164358345667,0.5519186921232382,0.007531372935731615,0.07063519820196572,0.07264697699808727,0.006544851034747697,0.060897325369603746,0.06622979441519596,0.0068122335372182855,0.12871816444707324,0.10670335485819471,0.5394622279386061,0.7226514064876453,0.8923076923076924,success,
PAT_1557_2399_681.png,0.8493388312188319,0.10998227654698244,0.6621216195569137,0.3202530617479643,0.04927310411088158,0.10194042585432458,0.27608921301459816,0.04497247160068109,0.08864178313089265,0.10096248315574109,0.01149736688976051,0.036244911416640435,0.6472828707435857,0.6133158030104844,0.88671875,success,
PAT_40_56_160.png,0.6462867928075754,0.4700071214006403,0.5617572709310507,0.01141469102137584,0.05067590407901005,0.05188344647679779,0.010622486940959434,0.04629959525698842,0.04854498591602025,0.015423008810123977,0.025307052721229184,0.008724348365389267,0.887413708524526,0.8534419877382654,1.0,success,
PAT_1837_3608_851.png,0.6207622863877147,0.4200569907744367,0.46684121908645754,0.016151458524516847,0.06610018051030535,0.04827406134615277,0.016209166494872144,0.06414016484760723,0.05028524203858037,0.03477639298213744,0.13424675697658683,0.10075279680477195,0.902604490697289,0.8530747740131776,1.0,success,
PAT_313_669_908.png,0.6488330102506588,0.25656459784811153,0.6088112330832564,0.03497420630665046,0.10492829789263858,0.04547467120386351,0.02991055539444077,0.09479778704800698,0.041332396101443444,0.006198797734198536,0.05433878503182374,0.009367419659056186,0.8635605102452111,0.7806470333726785,1.0,success,
PAT_464_900_548.png,0.689318369948951,0.43433013115760843,0.41664069833750056,0.048538091926237995,0.19844900026241596,0.14424932584957773,0.01820705746375809,0.16733606895523762,0.13108468754110897,0.011353763390556774,0.2162036479169456,0.21581426016025734,0.857540176636842,0.8356693169008221,1.0,success,
PAT_658_1266_149.png,0.6006486813655052,0.09340443143400103,0.711677462665583,0.03523124102319601,0.051230545823551486,0.02350982474562858,0.028260833984420704,0.05224063547568572,0.022933809312339255,0.017939611204169616,0.02370172137194894,0.010299572507787791,0.59823970430018,0.5538249134180657,0.98046875,success,
PAT_1801_3459_857.png,0.5967506002988828,0.3411765521278999,0.569322821239778,0.011067002399940356,0.08595069556591085,0.033728455739237315,0.009258080935803673,0.07774245485204631,0.026756475356868453,0.012020172533103432,0.0216670422831583,0.04240198737803125,0.9156796961218373,0.8533089884336702,0.99609375,success,
PAT_657_1247_455.png,0.6292417181367531,0.19472479944740106,0.8035135951898774,0.05658204510977355,0.049868603377248646,0.12312700234600496,0.05818798200103441,0.0513329460618705,0.1267679604962261,0.03238585824224008,0.03692928897995268,0.10153149558976104,0.8869278287542948,0.8305322954238308,1.0,success,
PAT_154_235_30.png,0.5988989998426788,0.4491681313226008,0.8296662820198177,0.019500679085031284,0.17140804222196301,0.062243703909148386,0.01644841765206427,0.14507404974834248,0.04318187261761968,0.008355002273879976,0.046607841001825134,0.022082676838083404,0.8684785001779284,0.7663356396155925,1.0,success,
PAT_1377_3512_370.png,0.667427818491845,0.27962239072303596,0.3926246879856827,0.10090281705161354,0.1669999567621354,0.14586657159389788,0.04426723870742763,0.13934270279137081,0.13739519500712002,0.059762076522621284,0.15384318311348255,0.2723544019042959,0.7977930423367807,0.7381469209996693,1.0,success,
PAT_810_1526_67.png,0.6542643185520758,0.445719236923803,0.7996296705970842,0.014584198644405745,0.10859185012772977,0.06241537203960956,0.009955678823735398,0.10117782575253495,0.058677251868795695,0.007865488048191732,0.0010909745303290252,0.01405376072469866,0.4563852129967386,0.5470677556821035,0.8823529411764706,success,
PAT_1186_680_578.png,0.6081647245322583,0.4856737913402781,0.3438617148277159,0.01216531242110257,0.15013409693343616,0.11461858910452467,0.008408499419514793,0.12510726230052788,0.09836063793403044,0.00927256398997266,0.10197555821302962,0.21898505946306213,0.6730302930862361,0.7673905438017635,0.9783783783783784,success,
PAT_270_1387_430.png,0.5675321352568192,0.3342358947498765,0.31470671261076233,0.02050286974513064,0.14713692677087015,0.13123921993403292,0.017320134622462017,0.11080993595791551,0.13120510536710897,0.02429208392738676,0.06797447227123815,0.17221795531413914,0.8577302267392941,0.827137585751949,0.9765625,success,
PAT_2030_4246_973.png,0.5781274129587227,0.5721250756037803,0.5588479044602009,0.006665695205468464,0.1457408366688456,0.09519787391857477,0.005410755317808261,0.14580557559609683,0.08931085197466732,0.001543775229303495,0.1387184058137927,0.025970278643769218,0.8668798772349466,0.8526279956641103,1.0,success,
PAT_2092_4537_438.png,0.6309737519225601,0.22665602985800068,0.4000133220304231,0.02448552734481284,0.06959224354704725,0.1127232903867124,0.02005423827603018,0.06309072085903053,0.11427654436919103,0.01598468474833857,0.05662040408352731,0.17217215067166897,0.873754964608565,0.8077477281617154,0.9957446808510638,success,
PAT_343_717_927.png,0.62579279758569,0.09706064947468958,0.6834780043822687,0.1689844781860143,0.07137970154310384,0.07812451208207746,0.1920425167845498,0.07504425860413307,0.07638689209697393,0.14230091258911107,0.03063882099538881,0.057432302793823164,0.6479550633240557,0.6028227140161593,0.921875,success,
PAT_1364_1246_143.png,0.5834375030709514,0.5138674535492529,0.6394935288371512,0.0055325001428679355,0.04434998542865701,0.03134489964279613,0.004603401217242333,0.04002856783064062,0.022592675332813728,0.009584516289814281,0.08794699629752634,0.03223624809386416,0.7458084500753475,0.739296928696982,0.9711538461538461,success,
PAT_2016_4156_941.png,0.6337887171870268,0.4784593763175565,0.6364646543512547,0.013534933761904884,0.10412246569968886,0.056764941489589445,0.012386577598338439,0.09335715811982198,0.05492029200564346,0.01337237336002717,0.06423598916206591,0.06702659838139124,0.7642456545447327,0.6533119629109922,0.97265625,success,
PAT_1573_2497_736.png,0.6664553903089164,0.40057931594796753,0.6604908289693299,0.011131175558267365,0.05982252321743658,0.060894870675264695,0.009132948001721899,0.05253574479952371,0.04486438998861178,0.024468615639186373,0.00503445013417636,0.021205522465145954,0.8226068983966691,0.7732488314141789,1.0,success,
PAT_935_1785_530.png,0.664798994478358,0.4876396891446982,0.6565966802714412,0.013750443133914235,0.10155848053727164,0.10816549663782643,0.009937374108453497,0.07180310497692058,0.09050237403567282,0.0034735081591296397,0.028401846656709584,0.093993746296537,0.8339780313739499,0.7414902174856264,1.0,success,
PAT_1034_161_203.png,0.6257253012410258,0.1796326894753235,0.8957206933747205,0.005246019432146349,0.00601991248127632,0.01118153256573033,0.0019599362519615716,0.003302000452855758,0.010176257811148023,0.0016733750643993517,0.0019413830677029453,0.012461430049361732,0.8167061249013874,0.7249525596757506,0.9411764705882353,success,
PAT_637_1434_684.png,0.6391186464928129,0.43984128784081455,0.734451965906358,0.011346403180080539,0.10478492074896786,0.12196578683622428,0.009404557221411244,0.09771576877727273,0.111853489024868,0.010324361283767382,0.0516712025793693,0.012270230223514145,0.9016907292118339,0.855934218409939,1.0,success,
PAT_610_1156_461.png,0.6934313510418023,0.2577228293470866,0.6577923666475648,0.03827887641353197,0.09416173714389463,0.12648414576172648,0.02645511352463901,0.07770791239950318,0.12236453350838354,0.055437054133973936,0.05690647057799994,0.15029505764743012,0.5240754442297781,0.6634553591224341,0.8352941176470589,success,
PAT_252_383_31.png,0.5591688190542791,0.4172292335115865,0.9356148374501315,0.022190343653564273,0.15158093308281442,0.059788323121252075,0.018197506799278503,0.12760851748170754,0.03835418324673325,0.0008820081328003937,0.06048957454889209,0.00014690222005186993,0.8516283868378867,0.7312575492631508,1.0,success,
PAT_890_1694_29.png,0.6693401038941955,0.16056832120964765,0.4832148957575778,0.051300957917470115,0.04254517854685315,0.07186194338379429,0.024577275898100017,0.03957106534511525,0.0719525442679142,0.01800700923181869,0.026568486726562895,0.05770945710084019,0.617775288644262,0.5128135272261,0.984375,success,
PAT_96_150_743.png,0.6654042603905086,0.6288374329188269,0.6015925835362159,0.03542379585089462,0.18219512672992177,0.04314067421697924,0.013687222693061756,0.1571689601456776,0.01624239530445814,0.007027213308335768,0.16649997864524274,0.003372331295510289,0.7939194671695755,0.5784296470832317,0.765625,success,
PAT_756_1496_480.png,0.6231412368634145,0.8326819569575815,0.17661866613425176,0.006563123710349918,0.05645884231197986,0.01994970795037566,0.0028311441260715988,0.044424953447871215,0.017567455267824536,0.00034830188536021626,0.011917357498938519,0.003243900267619698,0.8211623388093976,0.6702319086694127,0.953125,success,
PAT_745_1406_409.png,0.6382108113509558,0.5859637309902144,0.652630397656881,0.011948243883168425,0.09312080419353128,0.09563033356684222,0.011040442535110842,0.08505692476586255,0.09088021549963103,0.005408231884963597,0.003556777266176092,0.015711719373321942,0.8267985073888413,0.7572678225036269,1.0,success,
PAT_1350_1230_925.png,0.6972716738561809,0.3645157115931021,0.48197991391678624,0.045891955466864844,0.0989528711045847,0.06736222734349002,0.04605140555918527,0.09444870570300437,0.05515608840932027,0.05427432734458719,0.16201578846650697,0.08394056823320922,0.6782994371730104,0.7588768136071159,0.9363057324840764,success,
PAT_309_663_812.png,0.6769632976113815,0.6634602372839493,0.43502051579081025,0.011041841926302033,0.18922102793678433,0.11988974901515177,0.00694190736935684,0.1631491053836734,0.11116407479419407,0.0009506004052823079,0.14358879676986647,0.07787519546629129,0.8675492103894344,0.7693554605722129,0.99609375,success,
PAT_104_1754_276.png,0.7128971912871919,0.1244842507637911,0.6875375887751947,0.23039420290634552,0.07240633686985368,0.07084342433028792,0.19182428350348535,0.07186176195538452,0.06508095250428432,0.06186305960615199,0.06655271738315147,0.03501405850230377,0.9027401975522624,0.8551208395633445,0.99609375,success,
PAT_797_1511_805.png,0.6698974082338378,0.3332787867517924,0.49539535940825224,0.04783373970994776,0.1286412365825001,0.0888366592648884,0.032769317133970244,0.12753779742850327,0.0960425402187937,0.008458788174822492,0.09222062861874514,0.05632390737476983,0.38700545620045773,0.3728052141287399,0.7265625,success,
PAT_928_1764_426.png,0.6292822777550594,0.4453634251422043,0.8591330105886773,0.004900683804805609,0.07244241094268539,0.027545143161981187,0.0041403724611725635,0.07318990474617007,0.025668090358051083,0.001378518013644244,0.01817368272964981,0.004120202887975544,0.8007875675159428,0.7992605668364273,0.912,success,
PAT_397_797_638.png,0.7256849075739281,0.1907237605900292,0.6494706818799791,0.061736099526883165,0.027645847911850777,0.04529734862037839,0.0659196659850806,0.022750459895111062,0.044039983346185835,0.10788983732160702,0.012180333996730491,0.0163210913454781,0.6470275808258712,0.5672721979230462,0.98828125,success,
PAT_1405_1395_96.png,0.6384142851525331,0.4305284652660165,0.4685579851120583,0.008333515813472565,0.02950854707249262,0.03862757031373587,0.007802133603974158,0.0254479546338723,0.03660127644281418,0.007906303943855717,0.050688303987306726,0.019644509267986665,0.7915468933249312,0.8381722429236067,1.0,success,
PAT_506_957_377.png,0.6860431302673619,0.2143480904374745,0.7535015499641804,0.04452533945503116,0.070471550429862,0.10116122183047035,0.04414543115399063,0.0684735960514493,0.10070000120431291,0.09000001621950639,0.052881599573106675,0.04212220808752298,0.728300189204756,0.5665078891354329,0.9882352941176471,success,
PAT_579_1099_837.png,0.6700018453526354,0.3059750458903085,0.8697134912032932,0.013290363956155307,0.07625056805689073,0.06388464585228425,0.009591772317422684,0.05975970707043305,0.03940622962072562,0.009024824589033958,0.012884512850127483,0.005797107608381702,0.8501423847124746,0.8316608644741547,1.0,success,
PAT_1570_2472_418.png,0.7084644666431807,0.05315062018157221,0.6099408341890372,0.12104779638366973,0.0320872375329088,0.08992878664970456,0.1078269553564431,0.027811581646634942,0.05228222208192352,0.2202810643591014,0.02512901515220472,0.06057262960089427,0.8303353838490162,0.7623282426193165,0.9431818181818182,success,
PAT_918_1742_456.png,0.5683788068516633,0.19716093914567198,0.3720425261511925,0.07006449292123584,0.08739820417241558,0.14241927258597534,0.0754028563211684,0.08077094850311205,0.12945760156342603,0.06455610262632945,0.0001533540549044643,0.06893243844489094,0.9383602095569801,0.7894487110269867,1.0,success,
PAT_1246_846_899.png,0.906470803209049,0.08084691237305579,0.5529737706308756,0.14624065375627845,0.031152594571506546,0.07873910060962795,0.04366969122472248,0.02849716129402174,0.05705848911366373,0.0037141143307759233,0.007060533870847832,0.013928913578857505,0.8568078860403093,0.721553190999576,0.954337899543379,success,
PAT_579_1100_988.png,0.6548625528691041,0.37083787723817885,0.824009127698214,0.01419565199661153,0.10263215066845445,0.06916179884008976,0.013016394169774953,0.10831064414441922,0.06893259920696695,0.011887450704942005,0.032602185108835,0.005382513264944988,0.6171337515039905,0.5615861627737954,0.69140625,success,
PAT_993_1865_559.png,0.6151195213396753,0.48930871618720484,0.6833227075391094,0.00766337283270662,0.05363148144321527,0.05437362863101938,0.005977338358389482,0.04501248323184516,0.04459766178559595,0.013684008096537702,0.022844490378887417,0.003584188946131772,0.6160788728965706,0.7390454548857921,0.8172043010752689,success,
PAT_268_413_643.png,0.725759407304763,0.22154972427346326,0.4505216207003551,0.19557585930598226,0.1238838961413524,0.11426570757307543,0.1609028439669466,0.10395284533539619,0.10263141025859122,0.007612442385705581,0.005156689629342459,0.09198650130223923,0.7845262280422944,0.7813789059074461,0.99609375,success,
PAT_207_313_1.png,0.7662680537210668,0.20683942528720917,0.52988345215129,0.12102420878750828,0.057915064745866836,0.07015382432692532,0.10001161463587584,0.052107256970708914,0.060100879170744234,0.029570462057207356,0.07016462459192838,0.10908253836111181,0.8841780194300248,0.7946541104290822,0.9453125,success,
PAT_1374_1285_735.png,0.612726623298485,0.5739655602116697,0.6246167399859738,0.005253489614895075,0.05646341168762198,0.09223728520599936,0.0046830344622155315,0.0500631753026184,0.08858892479828766,0.004655292215812936,0.018889565316670298,0.013174629027114637,0.8507625539254153,0.8384947808659837,1.0,success,
PAT_173_268_1000.png,0.5720061280401799,0.3891346810786839,0.3483237351899225,0.029044814525856378,0.17553058412724024,0.08474718308395414,0.02652403607628721,0.1638024211243585,0.08396507974647613,0.010019639328901065,0.08171647090511025,0.17884741517306685,0.8627146885998984,0.8711481051314834,0.9954128440366973,success,
PAT_342_716_316.png,0.6381686768148933,0.3439180576862898,0.8293581128556567,0.013957263992422529,0.08252008736616948,0.040118630012393394,0.012198126244249081,0.07331330531813157,0.03325774548673486,0.011689886937340788,0.0628489319343356,0.029489431060868876,0.7973918527800452,0.8496105378526557,0.95703125,success,
PAT_996_6_622.png,0.6302731215551067,0.34397577038844596,0.49411089995164575,0.014503369560362188,0.05160666725384595,0.039448034958854385,0.013313102948271038,0.050491738611400855,0.03742284460506247,0.007875920799074107,0.043730626817363394,0.03295651999422594,0.6079370148626055,0.5306244549709422,1.0,success,
PAT_651_1232_950.png,0.5769467815960853,0.12282157424400432,0.9980369387051871,0.012025696349369053,0.015013353712736531,0.001960782991641112,0.011131032750040182,0.014934937353853135,6.336270987635778e-05,0.0008933554257849449,0.007184302178602123,1.1442043868159502e-05,0.5030747065448938,0.32682974147601723,0.9759036144578314,success,
PAT_1600_2685_164.png,0.6289205240253399,0.42250260276648405,0.6102153298414981,0.020566859729988844,0.056068077487019786,0.07128255092402892,0.023100511821025516,0.049173390486201826,0.07390627326628632,0.008883071012947299,0.039665662809153956,0.0273133690571844,0.886958642661607,0.8077926023984238,0.9754601226993865,success,
PAT_1807_3481_801.png,0.7760250137611219,0.08270471482832081,0.7183549022134953,0.09565532178291133,0.025002218122554924,0.06894840813924638,0.08079249309133647,0.02415766043146372,0.05625450153445749,0.0868847922727999,0.02946451012961332,0.032208822065148746,0.7983363932821319,0.7778876354830144,0.9942196531791907,success,
PAT_960_1816_662.png,0.6409422057201135,0.21154160827859,0.5990333716033006,0.022519757061974493,0.030670521703162604,0.025107563771947613,0.022495620869299682,0.028480778943541958,0.02218962911425924,0.010711506169738054,0.03269255676812349,0.024828809063709545,0.7947950812143507,0.7945724737227642,1.0,success,
PAT_1755_3310_986.png,0.6484515487583143,0.4271437849983324,0.6527215317640037,0.009599704027597597,0.11285221572508673,0.06671423874256964,0.008898525892659805,0.11079089736551757,0.06362662349075224,0.004942581492129487,0.10506703644952231,0.00451870278364741,0.9082352676533804,0.8562178275473697,1.0,success,
PAT_1006_53_385.png,0.5986616023459406,0.5361600560456837,0.68248490921088,0.004836492867148587,0.03481323934622587,0.04654417666423154,0.0042250112206503035,0.029690413240835094,0.04069971780781625,0.002842354922851895,0.02904475556443642,0.03767179444421287,0.6322090361698709,0.5895108801596617,1.0,success,
PAT_380_773_362.png,0.6520816567091298,0.3308686161775136,0.6109113843373376,0.024632318056658484,0.08661473622382276,0.03806634515179474,0.022094970336664566,0.0874754074312563,0.03886834947454839,0.03664028282304833,0.005417304246833843,0.020987290286816784,0.891928882248542,0.8481366574218554,0.9882352941176471,success,
PAT_834_1574_276.png,0.618923204190397,0.4439023045446694,0.6441534577734569,0.01560974585762055,0.06374514044844723,0.06373850214273194,0.015803019033243233,0.05340738772388205,0.057212994511058046,0.007833967838492207,0.0035202753139016996,0.07586318092298727,0.7740358480394314,0.8572876056024502,1.0,success,
PAT_163_254_719.png,0.6698089549248655,0.16829833011531428,0.7898109617113821,0.03431936743371371,0.05820900129057113,0.04608028864158757,0.024580391017528125,0.05250187556204569,0.03975069066092519,0.020483471668974733,0.006277716519555887,0.01295115869779706,0.7491742095634133,0.7342660204162252,0.8671875,success,
PAT_265_407_421.png,0.6702462311662234,0.2832176315606646,0.6032973669162405,0.010528658443323232,0.024208186416413025,0.023145872291782808,0.008967196606286929,0.022120085998841233,0.01869288430672265,0.013455638135068506,0.00795427131460541,0.020335851076839107,0.875970144339145,0.8669434462831338,1.0,success,
PAT_674_1277_9.png,0.6707890778827058,0.11268202000516225,0.6581153153466681,0.012946322152033882,0.027010238438385226,0.0257332842194445,0.011226731626397384,0.02529699820761992,0.02409264744316846,0.012081298564071592,0.026232058815814557,0.01898561070701843,0.6773389108296212,0.6666610701702279,1.0,success,
PAT_1800_3460_206.png,0.6308267864873998,0.36639715246829324,0.5292999391537436,0.014825408830821058,0.0763548643413225,0.03415752601456718,0.013407157027025616,0.06574128285181599,0.028936374241501084,0.018131382226205753,0.03624519286489036,0.04277624376461764,0.3623138838610346,0.3097747911438699,0.78515625,success,
PAT_585_1130_552.png,0.5849041784138307,0.24545945948118328,0.514406775233408,0.03652699967558958,0.0999276927883886,0.059864250297496695,0.033471753690284,0.10024377836864336,0.06012052534373589,0.013592441018036933,0.061811702267185936,0.03750461469013633,0.8892189214803072,0.8124130867308113,0.9921875,success,
PAT_690_1309_154.png,0.6433287125521787,0.37831935444659504,0.5554107174581803,0.02099441860309694,0.06961564314052107,0.04063533715037901,0.02188997186957108,0.07114116744082384,0.03645530382649663,0.024898355123527692,0.04011888642396555,0.017821084109313046,0.9139760420689824,0.8690104791217532,1.0,success,
PAT_1577_2543_510.png,0.6283173991344501,0.43958978149397143,0.5489661656689284,0.0073746247939251415,0.09602821573550539,0.08893399594998389,0.006009922321159481,0.08357166584912903,0.08248259974068496,0.008093870152075766,0.0035770664983859057,0.14320175512037026,0.8085291850729344,0.7072044652666206,0.99609375,success,
PAT_2034_4266_880.png,0.6113070005251097,0.6059456444103831,0.6811932579466246,0.005639662224539423,0.08062956627925946,0.05748594724872757,0.004410749173552473,0.07457089805570799,0.051317123451356667,0.0012256813598237196,0.021854837969356944,0.0053954331219339124,0.8024808037832885,0.66763876074523,0.9080459770114943,success,
PAT_505_951_710.png,0.6362924481895921,0.4629104460872436,0.7918421887467195,0.00904903225020819,0.09694429259084417,0.06085910334058681,0.0091276593771656,0.09702109159539811,0.05760893519118612,0.004119409489186805,0.025314983258882207,0.030390498271700817,0.8779734536615271,0.857950580213669,1.0,success,
PAT_1475_1651_727.png,0.629868688443846,0.18292733101728254,0.9836813188083202,0.005423716032180408,0.005564335096079005,0.00990387971319146,0.0032389615547815573,0.003323835042834829,0.009215670510564534,0.0017061458130520968,0.004128311409439395,0.007207235408547286,0.8007676220434066,0.7985399841015678,0.9836065573770492,success,
PAT_1761_3329_837.png,0.6688654905275497,0.2543451997475736,0.483571728765416,0.015769666811957714,0.07175133659836973,0.09037259469164906,0.013048332404071876,0.06628038609820179,0.09615881304266664,0.008067686059622759,0.08929422120455907,0.16195461804585365,0.5535360803012436,0.4642876804467402,0.90234375,success,
PAT_564_1079_430.png,0.679459800496346,0.47428478226889786,0.4512042056395863,0.014910509196693544,0.10710421728925008,0.049338564056431014,0.012125957216912522,0.09976888282468319,0.04388709360262083,0.03533150914526533,0.12757871469803095,0.009988990688608645,0.5625726708120047,0.6962938199259912,0.90625,success,
PAT_747_1409_116.png,0.6344261918310002,0.3607229732676596,0.707995784953861,0.02581085609506253,0.10039606019606315,0.141095743275243,0.022226165772999535,0.08055027134710922,0.11515355076996597,0.008069566397592038,0.0458014800552099,0.04109516737613106,0.7792035706137349,0.8061959906312445,0.99375,success,
PAT_719_1361_234.png,0.6717489051779196,0.26624426622046565,0.5846863610574194,0.046113441943502476,0.08946358372864659,0.11315241636747787,0.029854088599955184,0.07803524743441927,0.11339438105869398,0.026560952283692055,0.008586878358578076,0.12522831188246353,0.7091404850815277,0.7002094325184413,0.91015625,success,
PAT_2129_4680_110.png,0.6537932957829913,0.17820707081734039,0.4292654809678307,0.025658652762440927,0.08083863249043913,0.13439930666693356,0.02347984064336032,0.040221362926773536,0.10680401801072438,0.04107260853597054,0.0321980353741845,0.11008340823155449,0.6690698514698281,0.7058755096028542,0.9044943820224719,success,
PAT_950_1804_334.png,0.6618308833512447,0.623867843955527,0.6896336442766987,0.013366926241370909,0.14877231708643524,0.09739923804547936,0.011999357791745022,0.1340658765634414,0.08625264223749085,0.007550558800107786,0.1714245805447554,0.12152130823590568,0.7149224172634636,0.7299537923619545,0.9409090909090909,success,
PAT_406_808_975.png,0.621895853890904,0.41480240119678796,0.7017455697736361,0.009557024912088609,0.07507264026968154,0.0627007787413645,0.007749248314698083,0.07162366782200373,0.057199277394494215,0.010159781789706477,0.08096235868926427,0.010823591618132511,0.9482498006668045,0.8779035606591823,1.0,success,
PAT_237_362_52.png,0.604965905425366,0.23027143702827452,0.6116151532378301,0.07772552675394707,0.12203076027941648,0.07310575916048004,0.06577603132361762,0.10553864127027032,0.0619973136485861,0.051592530115378565,0.001588086575183556,0.026840067987491723,0.7621714864599054,0.691858020755696,0.8984375,success,
PAT_900_1711_622.png,0.6090448510210149,0.5751707839444629,0.678857255394311,0.006981917433873103,0.04672065579571439,0.07333425761467745,0.00593678229319931,0.04210372784081802,0.06924786380991951,0.0057665205943690035,0.07036353467399747,0.0917258603585176,0.8001682225820157,0.8097209363041775,1.0,success,
PAT_504_953_569.png,0.6337125839079012,0.2843454429852448,0.559146209856784,0.019713211615021185,0.06644085880029711,0.06651065589387595,0.018225545531765655,0.06386947603014351,0.06440458709935203,0.012377766461452685,0.09053849187862187,0.08695931905005772,0.7390665434459172,0.6022218799543118,0.93359375,success,
PAT_593_1127_823.png,0.7443755722314582,0.24463747538098846,0.6211238858241961,0.06798876679030408,0.0887396887526059,0.044571809713117985,0.0398939287038681,0.08217299476959507,0.035584415213469126,0.07296032588290088,0.0822388643008358,0.033564090161954385,0.7758860929058427,0.7351308223212055,1.0,success,
PAT_673_1276_752.png,0.6475985586723866,0.48483294027989243,0.43135621848968214,0.009840249170409883,0.07786274647365876,0.048168527262701905,0.0068696491118288286,0.06557742990218672,0.04058421513029581,0.012591504970900837,0.017121505112825897,0.029057718563299306,0.7075833817827606,0.8075799190142201,1.0,success,
PAT_487_930_973.png,0.645992690932278,0.34837973808881506,0.7740633859143465,0.015042465637807027,0.09670914530391608,0.11025374633943502,0.012191160764922673,0.09788530697433828,0.09986660562218598,0.024207376835613952,0.12686918297007643,0.05651232736267631,0.8748812761816991,0.7523606434404884,1.0,success,
PAT_1180_651_559.png,0.6147044948129761,0.3553586006749644,0.5728072274562982,0.013189397980970944,0.0752082688842558,0.07621326516983305,0.006453911597429548,0.0570492676338398,0.038624692579921724,0.008156638081538622,0.13703713548973814,0.03871771412655256,0.9039926375659724,0.6844384764435177,0.859375,success,
PAT_931_1762_69.png,0.5741396582415272,0.22936051516925512,0.7975162543408493,0.06667975306921488,0.06770699749730928,0.14385843807781853,0.07316151101649129,0.07351178650920127,0.16123350336964304,0.05037797367596808,0.038532921433535844,0.09432825496402708,0.5836040414105249,0.63115893808567,0.90625,success,
PAT_678_1298_396.png,0.6965183664490344,0.17928149956526718,0.5349537574221735,0.024658652260624567,0.010635826352433292,0.03973229251682505,0.0222509777064426,0.0063064655082123045,0.034892083156147086,0.01527209569609277,0.010098945640911017,0.02530490308335165,0.5390176528685996,0.6764566831847881,0.8156862745098039,success,
PAT_810_1526_639.png,0.6600141587708876,0.27180856505637063,0.8428133662156778,0.016851603013325465,0.07912033186324671,0.05601620342301251,0.01190724479797316,0.07267007731649232,0.052133626892655306,0.0046484299107007925,0.002429236856132444,0.015531104885060931,0.6984987251616112,0.6236177466491497,0.81640625,success,
PAT_83_126_820.png,0.6676421087780187,0.5083888795784222,0.39250216933877063,0.05826588086639907,0.203524423405328,0.09087004401871894,0.03573995623700044,0.18591805975109768,0.0868574692817939,0.022559730280120503,0.003465658789184478,0.1261863372799042,0.8990257589156677,0.8546549750021353,1.0,success,
PAT_1220_765_464.png,0.6078854978925093,0.5740044723710007,0.6142169099935336,0.01206658655270052,0.09468248970627409,0.1156962470833412,0.010179120603714174,0.0777463824040193,0.10352614992388241,0.012044550505529057,0.07351827133320854,0.13475934936266787,0.5903510704179139,0.5082702022620511,0.85546875,success,
PAT_638_3680_891.png,0.699688666613955,0.1684573644178911,0.6304236971864711,0.06633364490584508,0.07181211669142055,0.08758340382033336,0.06211333492027493,0.06927095647503538,0.08194519469340188,0.02541455939209985,0.02334230726765521,0.0158215593602008,0.5542093873584168,0.6404444128802765,0.94140625,success,
PAT_901_1716_497.png,0.6649358211370644,0.3423370573997369,0.7829555058316712,0.004316000725091754,0.024188847260006103,0.013505079572474403,0.003381682451337136,0.021933195458522618,0.010698236624508799,0.0006647591975510162,0.005645026777682971,0.001172912221905853,0.6515524273081285,0.5572219361232352,0.7628458498023716,success,
PAT_735_1391_261.png,0.6514843115705088,0.19262163932035864,0.6174994673078934,0.024316191619058715,0.052572774978049144,0.04539146390387242,0.020170996567405276,0.04900556150142341,0.03887745912496589,0.003874500216344501,0.07280924635219482,0.017906230464623363,0.8980095730265318,0.8101338029274092,0.943089430894309,success,
PAT_787_1482_328.png,0.6151773367529355,0.23279164813634098,0.4607676664167171,0.07220805858504749,0.12148337072988553,0.17671468018019834,0.06098928733675185,0.08419302719383248,0.15504627930362985,0.04995899351650258,0.04245793427037556,0.103083248092178,0.7546108242777552,0.7035194215917944,1.0,success,
PAT_467_904_535.png,0.6019475829478524,0.4882417151850381,0.4831221588414822,0.028302519937162745,0.14686863331411418,0.051530974508590933,0.02227984667844706,0.13207621774542763,0.04401195001993418,0.03606500170123523,0.17248567352624228,0.04635307633929525,0.7661227994608302,0.6961917084083816,1.0,success,
PAT_684_1303_178.png,0.6656266381177214,0.1705986139328035,0.6111091218720297,0.06114184080612059,0.060123107045115975,0.07698343903036936,0.05268108353210559,0.053565745567211207,0.06802671734770929,0.0546367619908672,0.03292525065978491,0.06014258027930153,0.7732356320256981,0.523879193682152,0.9375,success,
PAT_822_1550_132.png,0.6584065928514655,0.40218649681853863,0.7046612504174937,0.010699451761061206,0.09458562696564261,0.045375026629214686,0.009012555229619797,0.08456163195923017,0.04246911249444007,0.005470151968257161,0.00023949376102272435,0.03402690218908666,0.8771130106892697,0.6673697010398617,0.9765625,success,
PAT_1296_1038_1.png,0.6502617868899581,0.2592429480175546,0.5684672194560988,0.019522017355825778,0.06947942465094199,0.04325127406987456,0.017544948667699303,0.06397846079356065,0.0385726892059881,0.012273485389922298,0.05256079257517757,0.040171323922618685,0.7532275624632161,0.5903024329569585,0.953125,success,
PAT_629_1192_362.png,0.7064669254018258,0.18129955878387471,0.6243174914077214,0.055734807962001365,0.09758246400047622,0.09252899549120658,0.045452342412162956,0.09060261699788318,0.0854635859506471,0.02321745850132315,0.06428243262617855,0.05578380104705005,0.696037891216093,0.7497410766746192,0.984375,success,
PAT_1286_1000_276.png,0.4859074029083038,0.11859088732550002,0.5831003720210689,0.058252541139062704,0.04950419276728876,0.10898326252140834,0.04874269293936564,0.04372316627509692,0.09219411363427196,0.06469193421865553,0.08930007875753634,0.10600710647078138,0.8499523702105767,0.7879021467399329,0.91796875,success,
PAT_1603_2704_969.png,0.6156097215081602,0.13458388348175637,0.617742744212694,0.01747505616237948,0.0783458507381796,0.0349789190266446,0.01567505971183174,0.07486857865994684,0.03240674561882178,0.02330073291662147,0.15069461858458444,0.03891359803391137,0.9196702886760166,0.8673506522508027,1.0,success,
PAT_919_1744_451.png,0.6813087340888576,0.24940546274325395,0.6048459366572578,0.07524117396350058,0.11843725005310027,0.0706644463310242,0.046731640392047455,0.1103332716126692,0.06765390406887659,0.017514678356468888,0.11097572310687781,0.024932803679551863,0.9282098413136615,0.8722523313297994,1.0,success,
PAT_1305_1082_88.png,0.6115080154755186,0.5091236718150948,0.4479081315952824,0.010234346819851498,0.11189585291479062,0.0998793981420342,0.00870832435959421,0.10024405792055409,0.09679661516328408,0.010402153716672776,0.19695615194399524,0.16618084271977518,0.8876911964394616,0.8374093359225984,1.0,success,
PAT_625_1184_412.png,0.7423695085677707,0.19138348662925617,0.622185440880042,0.19632346033279482,0.07326928723486147,0.09535658260792645,0.16558051852773897,0.06635737172705997,0.09138945883001008,0.0730834176765389,0.05099832476071833,0.15218009128600163,0.9648784855943564,0.8853719020973744,1.0,success,
PAT_460_894_242.png,0.6016153617050862,0.281926581482407,0.4869071545771096,0.03679519535186536,0.17389939210408367,0.18543163566066684,0.031552228914558444,0.16643038584044553,0.18185361100208156,0.014045744893973873,0.026763235835738086,0.021603369445830245,0.9136417005280992,0.8229912488418323,0.984375,success,
PAT_1534_1809_366.png,0.6830434576380272,0.2336435638661021,0.45670179311125497,0.013610773944468519,0.054936769470768344,0.06007372102456214,0.012175151107867464,0.053603660561762634,0.06058402219782995,0.00936254120545412,0.11646872221048273,0.1265661229813862,0.7407333093201137,0.6982449434342959,0.8897058823529411,success,
PAT_2099_4562_100.png,0.6152103156115768,0.5341700473292765,0.582798061753437,0.005694500276104996,0.128730844222325,0.0585566403799708,0.0051311821633891344,0.12022725010409749,0.053817362025575056,0.002507018896604999,0.031183808775746114,0.02863623984439234,0.85481833953749,0.8050869826093673,1.0,success,
PAT_352_729_947.png,0.6128314479164673,0.1884430870498982,0.3791827741053747,0.219817776563421,0.08261209543835327,0.12129906516420771,0.19958702563676506,0.06626864353797025,0.118894770185214,0.048002929136273784,0.004423612957396267,0.16608975824684624,0.7474095285937319,0.664034450715077,1.0,success,
PAT_126_190_376.png,0.6853801444087414,0.39376030735144046,0.56909535425637,0.014373676635108527,0.07168197802042704,0.04485467800386291,0.012360964015812877,0.062099126337826625,0.03608619915784027,0.01847351419641083,0.07410030049155364,0.008280238838010656,0.785766664812885,0.7264369728648276,1.0,success,
PAT_626_1187_34.png,0.6539559640492887,0.45463870614457924,0.7085490058966639,0.008576163041992288,0.04943226824365475,0.08575189797270197,0.008456928692125311,0.03889493476771472,0.08029665545294608,0.017816536070088537,0.055049898148172016,0.14617331589610028,0.7010683375806659,0.526478344966119,0.76171875,success,
PAT_633_1199_745.png,0.7166463102868177,0.3697410101849927,0.6041166770595164,0.024148702829504643,0.15328091094818583,0.03901384172358421,0.02301581653087866,0.1481436773384871,0.03142508511098167,0.001669935216873518,0.23332880048282903,0.03900688564917287,0.8701533800549308,0.7759098590359854,1.0,success,
PAT_902_1718_852.png,0.619344471030484,0.6771895331956855,0.32870012009351135,0.015150492396110379,0.175218968710782,0.1504274947096514,0.009411074194416055,0.14201536389678773,0.15752742238381545,0.015525278543648904,0.21186991526769144,0.3078858196950909,0.7683326320371688,0.6686445042421351,0.99609375,success,
PAT_877_1667_118.png,0.6425816276824315,0.48736490258935933,0.5382494062431057,0.007594842198107377,0.08902716505577635,0.089061810946414,0.005793029542844227,0.08313877609729962,0.08375668053108035,0.0032852083396024212,0.05987266938765223,0.09903207613620324,0.7289649463605707,0.7321460626039835,0.93359375,success,
PAT_645_1222_860.png,0.6894563932615545,0.4261943461179829,0.43426073968014073,0.011857732271255646,0.07173594573440321,0.04622058036608748,0.010210604293275296,0.0642669086674207,0.040627323206652355,0.011861064583014209,0.03857471986372529,0.053094871108775754,0.8890839264883348,0.8297941916729153,1.0,success,
PAT_478_916_979.png,0.704771470895223,0.1352978503279477,0.8465585034344185,0.04516210339100538,0.060757381452046635,0.023614602475975816,0.04143747239298774,0.05122617573668013,0.016287714692334056,0.07697540681512863,0.022299210357490065,0.011645807228753524,0.7217915205248424,0.6970131908597582,0.95703125,success,
PAT_377_1580_429.png,0.6367974338562455,0.49869926502159473,0.6295473105515285,0.008139867372396262,0.052952136961185635,0.08741416530250432,0.006913594550693643,0.044088471805735586,0.08327531909031409,0.009967393944285557,0.04609813447928773,0.10217411675813415,0.7317801518806001,0.6015398419674263,0.8247422680412371,success,
PAT_873_1661_178.png,0.6085993375859443,0.31514200675331044,0.9650106206460193,0.01507624739627665,0.06593897016602862,0.02969468952222778,0.013338318539881206,0.06187947226465335,0.024988854380782684,0.038164837248515465,0.051325393881958115,0.0063527063197054146,0.7172550094017754,0.7845181012749544,0.9130434782608695,success,
PAT_565_1073_749.png,0.6519730619129256,0.5496313491889682,0.6503435387557852,0.00723774436421708,0.057722447918321734,0.02876589872197877,0.006216935957990378,0.058596597935260696,0.024495836470519682,0.012939321999181491,0.06835660349576211,0.02888949445379696,0.5447611976881801,0.582267756593545,0.77734375,success,
PAT_386_784_470.png,0.6461599263483613,0.6011692925843575,0.547880896103703,0.0075162802400542544,0.09110189312736869,0.07383988750989151,0.006110550577700132,0.0852471384376574,0.07419755150720121,0.011990755216790364,0.08263624429572769,0.09055459049258396,0.9208596843105441,0.8515167254321447,1.0,success,
PAT_1393_1355_316.png,0.7382219029409405,0.23298732455175672,0.6258179777935271,0.06617494336766012,0.09624785996645385,0.09251031593698496,0.050253975437958544,0.09081232876040474,0.09321829110742914,0.012745402731640827,0.022618023457085717,0.013497916844812274,0.8249419106932536,0.8292600154073869,0.98828125,success,
PAT_108_161_878.png,0.7091045327943851,0.28748725906317985,0.596204699761334,0.16136441227546042,0.1889243321008987,0.0966250325735103,0.16915901061300576,0.17651047363621744,0.08439048420424337,0.03713781791433759,0.21563641165620412,0.08118968721807207,0.8541769841651741,0.7264424183438373,0.9647058823529412,success,
PAT_1940_3902_876.png,0.6208535979005394,0.3930187941098227,0.7328818156685394,0.0043985085898053805,0.03196682753557772,0.05740445303631528,0.002663792639441704,0.036212798609164404,0.06194555854470662,0.00713461522209913,0.09142017819286768,0.12981176372400205,0.8597364798777076,0.8356464575615568,1.0,success,
PAT_545_1029_650.png,0.6727071293599665,0.2510608180122569,0.6148691830849046,0.015390109977342626,0.09759055534479627,0.04343357098823802,0.01435586968460684,0.08949456697402387,0.03551890166237869,0.01768924474202041,0.10909396428069726,0.03012105602298165,0.8009784038365062,0.6945508014180581,1.0,success,
PAT_704_1324_359.png,0.6463325256959748,0.236634193500409,0.5829017624749014,0.020206169802182823,0.06866209301934144,0.08163862752332744,0.018104867542874183,0.0619822385370442,0.07862888626260431,0.011410822054753645,0.01812878214750646,0.0836044018767571,0.8062406697091964,0.7832394568502773,0.88671875,success,
PAT_2020_4176_865.png,0.6359321685988699,0.14768735027666133,0.6156136851489389,0.1126190194946854,0.051567320198299044,0.06332171678490517,0.10400396219355532,0.05062320446351294,0.06285294663361411,0.008756657930719629,0.000944494463844564,0.024945397322708396,0.6629310825054751,0.5063957705995837,0.96484375,success,
PAT_1138_520_154.png,0.6488752929446167,0.4121160848770509,0.4279311237488185,0.010614707585177973,0.08208606673785351,0.10053766992761552,0.009119878984872017,0.051511298517552345,0.08139081548429739,0.018391052569031292,0.12272741550201616,0.18465629532477112,0.8152684511395066,0.6656292572455657,1.0,success,
PAT_380_774_185.png,0.777528662836274,0.13939788304702413,0.4833795529474863,0.2945519051835629,0.11147335465729111,0.0948630765361561,0.30665134396882204,0.09651933657705705,0.07752223612122117,0.023605106874412248,0.03401372130212267,0.034035134010642676,0.881933949455509,0.7298178988389833,0.9734513274336283,success,
PAT_559_1093_774.png,0.6291294143412055,0.1810500527624734,0.54536379592854,0.06161554494444834,0.08516361034845964,0.05978559372667132,0.033620466783666536,0.07047981330053775,0.049940454915236465,0.05033853068594851,0.011186059631442702,0.026409272732425992,0.8116709292135453,0.5200723783481125,0.9609375,success,
PAT_2093_4542_192.png,0.6506124844236376,0.17282660500584587,0.8297269572470082,0.03487020551639111,0.01781975814069989,0.059357571267829194,0.03825273737248111,0.014657973037795766,0.0579796394334064,0.003236938682461875,0.008662709353899511,0.01104837292960592,0.35861871262934664,0.43737752618034836,0.6862745098039216,success,
PAT_1468_1622_219.png,0.6354643201473519,0.8000090664794334,0.4678881112098584,0.01772761978210783,0.19629302694156125,0.09185981418899536,0.015478809952933372,0.1686450728835927,0.0793229054781181,0.010901634752733081,0.02393533285582128,0.034552264189362636,0.6212055024834857,0.5242489059462051,0.89453125,success,
PAT_387_786_213.png,0.6417498952698388,0.5532760421378113,0.5891410980721101,0.01309306746823927,0.12481816367841757,0.10285445427498341,0.010615479842195324,0.11976033861227414,0.11100520380601427,0.014458428781754802,0.188144800087495,0.05154889317291356,0.8882500268042457,0.7650580499314917,0.9765625,success,
PAT_1975_3999_453.png,0.6236482402898258,0.28567918317256147,0.30104022957920035,0.011636814738714378,0.021140543272847055,0.038079738101733276,0.010507623438841667,0.014438474116649709,0.044108761222906204,0.020163025950681875,0.005423614431835921,0.09603221278686741,0.854445872280486,0.6979007626024732,1.0,success,
PAT_1728_3234_404.png,0.617886733666378,0.49588649958048786,0.7715931821720746,0.008601942648286154,0.03983801393621072,0.08513853207669404,0.007263352862061277,0.024756488060654735,0.0780591531498722,0.012205656112993938,0.02930931493088429,0.06461242135079903,0.5690271628125515,0.3427669114599258,0.9453125,success,
PAT_1563_2426_436.png,0.6143908332610385,0.23577370500438982,0.6497759364940006,0.02756812768634012,0.05774212883205841,0.0450763275293158,0.023750286523810678,0.0632178410813315,0.03496744116101763,0.014524431323062872,0.11507118988959814,0.028053691789567736,0.6765973679191303,0.5191618280085925,1.0,success,
PAT_366_2448_563.png,0.7287673978747011,0.13997924190836566,0.5877635773366577,0.2232817629224488,0.06833574889932746,0.09579017508733854,0.19231561541411887,0.062099070806760366,0.0815048025992969,0.059243775506006104,0.02791257984631379,0.0461710365741127,0.7410155882052281,0.6522617206969255,0.94921875,success,
PAT_711_1334_480.png,0.7725238164880024,0.2081876988003354,0.583557100060761,0.11386627617394049,0.08366223924413162,0.07802646648229689,0.0665638392485502,0.07737517355297763,0.05622191505560493,0.1250459797550745,0.1272075973453724,0.07879700392330846,0.8591594914682865,0.7702592728069751,0.9609375,success,
PAT_428_845_189.png,0.6742681401800253,0.24622734483417574,0.5807693431034584,0.1372671269232592,0.11700586591716072,0.06815736410884426,0.1213995924255333,0.09662756199916751,0.05295267392186261,0.02800540843998394,0.019015075481319393,0.024482299761152904,0.8843744744296396,0.8565998392380263,1.0,success,
PAT_1186_681_457.png,0.5872936293426781,0.5220920382183858,0.6326086283680383,0.006624827781474038,0.09543474188078974,0.051496997811833214,0.005442793711997848,0.08810630902222712,0.0467600235011601,0.004077781040458935,0.0071388166501762385,0.043964740511096,0.7547283647986858,0.7423815016803186,0.953125,success,
PAT_802_1516_510.png,0.6114418239113886,0.3008140354452738,0.5623444492565324,0.02036219225320661,0.0723892065412798,0.08793665437562957,0.017134154125119688,0.06258163071551676,0.07181132548317183,0.013257113284205957,0.03881167592466034,0.024832551567875893,0.6073404989153506,0.6078081574922289,1.0,success,
PAT_2003_4107_766.png,0.6455326798404354,0.42810297598779323,0.7446756228301429,0.009208930719777346,0.056351721766179204,0.042869823555393524,0.008471023786818188,0.05023971542769236,0.03847593597607335,0.013829046775305897,0.06986940591382756,0.024249541059131463,0.7641010341563459,0.7972248724923467,1.0,success,
PAT_2116_4614_671.png,0.6906441444028212,0.22075825674406624,0.7138176308528247,0.06651491030462849,0.08553140372230213,0.049741649073276585,0.02814579658662196,0.08269928329591428,0.047530041810286576,0.0011082616619614467,0.10538223228812149,0.0848119896976508,0.7183191089411143,0.7151105501530641,1.0,success,
PAT_211_318_942.png,0.6987445776306201,0.23430432417458602,0.5973090707624826,0.02927774461217253,0.10294486678607083,0.0697993126307706,0.02723762912285644,0.09078278324425787,0.058412115772769266,0.020812527632097677,0.01821210057713285,0.0707625700150405,0.6536897967271378,0.6863595921770672,0.945054945054945,success,
PAT_316_674_318.png,0.6519103365399945,0.1655311817067162,0.8140084550688512,0.02859553886132192,0.012364570389259338,0.06132434412683798,0.027266963248122687,0.009565107460762735,0.06050181348326074,0.0073790279546517784,0.0028648187561146343,0.008918146331874044,0.7176589892022536,0.5604179601007282,0.859375,success,
PAT_1351_1231_203.png,0.6296496858654069,0.18833835240580873,0.439279930402195,0.060674210419700454,0.07910786936615613,0.08951588482903874,0.036781206409220286,0.06482380348443034,0.0980387356304449,0.05176557179192195,0.06687985870101908,0.25928400627378406,0.7498858770537149,0.7227486208743272,1.0,success,
PAT_1113_458_387.png,0.20024803848917408,0.1550159977880484,0.41924648028562406,0.16511523690596222,0.06837702997917798,0.1803128328931887,0.1558464178868572,0.06076667489718951,0.17361755388313627,0.2670048138059391,0.05231537114563885,0.02700781524702195,0.8895905543004871,0.8423957414391038,1.0,success,
PAT_1698_3122_83.png,0.6360961283400495,0.4906906375437225,0.6868915779926111,0.005965145705355284,0.05745917187155105,0.09355635064734812,0.00559697863859301,0.05714736321522871,0.13502821640845666,0.015142276742278367,0.19135820115709434,0.3364408990333634,0.8248977207934356,0.7154307566826777,0.99609375,success,
PAT_2085_4506_726.png,0.6900601710521501,0.10515396594162857,0.534985013646791,0.030621494376536013,0.022058862216245874,0.06289861713184135,0.026107740872391014,0.019308976925372617,0.06231403099554034,0.044393858071082565,0.046267565690145215,0.1045612068218279,0.8431016576824155,0.8220228277612773,1.0,success,
PAT_1243_837_806.png,0.6388369471845562,0.16928882510677273,0.6039660957651511,0.037322078463720106,0.023142713383986456,0.04369750904616907,0.03260225701936267,0.019595856366919254,0.040150775328911925,0.009867322235092896,0.006059860577262044,0.015269137268872468,0.8358387693153737,0.7769655203280708,1.0,success,
PAT_688_1305_242.png,0.6393487584789901,0.36269716100510213,0.6913375050395674,0.017266776204081787,0.09585477307830624,0.05878661283004185,0.01344252577804429,0.07426833702707325,0.022003477176036595,0.013187770353974946,0.05304525529899945,0.01263418475994793,0.8778077763771164,0.8716922233829723,0.9956896551724138,success,
PAT_67_104_695.png,0.016696710272400602,0.26247331864085083,0.3708451960941958,0.35814986819446504,0.14737490300297074,0.1232447458300341,0.3825598097074325,0.12953223403770242,0.11327108108893906,0.4008550589464043,0.0864234275184487,0.09346517171951241,0.8314037568131041,0.7911643873100764,0.9863013698630136,success,
PAT_2108_4596_837.png,0.6315477162351795,0.6854961490447934,0.3632219077487952,0.006320163464596941,0.1279369647011601,0.09587697505321889,0.005344968452455895,0.12114052626139481,0.0982110393257738,0.01012954774042743,0.02247093896075969,0.07080721991650579,0.7340067486783388,0.629060769758721,0.9609375,success,
PAT_471_909_353.png,0.08228584572185045,0.09321978918607136,0.46233702108249997,0.2639443248698999,0.044731989003435634,0.13596030401684886,0.2750191215954214,0.03314711278032693,0.15403978603191565,0.4622407754490832,0.036995691542726014,0.36274854646594157,0.6510301098508915,0.5117092315714936,0.984375,success,
PAT_621_3592_955.png,0.6112748156473562,0.24830912576701716,0.48613507117576615,0.02303931934669506,0.09193440134123282,0.2328265216481489,0.021178491119978663,0.08787062301747835,0.22838371081311884,0.01047601899268721,0.09903138935599706,0.20357075208180697,0.9157600546774465,0.8513375119137513,1.0,success,
PAT_1118_470_710.png,0.6023762061537,0.3377117498844802,0.6544381380831568,0.006065147615890983,0.055397639961744696,0.06282822476501713,0.0037201304521893735,0.05236868445144685,0.057820095725548644,0.00805435170423547,0.025410946990093275,0.03811949925871738,0.7450072218999853,0.7717227701666572,0.8688524590163934,success,
PAT_1286_999_846.png,0.267394127926418,0.09395651746740213,0.348556671057829,0.15656908342950324,0.048599938616654514,0.05363436122826668,0.16158254747783235,0.04801140640229078,0.05713091854837293,0.3057640706064407,0.18848377618560413,0.15383232624725413,0.8841269066068467,0.8144062351372698,0.9921875,success,
PAT_456_888_961.png,0.7821999995863337,0.1874455252878687,0.5761204845272481,0.04591797574652902,0.05239574704611008,0.06584657644197522,0.04421279222604664,0.049650350010501276,0.051603344332710896,0.015398610977717908,0.0889397866526498,0.026241256663023238,0.7959325189837254,0.6868630776783076,0.98046875,success,
PAT_316_1457_353.png,0.4781904787800262,0.16216798034549834,0.6066710429145811,0.14328898317741498,0.1010809265962904,0.12510387830397526,0.16437218966139205,0.10069905065832996,0.12418897455119735,0.37498134559191143,0.011130262932951912,0.024228856737784743,0.7902140550324908,0.6822515673053031,0.983957219251337,success,
PAT_177_274_865.png,0.7135278723060352,0.2932685438516492,0.6253212874297006,0.07468820878905265,0.09554782963301499,0.07137814493014406,0.05187438936827499,0.0912574084615067,0.06622001722888149,0.03542016313599545,0.1267092793966567,0.011733519751574106,0.8190563118671785,0.7786135754855904,0.9957805907172996,success,
PAT_330_1437_458.png,0.6548611470559774,0.31876643209176225,0.6773173738359813,0.01933339394661861,0.08033613837171226,0.07881796820572266,0.01429805008027027,0.05937328448299536,0.06111222140757803,0.028557967523694886,0.003185017325718964,0.04582450290385942,0.7632498802723149,0.6166855233914323,0.96484375,success,
PAT_615_1167_722.png,0.6211130535576854,0.32619422559221745,0.42504549822614507,0.021512889308631416,0.12307022861564422,0.14007128676961678,0.012016806216466346,0.10870393530804194,0.14258314180114323,0.018062830143223293,0.019872414872431687,0.23239325455781928,0.8823304614409698,0.7632357244455383,0.953125,success,
PAT_1340_1207_304.png,0.6896201462553645,0.10526776611491029,0.6118409153262273,0.11137008780727949,0.04409321574631485,0.09454864517097455,0.09357940503564671,0.0372392188209155,0.06378952793437632,0.0035720044938574664,0.04277051471983198,0.05396158596200651,0.8287176502561997,0.7766531487749585,1.0,success,
PAT_988_1858_453.png,0.7015424449163523,0.387709150818888,0.748083651469924,0.08151355549775083,0.157210298585308,0.09223092457701124,0.06524318022216667,0.15000788166775245,0.08940004495578853,0.06102973875120152,0.013482982364084739,0.09770213093718261,0.8395272962610791,0.8525502047802076,0.9887640449438202,success,
PAT_2024_4225_170.png,0.6633498428414413,0.13672784313725492,0.8489913725490196,0.011539291118009496,0.03345875748961612,0.0509222516372082,0.0073768167957314465,0.03249542996966796,0.04186402622915689,0.0061423050625903225,0.01849677835691238,0.018537165549764145,0.7416383314443185,0.8143201748682763,1.0,success,
PAT_947_1798_946.png,0.6784758398881746,0.10217090464613071,0.608639647374432,0.08921153375108812,0.0475291581382776,0.05239766025196962,0.0633129192260564,0.043151417114897346,0.03971345132151826,0.043358888236667545,0.0071988867609715235,0.006925174054469019,0.6882707652261393,0.6338104186807336,0.83984375,success,
PAT_782_1492_890.png,0.6345011649179173,0.35839414724218893,0.44300922971382173,0.07288235633374979,0.15930055590577755,0.12592767074190786,0.05597828630725222,0.1498669190128676,0.12341080665051546,0.10774333746979915,0.2392370317080648,0.15395634805219105,0.900848793806412,0.8485457426671027,0.99609375,success,
PAT_299_1452_1.png,0.6451858914225268,0.2832911242939283,0.635271268793757,0.01928359345715689,0.07721938548114597,0.057441511494188545,0.016080441165716816,0.06840071872559363,0.05797735607155999,0.021893272994350985,0.051524299816526176,0.018884512961264033,0.7223939636756793,0.43466150816556864,0.98828125,success,
PAT_874_1672_287.png,0.6767035664761206,0.45936000139117533,0.6790442625611537,0.009987503557697374,0.06824555234177448,0.052332996023812264,0.008242703647746546,0.05937837871225904,0.0490644588916048,0.007724392053783981,0.024435531753575768,0.0009487551004312422,0.8312259538650224,0.7544649136888659,1.0,success,
PAT_351_728_683.png,0.6522786437793919,0.4778965820998123,0.9058756106534009,0.009090515166497228,0.0944532280533136,0.057950454117881106,0.008730170766462793,0.08273764764210026,0.04438068721572482,0.016362125931772515,0.07280021664164382,0.03203703277517822,0.9051924621397114,0.851567713331944,0.9915966386554622,success,
PAT_402_803_739.png,0.6325183076709908,0.449934108540777,0.8339690128250713,0.01817462715434908,0.08160234610396971,0.06325968438608438,0.017267468527835925,0.06339692871826284,0.042555504521575305,0.026993951348067372,0.005018558162209696,0.02508437486663906,0.6296213401275209,0.4700111638482506,0.8203125,success,
PAT_1179_641_735.png,0.5433568916864425,0.18716534870299786,0.6264913364290279,0.027727402637721034,0.06557626888652635,0.0796878719004476,0.02175524751655321,0.0626035938195283,0.0782869900493357,0.030660526033337337,0.08209652545702231,0.006824217860558979,0.8950291522562095,0.7538912680745846,0.8603351955307262,success,
PAT_282_433_934.png,0.6737475542368276,0.317099263698906,0.6046480646490314,0.0328606474866898,0.1634645674970521,0.12810583688497076,0.021384826392712535,0.1330402237984866,0.10689818588079333,0.010976195002290487,0.14985791943809776,0.11666129329144914,0.7402950701780191,0.5835048166733416,0.97265625,success,
PAT_156_241_538.png,0.6437322022249049,0.16282293448352794,0.6334319922659329,0.022215521820177858,0.028582268823159174,0.030467922763402037,0.020126982055488817,0.02303254637844246,0.024773994545456975,0.02329387411570115,0.00572665484372839,0.027496175611387508,0.4702417880121077,0.5752262244673869,0.91796875,success,
PAT_1153_555_98.png,0.713190750066479,0.32862524140656374,0.5381281085410651,0.03470600181308941,0.09232934920844396,0.03985614940624739,0.03612693792917862,0.09290648278297432,0.039171154559361605,0.1057473071704774,0.14338973962129206,0.05177388573802688,0.8572806485051014,0.8491692481860463,1.0,success,
PAT_660_1249_469.png,0.6374998730433745,0.44865473630526415,0.9004100708612391,0.02186675942316006,0.09422433797200491,0.039380854729165415,0.009442316773402494,0.08844407980067462,0.03174288821803796,0.006031826443725584,0.07200304770414728,0.013714266258157193,0.9293880029450818,0.8552998121091839,1.0,success,
PAT_762_1436_414.png,0.7047603825069018,0.2973019730386525,0.5095604566903734,0.04113083466105363,0.15755781453658907,0.09077221428037734,0.03855091545534207,0.14557455638012376,0.07455818017928113,0.00974227540795738,0.10696012078421399,0.044159303667572924,0.665021910078812,0.748811716431716,0.9455445544554455,success,
PAT_1373_1283_85.png,0.703315386736524,0.17453599197391523,0.696263223122206,0.03333427605484606,0.012934974231693225,0.08534890877148732,0.03339364248498583,0.00945460036658992,0.08065863775393595,0.044793439894502206,0.0006451123927035396,0.023977260130261357,0.8690882398688575,0.7865633287151063,1.0,success,
PAT_1689_3077_411.png,0.6554983822948833,0.19033714659098666,0.6240991917408293,0.04224206783032057,0.07499769391712924,0.14136782681088697,0.048181037093772104,0.07685724803210454,0.13158301918068877,0.14578568498873748,0.15447082676309723,0.21497702280840303,0.8291126992102895,0.725351875348762,1.0,success,
PAT_669_1265_76.png,0.827593443148199,0.1508253240355588,0.6099705329987577,0.17407466366075877,0.04847279604454234,0.07886563882928557,0.13710802309874287,0.038939540130414306,0.06155424655697591,0.009066825809909397,0.027528556016711697,0.002645199861748271,0.8565892741287802,0.8118028022167395,0.99609375,success,
PAT_861_1639_823.png,0.7086039531135286,0.40243641472140096,0.6628074445551617,0.02193259154159155,0.12518444271397203,0.08118661968772171,0.020122992637745734,0.12308925127979886,0.07538925589127103,0.01176720644410886,0.16307688365542117,0.005698637382427596,0.8330093829100935,0.8272427122630226,1.0,success,
PAT_261_401_911.png,0.6842016306946741,0.18051413966103047,0.5201343665490353,0.04388434433362465,0.02190990027652009,0.05720827745024667,0.04478972960194216,0.018253244953192166,0.06210455024107727,0.03729908934444989,0.014140280915623415,0.028121516211160102,0.5681981918070049,0.3841006295836661,0.90625,success,
PAT_110_165_583.png,0.6327893770008639,0.22668006719407313,0.6042785969647805,0.060661139443903826,0.07886143850628584,0.03112086833983801,0.04070850422968065,0.07394344673196197,0.02634360301486706,0.01849379479504252,0.08480066983893261,0.02540684114017744,0.8327643292028304,0.8051476762911266,1.0,success,
PAT_2017_4164_500.png,0.6359600279254776,0.4539909955398468,0.6309243296746453,0.012672636954922642,0.11976928643539801,0.07414617626922675,0.012140674709699982,0.12384346038247845,0.0696073825978011,0.019093630918849414,0.2534723171204668,0.0600407719623397,0.8406597754346259,0.7364273010712525,1.0,success,
PAT_197_301_449.png,0.6377457571956962,0.3895064489674197,0.43743072640970204,0.022962756292837873,0.11432668740192976,0.07070196552670556,0.014871979818983647,0.10160417979639409,0.05252944691014002,0.005475176554919791,0.14320194291302943,0.06393895532125804,0.7352453656533706,0.8381958101126554,0.9797979797979798,success,
PAT_486_929_274.png,0.659952979290392,0.39434024193018996,0.429164602840223,0.017971455552282377,0.09933168856891522,0.09550431172789142,0.017607519410496424,0.10406479009945221,0.08991548363247844,0.029116236294919495,0.23455324245746212,0.136649567853612,0.6412376690579911,0.46110006206516896,0.94921875,success,
PAT_955_1810_892.png,0.6376105477553525,0.39490966963830554,0.5647978912554242,0.019571143713581967,0.09909820948825622,0.10888534709636234,0.01678497888715602,0.08318362115867747,0.08704109452270797,0.0001203860754278215,0.009110626051618609,0.04139276110614931,0.8928589828312277,0.8453138568851014,1.0,success,
PAT_481_923_186.png,0.6935411715947654,0.1745390430362639,0.8971935091021828,0.02820744966070224,0.01758026156388253,0.04836823302403443,0.02607724507998172,0.01374839936990928,0.047069429017694994,0.0318452749696473,0.003957185000405317,0.021467764258790933,0.7684517168228674,0.6994103510515939,0.9879032258064516,success,
PAT_938_1790_977.png,0.6663457870013377,0.16314167436546614,0.42573115087061075,0.13889536325938656,0.050871977409374755,0.16736843434564444,0.15226517347701254,0.04393121562501984,0.15953850536542322,0.03754132014520874,0.038738781666897454,0.05188145389488874,0.6241472368266174,0.6774387024900724,1.0,success,
PAT_645_1223_443.png,0.7276688914350576,0.3552337384286,0.23640127535696132,0.03770967783500006,0.14140655324097015,0.12348432362914137,0.03222219730127625,0.13757049234421911,0.1342549906377584,0.026335711749756126,0.05579589903908255,0.17896444799622707,0.7844721354445718,0.7630988298752163,0.9245283018867925,success,
PAT_86_1082_220.png,0.6589090737934573,0.2463427980026327,0.5952467161318362,0.018077442673551283,0.06883101647178934,0.0965566696973238,0.01159313314603326,0.06598153422600345,0.08772058170740507,0.029028771449080733,0.012698189110723346,0.08027410409184588,0.5394105876545054,0.357752886392226,1.0,success,
PAT_477_915_389.png,0.6853372676539924,0.15761528549732703,0.6558005501659749,0.06921988753246187,0.035534428527974934,0.06882160911874974,0.03904385974734051,0.027698016544417035,0.05451753689716539,0.021380456151015102,0.009351417335895645,0.08023653117498086,0.8794655601474173,0.8050238309890381,1.0,success,
PAT_1946_3924_24.png,0.6070972033299775,0.38106914118577867,0.7695990720553331,0.005117530988414548,0.0544277131723984,0.03024272023816998,0.00437116840274874,0.05506822263983941,0.02909541779361278,0.008358786199853955,0.13119385980839837,0.05290753964209283,0.8336135186120286,0.7819214727145851,0.9710982658959537,success,
PAT_1931_3879_727.png,0.6454449702110885,0.21222685469921695,0.5872842112203469,0.021556283394909503,0.059952536007288365,0.05392532919859478,0.019462643762190004,0.05240747380888483,0.05533355361345259,0.028631588414059352,0.0169600889559946,0.07152576926072485,0.8436074108532964,0.789448539249628,0.9609375,success,
PAT_904_1736_851.png,0.6667481000823122,0.15363648354437143,0.4566759997595769,0.08036710217068935,0.04219816423487274,0.06907515610186292,0.07657966476121175,0.037338397897676075,0.06721167947727487,0.10127110924523011,0.001594123783765139,0.10547060606636005,0.9339031480745525,0.8385833599422644,0.984375,success,
PAT_32_44_211.png,0.6482654038964277,0.3550280847979706,0.8392425690454959,0.009320752553501474,0.08204211220630787,0.058794576702620914,0.008158418284060321,0.08049070280537361,0.05664089161919145,0.013151029260990536,0.027518676470769277,0.008458677207530463,0.8466866384604373,0.8356007393746705,1.0,success,
PAT_815_1536_963.png,0.6895912276492506,0.16016815374508092,1.0,0.00556746532729639,0.013245189517743203,0.0,0.0019208984827953474,0.013005532328575934,0.0,0.0027115410512992513,0.015044067210097906,0.0,0.8020802215100298,0.8014671202983116,0.9751552795031055,success,
PAT_303_652_342.png,0.6078986352485191,0.26609076861287534,0.6790652528293364,0.06068714452346582,0.12427603686622239,0.1044272609602791,0.05301777638706078,0.11813590478339256,0.10063265815532647,0.013189296456322965,0.06449221290509066,0.044169947470879434,0.8891072608334867,0.7591245007133158,0.95703125,success,
PAT_330_695_296.png,0.6270484639495664,0.16728495387747466,0.9713488864756656,0.009335565484321502,0.0149509216039134,0.024696953824761333,0.0059413829788919304,0.011615395770145528,0.023593447900804598,0.0014888370381283286,0.005320081480511801,0.005098768609760329,0.8337971679512123,0.8508651484189989,1.0,success,
PAT_363_746_18.png,0.674034174931427,0.16232630292013311,0.6769133920832645,0.014962579997237024,0.02911069625847334,0.02530193966320204,0.01310454812853555,0.02716373536630884,0.02197927369295018,0.004297921273127356,0.006825340471036306,0.025218089501800267,0.8059976667085867,0.7722557755543966,1.0,success,
PAT_645_4042_489.png,0.6636074878447208,0.36487641900138307,0.5225860401912876,0.013547643315804946,0.11130001661315851,0.07340707435384976,0.011087782542879855,0.09490049845391094,0.06388174942550229,0.003958232972888393,0.05287765109528009,0.023449679786720967,0.5445727459655983,0.43099286995742037,0.921875,success,
PAT_388_1590_328.png,0.6400155608712516,0.4061957137235707,0.9061110151353737,0.009638311535940433,0.05393807516200849,0.04909584381797907,0.009323197762286815,0.04267609635779461,0.02977656547584037,0.017338622407147695,0.02191278589275253,0.0002533881265001092,0.5850434117363714,0.4344575373668254,0.9211822660098522,success,
PAT_747_1410_622.png,0.6887538486999968,0.24820858154191489,0.7902890138184256,0.04456699027739263,0.08257291716899717,0.08926581520128361,0.029593826999933813,0.07386362072114337,0.07093054252914685,0.04892605576351051,0.05939930172395225,0.012271467582740336,0.8290465933760198,0.7700349605286749,0.9924242424242424,success,
PAT_983_1853_985.png,0.5575022381922605,0.42494704624892105,0.4705681321986072,0.01625436616472143,0.12032741763580994,0.13005906903579914,0.013951763659610384,0.09876485023721181,0.11908951691200022,0.04934348666772337,0.1266055595528227,0.11139295514369957,0.8972137181086814,0.7422649440387841,0.98046875,success,
PAT_1450_1556_114.png,0.6549009133517766,0.3285459509006855,0.6041022371008024,0.018600901272537884,0.08281946491901224,0.044149480424537396,0.011643503707241291,0.07680165591050382,0.028526273886092354,0.0027612398649549635,0.03914335991327583,0.0007749999778215999,0.8373503026624963,0.781881941822165,0.98828125,success,
PAT_451_878_890.png,0.6298581337387846,0.3965023883307476,0.7802755653756519,0.0133444128094303,0.04887242438992523,0.031290706300265606,0.01364777195538146,0.041453059831522844,0.02263729805659236,0.020344710871697598,0.012709426991269979,0.015742921921994335,0.4992576238107452,0.5194710539363033,0.975103734439834,success,
PAT_691_3994_791.png,0.5215104707927878,0.1804218467569194,0.6403100034467578,0.0742341191065524,0.0992685036274411,0.08825950538964174,0.06669378180605356,0.09481825243427354,0.08801484650873904,0.12185210042123108,0.011138562480047687,0.042175295549732095,0.6989203023481174,0.496290065652587,0.8671875,success,
PAT_1918_3836_82.png,0.6572879293347904,0.200909229550819,0.5726449388688478,0.021238059531971498,0.05448114376933905,0.03399029989446979,0.017575810213021115,0.051009627633257705,0.029227645485545396,0.024148694390287773,0.03444117673525279,0.01734062765918909,0.8531494652301923,0.698338913832559,0.97265625,success,
PAT_430_848_550.png,0.6714221947023461,0.2704869376715729,0.6508664564499814,0.024686628510529,0.07074157718583096,0.05693086291931395,0.021532529580750286,0.062161881274878705,0.045828218025659735,0.0011974577247380739,0.09351124443009748,0.03233880209449069,0.7481067089345275,0.7498626465183588,0.9921875,success,
PAT_1184_676_303.png,0.6423437778551991,0.21656512365929756,0.6973134621478912,0.010280416363826763,0.04168385946104612,0.044179773044794854,0.008963118361679472,0.0403923239064644,0.03877399532746189,0.015707306514024803,0.06790727289426055,0.041624351060418285,0.8557996441525503,0.81111811521215,0.9934640522875817,success,
PAT_2161_4818_501.png,0.6041958279967428,0.6503156320512148,0.4234043483584335,0.007126625509090186,0.09083937340755806,0.09031974595586456,0.005576988415209251,0.07326945218261642,0.11024113063341305,0.007927625782307265,0.13469832227894918,0.3096150635193294,0.8624278870523134,0.7243852286946234,1.0,success,
PAT_876_1666_961.png,0.7060305359691913,0.16395905785887385,0.6062545027779555,0.04413856181564435,0.025877955393288975,0.033521199365051546,0.04525578457808244,0.027914111483803548,0.03183868145256806,0.0020575025168236985,0.009948431869347601,0.008528129619996605,0.8757476009148388,0.7736269537914703,0.9921568627450981,success,
PAT_1790_3427_723.png,0.6221283944220403,0.5225504873724972,0.5530775044418539,0.004445940678558471,0.043784652301266457,0.03874022541600576,0.0029610368896302148,0.0370994065334498,0.03230346387198069,0.004649953170260249,0.0008503451633318226,0.019750592761694663,0.811754457391324,0.7521317441268327,0.984375,success,
PAT_1453_1566_310.png,0.6148614804690172,0.5213111755913128,0.5637991734810516,0.005790765447667171,0.0830338116192923,0.0657362375191354,0.004047545849319766,0.06887959874715029,0.06072257612996752,0.009474380689643722,0.05148459583422349,0.09433237698261687,0.7710527672562625,0.574017916790615,0.9940119760479041,success,
PAT_1176_631_36.png,0.662551371755259,0.2592777513199064,0.6490160232283042,0.004799080329040171,0.01733185670906211,0.021187430869681816,0.003980085345838623,0.016131495355886285,0.018405973065839108,0.00011403614713935263,0.011846664111502203,0.005157449755996857,0.8711187974408514,0.8518896007682845,1.0,success,
PAT_523_988_900.png,0.5985153309463713,0.4857829682650736,0.47977324507113,0.005184821403049491,0.0278733647747464,0.01948800925954193,0.002250700734069179,0.022205060591417695,0.01603307470029722,0.0021272552416186996,0.032897238137547025,0.02681478859992198,0.8575539568345323,0.8295319944067976,1.0,success,
PAT_1545_1865_519.png,0.628553106943132,0.6091214110866823,0.7611083691040617,0.007549885410689753,0.05674909591250935,0.050615227448497335,0.006272698026019258,0.04962980504709173,0.04145286530781434,0.004180983344506868,0.018817449496921324,0.009956424267355102,0.8867073745759102,0.8368842739128637,1.0,success,
PAT_637_1217_274.png,0.654419123324193,0.3205214704603811,0.6200348137601044,0.014577677069181866,0.06599706926541697,0.12508715959610897,0.012328707581407236,0.057027885894163265,0.1086078616417477,0.015985398258630015,0.07227997908464251,0.035338957980855845,0.8729376892913121,0.759542224487092,1.0,success,
PAT_887_1688_436.png,0.6533826313101141,0.35255267783427985,0.37964222044322166,0.016304259445893535,0.09327142181714218,0.05295489895527364,0.014884041750064029,0.08007065571759449,0.04795108859745887,0.02068865454267426,0.007694167736843394,0.03986603728381999,0.6806091885887244,0.3580245490367936,0.9203187250996016,success,
PAT_1469_1627_109.png,0.6322256083048616,0.41477603957356146,0.7930323857463994,0.009464283115303212,0.05471837303148835,0.04189262559651565,0.007690523481957293,0.044369490654757156,0.028392844352634134,0.011833908463844661,0.02079996814982299,0.018742913567066255,0.8243924466548371,0.6848846760703566,0.89453125,success,
PAT_447_873_329.png,0.6416277167937033,0.31698647373387856,0.6622546435159136,0.03260301302265049,0.07850810616029569,0.03682989630704131,0.03389781379459241,0.08369599696004672,0.03701486482276039,0.0777135051361931,0.10701932259721511,0.006979835085961561,0.7215124194329902,0.7855681711735514,0.9951219512195122,success,
PAT_1840_3612_959.png,0.625040877420289,0.4536822475168435,0.7435699277828555,0.0060983131991488035,0.021192212816996986,0.01654771260352174,0.004752994392430757,0.015884271396654513,0.013749068710848468,0.006760727964018463,0.010023014484103032,0.01032570035327074,0.7977126027409835,0.6757926156769481,1.0,success,
PAT_1587_2625_226.png,0.6653530358608266,0.2676795549048843,0.580349428451275,0.02918613216382826,0.05381584855444586,0.0890411473202309,0.026831865281308237,0.05056952324065101,0.08547009206276149,0.04390294204329111,0.08260884112031214,0.11224316414131763,0.8001707253248826,0.7970655427677458,1.0,success,
PAT_897_1710_793.png,0.6615302753605544,0.5736181015941997,0.6112970518022512,0.00898740958929681,0.05021330737411797,0.032992901660362665,0.008142030847554221,0.04948303904719351,0.032521782878637384,0.010240935068425787,0.06003143105027586,0.010458861014852938,0.7732937761430875,0.6379762789550669,0.98828125,success,
PAT_931_1761_380.png,0.5973052257991383,0.35141501070634606,0.7766028832121766,0.009430918868977662,0.04031014032498977,0.051339738491394685,0.008061456026772327,0.03967512617641458,0.051464138783825546,0.0015633260210449861,0.012392990035321794,0.06539071985983802,0.9174108599034998,0.837247360944118,0.9839357429718876,success,
PAT_1937_3897_131.png,0.5433281431896668,0.23128566254401225,0.7358769893341408,0.0088001925995513,0.019293145403287037,0.02909260084523984,0.00694838105319318,0.016810336909345937,0.026317963044775315,0.0033749860557892456,0.0002651601561549921,0.0031468026697837326,0.7391823143571341,0.798426722282199,0.994413407821229,success,
PAT_691_1311_890.png,0.5166822477372918,0.18413604851568496,0.6402625670845553,0.07962399218428848,0.10874033263094493,0.09614401061669013,0.06881498200355693,0.09697759706268992,0.08948095428312154,0.11975445833947503,0.016287412291067505,0.039830681710270044,0.7453621835734319,0.49493228839537023,0.83984375,success,
PAT_359_1596_68.png,0.532783588697929,0.25462249535382,0.5733583758738336,0.11546253852067319,0.1626244566053142,0.07987305535310786,0.12942112140454265,0.16533162072136526,0.07418299569191683,0.19404570263268256,0.034453650667801705,0.0015109483403129564,0.8812929058725332,0.8351452538501265,1.0,success,
PAT_1528_1795_12.png,0.6287120993583472,0.5006632725576445,0.7820366111874401,0.011823867788580624,0.059274313686632565,0.04152955794219281,0.01058615787191805,0.05526527749545902,0.032348859852526286,0.015962593042212033,0.019677280504164507,0.02418727391006581,0.642845422039499,0.6223344728251856,0.98828125,success,
PAT_270_417_257.png,0.6297033764557154,0.46502576273116414,0.36340658369254325,0.011984197193837854,0.08696259495477215,0.11513320172918798,0.010200000734949172,0.0754345786312274,0.11607153295257272,0.014276127577045135,0.04100003718841333,0.19338619791461337,0.6627756692859151,0.5067697337474807,0.99609375,success,
PAT_1998_4095_438.png,0.652473905102994,0.17048056216706337,0.9943033505087228,0.010719251734180129,0.012032385069966194,0.006671586561212913,0.009656162143421335,0.010989605188311267,0.005658330247517835,0.0029045806644682494,0.00577667501566248,0.0022150228034614194,0.6306071623793996,0.7061305462669328,0.965034965034965,success,
PAT_894_1680_410.png,0.6773743060188782,0.1778424494615151,0.6334922422637573,0.01615981860505647,0.009742711152233236,0.062478715936580095,0.016287402065409854,0.00739205382100678,0.06599242862205229,0.00010904137800204063,0.0008624905624583235,0.008116215472031452,0.8759538920171597,0.8481720020002059,0.9752475247524752,success,
PAT_827_1601_859.png,0.6542163776233235,0.43141618323220426,0.5646310969112488,0.006572470907668306,0.03896544004829426,0.024923083733778197,0.0057318497436153765,0.036985085089118006,0.024177243670659883,0.00988234627665313,0.0587775543634565,0.026827101773499007,0.699631937328087,0.6267985855575897,0.97265625,success,
PAT_1390_1346_709.png,0.8132890152737471,0.15020215357720704,0.6726520491218935,0.27686288288606825,0.09661864644852376,0.07135350107798673,0.25914116778780655,0.09268569965399376,0.06260503939585235,0.08229423194738862,0.06382641839055986,0.04996809584857265,0.7681518624084163,0.7843027195346564,0.9239766081871345,success,
PAT_1433_1499_29.png,0.6133793652129307,0.2789204838348546,0.6052469248299479,0.026363979228470894,0.09578687149511993,0.07719225961683097,0.022944909934161335,0.09046759931197168,0.06791789683266462,0.0037147679926591414,0.06876890028883892,0.023451455032404978,0.8988845179312848,0.7936093452257397,1.0,success,
PAT_801_1518_574.png,0.6680305963178207,0.11191436224465479,0.40637342280940897,0.16568924374852248,0.07641495525375641,0.18003992424668006,0.1333896320785283,0.07142270208673719,0.17842600304865835,0.05220722741612273,0.015667827802342993,0.07343455497756846,0.5131241496055448,0.5083412196701853,0.94140625,success,
PAT_1777_3370_697.png,0.6373505435840295,0.23656734891160827,0.5331227443732784,0.016395895190308638,0.09476496524821305,0.05137355751320742,0.016618641311053714,0.09135808610218825,0.0507350191805128,0.03549990389037758,0.07847390386195394,0.04308196668290076,0.8616333492512913,0.7746646058626778,0.984375,success,
PAT_782_1494_418.png,0.6554401792668965,0.5625648655514025,0.546616104800958,0.008107558338001423,0.09431160668201395,0.0415175618455063,0.006742912868768663,0.08386390061908525,0.03497519399751985,0.013645567766971567,0.007225555801709471,0.001371677706188179,0.7184631369831285,0.656092589502788,0.9225352112676056,success,
PAT_236_1071_810.png,0.6283676106154936,0.5517192867559889,0.6440808084483213,0.01572463938938968,0.09858795078065333,0.13540836087227107,0.01687977199242948,0.08085523764100254,0.14264482964671116,0.02262280336731245,0.032210676666689086,0.18285191322050537,0.9117717509658427,0.7481347479175938,0.9306930693069307,success,
PAT_1550_1888_216.png,0.6036168553918541,0.4045266499352517,0.5693608828686355,0.005661206430066056,0.05132638749966931,0.03229933602290495,0.003910415591498662,0.04993896325010847,0.029966757169605097,0.00947928824810502,0.09314919058497778,0.048888807445737203,0.8427789961221295,0.7813761317223438,1.0,success,
PAT_457_889_346.png,0.6624187220002804,0.17350866083353464,0.8556769163401551,0.010880700537427353,0.008008912402170588,0.03728699449265188,0.009038322547120463,0.006055063271480728,0.038548320482530596,0.0029177750383468826,0.0031097481702805907,0.000525469285210356,0.9418643921418076,0.8428731901924765,1.0,success,
PAT_2081_4488_57.png,0.624281901829252,0.3175738178736669,0.5346441042170292,0.008992875905753076,0.06133924077473066,0.06028986422332236,0.007322369331981652,0.05684777004796096,0.04555984280178552,0.007951205739744675,0.04933308903324002,0.05187074262013819,0.6291909018217448,0.5754725076593281,0.90234375,success,
PAT_1364_1246_583.png,0.5822182494809138,0.483500272641735,0.6630165356782243,0.007079672929558054,0.047814903456698823,0.03813019396941744,0.006469720409589077,0.043757910800347445,0.024880988962332214,0.014215434492446298,0.16095522392516887,0.06294765942211389,0.541578283059053,0.7094940300211956,0.922077922077922,success,
PAT_701_1321_156.png,0.07438149046520345,0.06923915024003152,0.3896138795615598,0.2760348964684673,0.04972324255759135,0.15070591537085307,0.3233133709567812,0.03785040233078321,0.10492886550532178,0.3756876907153843,0.0009329316868439547,0.15654802618723418,0.927103392717385,0.817502124616732,0.9285714285714286,success,
PAT_891_1700_180.png,0.5492912156060867,0.34518371239674767,0.7422190970370012,0.020365531213805188,0.07426266218430731,0.10938669934450687,0.0209219904837593,0.07567236366378272,0.10958183027730346,0.0482352160328012,0.08602541493142007,0.04336794265692512,0.7873792059611131,0.7917975804672084,0.9850746268656716,success,
PAT_940_1775_513.png,0.6859961036999577,0.336712259977371,0.6452072633072194,0.01985854267896998,0.07462174127878689,0.04479360041888015,0.018110026477655403,0.07277782229040107,0.03816785053494142,0.03624487500353671,0.008629273985957864,0.0014383510184537984,0.565579472525652,0.5154816487869649,0.98046875,success,
PAT_306_1646_971.png,0.6170883298427697,0.5078137993863312,0.481226190554971,0.0076708274517623696,0.05287629279070531,0.05973204878544471,0.006982255159021228,0.04679295338011471,0.05471487689472399,0.010187737004583081,0.024269642523890633,0.02543060132942082,0.799174621776847,0.6497067653611142,1.0,success,
PAT_1705_3143_139.png,0.6632925290296646,0.2193017934902945,0.7566797057593426,0.014581122876958914,0.03792084415635747,0.0374602201444985,0.012535104075203493,0.035312402802855226,0.033536153489319646,0.006957193238014428,0.032743648219607596,0.03403842635723564,0.8533570335272801,0.840660720892215,1.0,success,
PAT_357_737_77.png,0.6712885933874781,0.16706138009780602,0.8466730926358739,0.06195540543975468,0.033558679672690966,0.07183141420305557,0.03515618370855379,0.0277289528893929,0.06534556666022424,0.0030548187563462807,0.008866323195454107,0.020979397159365365,0.853192521935916,0.8255644716686984,0.9639175257731959,success,
PAT_176_273_423.png,0.5976382027358136,0.39220939083697964,0.5668939404378204,0.008513462707813372,0.07304405737460634,0.11678587008683848,0.0073519563275392125,0.06791959001245391,0.11618850554240324,0.011244014539814549,0.01899933716781549,0.009433501519705678,0.8496306775344753,0.8244590924950194,0.99609375,success,
PAT_815_1535_536.png,0.6402737094984807,0.688940945818347,0.4972204002296912,0.004712094383016679,0.05741239064555508,0.05814134737146854,0.002682973568700698,0.053439449304681606,0.057574434816292645,0.0006848322284019856,0.08714608774773025,0.005869753029064506,0.8961284013317792,0.841144044487511,1.0,success,
PAT_1431_1495_931.png,0.6036239889335383,0.5952706027275905,0.5939246891460882,0.004927716765130001,0.05530973756904833,0.03527066547382743,0.004496377035556014,0.05181341933986711,0.030103148200749663,0.0033594758060268583,0.06794492849654543,0.02898387524585211,0.510447706107891,0.4829594757419508,0.96484375,success,
PAT_160_248_254.png,0.7891996637788856,0.212079841544084,0.5707451303332203,0.06311080367792267,0.04752752105030475,0.06255184101098203,0.0404694081237427,0.0413202132777555,0.06137078689982211,0.025981383450464555,0.03189951974939931,0.10689279637783444,0.7997766987035966,0.7153030507649887,0.9817073170731707,success,
PAT_211_317_649.png,0.6516053923598133,0.3979067087758007,0.48894123729796496,0.05486673600098027,0.15836533124707203,0.11228095073506207,0.04160553463842702,0.146032975598757,0.09736486721328062,0.014375911637628273,0.10848128686574315,0.09416755948889183,0.5880963719951275,0.47603186147760335,0.97265625,success,
PAT_906_1723_560.png,0.6503290446746901,0.3016379563037174,0.6105935219789999,0.0138540965218281,0.05144988431327494,0.03282807777013947,0.011821387716534428,0.045157320274001995,0.02942568561714111,0.03095943116164845,0.06254945864271083,0.02674842968988478,0.6445037986432574,0.40912435789772456,0.9765625,success,
PAT_1269_936_965.png,0.5946923181449026,0.665151003758867,0.7810314238980866,0.009374993506240898,0.10040035741545307,0.04701734572236374,0.00903047067745791,0.09569326915228009,0.039971615651700924,0.011599236946005379,0.03929527139499944,0.08246262620422384,0.8680479501943617,0.8210847039330929,1.0,success,
PAT_201_946_262.png,0.6140941705644959,0.2828415765319845,0.46162494490530753,0.012483559760918942,0.07174668846127222,0.08376360538783174,0.0104820557396728,0.06752675998524643,0.08022800688203954,0.0016290176188070247,0.0460900931055675,0.03103426754000116,0.77469490901381,0.788473316776417,0.90625,success,
PAT_822_1551_642.png,0.6302433584211442,0.3379764908996276,0.4899174649244303,0.1590744613195383,0.1495652868832619,0.14609916850783664,0.11707332692403093,0.12938769067147932,0.12630015223755447,0.001022769915616332,0.14989510524694613,0.18485917720265138,0.799256073309403,0.7817733191184909,0.9907834101382489,success,
PAT_1229_794_274.png,0.5676143371930589,0.7505107675749413,0.8908731387879868,0.005282077068760336,0.06141978322346281,0.03332579560290859,0.004056182270522721,0.046412915815335055,0.021927305835782885,0.005567319854126396,0.021451827133347257,0.02050408671891102,0.8161436316259076,0.6686458749713916,0.8917748917748918,success,
PAT_119_181_684.png,0.6687315985477698,0.3683871645969631,0.5425122731803247,0.019952413119226863,0.11669203008418404,0.08612489693975911,0.018477224835901175,0.10438193135802691,0.07527882890050404,0.022888373575611194,0.17280313070435482,0.07362736186444463,0.6237794476508468,0.43522505911521187,1.0,success,
PAT_46_880_308.png,0.6744395381968323,0.1569187803150524,0.7151102324789084,0.03516170857483649,0.02544195026746385,0.05431270617256274,0.03407865637418883,0.0246322814282898,0.04956140814937137,0.01126023051056314,0.003324732876955727,0.010255680839130976,0.8083177246767431,0.6820406986713267,1.0,success,
PAT_896_1705_582.png,0.6601324954523178,0.6240170734960652,0.5017014805922368,0.010658387152170296,0.10864080655540741,0.10235805537529878,0.009020963133673695,0.09986267243666679,0.09387523934426902,0.008010634692792548,0.19069031682310372,0.1306744788955353,0.6803540290802246,0.5820941115229666,0.9767441860465116,success,
PAT_1017_97_577.png,0.6847044925568297,0.5122826568131704,0.6275743352916505,0.012033681809845015,0.050959372506041226,0.040826980623704046,0.010488165800927691,0.043756377583474296,0.030396769949008494,0.005018070433191942,0.0044256986592857706,0.0020447428989708305,0.7848241687691476,0.7920931222154303,0.98828125,success,
PAT_417_3537_45.png,0.6868580608967269,0.1510413682518462,0.45453878994779734,0.18422988639065313,0.07640567578535362,0.07746279240235433,0.16103826109445735,0.06867271222207477,0.07689475479875758,0.10914522525206552,0.029715521128126726,0.08446888167877292,0.9214651230503199,0.8443558903642852,1.0,success,
PAT_632_3700_890.png,0.709366835075704,0.3514609341846182,0.692991454857477,0.08785494706608749,0.06555006350343123,0.21911431692528024,0.07892064571760297,0.04851178652444127,0.19701194259684982,0.057213656766775894,0.0023871474229906764,0.13921791218499435,0.877625347300927,0.8331641735579075,0.99609375,success,
PAT_530_999_696.png,0.6528642850118427,0.46392041002375134,0.7070238824809973,0.01308080773997068,0.09241231489400313,0.0843610735530566,0.005652600314686727,0.06169483449259282,0.030044082734309464,0.0008155305132445297,0.025159484474602034,0.00874929438271832,0.8144504170937592,0.8247182538829949,0.9739130434782609,success,
PAT_935_1783_687.png,0.6485846735988408,0.38881925937369916,0.7883697252155404,0.02466631994954031,0.07337043160696646,0.0633457283884415,0.01165980058874404,0.06651675452188802,0.05901699437934126,0.004250013847168788,0.03322793881822489,0.005072981162998924,0.8838376482272751,0.8248247800554965,1.0,success,
PAT_473_911_630.png,0.7205927639230854,0.17892376843139826,0.8624982054230956,0.022663147479707085,0.009349913437924415,0.0800447381890023,0.022573129284093087,0.006649818395592491,0.0765828485422328,6.650749683261539e-05,0.010025586361860683,0.0890471328671637,0.6955166504772773,0.45282234391296655,1.0,success,
PAT_805_1517_647.png,0.6188134086807846,0.1763795645762859,0.7386359716928667,0.02274321858104831,0.016813961304318753,0.017420289830602,0.022623971764293493,0.01467639572606586,0.016629244381516098,0.0317475307816329,0.001050924211601717,0.0001795430590059155,0.8438827788664975,0.760541275475772,1.0,success,
PAT_834_1574_397.png,0.5778677219407394,0.1916995180525279,0.8805350055594653,0.02625007065029722,0.03943874966977951,0.06133784885570321,0.024468232811340546,0.03583300368979131,0.059134978798968424,0.01519651672242143,0.012429546742887626,0.07038181450941361,0.8025349042471848,0.5007896310008789,0.97265625,success,
PAT_151_227_63.png,0.6796650360818851,0.21765001448273008,0.7791176766154155,0.01460053394016992,0.040597139311166965,0.030031705437984373,0.01441881313851597,0.036096524969291985,0.025717158862174787,0.003131940403253787,0.03490410199520133,0.00793666744827426,0.48362435510238977,0.5093078332776831,0.8666666666666667,success,
PAT_263_403_966.png,0.6278680393025541,0.5516281665044708,0.6992628239453781,0.011275101330459851,0.09933002942734213,0.06331959061856586,0.009969203515010556,0.08167505411398172,0.04155080744661802,0.028127102612575623,0.011179906670260253,0.02134192746918606,0.9177567571949223,0.8575008879355875,1.0,success,
PAT_197_301_198.png,0.6379214986125292,0.3955987430698717,0.43456491136774544,0.0236270374329848,0.11516579908697662,0.07117254295039033,0.015264443524066229,0.10292332579401473,0.054493218558024484,0.006834654105726499,0.15074326279122763,0.06838522663992563,0.7546352153927511,0.8573269397215159,1.0,success,
PAT_2088_4523_400.png,0.6108330510220201,0.559370867853846,0.48987481456319437,0.009710529076007363,0.04404370521770587,0.08826813667975417,0.009256740314570506,0.03948072245727817,0.09087553031362061,0.01357721336857425,0.07824089008954449,0.16396123214732172,0.7661837650743623,0.8232030612238885,0.9890710382513661,success,
PAT_1391_1351_396.png,0.6881842735393374,0.2280141895007289,0.5990290159831773,0.06205068749270838,0.1260822821305929,0.06821771458499759,0.04224754262299149,0.1141367063511725,0.06281488121898045,0.00012109652050571956,0.08061527391470341,0.0016716491096877562,0.8590498011222385,0.820201660994133,0.99609375,success,
PAT_1615_2749_350.png,0.6364958990129262,0.1735248760619214,0.6786858254752283,0.026935634899283058,0.007789330867677831,0.083875016430008,0.026555134668937698,0.003952310281655777,0.08322590207060987,0.008255343362307283,0.0016238174050194065,0.031357581200419093,0.7126285007972775,0.7352523547718589,0.9760479041916168,success,
PAT_1385_1323_100.png,0.6627395602358775,0.3225074056378404,0.5488030877903001,0.012656199341620884,0.05075250829921907,0.08595309207003099,0.011313919635254245,0.04861807139352548,0.08515151415686842,0.008090392051754472,0.053181290431897565,0.06401908427680958,0.8973692419176871,0.8611265584797132,1.0,success,
PAT_550_1045_81.png,0.6013253869521804,0.5642604696199467,0.7705787137900427,0.014379871316091723,0.14680082916665663,0.06293132744503956,0.013113183881548305,0.133728923536991,0.05752005732421501,0.015168126880817962,0.00199754587358536,0.030574961290575575,0.9148840695356342,0.8658501093398865,1.0,success,
PAT_1535_1812_660.png,0.6252128979164836,0.3112492724036409,0.4800754356907924,0.011654951410777301,0.040011628529994944,0.05049176995451118,0.01261692202031694,0.04102590306527549,0.05188154294052298,0.027139819656919903,0.08341098203131223,0.0924022025555174,0.8630149599112966,0.8392064530788532,1.0,success,
PAT_679_1286_933.png,0.637441864579134,0.6754333760304791,0.6110861497027622,0.011377081017518664,0.12177351627744543,0.15453635238093763,0.009720986348888272,0.11411663282431023,0.1565258266194599,0.010325165610906989,0.10401746613383622,0.03313240002589146,0.5222684507559469,0.6166332671925937,0.9166666666666666,success,
PAT_2089_4529_762.png,0.6757857076893347,0.28674892207288044,0.6430580480389624,0.03121639554812644,0.08975682201054822,0.03897681610898813,0.027771139441727485,0.08149977885085224,0.033660724700294804,0.02448243498913677,0.036076195053653726,0.01466727484676933,0.8293834488508575,0.7749567413433306,1.0,success,
PAT_122_869_60.png,0.676035760544307,0.5478063674871023,0.5832009135748475,0.009411195882326069,0.09699554720920565,0.08697280731735484,0.007775884685199185,0.09769014383403302,0.08283170664742656,0.0071838134946367585,0.20180930100140865,0.11803597865133952,0.7584844776487711,0.730393760757564,0.9609375,success,
PAT_1497_1712_633.png,0.6762969847299747,0.18025690276110443,0.7958042772664621,0.015576228855537467,0.01692971431650842,0.023899739153586695,0.013860800056664208,0.015741542080375464,0.020608995501240554,0.01762758999666008,0.0017989648742050002,0.010427588508736596,0.8516285611159284,0.7783265288439576,1.0,success,
PAT_851_1623_815.png,0.6180863984012562,0.1377025193226739,0.9604563831550674,0.08072228402247894,0.016587911498223685,0.04525116714240421,0.08104652761417296,0.016386552100994576,0.044783777779223766,0.01903806292578641,0.002229447822435199,0.0009034993011797221,0.7541530431678216,0.8214389447310254,0.9873417721518988,success,
PAT_2026_4230_141.png,0.6267986742242567,0.5213007364386715,0.5684345554988729,0.008211365428907741,0.05054366871308935,0.05248121044302769,0.00743785982336192,0.05092430774306735,0.05007545842588431,0.011060550193475334,0.07246041033708367,0.06796919712743876,0.5661844419187267,0.3341586944402497,0.99609375,success,
PAT_355_732_625.png,0.624241490480309,0.5834077264887871,0.778122836725348,0.01168861201189097,0.10403128616274882,0.07704466333898538,0.01031102338649122,0.10164500109796663,0.06817501839512002,0.0025647614566668467,0.06933199370665533,0.03555097833508325,0.7193583798795142,0.5610416249883132,0.93359375,success,
PAT_86_131_107.png,0.7158503540322702,0.1468130991941237,0.4921378665994773,0.19794914713180656,0.10348116269077601,0.13009446632856742,0.19069381446943678,0.08491096157719308,0.10981618157918886,0.11883608049920534,0.06052459724194992,0.0931822172457803,0.9444366806132967,0.8491289515518081,1.0,success,
PAT_472_910_453.png,0.7352770516050994,0.161166926177115,0.6321257911585313,0.04072526620575555,0.05378711306985426,0.04360788414263199,0.02142192207933471,0.04205514082481034,0.04077610769252913,0.07108280010468207,0.025545461361599492,0.040552991826032336,0.6979005886762436,0.5396525300781815,1.0,success,
PAT_99_153_636.png,0.6437794060437755,0.1287253846862524,0.695926754564072,0.11101202538455911,0.03998417817066826,0.0665849524623156,0.06412375180003586,0.03046149625816358,0.05022362375366843,0.013184846657614616,0.020835532760375586,0.01005932421196476,0.7143237715634708,0.6401479789916984,0.91796875,success,
PAT_678_1287_652.png,0.7137085572068725,0.3498736355326128,0.5620318267652278,0.018569547583910995,0.0770753151548179,0.049687223782204505,0.01596049812112055,0.07695509153854045,0.050719917818558335,0.02628429268083718,0.17245667505757103,0.05027925960412538,0.7382140008537312,0.7020255601316093,1.0,success,
PAT_1129_498_930.png,0.6474877795851088,0.4399193424936976,0.58012953347232,0.012296001403255222,0.09788546462271559,0.0851717220653708,0.011526986437694647,0.08975267332736789,0.08240396961696449,0.018632766731303246,0.022640902509676653,0.04404674852230239,0.7892172676378739,0.8196889252259373,0.96484375,success,
PAT_158_621_68.png,0.6183410518369875,0.15003838915460802,0.9833781037986018,0.03548943753629069,0.05739322720724485,0.08475839710034531,0.034564225304840865,0.06343536730515056,0.10529753174871855,0.0017745791882148075,0.07127796892245614,0.10258499862279702,0.6481997762167873,0.5626717481967164,0.8828125,success,
PAT_1407_1402_734.png,0.5784119754435275,0.17665154174206396,0.7903612704936666,0.015726445916715067,0.03916484467263138,0.056800449531384425,0.0142660279664999,0.038830990558696155,0.052805223239747685,0.016368787366004115,0.05950883708770366,0.044978258286614614,0.853565538638595,0.7999714923166782,0.9847328244274809,success,
PAT_1407_1402_500.png,0.6068327971774844,0.3398429855974326,0.6732640111932997,0.005827172121845978,0.029230928473721884,0.04061440296046103,0.004756790400341123,0.0289851696423075,0.038633597265291655,0.0018686088995246387,0.06051483642731681,0.05370722506239667,0.6661916057217905,0.723381023074309,0.96484375,success,
PAT_1861_3648_959.png,0.6111362244128702,0.24327138917066932,0.6359299568570416,0.017778301922271755,0.08194058201534853,0.059648657639740255,0.012397174852351575,0.07256477856962244,0.058213132016987336,0.006269811209490526,0.08130602610236506,0.10552931916105801,0.8053079873800908,0.832545980377132,0.9296875,success,
PAT_823_1558_870.png,0.630346882138994,0.3344855940285479,0.561816610060368,0.013134382342488198,0.06290231248309121,0.06483047519696498,0.012756427751802957,0.05220204843943324,0.05908212474931003,0.0320209717290483,0.044171611836493097,0.08377752042178377,0.6461299849161455,0.41481480375415264,0.9140625,success,
PAT_1315_1110_317.png,0.6249374278101302,0.41469010350921487,0.88400446015316,0.013963074055338871,0.031560571675962414,0.03384514420932369,0.013463628320337035,0.02994616120658219,0.03228800419658841,0.020380053369415112,0.03249445488953456,0.0033098599560621444,0.7616542551980141,0.734453155951378,0.9787234042553191,success,
PAT_89_135_11.png,0.6979584748969294,0.37985677351454006,0.5482417004141212,0.051567953764362136,0.14765673566862406,0.04597544854218184,0.047301054952854464,0.1454087450604721,0.04238125074263541,0.033734594638112646,0.12621560932443815,0.014744913855803898,0.8741384162316634,0.8310915687992233,1.0,success,
PAT_2022_4184_111.png,0.6098345606920194,0.22709914018559768,0.5191504116883041,0.03998016337535271,0.07862245223588428,0.04505819073963563,0.023162040805566334,0.06797026847173859,0.04537926025766704,0.02364609975185535,0.023082474790652674,0.06381722633085996,0.4554570352836802,0.6319119973512013,1.0,success,
PAT_598_1137_888.png,0.6522224772837759,0.4534433698959943,0.5600224045978132,0.010643904192297647,0.06540903913804712,0.024167974668152833,0.010466199240914844,0.07063565196660226,0.019697088238615462,0.018145135738116932,0.06049309447629553,0.005052397793211094,0.8201222363644585,0.7715833258472439,0.984375,success,
PAT_252_383_389.png,0.6000158312164897,0.6972163339810399,0.8451680672268908,0.009997137146239158,0.13285666537068244,0.05035984687979232,0.00977035226677087,0.1360943431440422,0.04276322924559691,0.0029147093110534032,0.20820001792024745,0.026832839565981592,0.8069831957341823,0.6492391092848759,0.91796875,success,
PAT_230_1007_645.png,0.6372534760703857,0.38257993641802096,0.7223536405199619,0.0252066608715905,0.09488006938931275,0.10763747307346534,0.0225349520034513,0.0901910022517941,0.10321687536404138,0.011215084755963526,0.10926502372118113,0.07268477810629725,0.7152818224320314,0.6907484546095816,1.0,success,
PAT_338_707_774.png,0.6225293745222059,0.3812883156827794,0.4742469679493901,0.012395737754402112,0.11380798263414045,0.059071229421635625,0.00813466985867581,0.11438216742078915,0.05902074592593935,0.004542589015415643,0.020917566670161813,0.05371033224247573,0.8774680729541967,0.8134278915180778,1.0,success,
PAT_1029_135_983.png,0.699090298557695,0.31602299279476176,0.7985127535382073,0.013674874512505817,0.0506393538504323,0.03928594943489647,0.013397779330985415,0.050338067937203794,0.03741230517490066,0.02345916976627775,0.0454881848661407,0.02702552716917106,0.8287044681833001,0.7597656477992806,1.0,success,
PAT_667_1264_8.png,0.691108962731978,0.2723417604427249,0.5925531487037589,0.12768661321932326,0.09571308463698917,0.07156104995524296,0.11700897415115195,0.08496834891112802,0.06301403737010186,0.05099197494257947,0.028649294929672525,0.03206778732554039,0.6769218734826625,0.5863887504302082,0.8461538461538461,success,
PAT_143_213_489.png,0.6706307704402261,0.24741902204565075,0.6173283346969678,0.04382540668551629,0.09366384795724093,0.06499286428994648,0.03242719773965738,0.0830088550965091,0.07076540178875071,0.0019451714891790713,0.02093612947131937,0.06048140946340508,0.8697366443939785,0.8443396935954269,0.9921875,success,
PAT_914_1732_136.png,0.7596537711955278,0.22166570727520193,0.6645683084685954,0.06929558259180588,0.08786197804866965,0.12798226466906495,0.04583293274202224,0.09266920844628593,0.13402438738342376,0.04420698268070014,0.09969426363934145,0.11685212652190213,0.8509039158896938,0.7979425008885337,1.0,success,
PAT_1418_1449_580.png,0.6234338648810966,0.43619340839019133,0.6918096994101847,0.009539558692203414,0.08406887002354102,0.10553425092374423,0.007300364706512991,0.07538371192423413,0.09853315670243577,0.004904483144885318,0.009445424915865142,0.04956987583128314,0.3408214212309294,0.3175150701613309,0.7578125,success,
PAT_622_1185_922.png,0.7305156640040525,0.16471067879206477,0.6359996738421396,0.07156708388908528,0.057996565955512974,0.09905131950236176,0.06420954114286788,0.05214185161075554,0.0950412546825119,0.0068751879085676626,0.0049571704289556595,0.007330247395158751,0.42258838607462856,0.34850852227296697,0.9930555555555556,success,
PAT_442_863_795.png,0.6862660535518966,0.31241740100490756,0.718028252824415,0.02379004540809149,0.07108593212439848,0.05450613752895303,0.022796415769949726,0.06773122155170475,0.04173845323620234,0.01427523531425747,0.005635906848518335,0.008268454283703375,0.8872448491838566,0.8579613678078485,0.9951219512195122,success,
PAT_665_1260_16.png,0.6460218634603228,0.37707212318654904,0.36464276721606786,0.020533537074804837,0.07788648205711261,0.112903213815028,0.021439093912860762,0.08104058236048192,0.1262787178343156,0.048110373526342204,0.2459468636709781,0.2627140955290302,0.760880552751585,0.7408354872395719,0.984375,success,
PAT_1452_1564_509.png,0.6417403066245743,0.37439380298794533,0.8007163628003784,0.007561707889497195,0.05070227988019414,0.05962583129824148,0.005600295274370544,0.03713512414119715,0.04818311489956413,0.004661819121607083,0.04686877586357591,0.05593497999572472,0.3470788840751853,0.28755476717661904,0.8515625,success,
PAT_738_1397_195.png,0.646926042339487,0.7178004394146665,0.6662085976039465,0.005852427934448663,0.06686882167585449,0.055025531866017004,0.004962445581069959,0.05548852298155745,0.0465824193757466,0.0084344402549158,0.11904008420875434,0.08043303777360877,0.7710818593171533,0.6723088296284717,0.9803921568627451,success,
PAT_747_1408_965.png,0.728857411420056,0.3178788643071538,0.6480359747735052,0.03286549480757149,0.11320350280242127,0.11319313515277324,0.027754504027807127,0.09641976256084286,0.08563561866336747,0.004972606331462891,0.11617263580731765,0.030758698852858313,0.9260837633530139,0.86614982726493,1.0,success,
PAT_1514_1760_35.png,0.6667607119769168,0.2602187673560627,0.3567633346241995,0.09577393066296683,0.10779012026346152,0.08278539231605996,0.06765770850856531,0.09988856250930025,0.082632522599804,0.06009610806418482,0.002037766708911426,0.1325103431280844,0.8501744765095416,0.7814168770717864,0.91796875,success,
PAT_760_1456_878.png,0.6529699641765283,0.5490544322559,0.5255402243201807,0.009889525323862674,0.14863559788478187,0.09080184928004688,0.007948417807400493,0.1350229677194331,0.08413087937176349,0.008320279899702064,0.0065486215962421435,0.0054953361536300704,0.8720183681550964,0.8352876369975236,1.0,success,
PAT_727_1373_718.png,0.6806179155373653,0.4590427887632175,0.6383965233805767,0.01856189175752569,0.07679065444317952,0.05558038102852759,0.013323899205427345,0.06584030871691589,0.05828950424402787,0.019930212959336932,0.06522944331191793,0.04563562168879054,0.6107546582003469,0.5936488132777245,0.9428571428571428,success,
PAT_135_202_105.png,0.6828517337276078,0.4165067368197119,0.566027533562654,0.02641696310702322,0.15278758372578993,0.14869061476326143,0.022802592875939783,0.1479731673643013,0.14725492646763938,0.009317732738193583,0.21329650656620391,0.22316620443270796,0.43399047300538085,0.485289013166288,0.9913419913419913,success,
PAT_899_1702_32.png,0.6214182428090427,0.3841973523765994,0.6310850199060695,0.0074435350494076935,0.029236830963440586,0.021871182000483914,0.007155541123000465,0.027615802516894335,0.018733643182341293,0.008047298908854432,0.029754398724550324,0.001055230212414271,0.7258578317167179,0.7885213428133511,1.0,success,
PAT_2068_4424_995.png,0.6602617578005366,0.2849424832449222,0.6133249083757554,0.040766921719969325,0.120988114168332,0.06282709437717512,0.029696530350374322,0.10299012915158962,0.051982152964713486,0.030008233251089995,0.028463262746519946,0.007085398704719803,0.7982137386040381,0.7253193772347222,0.91796875,success,
PAT_330_1437_506.png,0.6751102059351857,0.3159825042275152,0.5532159480902967,0.014551900371887338,0.09122026601538225,0.06851952749075052,0.012004243987692453,0.08183005977880814,0.06259348476467856,0.006192168708285727,0.07812181484552766,0.06515744097274745,0.4618776433537478,0.4868593658064119,0.88671875,success,
PAT_824_1560_801.png,0.7862469565176168,0.20137308343743898,0.5778660008137967,0.14987897200029893,0.10134277600594219,0.0839000652914634,0.12418579132386039,0.09068812973670107,0.07687392472385791,0.02466943662065325,0.008690064938969566,0.004709535501882578,0.6160857930768191,0.5676569789352435,0.9375,success,
PAT_378_769_36.png,0.6492087571569789,0.6746837886911402,0.7657236481811606,0.01981206647403311,0.17846785607930502,0.08495843852101927,0.015932241035200558,0.16481771460291977,0.0612915423821506,0.01656436384760822,0.27302647817903675,0.08320549011356859,0.7674756266371021,0.715866581608645,0.9247787610619469,success,
PAT_251_382_240.png,0.6399964219685729,0.1498997661914529,0.976445266009977,0.030450526011141343,0.020863281712484975,0.031315274115808533,0.027199284449862058,0.01772568127288908,0.026288716017038274,0.003374736320766974,0.01760162635412041,0.0071758415019763655,0.841656731572421,0.727773414511662,0.9846938775510204,success,
PAT_388_1590_169.png,0.63232873284322,0.1687188706078879,0.6442764031201992,0.03732472255757584,0.020331714108423854,0.059088867837351025,0.03278371975324757,0.020471147102575676,0.057420683354409564,0.028303843478378197,0.024873027076269122,0.02357230083162254,0.9160823819169246,0.785325042294306,1.0,success,
PAT_159_244_102.png,0.6598420060959669,0.540316236944874,0.5903178867716886,0.013881594342837743,0.09073275938605219,0.03304505955710194,0.012924792777819771,0.0815219951159393,0.028240560410221452,0.013028047501176272,0.11456518126900905,0.032063680802410066,0.7722686498437297,0.5579050003705187,0.96484375,success,
PAT_482_924_134.png,0.6493495184750059,0.18138250671829542,0.5831813208698239,0.021822798751774043,0.008898900002443593,0.0449024053674458,0.020719656594420963,0.0056632851322891906,0.04384543128995361,0.0043111985491352004,0.004146014102221762,0.014141395727991779,0.8223411413609443,0.7631447958959993,0.9764705882352941,success,
PAT_874_1671_938.png,0.622604977956118,0.38015554641436994,0.755159193747429,0.02638300779043385,0.09397766649665372,0.10254148400058435,0.018547629845220133,0.06820966172265634,0.07854735910863112,0.006562314198041956,0.043729101487856914,0.025625181787743867,0.590695326387731,0.3083747309035886,0.91796875,success,
PAT_1008_59_297.png,0.6020600846196028,0.22970540520668253,0.4489637582646686,0.0760850364887162,0.21630226552769527,0.09633435721687712,0.09053538066754668,0.18602893913179092,0.0860597302749879,0.04156124416073289,0.0945397393164627,0.029587256750051083,0.7778936495641872,0.5967604302855778,0.97265625,success,
PAT_265_407_137.png,0.6250482807112661,0.36132991229335465,0.9465861236129951,0.045167087916693,0.09403640341399341,0.039821828646606924,0.026773963563959165,0.08352122160689364,0.04155247148835591,0.019430421217877282,0.018655226826256532,0.07404798936339863,0.7657636168187045,0.6149229415953343,0.953125,success,
PAT_1451_1560_616.png,0.6194613253995048,0.5560491068929527,0.4992024919173159,0.01551527686194212,0.12608706763257088,0.07777656355819536,0.007999957594914456,0.11044737807986518,0.06216184398317443,0.012793768350978101,0.15233527817004333,0.09534571627290411,0.9338843880232081,0.8250574283855171,1.0,success,
PAT_752_1426_714.png,0.7446314332503843,0.11686472370552353,0.5630663076907374,0.07775160776912683,0.044992943121617536,0.04995388138692804,0.060488242112324626,0.03877054472490118,0.048008886646191316,0.08728177543993149,0.015809705690058573,0.05559960327103197,0.6787147673227931,0.6353993069479725,0.9765625,success,
PAT_202_307_927.png,0.6795668523368601,0.1501953547463685,0.7099776059695971,0.011319223092924434,0.03428167987596228,0.04407851572595335,0.008005258392770755,0.03324471540845777,0.04194325124539856,0.0016026518396674622,0.008406148610772435,0.004175503409609926,0.8324340565586154,0.8117013545657995,1.0,success,
PAT_1313_1105_284.png,0.6102745146499541,0.3583850605910413,0.5838791903012376,0.009930176616703042,0.06306343550187334,0.05367774027637752,0.008424341407501224,0.05703108778480382,0.04584217663369192,0.0035652514368890486,0.005854755069147344,0.009253739233892722,0.7215150658823908,0.7729197834178763,0.8481012658227848,success,
PAT_609_1159_942.png,0.6475651527914352,0.536455307614825,0.7167093268242956,0.013312408604747573,0.17514218613936677,0.11136523049060704,0.010482114510069054,0.16832904083015948,0.1105729552509681,0.014959448566593241,0.005858353481797529,0.014931420259370776,0.9446290578036745,0.82998729667401,1.0,success,
PAT_507_954_812.png,0.6727323848474007,0.16063256343794885,0.4871971185330714,0.11690999800613003,0.09085975022055262,0.0824882879088636,0.08037760083029633,0.07896487211043535,0.06372195796494722,0.05591048370235817,0.0019142870490944097,0.020511835900258346,0.7085524878086329,0.7033858483637184,0.9049586776859504,success,
PAT_1418_1447_334.png,0.6232029773953139,0.2144219085395556,0.46680022268257565,0.05194671774625172,0.09005224247908224,0.12073757383102898,0.03353780998038553,0.08454295716419949,0.13259371993838207,0.028300603619308935,0.01904898613080258,0.2769025202537369,0.9122576089526869,0.8716848136732972,0.9928571428571429,success,
PAT_656_1246_483.png,0.1419963038800187,0.16961786440316204,0.3046037955869989,0.23853659649792966,0.08155388321078008,0.13324350414881023,0.24060350373901687,0.06754376978902826,0.13807998024164653,0.42132695183137797,0.002550317938267682,0.26131846372768586,0.8415146417355417,0.7824828941765138,0.9931972789115646,success,
PAT_264_1368_868.png,0.6491218124055769,0.4804496619821033,0.6108418188448483,0.00930060052847907,0.09587933003230609,0.05340882183487436,0.008248068950864386,0.09221560763416477,0.048888225660645365,0.010981091517284686,0.1450150870059811,0.05810962037458345,0.8131193400149026,0.77256808139109,0.9841269841269841,success,
PAT_668_1259_681.png,0.6359448859174238,0.3086160999728659,0.5449697186729601,0.013107203668010593,0.05126958667363938,0.02821267307404544,0.012575399533552101,0.04954588019143543,0.023936918712904477,0.021172892593266112,0.031148409907177654,0.000400606042564533,0.9154749476566238,0.8794878656620688,1.0,success,
PAT_186_286_109.png,0.6267109645153136,0.4321834460656509,0.7307996326283818,0.012341736793944857,0.114596660415864,0.09991005988334382,0.009380760724644381,0.10428972269069174,0.07994606083805433,0.0147579590358938,0.09592492561847382,0.023020205736913546,0.9266263028966139,0.8714117804353161,0.9885057471264368,success,
PAT_212_326_597.png,0.6244130733883437,0.29740226482403764,0.6473707732298709,0.01985934742963026,0.08004101704653292,0.06269661224886452,0.016747179574939364,0.07566448397922917,0.05878509571814962,0.008238615401481455,0.001775293171249137,0.040350637107999354,0.8697951345793786,0.7845737939376807,1.0,success,
PAT_48_74_309.png,0.6223854053653535,0.16826427912678363,0.7442101585010282,0.07283343033478472,0.03848130009604018,0.05299293675165804,0.06467327690920996,0.03515925396293075,0.04939010805220742,0.014437513487282417,0.003966264081011833,0.05746360807802253,0.8790910222343477,0.8811717605808361,1.0,success,
PAT_290_445_988.png,0.6311469414969174,0.6329620397258462,0.6251565933882897,0.010465513273919955,0.11179574440413682,0.1402649940585957,0.008712169859156509,0.08688294739160089,0.12574647832630745,0.009357812112915396,0.10313819606682229,0.14780746976948023,0.8454842919914409,0.8446658637360397,1.0,success,
PAT_751_1497_215.png,0.6730644148670063,0.3597394683570489,0.4757456743058942,0.0236785660897683,0.1550250615758462,0.0781748427926694,0.01700618257889228,0.14480530016738963,0.07438236980459141,0.01742454959818676,0.028464499635882212,0.05858471712636237,0.8197088662742039,0.7733440826215181,0.99609375,success,
PAT_422_837_683.png,0.7090602518055227,0.3872433597367153,0.5176671814934157,0.0302542054008725,0.08813052479949492,0.06811179529310657,0.014791258235861108,0.08050947831742086,0.05726777853437316,0.0037576641793603156,0.07175817170556603,0.02045754310501302,0.9274741625576621,0.8153665749026013,0.92578125,success,
PAT_682_1292_978.png,0.6453006204730996,0.49834414296621343,0.6855142296784389,0.018424430613621832,0.09126723818743386,0.0892672484226553,0.019148865267769627,0.08725154287620765,0.08586406801587565,0.03162544449978794,0.09334819679379663,0.08393531035933643,0.9165986633485984,0.8771412799859143,1.0,success,
PAT_2124_4650_575.png,0.6652733558919088,0.46686354008371905,0.7478995521025706,0.01059413209628689,0.044291089194518116,0.05826394788990467,0.009996600709743498,0.04052899412373211,0.051785705128011526,0.01719111617115243,0.014498303560066705,0.059381512138307224,0.8871911435927454,0.8656190025528878,1.0,success,
PAT_1344_1222_456.png,0.6092481340258012,0.41110231987259466,0.6949304984970364,0.035721867708858,0.21194175938173127,0.07627087040868984,0.011737550042928913,0.20586507014340635,0.0726813222656696,0.00449808216145813,0.07091102808734973,0.020022097497932823,0.8935463161582105,0.8841594501180282,1.0,success,
PAT_1105_420_520.png,0.5919774957623047,0.18493152254885106,0.42452217469418574,0.026550340170697732,0.05269500596072419,0.04718191534382822,0.021648197729423613,0.04807885002969385,0.046832565406988505,0.019301774387045452,0.058994409830172206,0.08245806375102083,0.7683532405541453,0.6153741121402247,1.0,success,
PAT_516_966_57.png,0.688836964014099,0.2987327122784234,0.8390995145523854,0.01879091595556294,0.07802125168004209,0.07202672112181147,0.017185164647477144,0.07532964625699792,0.06978417948036793,0.01070743238511369,0.026994856294333458,0.03551486172333196,0.813851395480472,0.791888553220311,0.9741379310344828,success,
PAT_519_979_104.png,0.6804101187764391,0.22315132482773142,0.43733297041320757,0.10150140428529435,0.10238344569272546,0.07121249121505438,0.08232619511104208,0.08932786524642736,0.07075735032122125,0.005012994951696154,0.049943400424012546,0.1220485733263888,0.684274415182287,0.6273297766127657,0.8515625,success,
PAT_1335_1181_21.png,0.20237252468411235,0.09742487409688388,0.3383375867378145,0.1922739336648617,0.05088836221560311,0.05897136905195145,0.1980968075872696,0.04610378909847458,0.06798482221414252,0.3783112584009536,0.10273477076332183,0.1881193476607515,0.8019433814488213,0.7394631227624817,0.9765625,success,
PAT_1907_3801_88.png,0.6361191820781257,0.13357818546111044,0.40666911821454677,0.1716560685989853,0.08094001876514756,0.11146526835199401,0.10010887873373801,0.07266678131100213,0.11769883859740109,0.08560473428703545,0.043243778730485294,0.27057822383929897,0.8540060102433121,0.8058790199822314,1.0,success,
PAT_680_1289_585.png,0.613967853418943,0.49710013901445554,0.3435960998182119,0.012732723473321814,0.07130683374827332,0.09588171655089575,0.009067647396365109,0.05432410846937124,0.09388401776787805,0.015551307504824053,0.050865771251602354,0.19914591037169088,0.7193388212226924,0.6529392642307532,1.0,success,
PAT_639_3676_760.png,0.6329348759150046,0.43258371182170896,0.8149942690424091,0.009384748350521716,0.05122938415127234,0.05996846263312461,0.008523480696472407,0.04518815040278192,0.05142975869852565,0.012440264236556607,0.031818956462099424,0.0388608052716356,0.7700334199672774,0.7781366605700841,0.9519230769230769,success,
PAT_554_1051_301.png,0.6624689705812961,0.569716998137355,0.5197826628097614,0.005347831980770371,0.10981083936883185,0.05866527556693768,0.005023528536308885,0.10966283050115458,0.05513458192227616,0.00557379942734231,0.1841715946957045,0.0754668190968224,0.7637036807316204,0.7111364967265802,1.0,success,
PAT_123_187_164.png,0.6513470682810816,0.1606762762171824,0.9456797054434505,0.017284848624748522,0.018121633581868243,0.06277555939558568,0.01692176674050079,0.018120755872355197,0.06318787447533479,0.02875962617335893,0.003274527047942205,0.04047834346153201,0.7514521092698767,0.7041068216539674,0.979381443298969,success,
PAT_420_834_948.png,0.625025791096657,0.459552009944014,0.5692087920298456,0.011896619139497612,0.10936222142227785,0.08749899244258957,0.009048310511528816,0.09677142860966134,0.08215442961958917,0.011796030116058157,0.006550691684602428,0.004788490452289018,0.8836253798965857,0.7917023686819471,1.0,success,
PAT_583_1112_886.png,0.634424431838617,0.39915951347789197,0.6360564226406408,0.010431053570921852,0.11203907411189289,0.05145442662137467,0.007151392772171147,0.1078953679092822,0.047359688614308684,0.0012657824960367098,0.07492198447909443,0.04110406368893127,0.7277439096184412,0.6422875994504124,0.9959349593495935,success,
PAT_384_782_292.png,0.6550732991339373,0.2644480353300265,0.8987193401345779,0.012993371002694135,0.04992271689050854,0.055139984419935756,0.0117447590526223,0.04333952369790596,0.04420361987809741,0.008428780746246013,0.0018124491806730814,0.008896429577562315,0.8591973678759738,0.8115033558675494,1.0,success,
PAT_741_1400_780.png,0.6432462734811721,0.42985524314714896,0.6738877531968268,0.01527042700348734,0.07705502642412775,0.10593493601432286,0.012739447094924907,0.06208552032965251,0.09274501122025589,0.010267453479304816,0.011442856770147447,0.08929041438554464,0.6872272409880422,0.5666399322065182,0.84765625,success,
PAT_948_1800_310.png,0.6930860401120654,0.21600580232092836,0.5430834333733493,0.03668527908037153,0.0733637396069282,0.0613230735641813,0.038398041687193345,0.07504610619264168,0.0584054833043501,0.04552054302692186,0.11436683760763722,0.09196804618647558,0.5791208784264921,0.4529542347294451,0.933649289099526,success,
PAT_1278_967_599.png,0.6912272440725031,0.11243394108545945,0.7386291296301914,0.07435408359987143,0.049019194470295756,0.07090679315561128,0.06944676247612833,0.04725618886407309,0.05994183831235377,0.01998679716852081,0.055738185037305016,0.03631918888905583,0.9099255183804542,0.8561961080479739,1.0,success,
PAT_300_1478_445.png,0.7051602536989025,0.14125391213799096,0.5641647371952184,0.12837559539984916,0.10468626768049986,0.12231847166079857,0.07250324502414376,0.0912985057300673,0.10801405312325074,0.035116081275667135,0.022608101753912244,0.06996995629175529,0.8287917564800718,0.8012591411723321,0.99609375,success,
PAT_138_206_507.png,0.6360532970871339,0.44420201038790375,0.8128854864362566,0.02670783524534094,0.1622875422081732,0.06546252237798109,0.025688422230323395,0.13150717318348865,0.04286598474450617,0.008148826294303685,0.20043280949220624,0.018905825958907885,0.7949661091074233,0.6709047792238575,0.97265625,success,
PAT_1441_1531_670.png,0.6176930378325435,0.28592353431210743,0.47682831325579694,0.02210103793004829,0.07241957797271856,0.03725435240924583,0.019707606028275804,0.06889976463161447,0.02942321045257019,0.0032438587860529507,0.000810037071717673,0.016837288448143417,0.8064491752139469,0.8159990786456222,1.0,success,
PAT_1128_497_29.png,0.6101984644411039,0.5176082735124674,0.6951544132143229,0.006250689939055304,0.05339642249964528,0.04806534092941697,0.0051466297181957405,0.03897195400141825,0.01992398386787648,0.000475284341096385,0.040194055708532295,0.009729420395153343,0.644636972211279,0.5245626713857169,0.87109375,success,
PAT_437_857_425.png,0.6795985528313011,0.1949380870679842,0.7904907527466177,0.009602005359142315,0.04340991060107228,0.03634624697613919,0.007269252553137311,0.03735041317201215,0.034504742770400006,8.5365856651186e-05,0.007147280972038622,0.021401511010115226,0.8643574433537518,0.8173239351205525,1.0,success,
PAT_520_983_221.png,0.7129235802261461,0.408390470932545,0.4904215419137682,0.05372682229819651,0.11799901166337536,0.10837530418104656,0.023861186335514897,0.0814382232428895,0.08120730573421099,0.04764547579360554,0.026278522829418116,0.05504985973630183,0.7435013061566401,0.6782627598068303,0.9375,success,
PAT_406_809_581.png,0.6141711487987449,0.6635748797965925,0.5997113546290347,0.008234690891343974,0.10965979705832571,0.0695601126536467,0.006795780162349252,0.08877131529170884,0.04575194340858289,0.01351035775143122,0.16674629047427286,0.05351261400724483,0.727407130844832,0.6485462746267491,0.9635416666666666,success,
PAT_778_1471_911.png,0.6603433189766209,0.35215414885677454,0.8985118591583439,0.00826080524274998,0.04729475729095484,0.052715328645562665,0.006925171106173013,0.04056020342433252,0.04628067574800784,0.008752779714865965,0.012722770197489075,0.01191245807036545,0.665520468864938,0.5243083393255032,0.94140625,success,
PAT_514_968_269.png,0.693282436781187,0.1704447561074111,0.585530190106251,0.03789695379825175,0.025133988295815014,0.0335954303487289,0.03362796789662884,0.02812342705623185,0.030234125893797054,0.02026096170096052,0.01701308067441684,0.016754585593106608,0.7479693953336904,0.6700048065059049,0.98046875,success,
PAT_1546_1872_824.png,0.832674284672628,0.1518802690158189,0.47645164345931607,0.26102995187451605,0.03085576056498575,0.08354944725415496,0.24391599608002307,0.027292541642014348,0.07792055209219789,0.010934989875666348,0.01402110019105629,0.040343615342408934,0.9148237895091837,0.8984470178514787,1.0,success,
PAT_361_1567_487.png,0.6318470315087985,0.13469793017196993,0.9857934383848093,0.02701986182808869,0.023339875247572407,0.061880443223258856,0.030827884906158422,0.023974749359112587,0.08054165891033992,0.00408459919455066,0.0027678761718668843,0.044798220276266565,0.7704346367574763,0.6385618662835965,0.9439655172413793,success,
PAT_194_298_367.png,0.6424483946334972,0.2761028091802962,0.4617963849642026,0.04501210025230103,0.12339328996809978,0.10499770945270241,0.03635814078198457,0.11541851620303006,0.104435212606347,0.025569394055175585,0.05413637293839371,0.1862640254527358,0.677933418618707,0.7076268367678236,0.9958847736625515,success,
PAT_260_400_842.png,0.6856055067402183,0.18209408623949808,0.8915337315915008,0.013058838235886858,0.009219554521789143,0.028591864654065522,0.012288881285664303,0.007073297182111398,0.02585209992066171,0.010659492317705835,0.0051952560188053,0.012763265696140613,0.743492872743737,0.804567434436314,0.9230769230769231,success,
PAT_345_719_815.png,0.5096612031484505,0.1792192395903996,0.46162871079238943,0.21740825285965484,0.09839234133291025,0.12631985885656433,0.19469641493547138,0.08974476792716958,0.12480740878728588,0.05334755424846417,0.05818546003175257,0.2093545133600614,0.9065023961979601,0.8231831188237789,1.0,success,
PAT_737_1394_936.png,0.670189979758833,0.5140131020908993,0.694853455872059,0.011719435515554509,0.07433468041091447,0.06740444475106855,0.010665361189757496,0.06177277098925991,0.05091929578334556,0.006063060734934488,0.0141919775925744,0.02105832739763569,0.7083448689784768,0.7469215909660072,1.0,success,
PAT_1451_1561_100.png,0.6137822760601493,0.5830464801100371,0.5339900557549256,0.010210956504711575,0.09348693339218106,0.07279305230653556,0.00966624413014739,0.0874606709973684,0.06785116594875076,0.013940175044114747,0.1459519589242541,0.07445235375065318,0.8698148467043663,0.777832488151571,0.98828125,success,
PAT_1066_281_99.png,0.7083610127222941,0.10770281607531312,0.8069596335315649,0.10612229689402067,0.05037310670408209,0.04963304612144601,0.07179604128121182,0.04819816102470349,0.044331532714029925,0.06127988831839007,0.027735514095464875,0.01231320721910445,0.9177710437710438,0.8835999563834314,1.0,success,
PAT_612_1163_833.png,0.6816915457786467,0.33059823947315187,0.6345569615117322,0.030394476095374153,0.0914701624410596,0.0936309688885166,0.029747065882883148,0.09927322225432306,0.09206200453084704,0.027182812042212765,0.22974963191418624,0.11548104644507373,0.7261730325796395,0.503281534463538,0.9820627802690582,success,
PAT_1172_622_420.png,0.6116504233298249,0.536792110718123,0.7942175408537686,0.006558995751105893,0.06256704095003018,0.0406721938201699,0.0055129234074005355,0.04965368361804699,0.02238282452869779,0.007940571104590472,0.037046230188460594,0.01725468073537073,0.6465513962480312,0.728875478911121,0.94921875,success,
PAT_63_98_127.png,0.6591909507954652,0.3058581069536989,0.8504625581652446,0.06894726683897504,0.11386286859854726,0.07124049744585391,0.040705353859099014,0.09797177365501003,0.058864323380754674,0.016192272239394928,0.09288754502252553,0.06589710183520625,0.7228348647727882,0.6174990314196389,0.953125,success,
PAT_877_1667_667.png,0.7240103766291272,0.3191436365567899,0.6746862289807564,0.04223969624186043,0.10021509555489332,0.12048960470811325,0.037751162966913755,0.08940273840977732,0.10833762733224096,0.06274894551665129,0.03174142503279409,0.06315477698684802,0.7996002410865801,0.7741756296767652,0.9101123595505618,success,
PAT_1484_1682_240.png,0.6355036455324735,0.19000934286866267,0.22063641136394918,0.24070248815852227,0.10865044136989718,0.1003185997095281,0.18356926282054048,0.0866694704325817,0.10549906552401732,0.07287523829542954,0.016004794812881196,0.2156667120359484,0.8843601279123511,0.7208991009034433,0.9805194805194806,success,
PAT_945_1796_583.png,0.6341371527188437,0.25649069560394977,0.7034484407990061,0.013806463946455634,0.10348292207363535,0.053726251654197914,0.011263724469996001,0.09219070108790357,0.047634576121431654,1.975448409691833e-07,0.0924878162160031,0.026385255663360252,0.8234931819844318,0.7698497251610036,0.92578125,success,
PAT_240_366_768.png,0.6313877841632078,0.3837020598021945,0.7978961578759514,0.012890124624620105,0.10593689513894519,0.04158323284985564,0.011521849607268448,0.09730632961006193,0.03712554154258249,0.026399440225091237,0.03159884691093606,0.030586917531736035,0.8486038018000694,0.8041309617328357,1.0,success,
PAT_1100_402_375.png,0.649046922848356,0.12794419099645335,0.5266316639938684,0.06282144290160056,0.0547856080080191,0.06169948667174196,0.0257728588376753,0.05043425755025826,0.05821953722178145,0.033397869497602053,0.020968536253764852,0.05671972349367427,0.8068535847433929,0.7998327603296734,1.0,success,
PAT_1844_3618_373.png,0.5601964565996861,0.2273738108793931,0.5299738201799532,0.02101154733761794,0.049872729343766256,0.08312634634615627,0.022103080347200665,0.043286720715687906,0.07897002281077203,0.023281774981339175,0.014324793622046611,0.03272473802539555,0.9291290005756564,0.8762623598787082,1.0,success,
PAT_536_3227_442.png,0.7284577731006215,0.06903278121105068,0.593814367096047,0.21544313230038128,0.023599696842537016,0.03155637563171149,0.18298289203851054,0.02115844832103724,0.027139995692462855,0.1338745928888948,0.002561984498872738,0.005587370838381789,0.7923662383490959,0.7908676942003647,1.0,success,
PAT_1960_3957_864.png,0.6108538309358047,0.577573881641978,0.3730443094770519,0.008810100506820502,0.09384321175445673,0.10031718379097693,0.0059314192596131195,0.06976781375694198,0.09647139319904532,0.012043394930645235,0.05772111491251042,0.21162459011125312,0.7637247388434214,0.7189298568927897,0.9802955665024631,success,
PAT_300_647_501.png,0.6261905030455208,0.4437677042058132,0.7307540715092328,0.015552489907206847,0.13840337505608333,0.06433467346538708,0.01399805768554058,0.1292166311746343,0.06233989744616545,0.011280525979768896,0.08891064687906569,0.019315087028826006,0.7360836799100929,0.6203741438797186,1.0,success,
PAT_242_369_337.png,0.6736529032660367,0.47980196136655195,0.818479077268837,0.011728711065671511,0.07703329067086558,0.07261201272995509,0.009989756373095892,0.06582214032519017,0.062821415687767,0.016785260313307442,0.024436862297575357,0.002099017859295116,0.8667266054838363,0.8243311143548343,0.9747899159663865,success,
PAT_780_1473_791.png,0.6945957674032109,0.10181234782474552,0.669242451121801,0.25537315780174696,0.06543464000539301,0.08364212305230932,0.2563624891078888,0.0632926395571181,0.08327850498229859,0.035464586860404206,0.013306439956056224,0.044192379521404423,0.8700084722402165,0.7569456538539276,0.9921875,success,
PAT_58_91_143.png,0.6997140390697187,0.34471831753296284,0.5759945900557019,0.014622043811759857,0.09172309461948423,0.07345258783170736,0.013376941915081157,0.08633129635082917,0.06711931829985077,0.009382778679097549,0.10633845078121965,0.01752407217318852,0.8612054099830859,0.8595055820402931,0.990521327014218,success,
PAT_320_681_724.png,0.6103881384895236,0.6847989690508912,0.4460442796356598,0.019484355030135084,0.1268225439892145,0.15978787776747874,0.011369723207186539,0.10424604328207857,0.15274107121444566,0.012272196598307437,0.16958120052755266,0.20270606485403614,0.82811195913354,0.6977238601623086,1.0,success,
PAT_368_1652_525.png,0.6563735999378111,0.37410664393070914,0.7228697041445116,0.011132178136737987,0.09698223978612132,0.07412111636861243,0.008514522648508202,0.08869300375343556,0.06836339963043378,0.004760866785370471,0.05128351369355433,0.030262046010812393,0.7773687615460998,0.7022561136218209,0.9609375,success,
PAT_152_230_707.png,0.6512552937262167,0.5331068038764284,0.5154272357981147,0.021053864280686802,0.11427007901977201,0.08851838036449106,0.006585171884343514,0.09400370408929906,0.06788720090457959,0.004975167038805573,0.06294499076131543,0.050514976209058315,0.876221660635774,0.8479700183999033,1.0,success,
PAT_108_161_575.png,0.6097276246607269,0.3003119901305215,0.6126832113063644,0.0705202488514737,0.13468216168840413,0.07601696807744321,0.06475515293804415,0.12094180491278346,0.07407279956250094,0.0045830578303750254,0.11930910066587214,0.0005764610478052878,0.8463930424675516,0.7896373435459945,1.0,success,
PAT_1754_3308_783.png,0.6121705400589688,0.21454946252160476,0.6072338762845135,0.005031585466576243,0.03368550249710121,0.019167093988951223,0.004068198474142572,0.033467163505779246,0.018866849067037957,0.0003567876726863675,0.05444886427056461,0.01725058216728237,0.6159200769290205,0.2343618120022767,0.94921875,success,
PAT_1071_314_500.png,0.6474322097223932,0.17870875814101772,0.8230600900906763,0.019016066162724155,0.009040152490836853,0.04042997301349293,0.018423423239430706,0.006413268390560638,0.04049578950734992,0.013122632286736054,0.0017016759721455998,0.007096705312086948,0.4900297525411184,0.41166296333075153,0.99609375,success,
PAT_573_1090_660.png,0.6324527457577939,0.26761063784247824,0.5402331992551341,0.011940515533932524,0.047712959936810004,0.021585952733605807,0.011877936648150827,0.04878651460010914,0.018757369180261288,0.021512722529377647,0.06188098685105656,0.012029090589520619,0.7216027370700243,0.6844760474753004,0.83203125,success,
PAT_753_1427_496.png,0.6199427547777696,0.32745448599059757,0.40074887831160483,0.016669253123619696,0.0826717845426821,0.03872764467223438,0.01358853235965396,0.07844035031985273,0.034149501520052465,0.007238424610242728,0.05878910728622444,0.04189097029356359,0.8132819455180667,0.7029791043071795,0.96875,success,
PAT_988_1858_944.png,0.6477163608612502,0.5796428959776566,0.7049223811615385,0.01311840430495864,0.14975247408105652,0.06996279609606926,0.012689058307105728,0.13952399872425922,0.07178809430213973,0.01986753472952224,0.01120553454781581,0.027885234200763054,0.8308392414864152,0.7472627551952352,0.9375,success,
PAT_1624_2807_679.png,0.6731497380461655,0.25125802741442466,0.5569016516476806,0.03683133421947647,0.09431381876657632,0.05091796926372265,0.03530418118157904,0.08822941193963098,0.04773522084094662,0.05337336670908594,0.001203601073799021,0.011106265967408824,0.8668753323578559,0.8131889747105238,0.986046511627907,success,
PAT_1264_907_674.png,0.6090099805981043,0.3052443203365712,0.5088633760230016,0.009357948834504533,0.07198677024486941,0.04310283661591654,0.009191453649192256,0.07350296461855531,0.04194261531214368,0.032828253153003965,0.1559979826663154,0.0850644562540851,0.8853855080736579,0.8622986877981361,1.0,success,
PAT_1882_3718_982.png,0.5345361011031127,0.19507808750434433,0.4483673615746589,0.03339711190304037,0.06257684780563028,0.04894451020769211,0.029169407952527312,0.0592515310703519,0.05000342374682675,0.03984214040484725,0.04188482144741934,0.1307092027593914,0.8815449453223176,0.8649354938846912,1.0,success,
PAT_1300_1056_532.png,0.673244286337602,0.25126159605564663,0.6515479914110235,0.035257287856001046,0.07308752367460886,0.07416439499472877,0.026238574151672116,0.07248268861800214,0.0827610593953034,0.008096880341071571,0.06912764780178887,0.021856684414852223,0.5763285779228207,0.4933446753321551,1.0,success,
PAT_897_1704_988.png,0.5965053647072749,0.17477244132838507,0.5906862250799282,0.02136586483316248,0.010942063411335676,0.09902559287794549,0.01925933428597143,0.007839257294605405,0.09870121958529875,0.004403831318349679,0.0016437152357634544,0.03265988637185613,0.5023436462385974,0.41780999831798193,0.84375,success,
PAT_72_110_944.png,0.6093205589158258,0.16855883815617664,0.675948545700662,0.018554530638085598,0.010952473013263462,0.014827624810817437,0.017402735096274713,0.00863298426439945,0.014253993254822996,0.06320973543956178,0.03136046867181233,0.015323415527196627,0.714645487962227,0.6227137627925318,0.9478260869565217,success,
PAT_1396_1360_4.png,0.5759651212935176,0.3574309169901941,0.6158156406738329,0.011542135447060281,0.05549281610539248,0.06354163294208506,0.010142190100327292,0.053549794426476206,0.057342236139880244,0.008162656882214018,0.09087037918370616,0.024681072992907227,0.9053696531351121,0.8525654663930118,1.0,success,
PAT_321_682_236.png,0.5956234875311723,0.3748517033322961,0.43085275231961234,0.044754394832535745,0.15882828353432202,0.07217574315333906,0.03658470342186727,0.14178923136288824,0.06675566679992849,0.03878013819503686,0.07351214171968545,0.058887441752285774,0.8990042454779152,0.8728910758323531,0.9739130434782609,success,
PAT_1259_892_793.png,0.638813517947851,0.1743333938392413,0.7247273501634052,0.020927006267756013,0.02130611162105406,0.0363924899503404,0.022372459514670914,0.02261630299732428,0.03373278205026379,0.0006455217118602579,0.01904547221898026,0.013390944633451252,0.6919272947739679,0.7023558048927869,0.9104477611940298,success,
PAT_200_304_139.png,0.6019803629044826,0.64260055530101,0.3493128247903915,0.01233371527814948,0.1309685120159117,0.0768679549715576,0.009437793751079438,0.11004287770694827,0.06632584566779645,0.0023937924832492757,0.008527465233307496,0.09145083311273877,0.8111778828180631,0.5412356342479976,1.0,success,
PAT_601_1147_889.png,0.6286955311604989,0.4853685271420479,0.586288227634635,0.012028469985655361,0.0968027555943638,0.07275644126104168,0.008261951349361737,0.07922449319082266,0.057456094437291154,0.0053130992466122965,0.0013615050170611709,0.06739632957157093,0.7480396178551669,0.27312246372751636,1.0,success,
PAT_1950_3932_655.png,0.6448231296901467,0.1748144217300893,0.7205037335050108,0.02188038937618372,0.012362157856888803,0.06779112348009875,0.011854921197279582,0.0073748266777427405,0.06708344811264046,0.00044008935986307544,0.0024582470222442032,0.0005384087890005773,0.8559616259237515,0.7411850761317437,0.777292576419214,success,
PAT_934_1777_423.png,0.6509700361835247,0.18056268730716638,0.6205590240605825,0.017609385350157474,0.01520812230511977,0.03266534119756478,0.015250231433170593,0.015874752751280852,0.030828496324106176,0.008476424757353919,0.0136347421175943,0.012763038434507878,0.5415875886838962,0.5223185453837865,0.91015625,success,
PAT_898_1706_496.png,0.6461082298275659,0.5547564860058656,0.6187097477906094,0.008406276760087225,0.08828522855370335,0.10680784113597452,0.007372788970261681,0.09761117111428115,0.10983651236463536,0.005809562278073028,0.23978965645496064,0.19326485556490092,0.7590273180634626,0.48766483433641067,0.7487179487179487,success,
PAT_1631_2837_667.png,0.6567784827340848,0.3009505352804603,0.8058982035032732,0.014469165142153812,0.046608044359043116,0.03521067816419617,0.014390118477876664,0.04399459381638021,0.027337691190318016,0.02268033993956343,0.05963588997617203,0.028400326820201438,0.423119444511472,0.4177426624506781,0.90234375,success,
PAT_1267_912_371.png,0.5899669375065709,0.18117074848629508,0.9380893215826648,0.01390967935040949,0.01530234486530509,0.02008535456391807,0.012203777841756885,0.012650688866966688,0.018872957721248727,0.004445214879865568,0.002457755407116985,0.01044239712629813,0.9024885785020733,0.8284727212084763,1.0,success,
PAT_616_1169_3.png,0.5888476494030854,0.39870758556988195,0.26427500200551757,0.012491758890007556,0.08023202756154878,0.05684464985344495,0.007297808566575487,0.07226808628011953,0.05601602865157284,0.0009965923436722967,0.07368079821897533,0.18971170818224886,0.9038463898082891,0.8605046138733259,1.0,success,
PAT_1582_2574_905.png,0.6351821107815292,0.30057956367402194,0.35864073914643807,0.018757730902426387,0.10488251245817297,0.10062754411194191,0.014985066571553293,0.09665279254986127,0.1049745418702098,0.0020355349212776573,0.06417348531189543,0.29845110102605704,0.7651641120751527,0.7983882349344915,1.0,success,
PAT_324_1464_266.png,0.6491890245077608,0.3499263808621755,0.6549875142175683,0.013764744206967787,0.06541596364401976,0.035172991224731345,0.012934083124855911,0.061154938209615775,0.030380715176087685,0.024701595796563443,0.03124738084936829,0.0034444346560373873,0.719574016326646,0.4678521250596499,0.8359375,success,
PAT_1064_273_980.png,0.78835089530438,0.17085806799784134,0.7361267878322221,0.29336469335851306,0.05331951130913117,0.1383137608662186,0.27982174543925226,0.04834646121671392,0.12469626245345487,0.08374143972942975,0.06851777704274963,0.08531448765806493,0.7664767764814427,0.7997435250730885,0.9489795918367347,success,
PAT_313_669_935.png,0.6469211937823233,0.27808263485965967,0.7909501238551221,0.019502943657936242,0.0819216417692855,0.05716618237747827,0.01627549375732302,0.07137432480549451,0.05182830746346314,0.011578443965649556,0.024066101890554525,0.007515030878406215,0.7279389274709782,0.5696726110588594,1.0,success,
PAT_1158_570_376.png,0.6270337969061421,0.17493304909732862,0.6877880665289898,0.016967096831214154,0.008802855651092317,0.033819704365281,0.016249614050789875,0.006964336455533264,0.03454888894492218,0.004500538173958151,0.00551135636960462,0.0016234741097436167,0.79649469010111,0.7617675747888002,0.963855421686747,success,
PAT_115_177_622.png,0.6246388774699555,0.4842030104246436,0.9642166857855182,0.06151208076273198,0.15840108029418337,0.04873666144061015,0.03316795250693317,0.14622759952355124,0.046063504704359666,0.009456064990317179,0.008823629823848544,0.0036605935704702164,0.7285605354069462,0.6751991324563416,0.95703125,success,
PAT_544_1028_226.png,0.624031981237161,0.4037574043180774,0.6343577282947704,0.009622171061414294,0.09556467316343753,0.04586520248544073,0.007098259136261159,0.08855640520078369,0.042382878340213544,0.013236033886226057,0.04203019193266572,0.006496908161825021,0.762704424130707,0.6382366904222427,1.0,success,
PAT_53_82_657.png,0.6553546601313707,0.15562403156919807,0.8413748754482765,0.048372510403788344,0.01348823259393523,0.11418208413813591,0.0459186613513641,0.011713662330788462,0.1103448880948251,0.008087806832607925,0.008853737282399216,0.03630074715281251,0.9329140219963534,0.846151075017467,1.0,success,
PAT_1547_1875_436.png,0.7901880327791937,0.21684185505417924,0.8821454120755424,0.026184324204850715,0.03749123298658109,0.04681370562876586,0.02428075512996136,0.03550652269644153,0.044527822465270664,0.0204713106058468,0.009820528595308853,0.011523832514723886,0.8128142599644922,0.8625818812874928,0.9823008849557522,success,
PAT_611_1158_156.png,0.6191290274528019,0.4741600620470685,0.3735543760149301,0.015705088101602597,0.07356101703089579,0.10315020388178107,0.012519692071332076,0.05582592767214065,0.10546036488984893,0.017698323385979837,0.09950348007791904,0.19293375587618306,0.8687980642917836,0.7355576704869451,0.9948717948717949,success,
PAT_185_285_97.png,0.6516242250783206,0.5101199222638291,0.7524740051202307,0.01282642929079574,0.09823681912087284,0.05408692390203401,0.010846876639283829,0.08698205166893795,0.04325511486851519,0.02488636555446872,0.0794774190201023,0.02498639035601513,0.8198223144620047,0.7453804877680039,0.9921875,success,
PAT_267_1258_693.png,0.6662071338078862,0.1340135858537576,0.5112843672841461,0.033661892223303,0.04050738074875361,0.06710452164315285,0.022334235620701633,0.03635170262547273,0.06223998046829213,0.011413386985650378,0.007416169934918976,0.1189740750118713,0.9359790567285073,0.8497608075874281,1.0,success,
PAT_112_171_863.png,0.716498097431352,0.17797199211684078,0.5828261881305064,0.0355026304692094,0.016202358290597255,0.03751695996155771,0.03629070456166693,0.014781846712816628,0.039801968377325594,0.031373846942222706,0.0029545958295716657,0.010908856434169167,0.8294875379335452,0.8106333852486999,0.98828125,success,
PAT_1480_1673_701.png,0.5950487861751951,0.26044447576140584,0.38356417359187445,0.022729732204236443,0.08806480663035977,0.09589591128604812,0.015147385719682369,0.0769125081184917,0.0883690276475617,0.01269174593107907,0.08598261235366178,0.09884210441542657,0.8558811671873736,0.827596039922612,0.9765625,success,
PAT_1494_1707_125.png,0.6216762957062922,0.3142727519574325,0.4841566975237793,0.012277650532091415,0.06644047811721941,0.08192642020915754,0.012034483440245937,0.060835634691562925,0.08718779116458651,0.031085573785364397,0.09992783643304612,0.19175197005546152,0.5249760604349345,0.38949642647967686,0.99609375,success,
PAT_1527_1794_662.png,0.6190500415510857,0.5310740332869284,0.5308631329607082,0.00941767805505278,0.07504074389940543,0.06735934090880517,0.008656924444739514,0.05904433189388953,0.05784386166336904,0.0014271158675351594,0.030347702816147293,0.14213715733037458,0.8086921533830971,0.827740369259346,0.98046875,success,
PAT_1946_3924_627.png,0.6023738173721908,0.4779771020439977,0.7792128978572002,0.004634390220105521,0.08329394530411345,0.05853927947744688,0.004191269787376179,0.08390177685942192,0.05618407151371048,0.01225943421337874,0.1262426279529854,0.06536486336303371,0.8383360657713965,0.6764451518743126,1.0,success,
PAT_2162_4820_913.png,0.6433802109300012,0.6027750537886217,0.4896467270660441,0.014585515004886697,0.11691521654508501,0.07168151093631002,0.013083396776393775,0.1062200006503959,0.06842174691297208,0.02024187663110592,0.23610174039546789,0.17583516060427823,0.8355814773857795,0.73828965726225,0.9727272727272728,success,
PAT_229_349_256.png,0.6647499212006044,0.6263721772992262,0.7067436589115484,0.008869129274504563,0.11490936585318319,0.06254287982537739,0.007517208777332687,0.10313391936216502,0.05385256568560712,0.006354501833661175,0.11910367399473865,0.03865835664327677,0.8121681195558297,0.7031960729761203,1.0,success,
PAT_338_710_93.png,0.752829928798444,0.16207723410018962,0.7236090069662523,0.04348163933787312,0.02896898377232779,0.04968789502103982,0.038142451963896935,0.031474938210292985,0.04721288386862294,0.08958451291401369,0.05687744012605295,0.024643461253280874,0.8266326884404688,0.7148223045633859,0.9632352941176471,success,
PAT_830_1564_54.png,0.6686517375760628,0.48394848488119785,0.6496273826102289,0.010776654608053573,0.09601176728589138,0.13598746499225092,0.009028632031660211,0.09151002191265294,0.14059915859233307,0.009103655394064072,0.08955194930819166,0.09306504243513736,0.5679261233524906,0.4489655672616606,0.9158878504672897,success,
PAT_1374_1286_494.png,0.6740006778509045,0.16924627731203637,0.6290980703516024,0.04084265192497813,0.0491750425000849,0.07365371312033937,0.036605358416307035,0.043881104189090005,0.0685346407116123,0.01728747782694329,0.042586359042625366,0.02202666252433949,0.8151014061526574,0.8000359738008572,1.0,success,
PAT_1572_2496_418.png,0.6649364867707768,0.1415067837683486,0.88249198656109,0.03648298455486934,0.049027467317293925,0.07255384701818084,0.03502932902582838,0.047913368810089584,0.06978740867132721,0.04928972766939231,0.013738866412723677,0.04499958796610193,0.6441413479582041,0.34763936170876486,0.8907563025210085,success,
PAT_1404_1393_369.png,0.6038864755704014,0.1727598859582955,0.49749832730310123,0.03346897535639919,0.09733149309221656,0.0426277950049289,0.020590397022393205,0.09359548775347978,0.04078053022300618,0.00666721641219365,0.02512091305724143,0.11321212842979106,0.9550675474458787,0.8615236952014144,1.0,success,
PAT_707_1327_245.png,0.6405846113072677,0.5329813445969729,0.7343810174545002,0.007400094888543129,0.1175030752998208,0.08907992378295876,0.0057442361479719175,0.10850684967203915,0.0721625763745494,0.010053006551681579,0.07841433036058854,0.0002800997976006858,0.8831742271494527,0.879548775204174,1.0,success,
PAT_639_1208_986.png,0.6159803874216342,0.17277437079919541,0.697238221393645,0.054392348399871386,0.052335514536480734,0.0501426607341462,0.06043479493122928,0.04460516144733848,0.03534448793950842,0.0296784969470737,0.025239305697453224,0.013480103579799563,0.610218229867634,0.46839509811354385,1.0,success,
PAT_271_418_92.png,0.6449699590736901,0.4737123827813758,0.7400012097919438,0.01940409281311468,0.12432795433731993,0.08587652521736566,0.017047669927426862,0.1160297838431833,0.07905079525584376,0.01676094484924838,0.09074064028191103,0.06513821273447018,0.9066633117115408,0.8454876728489372,0.984375,success,
PAT_1376_1297_686.png,0.6109638070589496,0.28550335824810047,0.5867633309717222,0.027572005350267305,0.08623614326645009,0.04198894605839609,0.02197386770689022,0.08084071584556606,0.03607446543455645,0.009421396790157388,0.009259293402757107,0.008637948630155545,0.7435444738294605,0.8308356085885872,0.99609375,success,
PAT_566_178_625.png,0.6413918195584857,0.4233303395741697,0.5553167371607394,0.016213982684997345,0.04715721732543783,0.04895509004899614,0.015487838798043519,0.04262455975570505,0.045952112540561814,0.024439145847384935,0.02408666866038589,0.019232397586868344,0.8376517484577929,0.8514555428629377,0.9813084112149533,success,
PAT_309_662_76.png,0.6242076487824412,0.7536081635184051,0.6431521112859427,0.017214096215352786,0.1577614121936273,0.07750305365119978,0.014588555088134322,0.14342192029461653,0.060913235415332195,0.006364265922205053,0.21370450741894242,0.03919270487783255,0.6384084015686956,0.48523825675328647,0.91015625,success,
PAT_572_1086_130.png,0.67612764791783,0.3173483477543989,0.4323452084538683,0.04309931250330422,0.09591975938186029,0.0662666644470667,0.03496232397554191,0.087006450386175,0.057898260724284466,0.03035977923347267,0.011363512993393776,0.057540664064958835,0.6880510707849481,0.5191171366800391,0.953125,success,
PAT_459_892_804.png,0.6899140708656841,0.4389658231496142,0.5639982891492745,0.014339919120035563,0.15270675312853693,0.08908753779466141,0.01186254195965705,0.1321241617600563,0.07780872425142657,0.01657979373781681,0.0810472282762772,0.08110327699076658,0.7305043812631902,0.5851856138478743,0.94921875,success,
PAT_386_1554_280.png,0.6649359788444298,0.3527839939769822,0.6057783938918246,0.017434667259647728,0.06766572822288729,0.05441485616827793,0.01365597621500829,0.059734106133846804,0.04954702647394436,0.021236604684926164,0.049633928350614975,0.0016478229125287402,0.6514512508039865,0.2521940558418272,1.0,success,
PAT_330_697_575.png,0.6525341926686312,0.5839965346193835,0.5763832501913346,0.010433096483675273,0.12531284238106435,0.06956263831131435,0.009461951144253463,0.10917007891759493,0.05820257636180472,0.018451848693202936,0.01656214535562106,0.01793300861192837,0.7689596620994412,0.581099502569317,0.9765625,success,
PAT_1918_3837_15.png,0.6472169889415889,0.21466852704081113,0.627905612166574,0.017959555690149488,0.061395541663144586,0.06318960715312565,0.010213094207927209,0.05101021821642869,0.054703024086735844,0.015509693999715463,0.02083563965034818,0.014333447942330046,0.5634719661436693,0.3903455249974314,0.96875,success,
PAT_262_402_14.png,0.9210548908387417,0.1133238645036642,0.5223281690898438,0.38037201653776065,0.06668073130113158,0.08321758070078425,0.349599414345606,0.05413924006432305,0.0734632332458774,0.333474718836119,0.014952968127902797,0.033480980732539356,0.816751448187409,0.7568142961686387,0.9803921568627451,success,
PAT_1075_324_177.png,0.5919266367223339,0.15327844229613852,0.6160563111038286,0.011666982510695117,0.031825489196155216,0.029727169742489904,0.01072059016738669,0.03140689087339406,0.026121561925723152,0.01739051632501685,0.001986680956409498,0.04412209502257036,0.6966501213565697,0.8389846520997218,1.0,success,
PAT_918_1742_629.png,0.6392556254814862,0.47930689776812835,0.3992858940576076,0.03722569128841977,0.1336445536908154,0.14214273866302576,0.029558748310450658,0.09598647154084507,0.12829519632005376,0.00350838717222004,0.006539144812665931,0.08243503311166306,0.6981810549390823,0.3641795201663914,0.953125,success,
PAT_1866_3659_398.png,0.654131562610668,0.3611013488545417,0.620367480095651,0.022864358374094042,0.05208625830974692,0.030406655195904565,0.0250828526308863,0.045821067211317325,0.026095996724784916,0.030087191307248337,0.0475080210242147,0.00501724982640972,0.8515884054170091,0.790786109371805,0.9956331877729258,success,
PAT_460_893_883.png,0.6131082978819844,0.13263590352002536,0.9824154775815921,0.041728230976352705,0.02250862966179465,0.02417127512469338,0.03633074445561076,0.020263140155643174,0.021631645035564404,0.01596752265777389,0.018351591937959988,0.004938952625782811,0.6227493845964056,0.31971444280398265,0.8901960784313725,success,
PAT_304_653_446.png,0.6529148236319549,0.47729945648497685,0.6876225238216189,0.016819140444117118,0.08218505295486592,0.045666146240044045,0.016660724814154454,0.07745452809479801,0.03800062971986269,0.021062776433213692,0.001867292901942763,0.02372181609118662,0.8043147950154134,0.5387556928900844,0.98828125,success,
PAT_851_1623_506.png,0.6362406439379859,0.16465916507962053,0.6918870649034807,0.03031946978000335,0.020989986405193294,0.04238313562108182,0.028299444118178977,0.01318458506976048,0.03996421703180938,0.010822630891086425,0.002458363662522084,0.005667807604002206,0.496064498820336,0.4058800160046814,0.96875,success,
PAT_359_741_973.png,0.6365433210350538,0.41326526958160303,0.6252948461959252,0.007669105976745172,0.05629912938839252,0.04771455227644237,0.007091133148896021,0.05278801986472521,0.04197921633331889,0.008874640612436084,0.024220550306486344,0.020256454366989418,0.7426360808741379,0.5771593781399712,0.8973214285714286,success,
PAT_1754_3306_816.png,0.6373405729340079,0.31138677613838855,0.5424796886854107,0.018568323572079954,0.10917522876884653,0.07171315920407799,0.021285266899984084,0.11130995912780933,0.0714143529544379,0.01836088505873753,0.17709756473779406,0.08687310506366785,0.5173694929044443,0.35297727887173475,0.90625,success,
PAT_281_432_813.png,0.7055233193684848,0.34806730128970575,0.5533068886400657,0.1049855607711996,0.15626293529964458,0.08620440621556953,0.11713489462267887,0.15883604830505446,0.08564360768699293,0.006454626106477059,0.031196362358345497,0.02607873773752245,0.8567734093703409,0.7440916505390958,0.9609375,success,
PAT_20_29_850.png,0.6219133494865522,0.44494944675436804,0.5117446468738133,0.01288153108375823,0.03982003069482143,0.052417165335060016,0.012833889892319017,0.037499254104666147,0.05017231243717772,0.026023149825476346,0.06597112225748697,0.04323799456181332,0.689932106148127,0.5781163044025015,0.96484375,success,
PAT_479_917_41.png,0.670727427377429,0.3653393559518615,0.7470486485001819,0.04357720519061597,0.16212024964140842,0.09466169376516992,0.017407178503325352,0.13941813520361568,0.07371385562999339,0.029015015371265995,0.025796179495829796,0.02550893270568344,0.770508021424235,0.5540706355802583,0.8901960784313725,success,
PAT_904_1739_546.png,0.6755222629607754,0.15503558283672458,0.6248468416876942,0.07111255183319098,0.042273334235768054,0.042352468176246605,0.04162777182534847,0.040884984995812064,0.03981919313635132,0.006745618345595498,0.05388954671761273,0.056042172539214286,0.7873518722588272,0.7414779966835251,0.9296875,success,
PAT_1620_2779_319.png,0.6118964903037631,0.1588313966134011,0.7320597722213738,0.08409765065343235,0.05752578778663162,0.038096699810151194,0.03320718226432663,0.052411501000835053,0.030752953650749176,0.028916702462736293,0.000835888408440788,0.0026001348567635807,0.8384508899268825,0.818891591560003,1.0,success,
PAT_206_312_595.png,0.6542676006109139,0.19653094090869422,0.5195445850360713,0.06270331882539802,0.08716857967634818,0.05601895951724628,0.046470218739024724,0.07301964574963654,0.038944553131373134,0.01486904535163439,0.016629886474689076,0.020919912525149242,0.6814726181913675,0.46024360490061406,0.9765625,success,
PAT_290_445_686.png,0.6986856469138987,0.2819019387034093,0.5214720234940823,0.04260683298871818,0.09781437342769932,0.10344186504101617,0.04129264468709148,0.09535407995877453,0.10612411633676987,0.002361703733780571,0.11188478733789672,0.16860719947995184,0.892329769162963,0.8586180488968479,1.0,success,
PAT_154_237_2.png,0.6373825294828023,0.16101648477822594,0.9839079804444192,0.006055731777773148,0.02002097444250473,0.019484309198345325,0.003412144941882515,0.019862828728750496,0.019780711694232903,0.0016204590561524727,0.006929358003874508,0.000511920111328501,0.841929463817875,0.7743802211948373,0.95703125,success,
PAT_523_988_851.png,0.6079626435030671,0.3566170630285474,0.6529139217243689,0.010708529347453134,0.03988544597510852,0.044398506804062446,0.008994517105243618,0.037738089965011254,0.04031859148728308,0.007260760516030649,0.004974645339124006,0.00038197902870884537,0.8582031441426095,0.7962232426817187,0.9838709677419355,success,
PAT_70_107_591.png,0.03807983021401899,0.1266545963506555,0.3400269655995994,0.2789032923468112,0.06895901484053862,0.0868616343679252,0.2967451223069958,0.055312005671638825,0.09022574848338921,0.46998525661779483,0.04469851069058503,0.2113289574147677,0.714788947482458,0.27421141035650637,0.95625,success,
PAT_155_238_413.png,0.6627244519654738,0.48329752946075194,0.6923382594275127,0.014671444785667578,0.13947142741331456,0.19389995224908324,0.011560322037931888,0.13266384837194667,0.1910596778029029,0.019977358158525978,0.042599196651692484,0.013480132100221365,0.49892042931116576,0.5302762930863839,1.0,success,
PAT_2109_4598_112.png,0.5580370958153037,0.22513697410019962,0.3277039794493067,0.04441792855408618,0.09212666256800597,0.06103464355099831,0.038872625963671414,0.08256642878676342,0.06418380435367294,0.06442429585453356,0.10347273930635295,0.13285938125996638,0.9309546109360559,0.8225440277977776,0.984375,success,
PAT_892_1691_881.png,0.6309719685451158,0.740230964584588,0.5519458331052046,0.010297821041825457,0.05806068619378198,0.11452157925335299,0.009870696328142891,0.039069674656155795,0.11431815116968938,0.020749081233931578,0.047253210322930395,0.17953062137960063,0.6760023190102877,0.6003703797888115,0.953125,success,
PAT_135_202_695.png,0.7131577660048941,0.3443929548563611,0.48335556315549477,0.032531236962688906,0.11126636476529966,0.1111405206716578,0.028074551401140815,0.09773967539670789,0.10115458328324486,0.05544190370617833,0.11392118786333688,0.07105466212797884,0.7691107099830685,0.8012446804995776,1.0,success,
PAT_311_667_416.png,0.746159304137688,0.26495590602653274,0.45923361711096655,0.049178343692802357,0.06766969438921086,0.03677282251903584,0.04642990036884734,0.06743103951180587,0.0357730234418013,0.014892959600299112,0.06503032090378397,0.005693363290730669,0.7131103168148505,0.714794919788317,0.9454545454545454,success,
PAT_147_219_206.png,0.6310175744718178,0.48266053123157404,0.8650731628813451,0.012997222117008378,0.15128944172882364,0.029107563885155202,0.01282412922139463,0.14527975183170982,0.02379867402488027,0.01675936013807555,0.127396677665973,0.016467388253102122,0.8518855576193757,0.6953973591892092,0.97265625,success,
PAT_885_1687_823.png,0.6477414158358968,0.42825686284664577,0.670801586987273,0.011021389027349763,0.11932048531337042,0.06660021148757382,0.009795784732101053,0.10539124637676835,0.05699042828648362,0.01287764698581297,0.012152902627474427,0.016909737055317398,0.7285425269759496,0.5412410498798428,0.91015625,success,
PAT_1942_3918_497.png,0.6155412538453602,0.5272956159135436,0.5949726095432948,0.006867468263824926,0.059108139924630224,0.0703795494498989,0.00668292120796104,0.05771903210826651,0.07044933465537738,0.010128108226311699,0.11421032813335041,0.10684612014396977,0.7682405217184745,0.8250431055342871,1.0,success,
PAT_734_1390_631.png,0.6580147032690212,0.5260450079559519,0.6612473585398092,0.007860642792609356,0.1021052065196233,0.12419624938666121,0.007365090812453756,0.09784493663564829,0.12524921301755512,0.009398996327550908,0.05319315936510716,0.00880245482682196,0.8696744366064273,0.676646730647898,0.994413407821229,success,
PAT_10_18_830.png,0.6218843118742472,0.26424950148707255,0.8237883795192363,0.014252362976675719,0.0861221587489958,0.055243887102918526,0.013019192965664061,0.08242538073076248,0.05136431152949922,0.027487025221294363,0.09351985740793414,0.04261440825395402,0.8879085164129412,0.7150877203392263,0.9739130434782609,success,
PAT_877_4672_612.png,0.632574184523464,0.49228997040829636,0.9317230501508397,0.012794680843936042,0.07551876289953814,0.04375069882923627,0.010773952370754802,0.07289370854454752,0.03950681850546963,0.001989135407269771,0.05486567680142118,0.023057540338535132,0.8193083094760171,0.8021404649511013,0.9541666666666667,success,
PAT_1026_124_346.png,0.6894162460510974,0.4153616216804743,0.829541427878572,0.003757399236766535,0.03350675696214143,0.03733523197644279,0.0032738100625841577,0.030540769499318433,0.03079743902263881,0.0005393539708626192,0.004503196236862739,0.006274583343781837,0.8521906853230727,0.8708848249262219,1.0,success,
PAT_728_1381_63.png,0.6480347531769113,0.171083795767688,0.9808596815193846,0.02097476679411383,0.010891307148806146,0.0248775348029702,0.019125778110968533,0.009528564553748278,0.024261827438275332,0.006509239706109642,0.0018791737135766262,0.00105314009109303,0.5063372162535109,0.1784145206815864,0.90625,success,
PAT_271_418_14.png,0.744732772117322,0.13685437179629015,0.70515088212517,0.13080202363405175,0.04511698049417942,0.06414587745286525,0.10155471754220742,0.038654138516966495,0.06483902828102302,0.0648444893624936,0.01833322048200048,0.10269433300305808,0.8243638588793554,0.7809653996431216,1.0,success,
PAT_208_314_741.png,0.6520887435945952,0.2817556681991434,0.5562255553623262,0.016609379083904828,0.09337454636054274,0.06937531108077313,0.01563051132525907,0.09126914336491936,0.06727291652658411,0.02538690661557415,0.10251853993194776,0.033749005618476824,0.8935612335743837,0.7857614542454995,0.99609375,success,
PAT_2097_4557_241.png,0.656638608315009,0.3505008311593349,0.19377715362523856,0.018895074146623815,0.10526192957530953,0.04335259871522936,0.013021888352823542,0.09888375408901005,0.04458234930088686,0.017232490717773805,0.08224426687988079,0.12751210544121988,0.9163473511574922,0.885684957542966,1.0,success,
PAT_420_834_450.png,0.6426900901659349,0.24940625840013916,0.598840513388601,0.06500155793762283,0.13028549571745063,0.17809213474882132,0.0432978834644637,0.12083806983543414,0.17516436547445807,0.00863390425785937,0.009575298939602656,0.11427955065624712,0.8161043094393656,0.8490419420182045,1.0,success,
PAT_1277_964_77.png,0.6222107770536931,0.09239460536514066,0.6474684544989056,0.15739995015563657,0.06104761271947141,0.06494566206476711,0.11895073017770433,0.059884290822662285,0.05585624179990495,0.01583748519065485,0.02572007141652391,0.023016423177856016,0.7470122510589391,0.646832731610991,0.9140625,success,
PAT_505_3200_856.png,0.6479727059953626,0.2461082455856711,0.6499180326443903,0.04100467823026854,0.10112155153357896,0.046380327463152224,0.03127535807120529,0.09357751721293255,0.03576791155495704,0.030608131516297415,0.02967841477553171,0.007576842559732233,0.7679774174986344,0.7426800629079615,1.0,success,
PAT_826_1615_908.png,0.6539058933987639,0.4720031505202504,0.6735109231853418,0.010877306864805415,0.07785392980458493,0.0803503888767626,0.009785464773752393,0.0707763490527777,0.09179211062280139,0.001941614165685558,0.07100019363873145,0.03238081668129167,0.5445503628483378,0.23941140823472687,0.8984375,success,
PAT_998_17_641.png,0.6191409252452499,0.44729578050301394,0.7238411972562877,0.01030435303409608,0.05727372309388807,0.05916490294398561,0.008763989787849775,0.05010056330530444,0.052733083741447924,0.0018178368712710045,0.09294945885414979,0.10068164512874811,0.8032962099338247,0.7864576528970664,1.0,success,
PAT_809_1527_902.png,0.6386183219910341,0.2995276942893946,0.5788161206947356,0.07668846296128186,0.14269801390819323,0.07540686846422986,0.04913789745097562,0.13916105540791296,0.07290390007187927,0.10504578119507657,0.1056222690295589,0.043679389997978046,0.7014471571121816,0.783983253053321,0.9838709677419355,success,
PAT_205_311_255.png,0.6510792073253459,0.29104677432850806,0.6747496722728921,0.011742548466186607,0.07205397502594241,0.03898809080017274,0.009115533366251512,0.07006911597395972,0.03645181578420974,0.0194878686916362,0.07779211076095338,0.01672476018039548,0.7895967182457093,0.7812056412638773,1.0,success,
PAT_1568_2454_468.png,0.6360046969618386,0.3940075681255972,0.6776297857147783,0.0076606709363608435,0.08272056141870603,0.07084653726168429,0.007733239555759228,0.08733501820232976,0.069975749139253,0.010803529275056591,0.13905283378728833,0.014651797264041977,0.725624866010357,0.7748212687306458,1.0,success,
PAT_85_129_980.png,0.5884667243650007,0.5853548270428066,0.7888850138210752,0.019412585764515333,0.09845781163751215,0.1245823597238052,0.018949532400499364,0.09072842278461887,0.11798852695795413,0.004224304474233836,0.07102380051454826,0.12250163234065747,0.7276565642748216,0.7663178499552649,0.9,success,
PAT_1722_3214_672.png,0.6089347458864693,0.12171341265883397,0.6079554706058228,0.048159229474819834,0.04049165703767401,0.05767619480370661,0.02984851968858612,0.035756182877973254,0.05945866334475725,0.037274852427630775,0.005516297532017517,0.013854267681626675,0.6604556707654998,0.6513155740445556,0.80859375,success,
PAT_1021_112_40.png,0.6316396628669858,0.46400166924588343,0.7320941501046176,0.007674159023262415,0.027476773572695054,0.036008060177384525,0.007327964283086728,0.025827815994971505,0.0359991549625609,0.009826345672992984,0.03815918501292642,0.029257261625718733,0.7321224132818336,0.6558266991527135,0.9743589743589743,success,
PAT_363_745_516.png,0.6824911875501073,0.1866194301214821,0.6856922375390228,0.011240214508119586,0.007709453071367151,0.04175987459109336,0.009904505405189584,0.005377627330005899,0.03913477065659838,0.00032970339581387027,0.01034469058301879,0.035387839271221244,0.6486375097024917,0.5099894845244145,0.9503105590062112,success,
PAT_178_276_465.png,0.7301352383376525,0.35645800825686824,0.5582330514968458,0.03134993531920674,0.085418951330771,0.046420610106564036,0.029444004272628773,0.07936086797771917,0.04145424931304754,0.03836012929733662,0.07503821909898056,0.012626245708249217,0.7161118125942703,0.6203970969732284,1.0,success,
PAT_2142_4733_13.png,0.6359469085187477,0.5462702418350281,0.6672637852913882,0.010952790826017496,0.10004632845979959,0.10317871495354576,0.009660935647743773,0.08793396783575605,0.09469879385631128,0.014793275607217755,0.08944596535161703,0.1192186780379868,0.5839267898110467,0.6564198513738748,0.9791666666666666,success,
PAT_1582_2574_989.png,0.6152643884953771,0.488182638784414,0.4785935175434197,0.006568628970632914,0.06392794381697965,0.12190262273994378,0.005143136267083838,0.05709404102768311,0.12136340680048655,0.005820520429831709,0.022320991439996052,0.24471366604917977,0.5378590838457188,0.624589305971643,0.975,success,
PAT_563_1070_63.png,0.6925050635021945,0.4035213548082212,0.49677334386935335,0.03843982941782451,0.14883171131760414,0.1324825209935167,0.027592609780071147,0.1225807652578967,0.11525799958161682,0.006221773527437493,0.13580113239089608,0.13322769128367684,0.593777841222183,0.23191180203909023,1.0,success,
PAT_423_839_596.png,0.6509423373890534,0.3679724147053736,0.7900767727952623,0.009902380206657528,0.06426712492469473,0.06767721110293708,0.007417238914977905,0.05514737106934889,0.05650238231764529,0.01098861237201842,0.08908437634021105,0.027641599171475684,0.590375901739281,0.42894662802843697,0.7650273224043715,success,
PAT_1064_272_668.png,0.21813599226191333,0.08719233778711012,0.3884333864881194,0.22143577570655834,0.04564558222499876,0.08673437191502477,0.23568255933561283,0.03820829650078512,0.08501460330904774,0.29877904785342013,0.025184158526872627,0.17487044262860318,0.8275398183969151,0.795567012401376,0.956989247311828,success,
PAT_742_1470_425.png,0.6356276134589104,0.2050276011025528,0.5590282075563144,0.05862238959643748,0.08766104707141827,0.07351249800539142,0.05297072300738376,0.07136883265890422,0.0710376581369762,0.0423453877256307,0.020666262358943144,0.006337088838839211,0.4634642263796156,0.5745667557569529,0.9765625,success,
PAT_1071_312_841.png,0.6036015930887403,0.36354396637720976,0.4338640043173233,0.007748529843121041,0.046283272437027415,0.05014963270619103,0.006544048610446906,0.039383017030563,0.04937580563343951,0.006795804717146344,0.048958054069964174,0.11283261665374633,0.6860386858537266,0.664281003171813,0.9719626168224299,success,
PAT_433_2650_417.png,0.5928245741189185,0.7068715465165702,0.6301847152991552,0.004482669320723256,0.08355446649114756,0.0919649514017276,0.0037604658083165697,0.07271320892368024,0.08813198374803714,0.007103506561860703,0.09977595482041712,0.16731128394776185,0.8655686831090057,0.8562445176489963,0.9705882352941176,success,
PAT_980_1851_351.png,0.6312762357215581,0.6323442686683215,0.3978699522513632,0.011997901725985582,0.09845261067652504,0.13046899877158358,0.010946164067140513,0.0852147402327198,0.13936966480568444,0.0032814467136886728,0.0009304777679142173,0.05928572733216392,0.6313135620391152,0.5256765321864716,0.98046875,success,
PAT_513_964_447.png,0.7676515622467656,0.26440619621342515,0.45739421551753234,0.09698067484882134,0.08806719079526253,0.10251610298457106,0.06452461541796489,0.07523452359580769,0.08972061784437309,0.058308211578137224,0.03183323486382031,0.010470092444205215,0.8134306871796997,0.7859314568065684,1.0,success,
PAT_1707_3146_743.png,0.659383759216397,0.1742290153139244,0.7910334978283085,0.013953684458197366,0.011747230761912352,0.02145301753773951,0.01227072573350497,0.00979523753456607,0.019982638948432215,0.004694754465980821,0.002181481980925354,0.0015866518621244774,0.7120969802633959,0.7129582341304594,0.9296875,success,
PAT_262_402_265.png,0.6878887587469407,0.18482240833757846,0.6227755776240409,0.0820149108208205,0.09049709582551536,0.11910165965868653,0.04410706622748183,0.07870627939261318,0.11402196980235872,0.05533131024803326,0.054345645779544205,0.11386229125205871,0.7491372598595267,0.7186016127462228,1.0,success,
PAT_718_1358_919.png,0.6710413446356558,0.2764000178659163,0.6509585326828038,0.014759879182551934,0.1520112452554586,0.07750504257868267,0.013079536392639262,0.12800696005352982,0.06604369322039962,0.024577609599032574,0.09319034781836344,0.06692645235766626,0.7316812333416223,0.5830661841036153,1.0,success,
PAT_758_1441_891.png,0.7022491933862187,0.1920845715369427,0.6364235530669978,0.041831822818134905,0.09069971098088374,0.04958257338565499,0.03571215146483923,0.08229968886442138,0.048177262795427146,0.05684079736726275,0.051968127506117956,0.04682293566394935,0.6983811787791606,0.5225448358012326,0.98046875,success,
PAT_1244_840_975.png,0.6321078943724164,0.3076405030097145,0.7003319625722629,0.031424764716040464,0.11706761800857872,0.062014261084796844,0.021446762963932827,0.1092761539275661,0.0559919166915461,0.020146690920669227,0.1352491185593846,0.041847572905884034,0.8347529007671293,0.8195956687173629,1.0,success,
PAT_1174_628_915.png,0.6919032565001835,0.1566161389161791,0.5456472020142156,0.03198783702140272,0.02059130860972853,0.017382911370170537,0.030377363313523902,0.01816342209657732,0.014539765001899956,0.04792987312164306,0.005566446690016297,0.002470541190495945,0.7944484878269464,0.805861012032125,1.0,success,
PAT_46_881_14.png,0.7231761661253852,0.15283877556881414,0.6972839080707347,0.05792093767560854,0.033482376554693716,0.026210924463493004,0.05305253849745221,0.03002354071391332,0.024868534600131997,0.056645822319322844,0.023462877217333145,0.016457720267843534,0.8005582791221217,0.7260925413658109,0.9375,success,
PAT_1306_1086_124.png,0.3606155993843498,0.15254833191496678,0.22300762479476666,0.19529723206106936,0.11972391559400306,0.09813493423659982,0.19211442840655896,0.11050305750522177,0.1118128362200445,0.20760017892306623,0.1957403034384189,0.2995315168064582,0.8714934141787849,0.8569543308800892,1.0,success,
PAT_83_126_513.png,0.6556382645498614,0.25437724030162806,0.4731889616102081,0.04531637727175664,0.18427828614096528,0.18699950560954748,0.03254137811343517,0.17939839179807124,0.18866128687237163,0.02792460750753776,0.024320464772682737,0.14864180018280043,0.8742394321763658,0.8386315050866469,1.0,success,
PAT_994_1866_730.png,0.7021839386498232,0.250077960077371,0.4853338831777077,0.03573407019687126,0.10200818975262846,0.04508728498908455,0.027846103282525302,0.09504455410412388,0.044481880299517794,0.050241423117163224,0.05841387638548573,0.008905848357456503,0.7504184411892909,0.6461165252223937,0.94921875,success,
PAT_132_198_114.png,0.6535035919958115,0.5359321812776981,0.8447388704955809,0.01639592335740681,0.12410308719388667,0.05720313394327488,0.014653163617249148,0.11370514226461463,0.054059433950611094,0.015646379115594775,0.09739047151055569,0.013161504191222306,0.6877601565907059,0.6254567956428579,0.9765625,success,
PAT_737_1394_308.png,0.6802219287713851,0.42408054027125264,0.537340911071048,0.02869536795277095,0.09947722511913411,0.05685662865513105,0.025156710780673493,0.08609281289473067,0.04274545150848246,0.009513904547705622,0.07348114384232052,0.027692151838357604,0.73373451738517,0.7411734892155589,0.9945945945945946,success,
PAT_45_65_551.png,0.6469701541573358,0.6381815050800758,0.48904250110583236,0.008219575695530609,0.08538751194198328,0.07769953563494982,0.0074893127459632345,0.07508415668057314,0.07620698188810791,0.011220797476907763,0.06439310986652513,0.06765880633674726,0.6894439925867207,0.7163931668908796,1.0,success,
PAT_1715_3184_989.png,0.6499718043412065,0.16713446887230213,0.5193194495616126,0.03716649055550866,0.07687882406723767,0.04407032779421505,0.03367580289161435,0.0753130929422963,0.0433719498134905,0.037651521371506486,0.07014968293439816,0.004705495295835971,0.8216024682784315,0.785044676189124,0.98046875,success,
PAT_141_209_438.png,0.6369768018264738,0.41941346382573824,0.8117918918000476,0.006234478770663996,0.04382835259918176,0.046581433589927904,0.004188125857771292,0.041303666899604984,0.04091010711971223,0.0019731280790000008,0.041493990692973715,0.04894153134020085,0.9044770522947705,0.8676671875107319,1.0,success,
PAT_964_1821_83.png,0.6092593030656364,0.326258310945827,0.689178136104631,0.016796095943834532,0.07614660820204859,0.05818938392222983,0.014551843939100483,0.06588095216906734,0.044998964527188955,0.004002058316691403,0.052421388728347784,0.02375143843873928,0.5959588906016687,0.6277857621770824,0.9591836734693877,success,
PAT_489_932_138.png,0.6621519112568137,0.7000563398163798,0.2786659739716583,0.030454217935308413,0.18201687762947866,0.11388525612742757,0.0172063836769191,0.13222109837711865,0.10364105977133932,0.02568665977570848,0.16317993029481603,0.20601274076636966,0.8334296803181305,0.7503425363290656,0.9881889763779528,success,
PAT_1022_114_756.png,0.6619068179767359,0.1986643218337908,0.6444137643881247,0.044911039435777164,0.06233780677824854,0.024903302650719154,0.03990813636421867,0.054801866511990906,0.01768822114950788,0.061282924712306494,0.006992299373282718,0.002347668254444102,0.7679051302931597,0.7292182986630075,0.881578947368421,success,
PAT_815_1534_411.png,0.6766026313247505,0.3835689205637946,0.7284619563261907,0.008387327645790912,0.08025228455010366,0.07628310950460214,0.007766256812314693,0.07819255312431299,0.0747571647945599,0.002880272885958372,0.04338986630674957,0.01063419646274022,0.7928139640827043,0.7758632559547376,1.0,success,
PAT_547_1033_445.png,0.6325746903917512,0.3390940939133306,0.4927018785761827,0.014083597401295226,0.054189556315662725,0.027728973259766743,0.012982451361547076,0.05392293521000483,0.026551428061221474,0.0050212626371771,0.05406128920444897,0.014496411829845901,0.6917398934519216,0.6076089038607809,0.94140625,success,
PAT_1913_3816_335.png,0.6488541308950101,0.4796480807306636,0.8174128717719444,0.009064972573016581,0.03952425767405176,0.04532291194000293,0.008900363451637673,0.0350827937427627,0.04084887335566297,0.016312497926042842,0.012564083699680484,0.01529856015362141,0.532994337452428,0.6775039955103693,0.8452380952380952,success,
PAT_1063_270_593.png,0.6166331300470709,0.46155119825708063,0.7795413943355121,0.013948609259504993,0.05580973490974729,0.04452182644483175,0.012639070829793686,0.050606521408031534,0.039732225222501125,0.019334074770718086,0.043127526454161624,0.03467592653133045,0.35924613127998367,0.5355080399831261,0.76,success,
PAT_319_678_357.png,0.6320355696598382,0.5086896915290542,0.6971326224600216,0.010661856062372998,0.1297135756352704,0.08776982333669024,0.008960896995325358,0.11348396044814131,0.07577483284449359,0.013233965682563565,0.040864729651137244,0.03356066035192484,0.7621894300459497,0.7252741613126288,1.0,success,
PAT_1822_3576_145.png,0.6137823428801613,0.3331988307239827,0.5069557365099158,0.02457857120475846,0.08151377309855604,0.04817858448278093,0.021657850504145464,0.07490376271149378,0.04034695202010269,0.02073211273211323,0.07982831821764785,0.008133369860042317,0.7424277117195679,0.7694609126884231,1.0,success,
PAT_978_1844_599.png,0.5546565733083236,0.31840595876994965,0.54773310847409,0.03162568282333774,0.11271323986618874,0.13890148223568494,0.03320802550338143,0.0997076249889938,0.12541334336636004,0.07550258080197807,0.06629198085047366,0.0010031937276219205,0.6306621734253288,0.3223580834557883,0.9908256880733946,success,
PAT_1614_2747_533.png,0.6825654384349161,0.38721557000452367,0.4645048624471562,0.042521463301226615,0.17730756091679156,0.06051663318119057,0.03714061687080893,0.17193476672703492,0.0547667232581382,0.04008741504686155,0.09488609803823655,0.03391672734491319,0.7537931350414402,0.804939849499147,0.9609375,success,
PAT_191_293_391.png,0.8572468316347555,0.17892046706322978,0.488238663608206,0.3309021843848961,0.13558493978699923,0.16518938725389581,0.34270492805180286,0.1004318062186396,0.13698516160429283,0.05652688550776364,0.0655473244966495,0.147673196556664,0.6206134143560506,0.5736337349172123,0.97265625,success,
PAT_1427_1485_119.png,0.6385037026006102,0.3141256243063263,0.5644555817610063,0.014221626730057528,0.06460222423998205,0.04101984737484383,0.012977092763471858,0.06379891277504605,0.038769258883496395,0.023655707025127665,0.005029439360592025,0.010226556028236744,0.5320062253920997,0.5734933052065968,0.9609375,success,
PAT_272_420_25.png,0.6125785930602483,0.34709868719463993,0.5631956248461051,0.06134265208079535,0.14806005291943097,0.10252720546394761,0.04788167593850726,0.10734992207675369,0.08584004888440393,0.009874470914276639,0.00026207298330882534,0.05321147501259449,0.8023140429037886,0.7510275573851094,0.98046875,success,
PAT_1673_3011_440.png,0.6120011399230729,0.44426941103482076,0.5271566281391578,0.008211273650403948,0.05661282973236837,0.04116177148444107,0.006369061396528696,0.0451780514850199,0.031092834481521944,0.004772330933706175,0.02869707124902887,0.017784498385746472,0.38321912533697067,0.43971915324410493,0.61328125,success,
PAT_154_236_800.png,0.6092222846621627,0.5377099751636657,0.5774259482508874,0.012546428687891992,0.07601631875711286,0.09509258730283772,0.010615981382826375,0.05875334447615552,0.08452743986264938,0.0011168550948118946,0.0015921435415550134,0.050044692143596525,0.801172884776784,0.8343570129045753,0.99609375,success,
PAT_1453_1565_529.png,0.6043569212070652,0.4511917785922817,0.42404434857197404,0.009710304479507515,0.09934812585736078,0.10092131913660607,0.006674302681178541,0.09012501329143055,0.10096425243415935,0.003946040405886622,0.048218509031025314,0.151050722895543,0.878399833700056,0.8695543372439304,1.0,success,
PAT_114_173_213.png,0.6421534970402891,0.49200758419911356,0.7698029310948626,0.01483875413220223,0.11834106395413338,0.09982673505323578,0.0112171188333998,0.10510636643658532,0.08460491717123313,0.009455620385928952,0.11638072495613488,0.10733386490869579,0.5373796671651865,0.5937128111535179,0.9261363636363636,success,
PAT_441_861_542.png,0.6521195392195539,0.42080236870979276,0.4665593456919253,0.01237019749595875,0.10076570968875974,0.07191580549385503,0.011078781735315187,0.0934441369200419,0.06714380059603019,0.010683365724894225,0.17508254624308026,0.10986039967699807,0.8293099608293573,0.6529680218864832,0.9529411764705882,success,
PAT_1899_3779_475.png,0.6711407030893176,0.19923144745363328,0.7404921857322315,0.034127422721437095,0.05678637555906399,0.0906374373635103,0.032956157244266725,0.054548162512835105,0.08849493353757043,0.016324841870188716,0.03147214558327824,0.046341834158698414,0.5475505995024119,0.6917986388669214,0.9174311926605505,success,
PAT_120_183_623.png,0.685542176375085,0.34849006765352486,0.6943336872849051,0.024756934921065638,0.11035005688847555,0.06739975657600264,0.02230682949035642,0.10063863647704242,0.05785923664767979,0.01974896551029559,0.008189819335595483,0.009626980640082161,0.900690232486099,0.8100337487348216,0.9765625,success,
PAT_228_348_2.png,0.7636091625934809,0.16382182669386489,0.5366152230899861,0.14472085135153484,0.10032010344256771,0.13127323126300006,0.08621056072275088,0.07192554892460057,0.11749959944670674,0.03197221958432013,0.08510200409064822,0.1380766649282944,0.7335122580223052,0.7913286072155822,0.9634146341463414,success,
PAT_711_1334_344.png,0.67143147224241,0.2826257497632326,0.5513906134904767,0.018877554897633417,0.04607789991948328,0.046056498217362955,0.021158468282766674,0.040126415225039194,0.04407050127068193,0.05432050694348366,0.06807874917284129,0.08156410369595601,0.7871626677079071,0.8136562781464552,1.0,success,
PAT_62_97_868.png,0.7180603839975607,0.15147744647218048,0.7224276815706225,0.13703868994917742,0.07857818411034181,0.09157489880251994,0.07976586452769058,0.0710581127098679,0.07767604415039775,0.016287992311157497,0.03245418499367604,0.020190757109197155,0.8650812790003598,0.7254911868335164,1.0,success,
PAT_9_17_80.png,0.6549980428286672,0.3843751114615305,0.6262534846394278,0.01598349355801581,0.07104923082055807,0.06793604076450205,0.014974582696742152,0.06416120545667398,0.05916201058973053,0.018528039949091853,0.02381007004970992,0.022558912719740754,0.3422453296283951,0.42084466182457914,0.78125,success,
PAT_328_692_681.png,0.6647051513455581,0.43896790936766983,0.6691249130285443,0.01758958316472951,0.16674472599678575,0.14640794950960356,0.013479599871857071,0.1570060606832833,0.1469274383581059,0.01487473698486031,0.014937527152487973,0.04265079201787225,0.882749516794351,0.8803835940716229,1.0,success,
PAT_59_46_537.png,0.5723985283457564,0.1841394416031219,0.6493890099696905,0.033111830740020845,0.035628751879207325,0.1126568284078583,0.030892659146633587,0.031446048956120756,0.10821299123089463,0.0027529117553941754,0.046548226773240886,0.15358338918105263,0.8302629319876549,0.6968788042553233,1.0,success,
PAT_1482_1677_382.png,0.5864118313466935,0.21652509291234512,0.6658573813777636,0.0804957746355666,0.04433505885924871,0.18828893863038698,0.082604930691756,0.04599544253741091,0.19522281190773322,0.042790608072822305,0.013226062241891767,0.0751185271272049,0.8085961129183561,0.7117160465992952,0.99609375,success,
PAT_1753_3305_385.png,0.6329535316716034,0.3485891891185617,0.5688541476119545,0.00876656539369518,0.08904832675954819,0.062018532820998985,0.007572983638149698,0.08806995127642181,0.05833486965593472,0.00933882538109177,0.15557533492823689,0.10499802388727575,0.8182961239766663,0.8592743335804899,1.0,success,
PAT_971_1847_99.png,0.6204204210226091,0.18685384753291767,0.7060826588226441,0.023230109348337205,0.08822305266725715,0.06671971180826743,0.01655804702689214,0.08478153177584649,0.05536217150550896,0.014740901756304462,0.09907562706065809,0.05658083940328762,0.6163428759811891,0.7129592354906146,0.984375,success,
PAT_618_1174_596.png,0.6628340247612078,0.5497933323098362,0.6546831882722974,0.006732707862356618,0.1195239412002812,0.03036831555552453,0.005579937464779637,0.10981576600682201,0.024054686453930375,0.0010923699092474394,0.00394825577624025,0.006980592113822737,0.7558878247465137,0.6409647117249385,0.9921875,success,
PAT_1814_3564_609.png,0.66226368512505,0.1749582030457563,0.7693829440445461,0.010274633794032286,0.011501800221139698,0.0242765371494133,0.00923810741178399,0.009536051942372857,0.0218565142687653,0.00033665608635671004,3.694352772456999e-05,0.01902491634933634,0.8843653966440945,0.8217838507125808,0.953125,success,
PAT_1309_1096_393.png,0.7059630213666371,0.17377885828724565,0.5235438775106703,0.0443499972560942,0.03158722596576189,0.09649778481622924,0.0405495545365482,0.031922451712702624,0.10298616793553962,0.026426856745599043,0.0016760158739561604,0.03208720549917271,0.7686370067312206,0.6791208550234886,1.0,success,
PAT_341_715_180.png,0.5772588942005994,0.46331299506640083,0.6267804453691829,0.00596203474564927,0.0735392140868556,0.06579997713408219,0.004258861753871474,0.061784688403243956,0.05532494936513344,4.343112576018863e-05,0.05669977324675329,0.06385359513226352,0.8375835413310987,0.8126630135605329,0.96875,success,
PAT_1586_2623_989.png,0.6588054340812195,0.507891432435043,0.6626656792985393,0.007813095905089032,0.05275160924046673,0.03598533378263894,0.007109098804792587,0.049991760093428254,0.03332061223266493,0.010870139929812615,0.025493247132365005,0.004796853996284378,0.7427791797067327,0.7893669597114483,1.0,success,
PAT_312_668_480.png,0.6567989592990349,0.5029315680633754,0.8389632863238424,0.011989189022550884,0.0954251093201741,0.11365289228719347,0.010642002799119388,0.08987869123874917,0.11117283418705226,0.014015974072019727,0.05189651989776767,0.05765176768002078,0.7941506404238744,0.7676074034166173,0.9602272727272727,success,
PAT_799_1515_723.png,0.6039931046447355,0.23795029639762882,0.7465724274205806,0.034935863322733345,0.09703817478683065,0.08278798552273514,0.033576721055085655,0.09312344302857574,0.0779285398075463,0.007357356505961753,0.07019314115757341,0.04411703084753693,0.8916921800968776,0.8397690269202472,1.0,success,
PAT_1331_1173_380.png,0.6104463075019465,0.3395095459531485,0.4356853323642694,0.024074978649715778,0.07518609097820853,0.07023935265086938,0.023550519752290652,0.06512700263420532,0.07897395951634645,0.03319624451074479,0.0097456914355043,0.16923045708409917,0.8392279332174681,0.7313958846294861,0.95703125,success,
PAT_1371_1278_533.png,0.6185967978705406,0.1778096188947687,0.4604334556622858,0.03090400318901211,0.015155605732268497,0.027719629473758646,0.02732607240757969,0.009358160269730222,0.027255998346422144,0.012508222004578882,0.0037564256390214545,0.021233437422892854,0.7281753939240718,0.6388871612662685,0.8928571428571429,success,
PAT_1498_1719_816.png,0.6378192715501974,0.3346795108107882,0.5477847325562767,0.012027975870100903,0.08369731697135487,0.10691906227602044,0.008707327926403545,0.07038822088662341,0.07992928371605094,0.005491455340663502,0.06301445877196227,0.012279547285266035,0.5190703766653119,0.5344099376085619,0.8984375,success,
PAT_1648_2902_292.png,0.6022928810846013,0.29972447200752844,0.5990280927477206,0.011289976894428507,0.06328375409052621,0.0568002343429441,0.009895654689036866,0.061786981034323285,0.04845276586536498,0.012206005434730589,0.027742404487698713,0.01847141121819762,0.8781911772972388,0.8574470018018523,1.0,success,
PAT_1881_3713_718.png,0.6727472440175997,0.22386725934125487,0.6372151212734433,0.03783108389328329,0.06344976194300543,0.042105444314387834,0.03481199642754515,0.058055389155537554,0.03417198198870479,0.0484303256436702,0.04364785880571026,0.018540255767240832,0.8310336360290878,0.7784563167707411,0.9473684210526315,success,
PAT_796_1510_361.png,0.6139296772571996,0.38663527756737304,0.32523235033168724,0.08036055408347703,0.16499203592018497,0.10146059652808209,0.04156408344397358,0.12569995403084122,0.08685417197474443,0.00044774970159914396,0.0578599758558036,0.08782751788648907,0.8061327539935683,0.7925969696060526,0.96875,success,
PAT_230_350_872.png,0.6599964766335478,0.25784961356035946,0.8812909475708433,0.013230974701206013,0.04514162928252344,0.03065412158696805,0.012218834250954675,0.04014635693494842,0.02339949052395963,0.018402434843106302,0.02182808047578849,0.00044306159011942015,0.6787435694808581,0.6576161772295376,0.8359375,success,
PAT_158_243_947.png,0.6225714750294545,0.571328496935822,0.7710624628944053,0.009485967317354722,0.11257501690283994,0.04572512639644731,0.00834497739804955,0.10199471257730239,0.03301668048544976,0.014376945273169087,0.011960803924455754,0.007545880377501257,0.8613384823104266,0.7539756968503156,1.0,success,
PAT_1418_1448_307.png,0.6113050201265136,0.3638992104778419,0.5842735824488525,0.010138662129091305,0.043305892119182524,0.0777797353677969,0.00903934740715975,0.03871330832222705,0.07595603696138285,0.007395818961866575,0.06817394230971124,0.11393423571025829,0.8574079031117121,0.6409701668486383,0.9791666666666666,success,
PAT_872_1708_841.png,0.656124943075731,0.10946575301830262,0.7397951212759435,0.07669688147560064,0.04469847219424605,0.08311863999903213,0.09589413540866387,0.05308824315987035,0.09071840409287013,0.0011944963998922098,0.028247890076641205,0.07697208178189485,0.6968862621270021,0.7096533984756103,1.0,success,
PAT_1102_408_613.png,0.6696821072308392,0.1830698471221347,0.7021916838910304,0.015166310066408636,0.006478783455747182,0.031637788481309374,0.01438437479777122,0.003739074632292169,0.031103571189658154,0.0020223522043254305,0.0008285961913826467,0.023499700768667475,0.8659491193737769,0.8301451649183196,1.0,success,
PAT_478_1829_281.png,0.6853839286584436,0.06020832680434987,0.7282054697211863,0.25869414123937917,0.06444930345975758,0.057226539573928946,0.2318025736130032,0.05964743073628011,0.05361431074519185,0.10337681815565564,0.06092415167700299,0.02670252394746986,0.661828513214415,0.6034013294262764,0.80078125,success,
PAT_1374_1286_775.png,0.6379406269208401,0.3246385680410005,0.5491215992248655,0.015952502034533165,0.09209906578948746,0.060921172984562934,0.014252693266910572,0.09136239651665487,0.05573032642498456,0.019145608969236446,0.010996183935040205,0.03755718707994349,0.7022595122010327,0.6206768257874699,1.0,success,
PAT_1584_2610_223.png,0.6932440621774364,0.2571442972673716,0.6574293010394803,0.013807073450901847,0.04849643049601217,0.04120965839079078,0.013067513461407427,0.044023694747400914,0.026454510736480825,0.006988198327014238,0.0596420692751512,0.019902888222562254,0.8416588053549328,0.8026125196598388,0.96484375,success,
PAT_1000_31_620.png,0.6159082719512662,0.6902227033174488,0.4416143355133212,0.005990797086095819,0.09031289064826127,0.08364510249759848,0.00498372960740625,0.08076740796740199,0.08637033838413566,0.005400989600158113,0.0990724256722526,0.1487032005650325,0.5331018275234012,0.5408104444836516,0.90625,success,
PAT_683_1297_839.png,0.6683420017826242,0.41475368859028205,0.8472379427961662,0.01257806426926311,0.0695360712854777,0.04853340201244328,0.011794695798533667,0.06456797918917154,0.04398332423337127,0.010391673501770763,0.02591716767525004,0.02733916975011963,0.9170019478842608,0.8258284285563641,1.0,success,
PAT_1731_3237_919.png,0.6050618073784454,0.3780305601597538,0.9040047187997378,0.013317418056532157,0.11135981482610119,0.08544213178099394,0.010650523224541535,0.10544272164725195,0.08211168891014287,0.015740953932033442,0.04094630565603452,0.012320952666120655,0.9271105464545843,0.859105551723388,1.0,success,
PAT_267_411_513.png,0.6762425506736816,0.4006228789429406,0.7239330666764523,0.0188551727797298,0.11080155906747845,0.07207986793906605,0.01806808092642575,0.11105984805334018,0.08075612044116658,0.004228571634929305,0.10016281036542468,0.014036905692801027,0.6690873380954123,0.5921682994747702,0.9375,success,
PAT_101_1041_658.png,0.5888095589159643,0.3136186246037621,0.429238179298825,0.04975221480585217,0.1382586121685757,0.09834101004939118,0.04185288370862727,0.1285484517162652,0.08623541858322073,0.0013772875238170772,0.07122897512578491,0.031551002580823384,0.807303703923565,0.7836514230694436,0.9296875,success,
PAT_1633_2855_594.png,0.6362205813153375,0.3066744397368104,0.6476107388795831,0.010298601338348676,0.05072503788509777,0.04425654326954478,0.009083786514264175,0.049700945204391986,0.027315238878834518,0.007098866216118517,0.04927523294994385,0.010048642217713954,0.6825991577039177,0.6500128318118461,1.0,success,
PAT_1765_3337_365.png,0.7137364211235021,0.2916489982413753,0.5545524272855272,0.060492870082425404,0.12190404403067655,0.12646002638643128,0.04921881715066814,0.1160032556946525,0.11894114517100338,0.016148766310317975,0.07546828732510813,0.04887988015747535,0.8484351464222764,0.8388598280247557,0.9668508287292817,success,
PAT_1721_3219_130.png,0.6404483210140559,0.24192528056371637,0.42851476861977017,0.05197333217963394,0.11240230247729738,0.08869736972542946,0.03857174748489578,0.10061957487009801,0.09372455589384512,0.008238061795207427,0.020403434928975533,0.1595577100429329,0.7163706657127391,0.6070391227708712,0.94140625,success,
PAT_1468_3656_337.png,0.6873076552028414,0.2095417744583967,0.6138923110844071,0.05344991286688334,0.04885823648078529,0.1304880947921645,0.053638336766731666,0.047498340139708405,0.13087921155342255,0.03467710523808102,0.0123307033462845,0.03538065989080186,0.8866799034361623,0.8107954932282575,1.0,success,
PAT_561_1068_909.png,0.6521296008901039,0.5256978944878165,0.5449337127801203,0.024560600120276662,0.1150883403452846,0.14012527982119483,0.018652496646673844,0.09618755904682398,0.13668569696154406,0.0190575145123411,0.13041238216376455,0.11478890524970786,0.8770650470355359,0.7765708325521155,0.9870689655172413,success,
PAT_380_1540_432.png,0.6550796379723033,0.36224821921317724,0.5821179731239742,0.012199659795666996,0.05721341885444953,0.023510593425727266,0.009891021915391249,0.05477079756363318,0.021921398779058666,0.02187266937587806,0.00609702459729311,0.013938085879692363,0.7152585339151613,0.5727079764049116,0.9921875,success,
PAT_164_255_130.png,0.6894949909106768,0.2740353728604815,0.7512566500955771,0.018099131077159797,0.07795559889912464,0.0803679042929846,0.016408731808664992,0.07445184967302522,0.062121661240084634,0.011797947216550773,0.017451201786423898,0.02503932471164161,0.8009816740888764,0.6462129198400175,0.97265625,success,
PAT_302_650_477.png,0.6919667711610091,0.17566918382701258,0.6486839245409202,0.0802392984670416,0.1179814631038933,0.1483995697508673,0.01476566732212154,0.09823015427824075,0.11164829082962664,0.005733111487681697,0.06083207773732721,0.01101839575581487,0.6506996098846087,0.32339177735904934,0.935064935064935,success,
PAT_177_274_371.png,0.7165041435599752,0.30427098578617234,0.6265265090897844,0.07859350483303693,0.09524508545970574,0.07526693137893004,0.05183632054999605,0.08725653481334979,0.06869936759861082,0.027815624061746293,0.11127812803430809,0.01474868613096536,0.7974211110989696,0.7769677953754233,1.0,success,
PAT_874_1671_176.png,0.7940587177432857,0.16372986247854684,0.6667699157466436,0.30265546527714055,0.10222279743102682,0.11709387119724676,0.2739958431099292,0.08534197667674363,0.1084706724704037,0.0530964367331835,0.09625705911936064,0.10179514535068035,0.6049351594850988,0.4375216630116551,0.98046875,success,
PAT_274_423_374.png,0.7191963028837076,0.20042273989241716,0.6354939918445254,0.041717924781789255,0.050223308212538856,0.06503020098797935,0.039477622778747105,0.042842849305751766,0.05695761463698505,0.007967633810094002,0.00873045322165128,0.042946885196988305,0.8821969683387585,0.825607988978641,0.99609375,success,
PAT_727_1373_776.png,0.6754953194598692,0.30970740585188294,0.6427628859187522,0.02726695196308055,0.07159296975010243,0.048509788084565346,0.010462213620441717,0.06273736202945393,0.04132329456229826,0.008975709795957855,0.0421914788548825,0.028973493334954248,0.6852803369646547,0.6582275458523,0.9921875,success,
PAT_933_1766_191.png,0.7078100937248922,0.22383858442512453,0.6996948635361926,0.05474467576855947,0.08096380197578996,0.038543718058160974,0.04944045255849367,0.0777723480415611,0.03522453238992142,0.04294423577222746,0.08229233641167868,0.047523364305869786,0.8339816315401799,0.7999621975916869,0.9576271186440678,success,
PAT_1554_2393_541.png,0.6258176992248695,0.16229806981813813,0.4763441110132995,0.06005488027503559,0.06624963526298935,0.06418457332333911,0.059525181057695366,0.06774781005167942,0.05624726476776735,0.028262874078503586,0.05990400603294918,0.009205710575086956,0.8295633558384242,0.8143298190279834,0.98046875,success,
PAT_1317_1130_656.png,0.616234671836101,0.3115803287850323,0.7643031967845034,0.01841719121942104,0.04223286572858477,0.0688693258775248,0.0183819897482261,0.0360512334363585,0.05915183541561754,0.0068248262766494525,0.01356934839287538,0.049322804627640715,0.8050459131999179,0.8289656444261081,1.0,success,
PAT_615_1168_968.png,0.5723713554145905,0.22425200068348247,0.23203092934235953,0.04759587828628248,0.10729062065545672,0.07117491927621619,0.03372399196347024,0.10847510719468809,0.09467155576281401,0.03232833036641417,0.19406166439624775,0.24832428419701996,0.8887972676162302,0.816206155527155,1.0,success,
PAT_406_1542_301.png,0.628740130534009,0.5225770404218635,0.5739183188016089,0.011608649551049397,0.06749763863366544,0.05290531049601766,0.010831590044038721,0.058858035078030724,0.0448034265818975,0.01817739802191972,0.0025328006008804582,0.05013022497095032,0.8795766488746599,0.8209876694147712,1.0,success,
PAT_976_1837_503.png,0.6534546683020248,0.23722429849028423,0.39126520402036463,0.08243045905773794,0.08900768395679218,0.09610524149085865,0.057222256086826684,0.07272928035818968,0.08857289423383927,0.02628145061978044,0.004290180371586433,0.11576906766429546,0.7486672686942492,0.6032396945681816,0.98828125,success,
PAT_677_1348_51.png,0.7076591561321425,0.3390012734262959,0.6427815720849374,0.11652470525426908,0.13694991876049847,0.0752077353490884,0.11426315046892765,0.1296646830054351,0.06602436370750901,0.07023326958882765,0.09955265928547927,0.025253699849103306,0.8410243943748543,0.8296841746370176,1.0,success,
PAT_296_640_206.png,0.6257207743795817,0.5079741235007448,0.7228748012854053,0.0191950254121416,0.12451722278009902,0.07866091721078856,0.017138511832927476,0.09983730836048128,0.05037751289088292,0.009404984757850185,0.00599383110113938,0.022286195843802536,0.9481113085946968,0.8341656970162631,0.96875,success,
PAT_794_1507_723.png,0.6195788093320155,0.46331737087110497,0.883518374155165,0.0060506971326225205,0.07322233070627794,0.056890314470348494,0.004090956702605058,0.06587030193044431,0.04837632458143534,0.00018229193357268198,0.02500599198579012,0.0257201838993093,0.865246135918325,0.7888956333186302,1.0,success,
PAT_91_356_273.png,0.8445749164318671,0.11851786622832766,0.5811905600563579,0.3307712851027022,0.05006832370058085,0.11075551745980032,0.34118418459000427,0.04225312516594395,0.10165619869421084,0.12644988355272346,0.007115954178816081,0.0066638173633997155,0.9414472072982198,0.8462125022915326,1.0,success,
PAT_2018_4167_11.png,0.5529905948081146,0.10061804183844361,0.5482066623500452,0.07968430483852887,0.04183013904179441,0.09567165314881329,0.059667530513272365,0.03480458883950859,0.09772059583143151,0.03469284154616885,0.029401841029806447,0.0014619601310033037,0.5785609555824879,0.40136781275146943,0.96484375,success,
PAT_237_363_344.png,0.6563840848865284,0.34633428642811537,0.641679456114678,0.01925324648018424,0.06779910540793774,0.05746110981991098,0.01693987878942612,0.06430760978847178,0.057678258284402116,0.012932406801323756,0.04063931730896925,0.04898583140705848,0.7418710478726345,0.7270581508237652,1.0,success,
PAT_858_1632_977.png,0.6771207215648387,0.2125346935768467,0.671516655469896,0.028010216384826956,0.09979140947170867,0.05187728006500783,0.023426025365573113,0.08051766369212045,0.04564689707557591,0.06521338721300138,0.013890642091221789,0.029498611442469125,0.7600135913242709,0.6219767324684308,1.0,success,
PAT_1299_1055_591.png,0.7271058285741355,0.24058471372982126,0.5813249846994992,0.03643573645939035,0.08293338958102253,0.03719128726893179,0.029011402566023435,0.08257989479567132,0.028703995323983655,0.011267189596085971,0.1253838017604747,0.01632127062680855,0.8930100744888698,0.7728080566765496,1.0,success,
PAT_306_658_825.png,0.6487254909688269,0.41512067293075244,0.541444793521642,0.04209684570677193,0.13853118882091642,0.1893004944137794,0.0248814467094003,0.1272196684297204,0.18249545012016657,0.002782116578331618,0.026976677191405007,0.18880641239203333,0.8935831181544748,0.8308920651322705,1.0,success,
PAT_55_85_884.png,0.7529359495307058,0.22824079392916777,0.47277044238878224,0.21059378509544915,0.11546288971483695,0.11643654272430884,0.1981410733369492,0.1208360970812838,0.1200471575329931,0.14966764634923255,0.04362384541883327,0.032679908471546504,0.7694253152493074,0.7656570078476391,0.98046875,success,
PAT_1247_852_178.png,0.745279698573733,0.14115002036944296,0.5100698110057881,0.02784525336778382,0.03726746452890458,0.023788190976032367,0.025998613796819607,0.03716838071980011,0.018695112976200193,0.036183944428033736,0.057008301085299945,0.007856203499748471,0.8853535776880783,0.8224944538060331,0.9921875,success,
PAT_342_716_845.png,0.7174219360432849,0.23420292578037336,0.5223746522830585,0.028958963533870744,0.06367642543113944,0.03702284137130205,0.025104759912571006,0.05943869584501758,0.03308340555243481,0.002499550691924431,0.058398303376785615,0.008048662390112482,0.6585915912585059,0.580909407208532,0.9921875,success,
PAT_41_57_2.png,0.6356669319497636,0.520294977111957,0.40692422147260826,0.017202382971670687,0.1265297345137436,0.10796365144499283,0.0158027118101521,0.11210261144727844,0.1000294058349288,0.0011962600008697027,0.0765378552615289,0.04441929640234976,0.7014858213801426,0.7411321993317342,0.98046875,success,
PAT_168_261_38.png,0.6276337158720473,0.5570876810821974,0.5776012889265387,0.010909596719342537,0.11436831907902537,0.10013881308493072,0.008652978946024181,0.1021681987962354,0.09304934903236482,0.01028479907450293,0.054231044418496466,0.13505734356986976,0.6152512700515236,0.5300199064482486,0.9882352941176471,success,
PAT_1596_2664_323.png,0.649808155656169,0.3940971464471117,0.760771748834441,0.009814334793219913,0.06040863450311929,0.06813500037538907,0.008523815383086825,0.05567257698427172,0.05378605628227945,0.014555314615122307,0.03658669458335012,0.008018583644529564,0.5634687564630219,0.5441358851472381,1.0,success,
PAT_946_1809_687.png,0.6124886580010093,0.3895684249354482,0.8750568851664605,0.03774311767003487,0.14660151041183342,0.06836442435125668,0.014176254524522272,0.14152742525570317,0.05990483833776303,0.0056186982771221335,0.00596636571993614,0.01333878166561997,0.7139411883651867,0.7509519627217531,1.0,success,
PAT_2115_4613_260.png,0.6343733085223054,0.18661091215758654,0.6999106765388556,0.014601768006109024,0.006899702699332686,0.02090977119560505,0.014656653147755924,0.0054058310909507416,0.019289945306160596,0.025058753494334715,0.009250698504932486,0.00774334499190088,0.7331397741148781,0.7853460981531655,0.9547325102880658,success,
PAT_1784_3416_507.png,0.6713389948469951,0.34996399186944505,0.5431540856686021,0.03916451347744953,0.14121884954403857,0.1558168177594351,0.028461503016242062,0.1290938679964949,0.14774163726000458,0.03770467257481908,0.0242805281056252,0.04619963805001792,0.8707677913525853,0.8567402873974971,1.0,success,
PAT_460_894_401.png,0.6266936719557883,0.5435896969232122,0.583597687566706,0.013309376068320604,0.15259091523607538,0.11823108912873767,0.01169956103790642,0.1344009403331822,0.11255929922435635,0.00787379892707073,0.04541869770483653,0.03673698209198473,0.8349236806181549,0.718804183574914,0.9765625,success,
PAT_1783_3413_850.png,0.5527601890198285,0.1874197508445786,0.3068673794040093,0.05763113780837246,0.09521990243052791,0.10436259061663643,0.04368963337947005,0.10181954024728837,0.12524270422699235,0.04085009397900331,0.13539994225005056,0.2738888013291536,0.751360532052473,0.813594573588686,0.99609375,success,
PAT_2080_4484_997.png,0.6010203777177949,0.3284605823158356,0.5499149864995655,0.006513843826677559,0.05256431218252224,0.030080778402033007,0.005311382250911001,0.05254402655218841,0.027132748764699583,0.012145156317375378,0.10963894967245175,0.014526296664244098,0.8094619872069613,0.8364231933537675,1.0,success,
PAT_468_4775_268.png,0.619721519882632,0.16730429400890887,0.8042266103910599,0.023092983072873535,0.03863499354922183,0.04575336754899308,0.020954553713312948,0.03489230243901059,0.03978442676319088,0.025649947659201585,0.0172073399028716,0.027349198192069157,0.6347794298537817,0.6576954061548517,0.984313725490196,success,
PAT_308_661_184.png,0.6619629698239663,0.1724414708586305,0.719826063510126,0.019314750747187782,0.015665707905126114,0.07607442090880034,0.017159579702973153,0.011915326130277877,0.07058803590955195,0.012228975110433755,0.00022217688893724774,0.043316264093960055,0.41011244577232286,0.2958450760952427,1.0,success,
PAT_145_216_924.png,0.8106145113567591,0.2766988224815644,0.5169001401495802,0.3078040392062675,0.15858425011237084,0.16322276362474422,0.3021921556315572,0.13862240867698553,0.15237911240622132,0.15671080139980975,0.012003565470881827,0.19479836167716136,0.7247416035628891,0.6830772671813007,1.0,success,
PAT_891_1701_36.png,0.6237367546804968,0.4344229691876751,0.7757647058823529,0.013963702065719683,0.08657163293473351,0.10246806794629304,0.012733448620376252,0.0841730569820683,0.09981083138589755,0.010300816893428235,0.11700851412504021,0.1442877934403871,0.7498347951876809,0.7299990058370582,1.0,success,
PAT_978_1844_715.png,0.6036232841879112,0.33620865704772473,0.5952827722283882,0.037695383025286626,0.10340488792198109,0.1371847237636996,0.036277082214322624,0.08530604064028746,0.12318138254170691,0.03909004339069687,0.0010098731977853381,0.03318611578219177,0.8223275227290684,0.7630013956762676,0.9907407407407407,success,
PAT_1940_3901_900.png,0.490456004995134,0.11792254223626773,0.5912020876726759,0.07524728077832751,0.06595545632023747,0.10601401736657656,0.07085083677123134,0.06536843547519049,0.11097383161067109,0.04329411332088987,0.007434800144743028,0.19691207145771178,0.9367107606871926,0.8760945809296996,1.0,success,
PAT_1680_3038_587.png,0.6219758453739398,0.2816912086824077,0.47305301590789184,0.03100768283738331,0.08610288501195115,0.12343082939077699,0.027838967085773332,0.07356329588889181,0.1257206369121341,0.057351341042790376,0.1915871708659516,0.22889340368558653,0.8614357945749018,0.8496027243643853,1.0,success,
PAT_1810_3484_347.png,0.663328391987716,0.3141009778900559,0.46166695138849345,0.20375301814478095,0.19376259657954145,0.12973509200956396,0.20752657725498685,0.18912371903976144,0.1261384232229714,0.0004675532850633601,0.1070051102270298,0.07172792862451272,0.9203418041703681,0.8466718505881224,1.0,success,
PAT_684_1302_934.png,0.6751584045595808,0.23318429762352588,0.622260595485805,0.013289560050602686,0.06527571587913114,0.02543577129074353,0.01206062958521336,0.06279533228043697,0.02158211614126093,0.011081052141683836,0.09183027804547284,0.006202453868444979,0.7835396371091116,0.771367610345311,1.0,success,
PAT_906_1722_328.png,0.6272652872471353,0.18707570656604616,0.5723521837320878,0.10646220621241134,0.08525774371869414,0.0731941403404924,0.08668772253472057,0.07780866228974657,0.06403957765337359,0.011688988044915208,0.05118169180533891,0.06551860166788792,0.7861210395243021,0.8041789959461201,1.0,success,
PAT_541_3303_228.png,0.6393080669730761,0.18059831062350218,0.6216044494100349,0.03559083033268708,0.010844975535920131,0.04870731165338487,0.03122595076118586,0.007439570517658434,0.04564400341334833,0.00873857544586648,0.0024925098558406245,0.010379192437055207,0.45291361305136835,0.5119445282219393,0.94921875,success,
PAT_325_1506_999.png,0.8657394153990635,0.049124823086662044,0.5887699102644144,0.35031927488105297,0.025461108982659793,0.040556824582,0.27662842943435595,0.028785698356646537,0.04107238436528776,0.21105531618328258,0.033213930450395286,0.02577600306734018,0.6485819188100448,0.658389852338303,0.984375,success,
PAT_1443_1536_166.png,0.6231898635023421,0.5132948231766469,0.7461927124672958,0.01278680173336861,0.05198970590172512,0.055289206411078186,0.012573906620664996,0.04847430841770568,0.05122925763338888,0.025596540280826634,0.0010627523142824336,0.0313645931774752,0.8464070721960834,0.7952286051129986,1.0,success,
PAT_1594_2656_679.png,0.6513779170904799,0.49134805847857554,0.5865714546504172,0.018368987120170623,0.05280937405347346,0.10517641755479211,0.016883053746635398,0.036682722735421225,0.09686037168842156,0.02795645298384236,0.053935318029922574,0.0317398698793947,0.8095051954994511,0.7720000755025184,1.0,success,
PAT_217_1291_419.png,0.6475853214072068,0.7061017979220087,0.6284281542222202,0.01194088513957267,0.11786258401768716,0.09781216508753379,0.010307822040266403,0.1011276607685239,0.07953273861142432,0.0036144806921545266,0.1775620311814644,0.11275437190744098,0.7581215462335331,0.8061580960995435,1.0,success,
PAT_567_1077_64.png,0.6675006567374611,0.5087644637620035,0.7515239913930121,0.011205502296582863,0.11918663485654873,0.08182319877330398,0.008174746736994717,0.10448440821495823,0.06641393428505835,0.010082326786868852,0.12082941186430685,0.07968167452765396,0.6758259696227562,0.740716107603391,0.984375,success,
PAT_165_256_460.png,0.6386450809011331,0.49262882273138053,0.78012841832366,0.008393571254480333,0.03614850836884356,0.02231584645564931,0.008241531394192814,0.03169792463438041,0.018051279358080975,0.013578913431908922,0.04942472745783533,0.020941027621691033,0.815035660723382,0.6950335926787229,1.0,success,
PAT_1222_767_519.png,0.6139289428728447,0.3327292820396952,0.7993261677172241,0.013539779918785652,0.06457565126782082,0.04381841103225516,0.011197911898314513,0.06530960532367634,0.02683879453562942,0.0026488079497671573,0.11406114355067459,0.02536457186957264,0.7672247854952441,0.6898511190195078,0.88671875,success,
PAT_990_1860_636.png,0.6179120670772844,0.3507488283503647,0.4972736588925507,0.02348885823499507,0.11724812076544555,0.08279613872394297,0.021132802629970974,0.11040535651940593,0.08308162058558227,0.01909310620932819,0.04453308118193211,0.04684855521048181,0.8877494857968646,0.8132175286637439,0.9900990099009901,success,
PAT_1018_107_68.png,0.6260890687753495,0.5727221616888318,0.7597892442945207,0.0033439682225929646,0.026328131485746198,0.02368481412585441,0.002908465576127325,0.023397192049090625,0.020324076341322515,0.001299897487567689,0.019957420604336473,0.01754155023781845,0.7193387468463647,0.6353198663256863,1.0,success,
PAT_1869_3663_335.png,0.6658965024737936,0.15494071776455623,0.5996215061992771,0.05207910722632338,0.07013017020604201,0.06948596453676015,0.03334124587058443,0.06302433705846143,0.06314488448393102,0.044380069057152124,0.08172889946674122,0.010054915212881044,0.5824461245466299,0.6196144825049451,0.85546875,success,
PAT_579_1099_551.png,0.6514420425337601,0.2949944631649545,0.6320656118257808,0.020387255015392666,0.10014890371056674,0.06466552693202227,0.01676049483498848,0.09189459361323568,0.06250562149595977,0.013132827081013924,0.0554220433069153,0.03401500450950645,0.8707824820542884,0.8660171189913776,0.9765625,success,
PAT_513_965_496.png,0.6429402616615643,0.5435614278679259,0.7074008284144263,0.009962387664253563,0.11813019695817142,0.08865883332712114,0.008162464137048034,0.10692757880964296,0.08126983738843943,0.010313444380091378,0.04914919488962827,0.05885758984649503,0.8347103871241025,0.7356510134062396,0.9296875,success,
PAT_303_652_943.png,0.6675443790300765,0.3558547886662991,0.7261708742051541,0.024491474548689978,0.07888047447851411,0.11636002929520857,0.019968297869142053,0.07380219907426358,0.11671366701134753,0.02666444734508862,0.01790855233569194,0.06942703485441515,0.8803320394244867,0.8242230740329547,1.0,success,
PAT_385_783_22.png,0.6408428837317025,0.2621259358430623,0.8094765520405202,0.02305344046088185,0.07479617419356731,0.04452984930538722,0.02288869733198151,0.06254858576963163,0.03478545654628314,0.005649591367389522,0.010663929717915799,0.0003214239177709022,0.09443583050274568,0.7375381749143396,0.30859375,success,
PAT_31_42_680.png,0.6388918903269167,0.35103810337508534,0.49063756387729107,0.04202606746633562,0.10776013500237255,0.1277038405382442,0.03798660245248917,0.0989261016157871,0.12386541542686831,0.029409419808104943,0.09396019660167415,0.05643494484702072,0.6033483859450453,0.5827973736203452,0.8984375,success,
PAT_779_1472_741.png,0.6469798876194325,0.38663845625378274,0.665479113416227,0.012479205279421559,0.08919222061927423,0.09597824112397771,0.010203629860089356,0.08753706143945465,0.09118121865383559,0.015185485965965266,0.018155686467244303,0.02360785982149094,0.8811146637315725,0.8794917306819109,1.0,success,
PAT_2016_4155_600.png,0.6077451896471102,0.18746002381674384,0.5225576622986687,0.14485048675795403,0.10016343898352054,0.0778338898355309,0.12174836203901758,0.084738512494741,0.07066681684669383,0.06050295552867,0.03427488954449118,0.029113236505513784,0.6458460460571542,0.6885471357636079,0.9375,success,
PAT_460_893_307.png,0.6469833608604576,0.3497562904378008,0.49483282736721323,0.03140520700295582,0.11939935187059868,0.06981011938981975,0.019974134685985946,0.1247295840387589,0.07258080854025603,0.0280930841517088,0.15885720942310555,0.09601014048947598,0.7240857457639771,0.5208941543792505,0.9765625,success,
PAT_380_1540_525.png,0.8008582716604515,0.19608278068677562,0.6775495963647298,0.06400848207318557,0.06843942445370683,0.059225423096397875,0.05463920839985828,0.060860480990441015,0.057653739635954444,0.027448825046663218,0.05240085273365966,0.040106562746588637,0.806928813044167,0.7935651831479411,0.96875,success,
PAT_1798_3455_379.png,0.6229939118741886,0.3716841454400247,0.47205141481134477,0.008564381068270005,0.10115969398590932,0.07085144153377251,0.007068121130627016,0.09539233443328522,0.06903774409931392,0.0018626667429916526,0.02692002196885407,0.09307707326966147,0.8203512981651178,0.7889959860182628,0.96875,success,
PAT_867_1650_825.png,0.668537780279855,0.20493276101969443,0.6097925067849082,0.018756676918991345,0.048141075781547416,0.02844412759092925,0.016530033959536172,0.04370843099633647,0.024307159478208887,0.01574508739324448,0.025443669415961045,0.0031750270285004767,0.7602983272527268,0.6324816141915524,0.99609375,success,
PAT_503_950_552.png,0.6141856865348493,0.4159644829810567,0.6692221703717456,0.02823608254984267,0.10779946604727197,0.12343834500187122,0.021416464166456733,0.09105630380093042,0.11598650064680954,0.002638171279639402,0.06503736187137982,0.14441726659426346,0.681633587129153,0.6267755976741305,0.97265625,success,
PAT_591_1126_21.png,0.611165765511385,0.44418364340177846,0.7728747630253638,0.02504758813840734,0.09572806745153249,0.05393718519803961,0.022504405136800174,0.08763230379657036,0.047603079786123194,0.0016368323612432,0.05476172005758717,0.006629894622477539,0.7380708761431636,0.7233697670471801,0.99609375,success,
PAT_1572_2494_224.png,0.6692081780549555,0.2728428744151816,0.5869702465436577,0.0836986134349067,0.09726973550832037,0.10388471686504105,0.052319104078566346,0.09343612005969144,0.08880051710855091,0.05669039045140565,0.036882465770616824,0.0038821416902208306,0.7247477441360154,0.5856710751612546,0.9814814814814815,success,
PAT_2056_4364_112.png,0.6425766396235003,0.16256250240764283,0.329701221156439,0.2431299789244443,0.09779167431147086,0.09134681100461947,0.21430891730339896,0.08958329362349894,0.09416021064922776,0.034581539084801154,0.08608673265431377,0.19992534674415258,0.8998530195668932,0.8492244294924328,1.0,success,
PAT_1538_1830_693.png,0.652141829446772,0.4816694330863798,0.7804839210288382,0.006581448342928807,0.0288440703259971,0.03568705666242692,0.005624347390815199,0.023474373682585092,0.029479772458120994,0.0010632886498473542,0.01733216136568294,0.047596284201412487,0.8318094053351797,0.7425029348883756,0.9583333333333334,success,
PAT_270_417_728.png,0.6298514233406171,0.6431609406882534,0.5506903016977028,0.010561926930572186,0.07715479337978608,0.1377361884976006,0.009843596798819644,0.0833614455039402,0.13917741772784728,0.012314022613980156,0.19855113850805622,0.2321389045851655,0.5378270651658105,0.24311467179534954,0.8515625,success,
PAT_1833_3599_827.png,0.619041449252506,0.4763511685403741,0.6836003172085646,0.012376772414861428,0.07419876174947995,0.058392424163759005,0.011690560061000986,0.06649696621238668,0.03573336572577589,0.008568621824652843,0.04999814166997013,0.024479013950285067,0.7969064384128326,0.8066604379338862,1.0,success,
PAT_714_1337_914.png,0.619783635279673,0.6193894154527014,0.5218518655110946,0.013395832792762769,0.06338601696502068,0.053831059626306334,0.011475054037705051,0.05329198533572591,0.04612929773588377,0.0036490484286994885,0.029185692993199286,0.012669872167251572,0.7981395261965669,0.7719707896351468,0.99609375,success,
PAT_1379_1300_924.png,0.5984296620719559,0.38562311358548235,0.7850678790686031,0.010880500448387837,0.07201124747959999,0.051260173374769305,0.011103351753656565,0.0838597348001183,0.052073565488730794,0.014396444210305661,0.22536314500518653,0.08421795054228975,0.7947901589409689,0.6784600727310224,0.953125,success,
PAT_1151_551_241.png,0.7178820300108506,0.15062456965498247,0.5301540237921208,0.13210357143204673,0.044173959261488975,0.04303115840329177,0.10125177349184264,0.039268401337664585,0.039142956562144025,0.058949919850708216,0.0015754959820642456,0.005345332083129595,0.7193285824875416,0.7945077953961874,0.9609375,success,
PAT_295_639_240.png,0.6298931660447988,0.5509330168849149,0.6112366785794777,0.023280128336166026,0.12172719526011537,0.05201899318509958,0.018794751175411913,0.11579930290095455,0.05033695681079611,0.028657420020078997,0.10144466935735169,0.10832825176976635,0.8571110262286733,0.8690952445875384,1.0,success,
PAT_539_1023_928.png,0.6366489794695511,0.25757735298217993,0.6366744573195233,0.06693182089170345,0.06623987563618895,0.04807887929544793,0.052044733951346296,0.05910536305657203,0.03945605877228981,0.00210069606327947,0.024432581658342944,0.0033809675170779485,0.8795877384134334,0.8735207651261491,1.0,success,
PAT_747_1408_742.png,0.6875292847522556,0.3866790516128188,0.641164690446305,0.015331641845595276,0.1175987404599301,0.11317098898157706,0.012966521829056787,0.09420270437200434,0.07686577411299504,0.013733905519655564,0.12577400145680756,0.09278651722652598,0.890631600787229,0.8566181093262782,1.0,success,
PAT_323_686_356.png,0.6252508752553234,0.0923663115354133,0.5478432582536255,0.12597622157679547,0.042261598706693174,0.048699314543505304,0.1140230591533187,0.03809350468766622,0.04140021244427037,0.07521101210601036,0.005888979725818894,0.050482173257913265,0.5723394597913933,0.4899307903793097,0.9609375,success,
PAT_798_1772_469.png,0.6536032154539417,0.4304097420955921,0.4911245787256938,0.01724248380842218,0.047607708739292175,0.04034491503222039,0.01963995108349315,0.04683578876359671,0.04053585682528424,0.021482659585758453,0.014490062934366887,0.0034477885953762,0.7025358857701711,0.6916079408829743,0.9058823529411765,success,
PAT_631_1207_982.png,0.6532798969549762,0.2943650753300456,0.7006196135790929,0.02544025985394684,0.09676144434707128,0.11959832205285634,0.02033720557466095,0.08294107185156617,0.11273308147816372,0.026540858789765625,0.02718936205565098,0.0585486582636493,0.8456593338223438,0.852361879492785,1.0,success,
PAT_334_703_907.png,0.653310167922586,0.5157140790588536,0.6581269127369257,0.013649571611519574,0.09162301267182785,0.07358976392883712,0.012183361867063076,0.07906905513047859,0.07091920532235353,0.021739436892308263,0.07863728401850817,0.12760121488894527,0.8728851601732193,0.8136278039146826,1.0,success,
PAT_1906_3798_588.png,0.6226828637713973,0.41586205374873125,0.6431486548107616,0.004571753090023385,0.03776192334878426,0.0583629956521525,0.002127812130690886,0.028137748676678245,0.04708559440741683,0.0021216399826774553,0.04144392881319303,0.08137547395237432,0.8434714190665182,0.8119504517487445,0.9927536231884058,success,
PAT_38_53_198.png,0.6713749570937723,0.4447353873614663,0.5472109275095908,0.01711094150216583,0.0771158658157175,0.12781211533526754,0.015979850434911146,0.06340609057651546,0.1165899977059582,0.02588749118815659,0.02221930376663811,0.10550074095099715,0.8622861283951702,0.8012557536742734,1.0,success,
PAT_721_1365_819.png,0.6617021456998128,0.16839338822507607,0.869030154955086,0.006542202542989794,0.01938313225641559,0.028019731602415596,0.003034807342368384,0.018685366262016567,0.02748227127827272,0.001509570526316474,0.0015736161819698835,0.02670089239910034,0.8183681204335154,0.8420342826998879,1.0,success,
PAT_361_743_82.png,0.6835140243421463,0.3956065899263739,0.5885686029152252,0.021649832275161113,0.11939201439623183,0.022899597322463744,0.015075968767019474,0.10934468725553123,0.018232713266715307,0.008097520065487866,0.05857911838729951,0.013378689763314133,0.7842345454275976,0.6119991174341312,0.98828125,success,
PAT_800_1513_509.png,0.6557538588232339,0.3593047559960948,0.5987006978410693,0.014600265394486462,0.09315126776002039,0.04436764797771579,0.01282818400103565,0.08529092453415939,0.04114995464246031,0.018700614755762106,0.032354083835338554,0.0011557339095507047,0.7387510852193533,0.7905717089613951,0.93359375,success,
PAT_333_702_840.png,0.5792570456621329,0.6014457014738409,0.14158111369644305,0.02760726721339017,0.1415814262188354,0.09302692053440656,0.016781681219661698,0.10875879755224978,0.11148473483118675,0.007221591774423707,0.25059921653840334,0.29500819060490446,0.6806974849963516,0.5473010397343582,1.0,success,
PAT_1439_1522_320.png,0.5942433924798002,0.3468525042650873,0.5080425214179046,0.011621095257289745,0.0999886631605955,0.11203293525995721,0.009901302393056375,0.096857219157169,0.11384238947820936,0.010112356237910012,0.08789173395553501,0.08575883138523066,0.7335969324142091,0.6651687140872483,0.99609375,success,
PAT_423_839_717.png,0.6843383147728733,0.22135153275676153,0.6313494421337559,0.040319529852106024,0.1023955170691034,0.0668202275026066,0.028808700224110813,0.09278041307145818,0.0658202307348842,0.005312610917094989,0.11070796142877955,0.024923328064310635,0.6059888637840098,0.6456409559380127,0.8980392156862745,success,
PAT_837_1583_124.png,0.8114862928375344,0.18996554179945183,0.6943338440916296,0.060798765515228996,0.04031797328996119,0.052175718527195956,0.05870345088456663,0.03720832761827739,0.04804680153407031,0.02183398747946844,0.027266069922277453,0.004967315193104338,0.7921170583226262,0.7088894450113014,0.94140625,success,
PAT_38_1002_668.png,0.6718489287870342,0.17518400120939448,0.8364607017029853,0.01576395453164767,0.013960608080485602,0.04229072165537814,0.018011425279494325,0.014969973443533909,0.04775631938037254,0.000982955105398828,0.002821707295185466,0.015393487729603361,0.7072901991339723,0.5968002949347666,0.984313725490196,success,
PAT_568_1066_235.png,0.6177121174274638,0.207183227997884,0.8170243267839196,0.030586375213325967,0.06100417823426206,0.03843141083695587,0.029645624666866363,0.05661895742970691,0.026143710072638014,0.021611869726906402,0.03923890218712092,0.010824545854715484,0.8707229277745444,0.8559584613867877,1.0,success,
PAT_451_878_634.png,0.6711407230955019,0.20707263721800337,0.5622783128671499,0.05992809687601413,0.06813977770619238,0.043546964761457106,0.05096158425239435,0.06262664477269508,0.03592343213889551,0.07165944602161013,0.08329092669072813,0.012551239630680722,0.4975405105260745,0.4663353133455147,0.98828125,success,
PAT_166_257_586.png,0.6359389622703644,0.41921113259316717,0.5676673188464522,0.01427086770423087,0.04564319117178407,0.034698983530498224,0.014156621518191258,0.043125823693001324,0.02966152295698964,0.0027009592414482123,0.05976155049128262,0.02618814878630593,0.8994641431943248,0.8455748809524903,1.0,success,
PAT_815_1533_460.png,0.6575186178463878,0.4280180768702492,0.6792639269957086,0.012053861231825854,0.07559902627887216,0.06315811465868648,0.010007960268972169,0.057860045617751696,0.05679432886605182,0.018930021273841566,0.01913550232006994,0.03545910728690049,0.618480186152699,0.4787799292876343,0.96484375,success,
PAT_257_396_494.png,0.845569374575382,0.22591224517913544,0.46892323415179465,0.26258659575234977,0.10545898931994911,0.12255291552565512,0.1918748090852391,0.0927708708477764,0.10956647090556071,0.15978453286009428,0.14898228019971232,0.1497127010897819,0.8808569468446057,0.7856004078994373,1.0,success,
PAT_660_1249_373.png,0.6594110983143794,0.2555598922033268,0.6346317438083776,0.011859581248698143,0.05057542481798146,0.034866826631974504,0.010430487954112156,0.04556223410379343,0.028638023041219294,0.012621124099267985,0.03475909400794247,0.010206290244454519,0.8546996811355752,0.838935899469399,1.0,success,
PAT_1320_1135_471.png,0.6848234154551334,0.17292250233426704,0.7977637721755368,0.010837796094181434,0.015549344548773351,0.026396256236094148,0.0018308991137144792,0.01697860962566844,0.018727718360071366,0.0003746338114404403,0.03429961131739517,0.014521638112609314,0.8259920456924135,0.7590173568122028,1.0,success,
PAT_860_1641_998.png,0.6704002002248028,0.3424335595137122,0.5335243809143675,0.018103738318310036,0.09467083796621206,0.03387068348378615,0.016567595979270603,0.08484775631173064,0.028474169490673888,0.010921200591057337,0.04720748625178939,0.015673152176121863,0.8237202749156881,0.8208576330378038,0.9942196531791907,success,
PAT_857_1627_310.png,0.7601455051277628,0.2288697323359014,0.647017779093782,0.14462529055560186,0.09765501772971719,0.13376801832220012,0.1453217735957815,0.09211244192436703,0.12864889377894437,0.05560278936825193,0.006356597990270968,0.010582693975180746,0.9073935877356216,0.8504934917805783,1.0,success,
PAT_1636_2869_739.png,0.6326793476304419,0.32497911813353747,0.5524143109167644,0.009345329079691923,0.04761975871975066,0.05466025078136627,0.008626097422508862,0.047188805972263756,0.05133469496255304,0.008017365488786826,0.0577940587396909,0.054129014032056055,0.8104014303641651,0.7876390107718666,0.9921875,success,
PAT_829_1566_135.png,0.677447986696074,0.39378944312176994,0.6509810115556588,0.011881817460613505,0.08649491676497309,0.051513120682623606,0.01138353494384697,0.08126063521197201,0.04808120422160196,0.0027807328359049028,0.07166662295051368,0.049384163594960784,0.6071029202232927,0.6441259686989651,0.92578125,success,
PAT_50_76_728.png,0.6636008076489956,0.35488475881150006,0.6532500902201371,0.04279389101458203,0.11546479455020467,0.12999816421530297,0.031203589201647394,0.11133106215204606,0.1207977358286474,0.013223218296391082,0.16239960788838573,0.1257140444533401,0.5567811515439673,0.5449301571309753,0.87890625,success,
PAT_1786_3420_346.png,0.657030338319963,0.16982705873603068,0.5085160650815644,0.03549927642434287,0.032602599044623766,0.03827711453777498,0.03028402512182484,0.030305426819531134,0.03569059069404195,0.00849013010975502,0.010554896526451474,0.0018935097961354508,0.644329588453345,0.639790079041095,1.0,success,
PAT_51_78_959.png,0.7201534236066475,0.22981125244409364,0.623097879555515,0.08209044968381417,0.10990568098200679,0.05880271617665123,0.04797829520264381,0.09470501982241494,0.04763651344423841,0.02923529299083927,0.11199456266138444,0.053731347280850605,0.5627690997505479,0.4769747433882865,1.0,success,
PAT_937_1768_126.png,0.654375777679955,0.33886098821970106,0.5391244756719307,0.015131052768679754,0.10097938094860445,0.08039086475203443,0.011993400346096104,0.09056907897240143,0.07161912681076582,0.002413966951600975,0.0821965527975475,0.07621939664249544,0.8280073478035864,0.7251904799103013,1.0,success,
PAT_626_1186_898.png,0.6774399582712213,0.38092229749913376,0.765871599096677,0.011014107081010876,0.055788150180852626,0.06598266269591882,0.010046897472869664,0.05426727323965218,0.06338898056606061,0.0050944369904402246,0.06815029494477515,0.09288576823893846,0.8178105121864991,0.8193628416650709,0.996078431372549,success,
PAT_263_403_382.png,0.708727491780366,0.2557693337219608,0.4739273583839441,0.04997373197593567,0.08904104619136148,0.08214607056242772,0.04293281794365056,0.08312911064598293,0.07875309733204752,0.01519923815372495,0.0472579471045336,0.008207229382403092,0.8283343786402437,0.726965106134616,0.98828125,success,
PAT_1498_1715_345.png,0.6544514614530375,0.19877867391367873,0.7792668244645101,0.03883403371129688,0.088079845433593,0.11581311148190866,0.03351175327258114,0.07331558892234012,0.10079760953671668,0.000955987293316301,0.00048753981646376676,0.006537515033278374,0.526748198737304,0.5681815714334144,0.96875,success,
PAT_1534_1810_719.png,0.6746125722845236,0.33384188572389906,0.47013880044841283,0.017157898815543523,0.060522155014168924,0.07207969189451431,0.018395812461908464,0.060713132797865506,0.0822429883573174,0.03752256738637401,0.13523761305190182,0.21822038561351476,0.9042651557257354,0.871663753456911,1.0,success,
PAT_368_1652_733.png,0.6612235085411879,0.24659444298532526,0.6191847891989652,0.022330920111719364,0.09695108424337072,0.05031286946317008,0.013357564350373104,0.09032675349129951,0.04724099300778263,0.006843783986600411,0.07340926376087673,0.043404733614264,0.7212488252693653,0.741797733056765,0.984375,success,
PAT_1364_1246_238.png,0.5779852995317026,0.4353532583167355,0.6673447037260514,0.007158670924822684,0.054522050242279164,0.024742504227787523,0.006791430992860937,0.056236755135182004,0.020809621705445425,0.008890302251355564,0.12127190208215499,0.037131555830806184,0.8078201060882841,0.7524865524466636,1.0,success,
PAT_360_742_782.png,0.8210026866630818,0.14218466396666504,0.6060187988065053,0.1315656776810042,0.048026793930896775,0.11717568418760423,0.10244256207419322,0.04046754185401399,0.10830127977364627,0.007867746702881106,0.004591938760640596,0.030794928388772957,0.8243370334520941,0.6873820645044778,0.96875,success,
PAT_650_1230_636.png,0.6357777141686065,0.28174251888773894,0.5964910316232658,0.0432135488481949,0.07481544903230487,0.05339809449612811,0.026976016580836284,0.059177870221345644,0.0374541816732699,0.027717249243014823,0.044918093899399936,0.024221297657638363,0.7503533139442425,0.38314965450006144,0.9765625,success,
PAT_756_1496_599.png,0.6016210948794721,0.1777602819330409,0.5853391069620965,0.013794005443765685,0.0076484555457939285,0.03919937187971976,0.012369813873193216,0.004147715107699579,0.03845134042188578,0.010451086008839797,0.0011053736163917083,0.012048632574561013,0.7937534422901982,0.8192747955239753,1.0,success,
PAT_514_969_995.png,0.6212967676682748,0.11369137569395027,0.6000806665831572,0.08952365869287379,0.046457679041149155,0.024815022476483182,0.07258668986440471,0.04218604655635335,0.018907569555411226,0.01873749956027682,0.028188766537195986,0.01783679177447528,0.8987734907019809,0.8347822939151568,1.0,success,
PAT_1653_2916_994.png,0.5951450562583506,0.3949936521771557,0.5866194239482957,0.004283036449955771,0.04465174639640798,0.0617152789521315,0.0031779265383543587,0.038833938697453975,0.05536250634320215,0.007457401494318026,0.06978458402378218,0.09908571884383088,0.8433949440310693,0.7395437069701606,0.996078431372549,success,
PAT_1326_1156_783.png,0.7619125148663802,0.23820812959944684,0.4488403925802059,0.06525149969518734,0.09105537675322399,0.06733444337796571,0.06390588022559839,0.08323657770365057,0.06612550529560965,0.12715889619001644,0.15624492320515415,0.1579194140937269,0.823790433641634,0.8383714671875644,0.9901960784313726,success,
PAT_686_1355_168.png,0.6160550063836937,0.2724027232610365,0.5038911522118438,0.050897566197777085,0.06988346680092306,0.09284525769720954,0.03621880044957493,0.045252424263039846,0.08354535349368211,0.005533058756160377,0.016931132545027372,0.102204015491286,0.8723546591753588,0.8324773731469268,0.996078431372549,success,
PAT_1811_3487_560.png,0.6603386663841716,0.31566374750310094,0.7050114644704237,0.01394048102173732,0.06353918920456395,0.026019984909730946,0.011664747395650625,0.05857385154226257,0.023307679577578528,0.0062962130744426284,0.006475138156576077,0.0019560385172480155,0.7342439633018113,0.7145804911474559,1.0,success,
PAT_1282_978_328.png,0.6383320186607437,0.41435637482269333,0.6542771392876461,0.01467960605048965,0.0922868259149516,0.10275022485449554,0.011472519144976519,0.07677898097019055,0.08428799381372015,0.013294775577943499,0.029161040089238865,0.0030070536902999656,0.5532019516032978,0.5486952199628277,1.0,success,
PAT_874_1672_743.png,0.6527358785176767,0.557796434691008,0.7079322925850072,0.005340675187117256,0.06635904995518062,0.07063526901334082,0.004403304207253106,0.05994542249135684,0.06860692572067068,0.004376249405875241,0.023201309981969565,0.028154724837683887,0.9252008307515794,0.8406665144487564,1.0,success,
PAT_883_1682_256.png,0.6548072635390942,0.745736516458358,0.3384329796376424,0.016433213674523706,0.20212270061088589,0.11566791908393223,0.015892047047211266,0.18596011772479756,0.10637860043904886,0.014165888575204299,0.10537676292779807,0.054053019316265716,0.7862278297047518,0.7994486974479986,0.9577464788732394,success,
PAT_599_1140_399.png,0.7464208986742672,0.11802502008876659,0.7041268895161938,0.25674887723531703,0.07546538065922508,0.09149212436930095,0.20326805561789038,0.06363672175194639,0.07833982483053538,0.01967161543131684,0.016673906166495167,0.02428867025610215,0.8014580405614131,0.7716272810406151,0.9921875,success,
PAT_628_1191_564.png,0.6286545410416385,0.1738226987720772,0.7513947626981076,0.048672673277205564,0.03411139100130042,0.04710904755981575,0.04116520193859699,0.029807141669072643,0.04558432775341062,0.0018368016549211398,0.0057941019429173235,0.005800971025267221,0.9196553956257114,0.8623390315439001,0.9918032786885246,success,
PAT_1245_844_471.png,0.6319515090219012,0.43347092747133453,0.6591106587963905,0.011409404834942934,0.041602571902007966,0.12005647521124961,0.011256951071462209,0.04068510439509429,0.12306813591926276,0.03051464810164567,0.15600161898703557,0.24929518304182063,0.7352225670512094,0.6828746680055475,0.8879310344827587,success,
PAT_375_764_705.png,0.665278538428851,0.45266619179352957,0.535846847891508,0.019663364275954276,0.11198351341465866,0.14682469707525886,0.017143191019316967,0.0945482745782463,0.1392477293243878,0.0203345920751117,0.09047329723809955,0.1082455697932172,0.683060570933689,0.7071550717924702,0.8547008547008547,success,
PAT_1161_578_233.png,0.6036566486672411,0.47501574796030005,0.4481559063139526,0.00501169685035088,0.13973603018729314,0.07638623976920807,0.0030394997015213542,0.14885996371862903,0.07155467370100138,0.0006643143873918215,0.3228597210364094,0.09325145988282585,0.7110342174892568,0.5428130982690591,0.984313725490196,success,
PAT_2159_4792_718.png,0.7023327902379216,0.12903745293900024,0.8064627194414187,0.05579407531525906,0.045619060860504795,0.14088945339648312,0.05530282709914383,0.04593520574484138,0.1544669822378726,0.09507653564700685,0.026227848069582116,0.2724945847967194,0.8541233624578148,0.858351128147475,0.9806451612903225,success,
PAT_830_1565_911.png,0.653524625595063,0.4771075520963262,0.781862329325284,0.0050842438052718635,0.04003397873476404,0.037167188269591984,0.0035901574142310905,0.03589121603712252,0.03097169842429378,0.004308793649725592,0.04251654397590632,0.030704515594502158,0.6831875341003131,0.6008826447552488,0.9777777777777777,success,
PAT_269_415_906.png,0.625189620549152,0.36306961449844305,0.5804131538837928,0.03572161415935951,0.13910728115873247,0.10831147836916447,0.01969286976423328,0.12675539075458456,0.09134946669544533,0.01005677168218284,0.0845630186301945,0.12436407999988763,0.8996735408591441,0.8211865058521166,0.984251968503937,success,
PAT_369_755_733.png,0.6798580761519832,0.33282004918973046,0.7176647515724187,0.015832723483745544,0.05778187605378865,0.03367608329519357,0.015732604837382123,0.05696064240252222,0.0274461369156635,0.024566484559881335,0.08350041331797964,0.029167649504854953,0.8028659341688157,0.7254844395297232,0.8984375,success,
PAT_187_287_482.png,0.6760968936443917,0.30574000003760976,0.5625376802682327,0.01624252813592173,0.0630794249235803,0.0855781378242769,0.01650240731814021,0.06859051834636995,0.09429351695114484,0.03282516773268982,0.12039490563959057,0.08735581473422516,0.62767199329791,0.5589990523180267,0.863849765258216,success,
PAT_567_1078_978.png,0.6764717088940871,0.5831745121922094,0.6750174345012061,0.01755999626079467,0.14258548928153314,0.08859904145754122,0.0164869943341587,0.12247825936318545,0.07587124729249559,0.008702359598010486,0.16784621911949438,0.11273448632982219,0.8480435177455848,0.806992651526976,0.9921568627450981,success,
PAT_912_1729_244.png,0.6429388970900708,0.428890083088752,0.580582310225566,0.009269736153981563,0.034482837399803845,0.05370860891866611,0.006934767769284136,0.02754753447472164,0.04998871509311639,0.00889841446042499,0.030954804152877435,0.060365265946058067,0.8079031561798778,0.752236684480753,1.0,success,
PAT_63_1075_331.png,0.626202720604951,0.4346735289552257,0.7710187008523075,0.022165131903018855,0.12192727024170207,0.07070362210894994,0.021173202553135595,0.10728497787495743,0.054888409057393464,0.03852762669702151,0.11443664993272645,0.06168516824311876,0.8526191014556213,0.775657615002936,0.984375,success,
PAT_188_289_859.png,0.8068562266286657,0.1761208093397864,0.5758084561245329,0.11068659539081203,0.04836890362879301,0.08064769016742755,0.07800125347410061,0.04174592990805056,0.07942281549480466,0.02090714351548415,0.031513523032609236,0.03514624760474372,0.7135428147630198,0.6596092763891259,1.0,success,
PAT_480_921_1.png,0.6319424922730794,0.49259805677914303,0.8697406228704309,0.012707836142609287,0.09932400640712827,0.06345127453879458,0.011746309165045559,0.0938749308354998,0.052830408030520803,0.015647814553024376,0.0772096792058915,0.0409214197243849,0.9267065796417091,0.8719395776421156,1.0,success,
PAT_1730_3236_201.png,0.5721917920858143,0.15882808423030725,0.3503531719539434,0.10053208734240138,0.12826147405590008,0.11041483891260306,0.059383971562315625,0.13017724582113124,0.1038394480228489,0.040756689476284906,0.2604870656260459,0.1715360775261165,0.8275159052681724,0.7800390587983274,0.98828125,success,
PAT_299_1455_759.png,0.6510968054044931,0.5107917798708842,0.3951305217962964,0.00947310219521469,0.12390844668551686,0.06148818238345857,0.009066325482623606,0.12259581899173376,0.06097744903121385,0.01646002383855934,0.1752678619921802,0.10100715334694443,0.734956215730263,0.664059602509324,0.8940677966101694,success,
PAT_1718_3202_152.png,0.6160946270968396,0.44931009642781383,0.5245869385382431,0.009220719686407634,0.07489947908736544,0.0920951059365543,0.00848008744360995,0.0640834304130954,0.08440200276610799,0.00951683549734865,0.10878787788633448,0.08125400604554367,0.7480224377747515,0.7089502214149094,0.99609375,success,
PAT_1694_3110_213.png,0.6886513763222945,0.547207801002212,0.594773749868328,0.022773574104741585,0.15025057219330684,0.07740424742583467,0.022080566219896212,0.15589847686183714,0.08384656790491081,0.03710131758352359,0.38826248374487426,0.1843518134004578,0.8410476690218475,0.7976397891898115,1.0,success,
PAT_453_883_719.png,0.6643510933365097,0.4485380731605726,0.8543182194678767,0.04589446386812696,0.1171735038420237,0.052410712495931565,0.016005644317615277,0.11134129663372438,0.048794809717110046,0.007386939160384603,0.06191341674308476,0.011598946162304613,0.8360014321773404,0.7993365149743666,1.0,success,
PAT_59_93_573.png,0.6431915553756712,0.41739948441726565,0.6685541878948948,0.008628438844054558,0.04197450403943892,0.03630729022422476,0.007755326753316077,0.036964217884764936,0.03534592097167134,0.01829248957879083,0.0010123078111556882,0.012082262850563907,0.7850980499495259,0.6769632736825107,0.99609375,success,
PAT_1581_2570_738.png,0.6194870296859447,0.25133296617351575,0.6629073022052222,0.014966797353330799,0.0665858382022314,0.05896409199635866,0.011335202823994714,0.05583566585015146,0.0565968913022882,0.01237063676120845,0.01798640001959617,0.04885757482543196,0.8393474556802593,0.7285504946584126,0.921875,success,
PAT_1136_517_92.png,0.637560216518728,0.33395499463726014,0.48048587464725667,0.01279288169410564,0.08169769071459697,0.0622627456236949,0.010842252555157288,0.07611638235757669,0.05787354384164458,0.012057141094866037,0.047173468764623305,0.08204643080214802,0.786578353215915,0.8212208529230761,0.9785714285714285,success,
PAT_662_1251_43.png,0.534854758889405,0.19343739105840257,0.3432845494230343,0.15809411496200018,0.11424720602037847,0.10075831273459156,0.13643145775202237,0.10579743736211039,0.10488314697409588,0.1251462505595362,0.04868773620301686,0.24992022325292718,0.8463610392427969,0.8085508404185043,0.9609375,success,
PAT_1278_966_295.png,0.6547825696076531,0.2693937080200383,0.6317973629278644,0.014585408442473967,0.04179406003583115,0.049031463172976415,0.014093135367985472,0.039731707666208566,0.031620968454764135,0.01389819165998634,0.07324395021827732,0.012702019025164102,0.7187895145778521,0.6484626273039905,0.98828125,success,
PAT_656_1246_489.png,0.04292396820295192,0.2609371534882829,0.34963324450645944,0.3160944214640119,0.12334002938650121,0.08152064353020698,0.3728156113291417,0.12787268790044123,0.08610921351937394,0.40286963179101076,0.193711287727456,0.21583452979594303,0.7793602560788111,0.6025535193842221,0.99609375,success,
PAT_1324_1146_143.png,0.6139378362778477,0.5023928906281847,0.5812223520134271,0.011847054516385696,0.08553192354306415,0.04854166971334706,0.011022297414864709,0.07971086538287271,0.045661400348916824,0.009831360371409421,0.020632262749348207,0.016416417098036096,0.9023012353503115,0.8829314709250977,1.0,success,
PAT_56_88_274.png,0.695879599364333,0.46155444399563983,0.8894433777649899,0.02762718390931137,0.11065491984316476,0.07458668408644353,0.0241828267024183,0.09347006865475378,0.06507302138259236,0.03914105738642514,0.11454071434785185,0.02769837373254269,0.8013982216695135,0.5293278147945892,0.96875,success,
PAT_193_297_295.png,0.6436836819240525,0.2790019097412706,0.7694059766474103,0.017403982965588878,0.12106158168632997,0.07182350275479468,0.011813601102453091,0.10612750065467087,0.03799334425856625,0.014598571900937114,0.10738656435368285,0.038240705694578714,0.8493404059551919,0.603638220589169,0.7309941520467836,success,
PAT_771_1489_70.png,0.6704844212329972,0.10497073179767892,0.6694863939907564,0.12775632757762503,0.0738687591199051,0.07692422802575798,0.10510442595861393,0.06865364113335402,0.07321486090835849,0.050170983114475515,0.0338121592613974,0.005763253300714477,0.7350818708744303,0.5981618679582681,0.99609375,success,
PAT_260_400_566.png,0.647591345168209,0.5002037540995046,0.7436305910264462,0.007173560839840719,0.03937285608926005,0.053008458859631784,0.005925012259717556,0.03634293478593334,0.05226117517300692,0.003741442434418237,0.0206063530088908,0.029173678610402543,0.9362714143485555,0.8648552666503271,0.9880952380952381,success,
PAT_419_833_148.png,0.623364365977399,0.5936395804189644,0.633763574430703,0.010410353630353196,0.07065033463869516,0.07390689476398742,0.009203375791607748,0.06167817341773656,0.06950920652240952,0.005404605607419279,0.07357984042371646,0.07547824809172787,0.7328294440621249,0.4723170696823592,1.0,success,
PAT_757_1431_907.png,0.6552951002568673,0.47193703568383877,0.8059280233832664,0.007379960588031393,0.024842254581083627,0.036713253807280334,0.007029129439912586,0.02342463985531302,0.03437422205226521,0.0015730063104865306,0.01083996400492565,0.024388185225781123,0.8244781592800513,0.860015534137873,1.0,success,
PAT_1547_4231_928.png,0.6517335452818791,0.4047299682315566,0.8033339562439872,0.00794441554217229,0.06399128823953587,0.06196642496538882,0.006554667881177487,0.05630772748977975,0.05078418892975815,0.012365624554567252,0.05152044180823451,0.028642380169271675,0.9446526232988572,0.8985374314575724,1.0,success,
PAT_445_871_524.png,0.6499568637848526,0.5525521450190815,0.6051980523753125,0.014201942629343092,0.21590835506099088,0.10328369093339991,0.01155791036915766,0.18266601264761667,0.08622434294345062,0.004396456308998451,0.20672313592779495,0.060245718640503765,0.6069995589261294,0.3944010185261725,0.7578125,success,
PAT_904_1737_511.png,0.6474707460881506,0.34906440995489085,0.6981602159842345,0.012156634915163531,0.11032474662796284,0.05517082506234864,0.010470311982989075,0.1033477365942177,0.051972663451700964,0.0001191463218297094,0.022997888713677583,0.011017425034504091,0.8790914713444102,0.7798841636204931,1.0,success,
PAT_325_1506_440.png,0.7001216571958113,0.14272536328690258,0.7041266508518309,0.014827355317858566,0.02232266309764944,0.014155930314112936,0.013212547260241214,0.021881025440123,0.011763745535351987,0.0245305397590073,0.00910999771794499,0.003377473249340679,0.6257203614901026,0.6320368674083853,0.96484375,success,
PAT_866_1649_674.png,0.6603738354181362,0.3450396934258837,0.5859640905751476,0.01151766907914313,0.05344526293301023,0.01649464079171947,0.011538112312178734,0.04941849627076119,0.012747117901433036,0.023246907780381795,0.004661891722839762,0.01661983817105972,0.8931002776990169,0.8195056529754015,1.0,success,
PAT_471_909_344.png,0.6455289901029786,0.2026910313396238,0.4149407779019695,0.03984574227854903,0.09628183369913058,0.15964159396394784,0.012202330372816698,0.07665485622321576,0.17580362266149643,0.00973818084870454,0.02785899828773955,0.3398087591443526,0.7615364244898459,0.4518667299148811,0.99609375,success,
PAT_1575_2516_618.png,0.6933401963815412,0.27067225495080943,0.6544466914817746,0.009023845068974986,0.055393168018548385,0.023358463741624695,0.007318972246556357,0.05599408931605225,0.01704814406237529,0.001779835948697755,0.0828597066185931,0.014355471510211548,0.6815431000635302,0.7534442660627215,0.9078014184397163,success,
PAT_300_1689_862.png,0.6533085284310001,0.39460872637343225,0.5479526585408939,0.014148879819954613,0.0556678222279607,0.05048155032323201,0.013468271638161198,0.052176649518897285,0.04638654728065184,0.02900192183533521,0.03692854978364302,0.02776561353318896,0.7722431848273769,0.8082125911861804,1.0,success,
PAT_753_1834_712.png,0.6065733165600089,0.7317062089136885,0.8488307705413809,0.004025730121797922,0.06292553430752393,0.0779950913114601,0.003071991873699579,0.04609458508803945,0.06371482203333625,0.0034422776273690344,0.035489355778035137,0.06460643631335627,0.49133253599623683,0.4779326127217819,0.9829059829059829,success,
PAT_263_1480_753.png,0.6411739043560837,0.535254209089253,0.6773847995779592,0.014565170206430065,0.0745214431739482,0.08412439483330472,0.014766163774508399,0.0690114121515534,0.08233385282454449,0.02938039954422567,0.08659698115509945,0.08249145751513587,0.6121753943764323,0.5726109489818714,1.0,success,
PAT_1312_1102_578.png,0.6268653440302108,0.18225632554713952,0.6153120477760287,0.0191048173026127,0.03909305651296467,0.03570900084716907,0.016809876773011205,0.034848833738728435,0.03504293374894497,0.014840504704409814,0.04783169596680062,0.05926526298301826,0.8815964435842336,0.7161295364324797,0.8984375,success,
PAT_1033_153_301.png,0.7465315726948195,0.22043510402365615,0.6379184707994509,0.017049410700365746,0.026517171485199373,0.015895046401524192,0.014727181079818857,0.02441966562032461,0.012391919542068822,0.0064938818378526735,0.01595063080853279,0.01302870628120334,0.9332484974239159,0.8873921133407626,1.0,success,
PAT_972_1843_756.png,0.6409320295687889,0.2739683184953318,0.3849315012805398,0.05881591820306934,0.08039612690819431,0.07756494206946224,0.051220659327368585,0.06732214255193744,0.07763007571365477,0.056974363621351484,0.07635492874149394,0.11821228129819789,0.7196080881350593,0.5898037741860765,0.96875,success,
PAT_1245_845_32.png,0.7930968712844326,0.22347000450438026,0.4907619986578785,0.007967081389455108,0.015605562094568403,0.02401824790705161,0.0035552684353737513,0.013259526656524901,0.025107336083536373,0.000363226865833926,0.005338386313428256,0.008870922898882194,0.8223956848215459,0.6767498420261844,0.9955357142857143,success,
PAT_716_1345_460.png,0.6600001149421647,0.5577022246207352,0.7286002678339429,0.00637031495489809,0.09388442300261822,0.11239431246751354,0.004928044760044944,0.0877757855475684,0.10633201243017922,0.001245780940983031,0.07454018657131467,0.11008330968628444,0.8787180094786731,0.8536601833420719,1.0,success,
PAT_2088_4525_507.png,0.6122661037427161,0.4937209961214182,0.3935754271813359,0.01069291794455354,0.06350539826346382,0.08169576503377149,0.009942262401498455,0.05357444810279647,0.08227963588223136,0.026485398028680704,0.040463209670990485,0.18414358702985317,0.933228714422744,0.8236939603742501,0.9901960784313726,success,
PAT_161_250_197.png,0.6651582650892169,0.17016611787619437,0.8394890277032457,0.026066423410187837,0.02030943086241313,0.028884171073132587,0.02373312814671558,0.013862550176325875,0.023972508047514433,0.018819615734650658,0.00460526744339268,0.014502623335424736,0.7091477680045675,0.456493550366977,0.9765625,success,
PAT_665_1261_17.png,0.6382233623955968,0.38161157159340287,0.48103726620928255,0.021383484567968316,0.09704429366216544,0.07785280181825019,0.022768633373256308,0.11091958534001065,0.08120729591855382,0.04706457195880229,0.2163132554137428,0.12430855601881607,0.702148611107765,0.7310291615833768,0.9296875,success,
PAT_417_828_723.png,0.7013906850597281,0.16466700150801258,0.4414244126324724,0.19151720117497145,0.0842940035329084,0.06999648266275264,0.15748430672830577,0.07111071218979219,0.06690114599541286,0.10647890754562753,0.01825363263888452,0.06749869279178883,0.808886847928608,0.6635804407338554,0.984375,success,
PAT_1332_1174_839.png,0.5750487906818768,0.34131576312723355,0.43947018535097127,0.011530075572102144,0.06623716870584226,0.05347559729566682,0.010510930093573104,0.06092168088100828,0.04745601722535046,0.007815245949025338,0.017361014711215483,0.051503954079778536,0.8322396088485404,0.8772323223167835,0.98046875,success,
PAT_14_22_850.png,0.6393988733118176,0.6079515694619075,0.6698399587769035,0.008580171453239346,0.09554568165229015,0.13571140884369592,0.0071925388326847745,0.08239546402243102,0.12215876251762951,0.00394237953019301,0.03391578477197632,0.05922369021812557,0.7435664947217955,0.6730247016634207,1.0,success,
PAT_272_420_10.png,0.6153790246143587,0.36859952601284457,0.688164007113033,0.02940208618525152,0.12243324814144436,0.10026309864865145,0.023868977039187736,0.08451956598559877,0.07949394277501937,0.02166504357959427,0.039138903480003095,0.05848745215054041,0.7559079299214202,0.6388679094946608,1.0,success,
PAT_1223_770_120.png,0.6138281176042174,0.5540893744432446,0.5913086842777312,0.007996294544025036,0.05581432130011944,0.038667036496158796,0.007738815401810727,0.05149475540833682,0.035595017594458496,0.012982211555641972,0.1099518958003351,0.07748250439690885,0.9505779013242248,0.8643749105656524,1.0,success,
PAT_1726_3228_674.png,0.760508246944184,0.08095017778907287,0.4927293645570189,0.21039519700758239,0.040445059169667015,0.08852109851526051,0.18444862267157422,0.035481758835204075,0.07142236239773461,0.012921514065676515,0.01817575215279635,0.0034573546777983966,0.7412805904289184,0.7344726117793979,0.9902912621359223,success,
PAT_73_111_609.png,0.6413968802406964,0.5076719545812367,0.7433035418735519,0.013300651411370027,0.15981749513785004,0.08078631129861186,0.010876126701330773,0.16718132155360854,0.08206779871678702,0.004223302579808951,0.08428963312343069,0.01070806919348255,0.7795641728515774,0.6800166782643036,0.953125,success,
PAT_677_1348_657.png,0.7013451706213756,0.349132678318633,0.5832730966297637,0.12135571675636611,0.1460925419736744,0.09253895655059524,0.10506018064723185,0.138940995677897,0.08679061104556257,0.04154199003507178,0.07231964531695878,0.03822359289277699,0.9326999230454123,0.8492042195555073,0.9918367346938776,success,
PAT_100_393_898.png,0.6433387977370199,0.38578553372568536,0.5312876370060219,0.015095636676785314,0.06703903380033789,0.09412323075736738,0.014080117433190839,0.06254452471626937,0.09177345817791566,0.03251267739779454,0.147218887555022,0.2104490576718493,0.7540073272728582,0.6574756909774913,0.9841269841269841,success,
PAT_1492_1705_728.png,0.646535681185823,0.4015891775474492,0.6301373895095795,0.011023166252240306,0.07453134416695326,0.06469428007340475,0.01123742045099139,0.07053098547823532,0.058184467238344736,0.01309461991164661,0.09297589096803771,0.06758295649344148,0.735393910893812,0.7945074225264928,1.0,success,
PAT_720_1362_700.png,0.6345640295140875,0.229769537223732,0.46522106308991557,0.1549213545692415,0.14778247273839915,0.09847848016260892,0.13548806770496946,0.1377083010559459,0.09072699050980122,0.08746622433705661,0.09462939237086485,0.08014228309422405,0.872184097856596,0.8339734962878219,1.0,success,
PAT_439_859_84.png,0.5991270504041049,0.45042872408682993,0.7731563668700836,0.013413476125984588,0.08523763806448105,0.07125585334210094,0.011126178387236892,0.05511663767802026,0.03756062952898034,0.017454765481662964,0.07103616240360716,0.053162154185771304,0.6333361838101567,0.5252309598956882,0.9921875,success,
PAT_1547_1876_839.png,0.7927629465030672,0.19222081021856188,0.551993979976702,0.1208122473855404,0.04699183193527251,0.06712033621617415,0.09787297166342628,0.04110349315526241,0.06119873870872318,0.015208520072472866,0.017607365439837236,0.00870977081529034,0.7523570729736724,0.8513040108902815,0.994413407821229,success,
PAT_2079_4480_586.png,0.8796946090109914,0.1108211173961128,0.6271689149649226,0.3469652606221328,0.036400943103234204,0.09197539750907846,0.31704301556954173,0.029030639502713753,0.07954021695298305,0.132829461056251,0.015062750747595749,0.047664835141808415,0.7605731941309306,0.4713774742622842,0.9921875,success,
PAT_876_1665_569.png,0.6715503658231748,0.31315223276261644,0.6836558400389323,0.014701528824060481,0.07701787188746972,0.035526356886528145,0.013710542926239341,0.06859434076661253,0.026780487169878422,0.021885096274099347,0.0031895789356258253,0.008349288364968399,0.6464841951158263,0.7544914530265131,0.91796875,success,
PAT_237_363_858.png,0.6535059865183925,0.2642949461997452,0.7083824851570306,0.021300848274053256,0.055888299744384126,0.04775916172775049,0.01960325886974731,0.050371953504480364,0.038302940470571256,0.028289292567854573,0.011639752788855207,0.04216676444378087,0.5978691170762264,0.5191294758785243,0.7890625,success,
PAT_388_1592_576.png,0.6443312044440723,0.36662033068445965,0.8030523828278849,0.01654220467332958,0.08902954419748055,0.06648766276917509,0.010261060706117918,0.06604592781293049,0.04011890690049678,0.017478989281453514,0.05203535139359805,0.021311978301182033,0.6187576819544685,0.37418857588366033,0.84765625,success,
PAT_58_91_845.png,0.6992486048083695,0.3415868062613732,0.5774833030251421,0.013882620000299635,0.08916938370931314,0.07045744971396567,0.012411395801509873,0.08310949959925228,0.06345845523772203,0.012549111750784034,0.12697980549675805,0.02687163392650571,0.8684251345594736,0.830724603262815,0.9954954954954955,success,
PAT_36_50_14.png,0.6480278740015136,0.5156928362710516,0.5324013267763013,0.009254579456986631,0.06430714290778888,0.07495791842170954,0.007394605642567804,0.050178253758698714,0.06351656011657367,0.0026788404540507176,0.001669244071856979,0.04857713827198351,0.7724134869102212,0.646423917323757,0.87109375,success,
PAT_201_306_781.png,0.6557146063087013,0.4397178574599101,0.5516690854246451,0.009308839841036738,0.10753627946046618,0.09450285501961402,0.008215190013941696,0.11618926607877823,0.10160836447440474,0.011509372695474853,0.030584822984200788,0.002547466750690286,0.740179001859739,0.7751612380459028,0.91015625,success,
PAT_771_1490_334.png,0.650733662508701,0.2193467229369908,0.33445595237613535,0.1856444705812779,0.16285684045341983,0.09765617439231461,0.18764406521864144,0.14907382676033928,0.09200174775240928,0.026523208035296068,0.024120260312128494,0.07818360293117232,0.9098837424837485,0.8407675712581536,1.0,success,
PAT_84_128_233.png,0.6548125816142957,0.4968469906963871,0.658985331374678,0.008982297561223833,0.09938409282268361,0.08566701021705016,0.007911211896787108,0.09435504230187274,0.08270228445174897,0.019251314365650054,0.075439933468613,0.04076134247288743,0.7453161230318971,0.7258640997454163,1.0,success,
PAT_1301_1063_739.png,0.655815236046285,0.21029087033043306,0.7037709526288392,0.014187378150644823,0.04206167198300947,0.03316463308262292,0.012114196392016705,0.038004779403829105,0.025924426123497383,0.02620154228951582,0.043023642577888516,0.0030279985658747677,0.8132809537737533,0.6575110771495115,0.9921875,success,
PAT_1401_1374_593.png,0.6261660922607851,0.2586791052403188,0.551379429552447,0.03455596937576581,0.10627102424757494,0.1175407492492612,0.034852684592715004,0.10355816021828976,0.12291929902209416,0.08566387954968277,0.18076023857860984,0.2236602323300051,0.7953345969975061,0.7975784080134362,0.9765625,success,
PAT_1184_678_86.png,0.6346511398487713,0.2324535002669995,0.6143285873903318,0.018386143887854572,0.06949756559723343,0.06112034808960413,0.015306190464986772,0.06250582421590867,0.05468802667103619,0.021118286907563545,0.03943370066011517,0.052861234748792785,0.9361051794185741,0.860755410371638,1.0,success,
PAT_478_1829_141.png,0.46896075176206037,0.07601352209017638,0.8022921344207059,0.20343952760496017,0.06362918231768663,0.07584632957183406,0.18138731335075262,0.05899648747217676,0.06932134606661973,0.1092006874900462,0.07103821255885316,0.0625368425715006,0.6708277422476422,0.5761765901335397,0.9758454106280193,success,
PAT_181_280_417.png,0.707241847351531,0.16518359177444417,0.5839663480019518,0.037120661413314236,0.03073891917934041,0.08383389924399202,0.04530820966639359,0.03373159906602051,0.08410834171130467,0.06403573810590078,0.053151428236954096,0.09948231182466083,0.77514321607517,0.6138716321534813,0.94921875,success,
PAT_364_748_278.png,0.6986737309199871,0.2535836770132407,0.542046161638087,0.0598756540040766,0.10313637059026443,0.22081893473062558,0.05806775181763257,0.08810887385311718,0.20082841704112306,0.008008075558809304,0.04790135039131674,0.02739389626426858,0.6685706932936661,0.7064668903781344,0.863905325443787,success,
PAT_251_382_576.png,0.6385561270207407,0.15357007000330997,0.9771627169386273,0.027937734939760976,0.019915975144301854,0.03256150414278095,0.024027418809896183,0.01731433655152186,0.02987041858013278,0.0152836881863981,0.017132146468510523,0.02174424685355214,0.8913229179228721,0.7481724678949166,1.0,success,
PAT_1249_861_810.png,0.6055461591062733,0.4217771130110395,0.49485874400721114,0.009976983096887404,0.0660379283347146,0.07609908790219261,0.007905415431678376,0.060026722341131065,0.06929854364409367,0.0017616164989182911,0.011656609403803642,0.04475112345569027,0.8122686652948916,0.8250085784166536,1.0,success,
PAT_191_293_314.png,0.6426739609095217,0.19547970162046935,0.5286606772501236,0.042546298077581333,0.07599772794943119,0.11536200832841567,0.04086879991475931,0.0644733132480806,0.10841226999389272,0.02502728192825714,0.018592791180617713,0.13127233811818584,0.7000477728657473,0.641471151021328,1.0,success,
PAT_573_1090_164.png,0.6064000819646145,0.3813442174758621,0.7812843633164724,0.01629829270682123,0.09848726538284998,0.06307229836586348,0.015820422891935335,0.09776700308553539,0.06152671013033425,0.008799030855207708,0.012965070945455126,0.00027298440593392925,0.9145759782841093,0.8600638070885231,0.98046875,success,
PAT_1928_3876_437.png,0.6753573042279527,0.2095736129001479,0.43799174657697626,0.036746668303126354,0.08080662379776285,0.1042797784466259,0.021271739812190542,0.06258875287530741,0.0911230144330058,0.0541799125791706,0.019263635336127988,0.12655639622244952,0.8212184996323344,0.7005438416339946,1.0,success,
PAT_834_1572_430.png,0.6319266415336832,0.45601826915505156,0.6635722497834475,0.024875825606464043,0.07027277393326622,0.07840227127153915,0.022797770262132373,0.05670944739366415,0.06121524083319646,0.006298879982183239,0.000193136554240525,0.060189866528045255,0.39692114921696997,0.6221706361035517,0.78125,success,
PAT_1310_1097_774.png,0.7945511300223059,0.10921960271158805,0.2862207737698442,0.25497891211217355,0.10709026806092305,0.07196033048375997,0.13339487939248068,0.10842025538666555,0.07349176186149582,0.11663249749991422,0.10256816256341973,0.13857837646700522,0.8006991796471565,0.7933334270426574,0.95703125,success,
PAT_318_677_278.png,0.6847908270474173,0.46246036645542776,0.6456057685442993,0.005664315930828231,0.09762070578783973,0.06316472865484322,0.00470564630914167,0.08908448231894157,0.04972903347751042,0.0003299694961673557,0.08553603300714563,0.033149880583602465,0.716231298018601,0.6116649320443536,0.7604166666666666,success,
PAT_46_879_386.png,0.6463428355493788,0.1758622284934422,0.7332934956654047,0.006427984116106634,0.008304278861761244,0.024196393956812185,0.002044928818271071,0.005323826795404912,0.024823795431078547,0.0003934636670239892,0.004029124052921634,0.011253277330629197,0.7402242618317374,0.6463242496487909,1.0,success,
PAT_1411_1415_723.png,0.6115954990496798,0.36644339961888883,0.29870823265031315,0.014425288620057694,0.08574860165128301,0.06623674018149651,0.012187098278978351,0.07671564628629815,0.06838430859565103,0.030479453672185505,0.1790743105691275,0.17687472780659685,0.7208607849173887,0.6977303574155296,0.921875,success,
PAT_641_3704_317.png,0.6219329285353528,0.42270666422964837,0.4847601313959038,0.013340192073461031,0.14493165105799205,0.10329580612782638,0.011880379351699942,0.15368998653820848,0.1067314583606707,0.02011379468802777,0.28915479520617693,0.18262432238560888,0.8183209393391115,0.8642551918179758,1.0,success,
PAT_242_369_930.png,0.6721714772201491,0.5199870238304164,0.7644910310204907,0.009588387523976921,0.07029855119521107,0.06134493881703457,0.008368261312654295,0.06039748152450477,0.048963078003835814,0.006456006058908375,0.014745658248650706,0.018747746724109726,0.8288261494026263,0.8684497166040732,1.0,success,
PAT_13_21_350.png,0.6471275472573706,0.6354141330400892,0.4911041301967179,0.005872584148217441,0.1086829118026164,0.10467621465027635,0.004049157012303055,0.09236924909663971,0.09880286376425942,0.00021627876438488317,0.06354293987143877,0.06940762678408224,0.6893850392092424,0.7408585194874471,0.93359375,success,
PAT_1495_1708_278.png,0.5345056143257011,0.1449824806124313,0.5469651458451164,0.03350988228798622,0.048766274094784096,0.05353090921053142,0.02705284409682648,0.043272657135140946,0.04470420276405848,0.018365010729612406,0.017214346462025687,0.04716644652606383,0.8329175017876798,0.7312361820403243,0.95703125,success,
PAT_248_379_695.png,0.70050959741133,0.19412244349794713,0.6929540309274395,0.04199684294071171,0.06045609362136974,0.045642962351988545,0.03817551267093999,0.05742863752729603,0.04775185244943155,0.020086128008222518,0.01971884212206937,0.015164100619557752,0.6581493917626396,0.6088960138704091,0.9928057553956835,success,
PAT_1345_1223_175.png,0.6137536517609632,0.36411233199112364,0.4920003060817197,0.015776573111450434,0.10339679517401772,0.10341415474582184,0.012841610953839976,0.09816295773694644,0.09966756143169857,0.001700429729241964,0.08317270189624831,0.10501831209110152,0.879198913547786,0.8335738149014628,1.0,success,
PAT_392_792_22.png,0.6279937973727924,0.6217112039163473,0.71857241629633,0.007613478831466277,0.08701084649887489,0.0800573627420338,0.006569531130972873,0.076350205839027,0.07162087321814768,0.006474208490837125,0.0482353845927771,0.060920319597789985,0.7578988616607425,0.5542013831638759,0.99609375,success,
PAT_146_217_187.png,0.6394067762867338,0.482682309787739,0.5331520888960811,0.01497358822676964,0.09399967564337812,0.09279277690063893,0.012097433927666006,0.07537971562197744,0.07684498811227986,0.0025736489000443108,0.024369930298145714,0.0332812985250065,0.8132683042883483,0.7166777660577881,0.9878048780487805,success,
PAT_367_753_130.png,0.6222601366396953,0.40909404338832017,0.6283005357237574,0.008308788241694709,0.06326059923115836,0.07907802458319271,0.006217213135267294,0.060387088925507565,0.07769289971871494,0.012062126190081004,0.09738010658896784,0.08844640097954537,0.7042897963132893,0.5047638862561701,1.0,success,
PAT_570_1084_637.png,0.6830626720714718,0.283363913929522,0.720709469831577,0.00886785762304466,0.0483402844625663,0.04041469836414261,0.008652559006171807,0.046395841036118116,0.036396056294841515,0.002756005488451526,0.05035440463917776,0.028069026954509857,0.8664156780242538,0.7792913798570255,0.9944444444444445,success,
PAT_570_1085_344.png,0.6795221095728762,0.27341386059470846,0.7244045792111159,0.009333436544286939,0.05256715815834894,0.04583457098898129,0.009230684011894402,0.05340993466419093,0.04381801085833478,0.0024557081414086053,0.054511157557657675,0.029342837301448044,0.5216762119387186,0.48488238455213456,0.8955823293172691,success,
PAT_986_1855_702.png,0.7171360705493628,0.2499730139863799,0.4866565001906214,0.09399595549837159,0.112253431792415,0.08919966868958816,0.08645424944156693,0.09969142456871784,0.07844330680782158,0.0011748278115869463,0.020283226510387886,0.0011243766779736597,0.6494917532099027,0.4529693933640848,0.78515625,success,
PAT_1671_3008_622.png,0.6964257238550036,0.15058235054181393,0.5729603208579109,0.08323445166111856,0.07246730676511841,0.12297358964371205,0.0543565325755193,0.0644218291628083,0.13032079915314093,0.1065097318152455,0.042664151876970924,0.22755198158727208,0.6608718963354996,0.4692910093546934,0.9921875,success,
PAT_370_758_322.png,0.6233450606600294,0.3901832949829882,0.8621624677955435,0.014692538274269522,0.04657399495294337,0.05159436522013645,0.013788652778657711,0.04115428741301165,0.04847188104043247,0.007600495608781601,0.022130370999337956,0.03885621054302191,0.7835789554180037,0.7819427128214219,0.9553571428571429,success,
PAT_1063_268_919.png,0.6464950988229391,0.25194606037371026,0.7950716472477345,0.013877571190463792,0.027318104666317913,0.02549867024527449,0.013363387166353225,0.027064997302794776,0.02133054641031027,0.024079858085410185,0.03920843771154303,0.0051622576647936125,0.7226642576194997,0.8291014404801061,1.0,success,
PAT_422_837_617.png,0.6292974186117534,0.4096221917012819,0.514272075572826,0.02856864308674226,0.1743324844212235,0.08211741697955274,0.020460820836073867,0.15155318214315375,0.07683804092770287,0.0422224375932835,0.11228303203741635,0.034280081289919107,0.7412252838183971,0.7991711482171253,0.95703125,success,
PAT_662_1251_380.png,0.6231583614628493,0.5207191773721663,0.4742783080423493,0.017482020170663765,0.09232769762271692,0.16575540172108824,0.015550375867129797,0.07686370393890464,0.17060495525289474,0.021156320191333736,0.02292749608732636,0.2585116190616932,0.8477548407295814,0.6633146029142438,0.9296875,success,
PAT_575_1087_29.png,0.6459530517701109,0.3642793247561603,0.47207730385685154,0.06701300362242218,0.12950924246005585,0.15992506242705462,0.03883795887854032,0.11137649623628261,0.15570552110710395,0.015209251177741282,0.029579015681463983,0.20006108773166797,0.7791473537956202,0.6486007200460372,0.9337748344370861,success,
PAT_383_777_129.png,0.6810475920625949,0.2816706260620875,0.653741365986644,0.03983836971083019,0.07806913779343008,0.07305349894550735,0.035652209741599813,0.07117965553366488,0.06514908576288811,0.030763047525877753,0.05521616529469067,0.03941449753212134,0.8709440866655711,0.8189275918881012,0.9765625,success,
PAT_1089_375_60.png,0.6285478474964346,0.27938175748539495,0.7374016560234806,0.018764520592181227,0.08583262324455984,0.08758157289496818,0.018643406422012964,0.07831201687374163,0.08288372912388786,0.032425303257280075,0.06827504556985953,0.03470618711377427,0.8957157354033939,0.8369362412247907,1.0,success,
PAT_388_1589_976.png,0.7161503413767122,0.15900221168274706,0.5243425717792495,0.11246494088002408,0.08364986103569595,0.07399371829528173,0.07925694484033542,0.07789609389452237,0.07129808558880218,0.046038541595743256,0.027903738731400257,0.0015849103622799232,0.7487882647811499,0.7628119241576752,1.0,success,
PAT_545_1031_428.png,0.6812150353119727,0.24230916295341492,0.6120971027043717,0.034720139960520764,0.09593979942077986,0.057164841480373305,0.026619886617187595,0.08985280646004006,0.053937088589504245,0.019374866032566572,0.11476909091206411,0.02452225322444712,0.7583209100264032,0.7142784096536839,0.94140625,success,
PAT_406_1542_754.png,0.6290153220208489,0.49103764380503406,0.4372120666688296,0.01899478231300635,0.07167548869574066,0.04538621846369793,0.01777556596515483,0.0639812654634745,0.03986085518485906,0.02176797313902199,0.050302026128277444,0.051181376651293575,0.9353057209631719,0.8802192916225389,1.0,success,
PAT_872_1709_526.png,0.6493265892820387,0.18415772939009858,0.9388027299317517,0.008070181909733881,0.005774356850899558,0.02913672419120889,0.006956313472214984,0.003854767448502551,0.029240098980566183,0.0016540284487376767,0.0031822764340261323,0.0024599806702819693,0.6217353407290016,0.6151046677552909,0.9619047619047619,success,
PAT_1241_824_82.png,0.6095854078975633,0.4077742201491204,0.7889760868231994,0.006203669132900829,0.04175694959965487,0.031046716979440222,0.005548443388695603,0.04712256161772565,0.03397240444812008,0.004636857479273636,0.11187389839422762,0.05663839135771476,0.9205687325460381,0.8783676962905433,1.0,success,
PAT_949_1802_582.png,0.6322422311893778,0.1415087037421131,0.41673715630664343,0.18135992109410662,0.08179485991589909,0.08405359334574625,0.14850759923860682,0.07622603585434226,0.08293561919820058,0.021418170277168733,0.06430253266955,0.1377365813749577,0.9185188765119323,0.8620826747980374,0.9921875,success,
PAT_169_694_411.png,0.7380337012533124,0.30960741268923336,0.5322422411744119,0.03981287628977925,0.09124825514535716,0.029998036227227912,0.037615401376301746,0.08562927825170528,0.02285327622236126,0.06466690122224723,0.1057975759053578,0.013088993283076666,0.883866488314355,0.8285845835189367,1.0,success,
PAT_537_1014_452.png,0.2245604282225862,0.0728718913179761,0.6133249102429531,0.20149049123900936,0.03900208992998407,0.07677694199692695,0.22047147881763857,0.036599512246452,0.07402363233347403,0.26590178428483946,0.005107183137768284,0.03036357407149437,0.9091171100783064,0.877979302703905,1.0,success,
PAT_632_1206_634.png,0.6766551020894016,0.40748053345317986,0.5800446473663842,0.010515079249562582,0.07981096136142958,0.06905193754140648,0.00945292671821476,0.07253782609530808,0.07502004499409488,0.0024866579746731393,0.018677595059279295,0.010144222148467663,0.595158333925806,0.6745579750622898,0.95703125,success,
PAT_1184_676_904.png,0.6487718467640882,0.22450835041206996,0.7506191950464396,0.006276450856546808,0.04893900986827096,0.05571824724054319,0.0047206245257262825,0.04733653010099537,0.05019151900727101,0.005455131839297107,0.027676134493003157,0.01642412813078442,0.795197879215193,0.8053050976590909,1.0,success,
PAT_1946_3924_929.png,0.6120462137020326,0.4482230731327182,0.6714109268195266,0.007544118166255425,0.06809067773285388,0.06058455796879081,0.0067036275594392425,0.0729675754120709,0.061068110028495125,0.005468302185497562,0.1395054194045603,0.08626172557476441,0.890443848826975,0.7841635001329357,0.9789029535864979,success,
PAT_632_1206_637.png,0.6463095666764269,0.5527662796137978,0.6056232401854451,0.006848360173193112,0.06866430481452218,0.08454383518761682,0.0053711794227489194,0.06527286712421139,0.08159943923533973,0.0067270872823695215,0.03621473024114907,0.00015796548140134536,0.559503946235745,0.6861162981039475,0.99609375,success,
PAT_822_1551_573.png,0.6584144727786901,0.45229483922903346,0.5992476360891091,0.011423233050565163,0.12872968250025688,0.10283733793585854,0.009665607603294914,0.1176668896827094,0.09603710678509601,0.010231860525063832,0.038020970246749164,0.08471298801920701,0.8747541401255601,0.8532220204422063,0.98828125,success,
PAT_683_1297_195.png,0.6691519706408054,0.15053721865329495,0.6697547844882561,0.08513343050295304,0.06796025088695118,0.05839954161416778,0.06458166493760356,0.06209944289709884,0.048828125311342056,0.0518213241679415,0.025616195438170272,0.0038700554933808196,0.9256921848810522,0.8689791848539957,1.0,success,
PAT_982_1852_526.png,0.6148174196105961,0.17113353301982445,0.6613907219268917,0.06929650110452196,0.1047652252248553,0.08244328175778987,0.05579731740761631,0.088556980689808,0.07520768763024006,0.0115872329591072,0.03802152311743989,0.005986032313467948,0.7433976906179105,0.7046263882312017,0.96484375,success,
PAT_574_1081_628.png,0.6662974183033483,0.31705105844950465,0.712711557772601,0.03775215729968722,0.13667018476761064,0.12597696539931377,0.031790640714059695,0.1310033465208469,0.12161023245321614,0.0024613988561659047,0.052902838123288776,0.06040027631950984,0.7144411701748127,0.740166995704929,0.8673469387755102,success,
PAT_1408_1406_950.png,0.6106262350723323,0.4253970921439209,0.5235825312294162,0.008883432789994908,0.05658012364050717,0.06780852789280087,0.00657433951258613,0.04792488403097308,0.06428403786115237,0.0025534664931734755,0.025862971338359075,0.06775240289067153,0.7764011947216616,0.8518301396960942,0.9837837837837838,success,
PAT_736_1392_562.png,0.6336485983773172,0.6317406683461577,0.5354185824697071,0.012989086869532708,0.062115973770914656,0.07435542975249748,0.0123428782541843,0.0520773048518062,0.06728222462693007,0.02451844285478681,0.02169225102745198,0.030112862264460083,0.9103842263500833,0.8689649200446289,0.9948717948717949,success,
PAT_691_1312_389.png,0.617403197442888,0.2718690125422323,0.46221254888046015,0.0840378694672483,0.11896702883567575,0.14009771819747038,0.0750445512752577,0.11164876906054863,0.1406495545572286,0.05080703411032377,0.10227022944922856,0.18257554145294952,0.8778370566184992,0.819060195471451,0.9765625,success,
PAT_687_1304_898.png,0.6449386018318509,0.3824387820783987,0.6577217973056347,0.015334631233298339,0.13171284745596282,0.1047079658940698,0.012003893573937033,0.11089171864524841,0.09140171849934418,0.0012232528987167275,0.06653518197514147,0.08374591164134004,0.7981187102869822,0.8049706372660212,0.9765625,success,
PAT_838_1585_979.png,0.6105084733692945,0.31802481865906607,0.665376041271478,0.018367438830090486,0.05487403022152494,0.025991673698948673,0.017360740505092953,0.05078732320919168,0.02054355438970187,0.013540636395560154,0.01998853644888743,0.0026382769225018476,0.9241095961467156,0.8585566535454151,1.0,success,
PAT_1414_1426_124.png,0.6088759794054805,0.5189674656515791,0.381834084969264,0.010170732074783733,0.07338903526154399,0.0694482848829229,0.009155202299865162,0.06634517300502911,0.06885458797223676,0.01207547572634024,0.12053975115586552,0.13616455342200545,0.7740372332928761,0.6985334858962182,0.9580838323353293,success,
PAT_719_1361_160.png,0.6512234913374557,0.11924671198908994,0.5569090701476367,0.17505429771536568,0.06095529766658408,0.0982281644059503,0.14011249792464428,0.04561513763958773,0.09268028537690531,0.06368876578308726,0.02326220106544409,0.11637947431943008,0.7831084695166814,0.7526540670789571,1.0,success,
PAT_1107_427_352.png,0.6121592741875113,0.36573538307467207,0.4145125562304857,0.018129972973696746,0.07330362345228383,0.04610040281096948,0.01850298474259206,0.07284901621576642,0.046112516630335075,0.04462230648456643,0.19799713752879275,0.09002649219020348,0.8479130500769287,0.8225132381836002,0.93359375,success,
PAT_992_1864_653.png,0.625797799303334,0.17937052425478117,0.8508719593196996,0.018214223948287332,0.009529602272158886,0.044519778984139426,0.01760588022170397,0.008116499142391913,0.044814700360261625,0.0010505512892621028,0.0018830764454687565,0.008180769636279117,0.9158757168967038,0.8872892179511805,0.99,success,
PAT_1051_220_356.png,0.6184587310847687,0.12509478111486286,0.8312177892304958,0.017212049947415316,0.03954082074166331,0.033708118601542415,0.016414151577624568,0.03931445326645106,0.029246579110528772,0.011583495300157882,0.041192561896658514,0.01123030862980412,0.7836090834501628,0.8503698411436021,1.0,success,
PAT_1209_737_590.png,0.6440345523184346,0.5129067854072226,0.5577105467853442,0.014796327680632876,0.10457474927458926,0.07264176403183299,0.012989544682109857,0.09230097812219008,0.06417783821001899,0.01683802594909341,0.07828322393144138,0.06458463269182646,0.8323096119326545,0.7114195080008643,1.0,success,
PAT_2152_4781_332.png,0.5860740993378145,0.2395966676826171,0.45114012213981736,0.013415738935979563,0.04428147964844047,0.07518177886228321,0.009668481473906844,0.038570050415637984,0.07446076176351431,0.007309729759625978,0.029095428328045958,0.10887839584287984,0.8878160720274066,0.8923342705374383,1.0,success,
PAT_323_687_169.png,0.7674828525775541,0.12297393094504293,0.5181874749025956,0.2060141872912428,0.08185949051942314,0.06089494253892457,0.15690679044230402,0.086157193290264,0.057611528043559505,0.12263035455553298,0.009511506043952109,0.004219949096074704,0.7681913195897959,0.40986770769635217,0.94140625,success,
PAT_833_1571_134.png,0.6379240182475903,0.6211785372910692,0.5629706786535431,0.012161736204973708,0.14999738771141885,0.13632281310150055,0.007578296515781002,0.1008462841670337,0.10416718977718102,0.010000739181087286,0.019223293119938423,0.13415228268052315,0.782199100112486,0.8508415400307379,1.0,success,
PAT_233_354_828.png,0.6260642118147861,0.22794180831611877,0.5692738418529321,0.02401872018052545,0.05642885841570987,0.06765519959819682,0.023646529308655538,0.0536209359951708,0.062223838963321586,0.02298408250884702,0.05654910954723791,0.09787252623108633,0.8171698327681917,0.6830719892141864,1.0,success,
PAT_1536_1819_562.png,0.6153815716526801,0.5108279183227136,0.4580122983519318,0.004814869360290539,0.036361691665698005,0.053230942821048656,0.003528642181913435,0.03153558062897421,0.05002960094349015,0.004174343684405733,0.002271345513409906,0.0033756719956878345,0.6423567921670241,0.7677684795175012,0.9617486338797814,success,
PAT_387_1614_866.png,0.663564237111885,0.46003782275160515,0.5959783840941095,0.01709798266665085,0.14766885851947853,0.05349373600820168,0.01504616860687777,0.13562870919259898,0.04838202594284857,0.009436803187135783,0.08695365575147179,0.04024730618200101,0.8558437184237117,0.8376685994343795,0.99609375,success,
PAT_1707_3148_237.png,0.6579806913241758,0.3040891464469168,0.5570032875796356,0.011099531509702155,0.05573061708421083,0.04586494709916514,0.011859852244595603,0.05172456493278682,0.04790236464092444,0.026728285153733822,0.055986078324718275,0.06909641669164523,0.46727594277276424,0.30871395097230864,0.9490196078431372,success,
PAT_851_4520_743.png,0.5976206329806932,0.49787506560223427,0.8292270380620117,0.00842575684536504,0.11229597487299801,0.08873431569472826,0.007253072637938189,0.09823599359177643,0.07412956839430034,0.00567048463809488,0.09278618594390708,0.06760474915224024,0.7004688477603385,0.4683632244224153,0.59765625,success,
PAT_167_258_479.png,0.6495049072388358,0.7364513717699738,0.5829314754943695,0.007367320485500168,0.14640768460661405,0.0803628529976825,0.005582071828888433,0.13889924441078275,0.06705355818085368,0.0027395405074519394,0.13852710246065647,0.06238194868008107,0.8028525852530659,0.8238798993430346,0.9301075268817204,success,
PAT_1755_3309_828.png,0.6405175371765328,0.23317195403010008,0.566129732460957,0.02774557313950586,0.08651707933022205,0.03338101889242198,0.02730013282894063,0.08728842288135413,0.030906894679607822,0.013062534342365397,0.12520307060311947,0.035123653208870675,0.8398019379325015,0.7468606557667979,1.0,success,
PAT_710_1330_243.png,0.5469140953891001,0.3301091909357249,0.3328549385163719,0.06824201892382044,0.12163192030085339,0.1449421423887109,0.04946808185912536,0.10677991189617128,0.144303551374165,0.03320895939091623,0.10318384523184243,0.21209913304726152,0.9202650502456878,0.8758888547595094,1.0,success,
PAT_145_216_110.png,0.6402117209722141,0.6264506505032195,0.4914979734600462,0.048230715181468375,0.1995018441778663,0.18985801234284094,0.03347268545671641,0.16368887713580652,0.16999499396166462,0.026989310926950498,0.08916828720776926,0.1321255271398264,0.6121414328518218,0.7692646103394536,0.9765625,success,
PAT_317_675_144.png,0.6595359995918271,0.18311031020723387,0.7652403140687347,0.009294067901425547,0.010862201601640026,0.028885148309473942,0.007972638755800832,0.008930426989607937,0.022633850522411035,0.004476115685834733,0.012836731606892915,0.02168176464360272,0.6298268757867179,0.6581532484351148,1.0,success,
PAT_324_1465_43.png,0.7759827410973895,0.2296444397675588,0.5782307861195229,0.0844242137681097,0.11284461216381292,0.020237624917329642,0.08087577712622686,0.10663346274034073,0.01768428996127565,0.08264161446197672,0.12527061593462005,0.02337183635361495,0.6796377057101222,0.6968453952243148,0.98828125,success,
PAT_894_1679_640.png,0.9423873048141835,0.21195449397028449,0.21758415538911946,0.3057092922012149,0.11003616122910014,0.10128973094307056,0.308394573980846,0.0996620380872603,0.10537710635729844,0.26603963013220255,0.004835228353590043,0.15519102433451132,0.8070650329992428,0.7803779498478667,0.98828125,success,
PAT_373_2598_235.png,0.6190890021166426,0.3318160746726806,0.5548458082041995,0.008836190333321116,0.0979426930097838,0.09687466404524304,0.00720341769126125,0.09405496111962236,0.08312949218543267,0.012241067400738596,0.0004859245893256148,0.06769533097308356,0.7051316858324244,0.7905231256813132,0.984375,success,
PAT_31_43_129.png,0.6786884162383346,0.27900604885451136,0.7824540653616812,0.02403034932853608,0.09918156435842924,0.10704785357632136,0.02165381566294108,0.09253832569241784,0.10678272728232047,0.02173013824788149,0.01902849156653591,0.010728468696118654,0.8185949964220155,0.8304126558442743,0.9921875,success,
PAT_220_338_339.png,0.6325812120956158,0.6237324322792701,0.605058511844044,0.011422761110419545,0.14073610042174395,0.11132777662330856,0.009351982296774463,0.1388129273544263,0.11460329059140316,0.0017581852528565712,0.05900547377820575,0.023971778810928712,0.7861509685754245,0.6828315608237215,0.996078431372549,success,
PAT_1980_4018_929.png,0.6460018009293789,0.4135819845179451,0.7497920240893292,0.013501875900432616,0.08114098870022882,0.07671118317904602,0.01297367545301069,0.07564032028020495,0.06260157683952564,0.008305126065220965,0.006422722618839971,0.021204766168707923,0.7382748281073848,0.6772876639988157,0.7752293577981652,success,
PAT_69_1053_332.png,0.7490708803487813,0.17757580152376531,0.605797946397494,0.1446921260075813,0.05278538153858438,0.04642328452484902,0.12469961795009249,0.043946000340818074,0.03906202601632404,0.0671926694262659,0.00010000107700430805,9.149798785512697e-05,0.8479421525980159,0.8295279230822622,1.0,success,
PAT_1074_322_864.png,0.644135693245989,0.3743922747020681,0.7208801977219799,0.011842634311221753,0.07260207518470425,0.05596722317070919,0.011102505564811016,0.06854921872721072,0.05244104234348591,0.008468637180638597,0.017537032605229375,0.0016788258874639306,0.9252802801064235,0.8862072677141254,1.0,success,
PAT_213_328_117.png,0.5810109478306822,0.18242407178263673,0.660741915273898,0.009236871748249052,0.008482578885853752,0.023628782938966947,0.007082766820954573,0.004869663470472406,0.023064325391353373,8.965207050124491e-05,0.0058046546716508385,0.02138272529714247,0.9341221945916202,0.8651775476092024,1.0,success,
PAT_980_1849_295.png,0.6342695485523908,0.4664713284059118,0.5893630247489681,0.013030873905452508,0.10160773280836803,0.1824992818224485,0.009887128709834039,0.09750601717320215,0.1825344937168069,0.007819304979742961,0.018605076535765264,0.009844790325606367,0.953922978753147,0.8727019095863277,0.9953051643192489,success,
PAT_369_756_130.png,0.5493860380208306,0.26795539739960156,0.771034195763867,0.004331076624923189,0.04990072002964841,0.05245813633054521,0.002097634867124347,0.04913690763350724,0.05306237948603459,0.000726279077569182,0.01272860137546955,0.004691577942257941,0.7636618717297583,0.6775089487769133,0.99609375,success,
PAT_1303_1077_501.png,0.5988579216354345,0.5562434907928144,0.7441967427223545,0.006158226106537254,0.04758634489952887,0.07070097216992213,0.005201430027464621,0.041034763156159906,0.06466513949153953,0.001199625991622434,0.05225048891450068,0.06738373364455941,0.8389746954399973,0.8396199060939764,1.0,success,
PAT_742_1470_834.png,0.6782962239791045,0.24330489984938697,0.6089768168573962,0.07502443663535135,0.09032042466171233,0.08466547622022372,0.06210727033285844,0.08199720708705627,0.07473708858182966,0.03472026541247036,0.03271872729020575,0.028751372171825995,0.6613293986704891,0.6434403648088248,0.9921875,success,
PAT_215_330_341.png,0.721179886624304,0.3821050597226248,0.5925222988273947,0.15139170727173762,0.21070313301362453,0.19085583144459325,0.1326943221354626,0.20345163701008018,0.18460121430435772,0.04054280975933927,0.12033718863780446,0.06227837547796056,0.8491365938255233,0.8301373084216875,1.0,success,
PAT_1185_679_115.png,0.6229792240769851,0.3278806451431685,0.4611725943361778,0.008794490063132612,0.050704426323851304,0.08788707049900787,0.007590156516701834,0.04291421424929969,0.09047824683617017,0.0010179737743657017,0.046732518854377236,0.1645631551847379,0.8311200688418183,0.8127020804897647,1.0,success,
PAT_404_805_575.png,0.635824492748449,0.24704131273179494,0.5660761447683942,0.033109587052358086,0.12500297108190214,0.024636168112300016,0.027982243155098337,0.12379638507782759,0.020802061866315388,0.032262929637050936,0.11139112401495263,0.00818796914536346,0.9273544603612338,0.8990122250983446,1.0,success,
PAT_890_1693_904.png,0.9491455393331505,0.43642154261315347,0.29748840629476625,0.1755696715277629,0.03970807263748748,0.07143881674320207,0.11692611140287942,0.035878599410422596,0.0788046468970233,0.08575740726243342,0.09060560974913567,0.21389249495011298,0.7013439483495956,0.5955940421168073,0.87890625,success,
PAT_756_1495_858.png,0.6229255308290284,0.5290999066293184,0.18909803921568627,0.009529115218165529,0.043214913504371476,0.009779749847313736,0.00592651458536127,0.03528959703095007,0.008612244385527388,0.0023551844528245484,0.005525676937441548,0.004806722689075643,0.8240387052391469,0.8637809524400831,1.0,success,
PAT_1554_2392_767.png,0.73491147278177,0.18875899707981067,0.49947694741407905,0.21420765378933848,0.1136151902216803,0.1289361768195623,0.2048082783124859,0.1065740052471803,0.11841473897922994,0.04840161414106584,0.10678843859725964,0.006660082709860071,0.7954407444925393,0.6817477651647706,0.9375,success,
PAT_1969_3980_995.png,0.5979830281796837,0.2732100638178172,0.5874192785721928,0.008077304674821043,0.0589813338960224,0.029475634837705513,0.006201979420997875,0.056069458551292126,0.02628316944276037,0.004782161493308084,0.04610050127847992,0.0024288044237682493,0.9060468188310227,0.8573688598858854,1.0,success,
PAT_1202_722_827.png,0.5979160642012261,0.523418009349997,0.6219036831521878,0.011617352370959871,0.0936975037981095,0.11144100862376492,0.010372912069347122,0.0815498428048269,0.10365324617693801,0.01530992414984185,0.14630926226009022,0.16207594989589824,0.7688504685838642,0.7660077545670115,1.0,success,
PAT_101_1041_898.png,0.6308645647166311,0.5241420258437316,0.7296935326548706,0.010986270995978367,0.08383618202811265,0.09616376646141776,0.0089507362719513,0.06890951012930634,0.08357655220582003,0.007797741221708855,0.03478681185104204,0.05950258305377032,0.5846904935290401,0.7644534038467872,0.890625,success,
PAT_388_4500_103.png,0.610599831593544,0.44131623645185125,0.8302380462737989,0.009406425375703723,0.05419763324569842,0.042250112757683804,0.00871688061916844,0.05152260048237919,0.03484417524040222,0.010223716330623332,0.008418930020248905,0.012826697965040545,0.7843496239199483,0.7998555448663326,0.99609375,success,
PAT_455_885_115.png,0.6524126918117081,0.32413886760011856,0.7282481972774254,0.018108200923688277,0.03625808567561377,0.06440952717076494,0.0170405854588884,0.032197053605453684,0.05884714321988128,0.01981270258234752,0.020614408437715392,0.015638219908523987,0.9371566929313767,0.8756581892282325,0.996078431372549,success,
PAT_2013_4148_303.png,0.5954865836308542,0.32199785728193897,0.45894447546725065,0.021702098183773957,0.08711366738489386,0.03900583887782256,0.021248041387395663,0.08513133031511017,0.03646239435456647,0.03921557565681732,0.13955944601999828,0.05147973267754574,0.7645670677387255,0.805928938939151,0.9210526315789473,success,
PAT_307_1685_651.png,0.629863004629031,0.34964480312140406,0.761994162608689,0.013479307546489745,0.051283133972928864,0.08548040699840652,0.013833684232249514,0.04770727174897673,0.08939563287877575,0.011812366057054016,0.03921236136601253,0.04602561302669406,0.9219372733230913,0.8955418567331741,1.0,success,
PAT_844_1605_308.png,0.6346674930198096,0.5325341816759606,0.7035066710212771,0.0201744701696462,0.08619010802881613,0.16492321332515034,0.019498365322894205,0.08255901978226213,0.16982694245640642,0.008944493690315861,0.006545715701335442,0.014980719464183667,0.8658374903291851,0.8233614224588773,1.0,success,
PAT_172_267_557.png,0.6778330319293298,0.13764711470566282,0.5989614704664921,0.1962347364223386,0.049209847477649185,0.10297716086570569,0.18827155043004887,0.04838510243651707,0.09755746828211007,0.20279014992054778,0.08683245271232803,0.07867571785991723,0.9273755288240865,0.8790651455298684,1.0,success,
PAT_1415_1440_629.png,0.6596812975335585,0.2653468350589752,0.720049245706317,0.029919298159053382,0.07094310731181884,0.07070816981671703,0.02813839164404134,0.06596940526795834,0.06501075236982541,0.03948698115644444,0.06615934470439902,0.008876403882925321,0.9343364787446069,0.8021539386028606,1.0,success,
PAT_1414_1433_570.png,0.7870980070268255,0.12614532344250254,0.6613155253522627,0.23487693652398578,0.08450218170223232,0.10933824373898708,0.20260238672556782,0.07945975264492998,0.10114839492886896,0.18490753458912104,0.012241058878984523,0.03027140065514411,0.7564746771951032,0.7637516922754561,0.9566929133858267,success,
PAT_355_732_102.png,0.6406321007310535,0.5600046950914246,0.7397488774581138,0.014265696677333269,0.12503450333945748,0.057124638897551205,0.013582821480341895,0.12081686014451291,0.05344831008142267,0.022908796797564118,0.05334340692141326,0.01951003643629068,0.7932637810716554,0.7718704831758154,0.996078431372549,success,
PAT_2062_4397_39.png,0.6086806588471144,0.4017678387611702,0.5226159040841799,0.007287824499826644,0.1101786274823488,0.07350540178482699,0.006285347159779084,0.10959435507720731,0.07306342268144521,0.003933585209188017,0.16578465308527165,0.10798244108835309,0.9224772975799933,0.8728875585055401,1.0,success,
PAT_561_1068_557.png,0.6696612456464651,0.2984714918386753,0.5976008104411721,0.05454321818482845,0.1196137564781202,0.10393273958008434,0.03739177459018486,0.10486556399327608,0.09401329584783888,0.05340671720079639,0.11784644661763483,0.09565899348039653,0.8329402983017115,0.8231514520411357,0.94921875,success,
PAT_781_1474_517.png,0.6385995191356697,0.5133306351037543,0.8534829469766019,0.008722382462418512,0.04125366119821821,0.060073246666977234,0.007391780208648394,0.03140629053381184,0.05003756834184407,0.005494989655414883,0.006898115287317097,0.02798123444064582,0.7335442563984736,0.6939304749175335,0.9256198347107438,success,
PAT_2123_4647_95.png,0.5681804258483508,0.14564764927300908,0.9980929465889241,0.027986155545883032,0.0250658687704395,0.002039365095406745,0.027035954424903974,0.024255753063314785,0.00029205367104197726,0.014302996238118955,0.015770412567970626,0.0002644954688225676,0.8531805300034007,0.835404211347851,1.0,success,
PAT_1571_2484_488.png,0.670635724055444,0.19916135203684976,0.648968234124837,0.02216216307556149,0.057769166843736106,0.05107280193788896,0.019344348085737727,0.04984145233871369,0.044016193964293265,0.024046861507610137,0.007204367102233655,0.007360833576184667,0.8793121954569794,0.8524415524559913,1.0,success,
PAT_1520_1777_935.png,0.6625913487984596,0.27837487224873825,0.3960108680764084,0.0591460498267857,0.09916048342155123,0.12845018582779832,0.03955869697742235,0.09196659757506331,0.1344704061840199,0.05310571836362964,0.1838229613732119,0.25527643443968295,0.8759994617334266,0.7709459521466764,0.996078431372549,success,
PAT_247_1294_292.png,0.7610510413825441,0.3190181149333061,0.4794298352553827,0.03934675528983606,0.12771496087802908,0.17373879469259845,0.035090713444808595,0.1183920178119049,0.16643154932853532,0.004539310086032186,0.04895904528034034,0.056059950617125265,0.6638078053953721,0.7956945883752113,0.921875,success,
PAT_406_808_560.png,0.6214686695346685,0.38102387496897866,0.7261483778923362,0.011651919155513453,0.07994446769609509,0.07099069801631738,0.00976424064077604,0.07172971581057135,0.06192097933433624,0.0024724055633418927,0.0524665869785122,0.014819431398484406,0.9156583171494987,0.8770191111457266,0.9956521739130435,success,
PAT_78_118_164.png,0.736856199110137,0.30516984863232793,0.44006072691641984,0.15916760877367037,0.12389523310934168,0.16395630396049324,0.11676841687031886,0.11465293173580743,0.15673634744583098,0.11641746252360047,0.02179575122673949,0.030769113502553125,0.9175605272576695,0.8643257797524851,1.0,success,
PAT_81_123_52.png,0.5545171926568451,0.4090139855225244,0.6863776793871671,0.02163318333023005,0.10971240763106963,0.11237806940306978,0.019880230719173737,0.10151340500227048,0.10090076399020356,0.024336174761155703,0.09676007367558265,0.00116816929087038,0.9408048293035627,0.8872376267569698,1.0,success,
PAT_2077_4463_77.png,0.6553503895819635,0.18271379651047137,0.7766257806887322,0.01725229169426228,0.0074709661228031235,0.029878560357872532,0.015806017024644542,0.004712642894856926,0.028750060405393543,0.0015022629965352665,0.0026846583282456593,0.026556565879840344,0.8898342459796604,0.8870900766311185,0.9921875,success,
PAT_798_1770_256.png,0.6024684579830452,0.565409382143662,0.5593334696961949,0.00849045224033567,0.054575696565965386,0.050193454541993185,0.007635916844120913,0.04648102899514808,0.041540038989734095,0.007013623334366296,0.06171765530749418,0.042628020791793175,0.9238928049321575,0.8697952819964733,1.0,success,
PAT_377_768_643.png,0.7616130790553893,0.1841851858635271,0.6492546533176377,0.021144304184391723,0.01205886446284553,0.07534193936646713,0.020461713866122784,0.010817444861631107,0.07731827949322409,0.012786874167789284,0.0026913430737929567,0.03913457812678334,0.8152211174316215,0.7977421815549235,1.0,success,
PAT_920_1748_942.png,0.623163593417868,0.4894706029278966,0.7947477336660643,0.011094783300938103,0.052547149806168765,0.045448378318555444,0.010220108753400984,0.04354587381749078,0.03719227624683261,0.006104927773839582,0.005429603848051856,0.022046047223166054,0.6871269117006218,0.7504969243005147,0.98828125,success,
PAT_118_180_500.png,0.661772195244031,0.37696152780393766,0.40957048924488304,0.015300698149364259,0.11484243696269789,0.12103399373462252,0.01104807676501706,0.10140683896806545,0.11462502070446826,0.00040646259493660374,0.06146158869786045,0.1114622716855761,0.8202193209175239,0.8010449423927035,1.0,success,
PAT_684_1303_368.png,0.6302696091952954,0.24980396681575595,0.48859722589855137,0.048608658636449496,0.11884025025986425,0.1120742136081147,0.02670949815208219,0.10915985492761242,0.10955419859212326,0.013729147525661744,0.019808377325498394,0.03426548613088709,0.8200565953032672,0.7999053775511029,1.0,success,
PAT_1787_3421_516.png,0.7847094508150183,0.07462887772050555,0.5719290968568213,0.1472028224019059,0.026553125230549892,0.06335425969262151,0.11564460792256658,0.023813584768777547,0.057122641899707845,0.19019118831554604,0.011806896922777713,0.08394644591377398,0.7487362829384218,0.7970602832580334,1.0,success,
PAT_1421_1464_297.png,0.6402396414552457,0.16784565743984065,0.5744069857381662,0.03310612924756515,0.0399023325995678,0.04366171756054009,0.03099426228264014,0.03503973511337081,0.02698489016806065,0.035917292630577906,0.00955510997102152,0.011857783537663757,0.28711582656443224,0.4844244780012347,0.7631578947368421,success,
PAT_70_107_155.png,0.7476067918147362,0.160994662259192,0.40769185610679093,0.2916081053825775,0.15214059231403246,0.16539558817739083,0.26347697251381114,0.12405978710069701,0.1658390557824716,0.14594623941788498,0.029029748864028315,0.24069939024056008,0.8169821761767955,0.8299099359664239,1.0,success,
PAT_464_1794_271.png,0.6295077821058644,0.41803431372549016,0.7308504331965344,0.013572381856858187,0.06330136509584462,0.0412598455673376,0.0122301366568474,0.05237643426378252,0.03507934339290091,0.018487482230500046,0.008695674423615518,0.0059109059545107145,0.6811837032508375,0.4552012280733955,0.93359375,success,
PAT_636_1204_666.png,0.6522201401343982,0.3862318959935839,0.6431794886089357,0.01637427835658067,0.08611375536296144,0.10918786885254525,0.013150733036337138,0.07934347935094302,0.10069999330084052,0.0014886353566498183,0.051249686037809605,0.028924170265580695,0.9152436382981928,0.8746664771691249,1.0,success,
PAT_943_1793_256.png,0.7006685572096762,0.2675151510525269,0.5231043638339044,0.052422278161794206,0.10776275904232067,0.08649663078308406,0.03794436645619675,0.09798041419228151,0.08014855029212631,0.06814971368899087,0.12345128946171174,0.06556196234736489,0.854465241461636,0.7569533034509969,0.98828125,success,
PAT_522_3168_747.png,0.6146696028222288,0.21675128077430375,0.6340232955150806,0.012121459763548514,0.05430171743644755,0.03091406608257853,0.012644579338051461,0.05055768808757149,0.025845145586419104,0.0372913021426935,0.07461376325835145,0.009024149411156812,0.9182485887011982,0.855004833146036,1.0,success,
PAT_562_1110_360.png,0.6545755097766208,0.48691504368685923,0.8001763823970368,0.008884154889943333,0.10124107036018766,0.051877392971826516,0.006860203596309395,0.08502836915398629,0.03839130218185275,0.009694656543192792,0.010993277204781937,0.021742312841636635,0.9174726516538739,0.8668405271417184,0.98828125,success,
PAT_689_1307_354.png,0.6275980383488428,0.5336094963641957,0.6496872846662978,0.011704675417254064,0.07506401577059499,0.05725313969730972,0.010387306520585022,0.06738977018936579,0.05132230223683216,0.012923069877791073,0.08396646855957857,0.0037190351689002643,0.7853912520564645,0.8329385003557891,0.97265625,success,
PAT_1260_894_63.png,0.634056304325218,0.3932204885679244,0.6511419902432493,0.01023715076974965,0.0436896658462457,0.05110786848883759,0.009610264008784687,0.03213855155324155,0.03564969792019558,0.006407175802521752,0.0008466303848064793,0.03872373061094292,0.7873716496686853,0.7722049073863816,0.87890625,success,
PAT_1148_542_708.png,0.6424072914742063,0.34584036819517383,0.4582478964468337,0.023248606869797687,0.08673642859128138,0.14765818186559013,0.022398204654333276,0.07434517672135217,0.15509006736003617,0.04670979100663075,0.031032097698711236,0.2655609424921649,0.9216458439179205,0.8879387428219944,1.0,success,
PAT_983_1854_274.png,0.6092966806970073,0.3780480634896924,0.6082794948325572,0.036723008663598726,0.1252198104338258,0.1530767060581254,0.031799329210201725,0.10146628010249921,0.13965680684855955,0.006972369468463234,0.012103466688164033,0.063035261207802,0.7550184558485113,0.6941194930187987,0.859375,success,
PAT_75_113_647.png,0.6509469638852584,0.3628099446056449,0.6842994372636947,0.016786293331372014,0.05950600450876979,0.04334130141444945,0.012991808436475596,0.048969450527956246,0.030747685269246636,0.0035773843401202834,0.0001533143859894781,0.01120254731392012,0.7513739171521476,0.7725779206232906,1.0,success,
PAT_159_245_181.png,0.6535101420715307,0.18984987530844985,0.700945724149978,0.05192639705914992,0.08283765581677092,0.0783111003689996,0.047354665375494355,0.07370898516494802,0.06706782543861542,0.06039754484990638,0.00402045396336459,0.05055440358841368,0.7384024744748825,0.6371991491916291,0.9450980392156862,success,
PAT_1850_3631_519.png,0.6105936285275477,0.376179315052907,0.7869246912175574,0.010496096404086068,0.06149721501998434,0.10022508606457914,0.008433152078126163,0.04504033894215382,0.08112833461979968,0.009418160272069227,0.014953906454072574,0.005381455676529701,0.5503952972974806,0.5024210052703003,1.0,success,
PAT_78_118_685.png,0.7746458126622398,0.19876523100732396,0.5894311864550086,0.09474894125877745,0.05568036953887587,0.06409355878814899,0.06819174536596602,0.049117502384951016,0.05840843588131803,0.11130938487998412,0.014132660150249249,0.02677279600477145,0.9453862684181298,0.8779564697646112,1.0,success,
PAT_217_332_906.png,0.7124151837623184,0.20882530512708203,0.6405518133999424,0.03603364086582197,0.1043323973345505,0.12582041181381406,0.03404303396565933,0.09975993305780798,0.12196491999989718,0.003325724166171066,0.05455787423161795,0.043338145324016364,0.9077590754502918,0.8722277708241211,1.0,success,
PAT_1633_2855_460.png,0.6212826002617751,0.38371480747646014,0.6789759747079396,0.010390045410249347,0.07935034230919759,0.06755244991455742,0.008995831380453826,0.075163787917644,0.06374380377018884,0.008210921354076027,0.05186010105051092,0.05259804746301644,0.8065175439306886,0.6734328088206276,0.9921875,success,
PAT_202_308_692.png,0.6845723008492406,0.2351217041170215,0.6117059123600157,0.01573427932386122,0.09496243391008885,0.04697897143834458,0.014262575061436487,0.08721982399365698,0.04272912037672674,0.02463426164568582,0.080886284038926,0.03530620083644065,0.8362546827238948,0.8323485995720705,1.0,success,
PAT_767_1501_691.png,0.6970892634444863,0.2699962620683758,0.3850132224568836,0.03915550053158626,0.10135809536964255,0.06404770103812203,0.038323268366740104,0.09583314360805016,0.05751008429347042,0.06409401621105641,0.06715995166481739,0.04290226534627789,0.851968202159529,0.8742869417283209,1.0,success,
PAT_139_207_342.png,0.6572368123862126,0.28636098915305463,0.4520675969786199,0.1539706011186831,0.17540975180535506,0.11438417861608317,0.12043808148303872,0.14957697494085567,0.08050902918067256,0.035488420814641666,0.13862220285462415,0.0639552247602943,0.8007950775092981,0.7699431389309618,1.0,success,
PAT_1563_2425_443.png,0.6073910223084783,0.36181578409703,0.3486347154375907,0.012810336202124946,0.14747682427840958,0.11174679477514685,0.009633711274778063,0.14383306232130555,0.12001246636393587,0.0021225405235671562,0.05746384565680995,0.22391251554145997,0.9078431054779226,0.7805061529187471,1.0,success,
PAT_842_1606_971.png,0.8356286968220431,0.15211843214116108,0.550212932996242,0.2775329426665062,0.06746280018280872,0.05588363858042213,0.2227147261369458,0.058607400086987914,0.0472673386397812,0.09978955268624219,0.09781405259783062,0.02447708534682924,0.7686462317277252,0.7998769205796809,0.98046875,success,
PAT_775_1463_616.png,0.6653183868896663,0.25539918572835196,0.7540422258353582,0.02622881793547734,0.07114747530524673,0.11075119588798815,0.02383537443252965,0.07236201875837123,0.10593911295764037,0.046897467086256875,0.02868891616787439,0.05974737367645322,0.9046302247259836,0.8437330744760877,1.0,success,
PAT_531_1004_792.png,0.6335829344445352,0.4097933934638518,0.8010338598889736,0.013322851388633771,0.07771534507623348,0.07280798891976013,0.006761390224865717,0.07453682656513828,0.06619638626867695,0.009184284709300843,0.02345334338203947,0.0368945249273781,0.9613752761507162,0.8711216420067939,0.99609375,success,
PAT_1180_650_843.png,0.6520521752305272,0.3320756861335476,0.5901602211697043,0.017532388298577426,0.06295503108888258,0.056083924805360265,0.017176688772407717,0.06031466475084282,0.039093755864121844,0.021003638085521695,0.07180931198482049,0.034663216830204235,0.7213015001819576,0.7196075278803898,0.99609375,success,
PAT_1063_271_448.png,0.628592239091764,0.29734217386376516,0.759453983905701,0.026010382445542563,0.05892547312853419,0.035417039710716205,0.025018016576133645,0.0571272031443965,0.030433993043269363,0.02754440981216217,0.05013205524841777,0.021876202489844898,0.9223929860752965,0.8713922875910984,1.0,success,
PAT_416_824_540.png,0.686731425044733,0.7278129359778901,0.5827465479834282,0.008094317979563155,0.14236672765510544,0.0541102197299292,0.007930156680752623,0.1464282490752525,0.0569579080438117,0.014638201337616152,0.17169330426870422,0.021624592474767335,0.8996379704931785,0.8511787530662617,1.0,success,
PAT_520_983_932.png,0.6483365624333618,0.5169681611346264,0.5440940550419018,0.018590474181105928,0.10281015226723968,0.07802927557291098,0.014220270245885661,0.07958294923743814,0.06542089300388533,0.026375849847263943,0.0831288962272862,0.08373022139754216,0.8412747062117154,0.8473570605014418,0.96484375,success,
PAT_1415_1437_743.png,0.605044094374445,0.31849795960504385,0.675362491475606,0.01241991799128412,0.060511740270464874,0.10134050290578844,0.01142589790580846,0.06487856246737603,0.10147714470670578,0.007053915070642189,0.06798472847593534,0.046548176727864043,0.8217069164704832,0.7521039264488012,1.0,success,
PAT_624_1179_323.png,0.6311070946795384,0.4107832301029523,0.6802877610763602,0.013202193819315736,0.14043524134528093,0.06084691663353644,0.010931489621700714,0.14075566954946295,0.05223394722870881,0.0013318224842625644,0.15746666360879386,0.04324490083939758,0.9582329720623604,0.8744735489445304,1.0,success,
PAT_517_971_88.png,0.6551000710661803,0.16806962032184208,0.6052046833121738,0.10980390527913922,0.031282681718564485,0.1260592838837139,0.08108887881508972,0.01879848581393672,0.11890296386919577,0.04102682012155196,0.0012499268641059103,0.032223823707559496,0.7694756015449431,0.7251492825147278,0.953125,success,
PAT_1734_3240_299.png,0.5867360295628595,0.4963542592263492,0.8972968870327587,0.003936551527686283,0.046854309705770474,0.04313465416436306,0.0028803492903242637,0.043538962461262674,0.0374713311919165,0.005415133113732414,0.022134898668324687,0.049349017015951846,0.7014532207758315,0.7749871553740344,0.9459459459459459,success,
PAT_21_31_965.png,0.6261247773381684,0.48156664013269174,0.7524777600520635,0.007311969930531909,0.06070091260236121,0.06228891051636017,0.006295323609247074,0.056632127894646445,0.06479991293758262,0.008978437122307052,0.0008959733912573542,0.034528722583034965,0.7303998516585852,0.6986752353974955,1.0,success,
PAT_149_221_679.png,0.6751271887616526,0.18275880063563887,0.5679438361883216,0.019437125545784056,0.007665227756653065,0.04146558033225949,0.018557529097959463,0.0028762540437445383,0.04083992712617071,0.012127476807836265,0.006038724093595238,0.02900016483466583,0.4213919587989926,0.5516513827373953,0.98828125,success,
PAT_148_220_174.png,0.6309997500094136,0.23761968505736342,0.9001105293985349,0.02116216505039594,0.12475883199254155,0.0946404419810673,0.013833040439924579,0.14005702695679315,0.11068327963408682,0.0030883557927508954,0.1330933919658418,0.12750056809355415,0.3586593388507918,0.5020608047487309,0.80859375,success,
PAT_85_129_896.png,0.5456296073207135,0.28832774305252484,0.6100714119036464,0.06778988139673003,0.11187441208361482,0.1424586690343948,0.06419905567826358,0.10222953590508048,0.12894550631520463,0.04772958106201628,0.028288923363082363,0.019689634957862023,0.534377640055292,0.44335448288608503,0.94921875,success,
PAT_1577_3527_831.png,0.6197212688949042,0.6370269256527676,0.4973793172621529,0.005076723310658704,0.06273500393310852,0.07720086381508141,0.0049106480868831345,0.054089033746313436,0.07577746989019815,0.0068263958672456545,0.08853187342626956,0.11011793397479042,0.698553828758505,0.7852087759666165,0.98046875,success,
PAT_645_1461_111.png,0.7036744132079427,0.12988373441835976,0.5802772087232516,0.14684584647496896,0.06957459518351601,0.04713602610006095,0.11506525714699123,0.05852853062156225,0.04169920893923522,0.09158405632736388,0.00224274155335899,0.03842429506313172,0.6001819691586943,0.7084761302562256,1.0,success,
PAT_2140_4726_85.png,0.6442113922013046,0.45151588506708334,0.8472431284522788,0.017868672347056636,0.10802670667680223,0.057465513317580236,0.015488843167730006,0.08895969054789012,0.03397810703281834,0.021425262903457958,0.08163048707800774,0.015070801016301427,0.8679533906607028,0.6687173626201901,1.0,success,
PAT_990_1860_478.png,0.6208133402536852,0.40375440823811537,0.5703963887713359,0.014315679618744217,0.09205759800532243,0.1032011467675961,0.012853194731050285,0.08421668558995458,0.10374998031993106,0.01357429916434872,0.01290176415017713,0.06370046209022084,0.9159274141091893,0.8738268592740316,1.0,success,
PAT_553_1049_461.png,0.6215256776917657,0.1627668717053398,0.7813435108305081,0.07130183442993972,0.07818491349760548,0.043042376986648645,0.050744194553605175,0.0735470335147965,0.034627057095165684,0.08456603128514596,0.06663918062258659,0.017081417680950173,0.7482656747348428,0.7095388653701307,1.0,success,
PAT_1455_1585_690.png,0.6800632709839535,0.27479439481350604,0.46855655330347395,0.015740396187754507,0.04310653047343623,0.041395537619424716,0.014493156815503672,0.042368312491398774,0.04334070265998524,0.017517464178525365,0.009096809329471767,0.0733127952490445,0.9715046723707763,0.8628339044951812,1.0,success,
PAT_744_1404_951.png,0.6458527235786352,0.3750264465569352,0.8541228535036585,0.024421803503018893,0.07980111821605848,0.07843221817640281,0.017183502825622643,0.07811288031795428,0.07512011367061415,0.026271057565175778,0.025523022794505246,0.02486238806242691,0.9267782569260143,0.8657687083151852,1.0,success,
PAT_488_931_321.png,0.6756544539615587,0.3314554373377903,0.7083804696430235,0.019945100356589265,0.05131912427641972,0.059519625355981515,0.01818189280351413,0.04458071257949406,0.05080337279548649,0.019393692766338767,0.0239781951241253,0.07545670706362606,0.9170321279441397,0.7672437382037364,1.0,success,
PAT_2082_4491_519.png,0.6797638198145388,0.2452272275800342,0.7033886273882023,0.023586125998371996,0.07162785848569894,0.035430834489504924,0.016907709675172834,0.06759615907608882,0.024091830853125332,0.009261042597629417,0.07766273980989777,0.01491543884669122,0.9003340338409849,0.8679687257531947,0.996078431372549,success,
PAT_1701_3136_33.png,0.6252967924735378,0.3657504141336868,0.5154035670325577,0.02013156122983217,0.05784132445438203,0.04511985222336838,0.0182919790409724,0.049081390384815377,0.037361032976854856,0.015864129492458544,0.013198457842060973,0.0337992548137398,0.6446510175874386,0.7004564912049684,0.96484375,success,
PAT_409_2614_24.png,0.6812366845849046,0.32746170323655344,0.7423731067737621,0.01575800456192174,0.05395582104412193,0.04001921164156955,0.014894139052673488,0.052776033002500757,0.03141043114521872,0.026146200948525846,0.019971256404498428,0.0012238920141857124,0.9803945434029459,0.8983519570627126,1.0,success,
PAT_763_1439_668.png,0.6505858333281436,0.24350502853485953,0.4269798413064875,0.06284975157162605,0.11241410703790643,0.07516762055529705,0.05251065968469024,0.10530343871866063,0.06648305485198078,0.050242912831062525,0.09085717475250546,0.06751726333331298,0.8397974553579715,0.8038915795379409,1.0,success,
PAT_2070_4430_290.png,0.6388448865138687,0.33351713315131887,0.5665911025355715,0.008452662512026116,0.06738776213635748,0.04690175892398955,0.006909259382729472,0.0628660314861404,0.04445031167117429,0.010072484765039273,0.0011317664597911836,0.02496179759489614,0.8694053622856059,0.8102418353572884,0.9176470588235294,success,
PAT_857_1628_916.png,0.6538644936894995,0.4455087830810124,0.6029162332909588,0.06935471268818892,0.15725939306342634,0.08145346558095572,0.06439025152924117,0.14881680852286389,0.0694373638432183,0.02757544648927824,0.047664149044191584,0.0012940313699166817,0.889421285320956,0.8667183357361707,1.0,success,
PAT_1304_1081_84.png,0.5898218741441755,0.3799991223731977,0.5841038066469557,0.007203128282032555,0.04364769966979635,0.05917238049241083,0.006690847051700837,0.043981096447456854,0.061893998038125675,0.007302322179316039,0.08535130061534535,0.12916392295532708,0.9017994176150708,0.8422050687189463,0.9798657718120806,success,
PAT_115_1138_970.png,0.6561245310891012,0.18014859425065893,0.8101053917181693,0.07136157405255045,0.07700556431846048,0.19236000639761458,0.07271288982418628,0.07365291269330591,0.1886280369782488,0.03551711014936245,0.03571046154211682,0.018404558260915027,0.9316806462777552,0.8812773416628303,1.0,success,
PAT_267_1061_324.png,0.72581883925914,0.21752182653157698,0.7166637993431504,0.08264604916567615,0.09164675976287519,0.06547738992971734,0.06739810579302541,0.08769314485242427,0.059182078677928296,0.06905241600857484,0.10319930265022956,0.0355532555699829,0.8245474904921213,0.8379990800495235,1.0,success,
PAT_389_2600_833.png,0.6422563206674765,0.36897887014418934,0.6463226315247503,0.01445300093876349,0.09450726977936684,0.07202962877474466,0.013051590076633007,0.0880384262451394,0.06303891580526995,0.01493776746240635,0.017586192476714613,0.03118316292126999,0.842992568715035,0.826306990932561,0.99609375,success,
PAT_653_1234_311.png,0.7488691138679332,0.16201821869058058,0.6418488686392031,0.20245832618259776,0.08275174890170055,0.13396181385088124,0.18437343271098514,0.0793056938931988,0.13978138904935142,0.0634942744634007,0.07610613190435825,0.1357640689073445,0.8538965308068838,0.7770537523521643,1.0,success,
PAT_106_158_270.png,0.6590071699078937,0.2596391124425601,0.6634874795839786,0.03750030129177998,0.08395628035817185,0.08090891650371561,0.03517510958349432,0.07291417040230383,0.07636067267663678,0.054716307653683634,0.0012175096926489992,0.033569727618374845,0.650703884440939,0.6871338789745305,0.87890625,success,
PAT_113_172_610.png,0.6543238631512129,0.4095305507688278,0.6561857685310133,0.01042731839842198,0.12850836028256804,0.0907102826540608,0.008514313629458045,0.1204763083904938,0.08782303883383523,0.004014191580628474,0.08612678869648877,0.01771888023868995,0.843122704199053,0.8408294450722075,1.0,success,
PAT_486_929_317.png,0.7610191993212616,0.1163903723655031,0.519581335196922,0.21831364054262367,0.05591736926609643,0.08089613012058465,0.18488476209230842,0.05380198264543219,0.07852063291484959,0.11927949719650278,0.08109179175843756,0.11823916111856125,0.6833876338980606,0.4574808069219488,0.796875,success,
PAT_849_1613_824.png,0.5691537596061,0.5552104746887537,0.6974996451387179,0.01392472003321052,0.08199998328012324,0.035418697461067655,0.012741165897357395,0.05953036256111559,0.01856150933432011,0.013388206606620736,0.025995265648137145,0.012417889270086246,0.8853857136123839,0.8594866941644044,1.0,success,
PAT_104_1756_151.png,0.7363627346497901,0.12396036489462095,0.6756523714655203,0.04436713530947484,0.031078675173574544,0.04750954874745318,0.03916593918637165,0.030538275147681235,0.04562721966791179,0.050645167644484464,0.05201310739339421,0.058549056430363566,0.7804563134749598,0.6716031947433938,1.0,success,
PAT_682_1292_642.png,0.7045906890914463,0.2852050934392295,0.6341826419682793,0.06005570548133955,0.11984981696506106,0.0384005924615747,0.04396529054184083,0.11664843925911285,0.03697903565342106,0.0382270908560158,0.16544421055753303,0.027156565537252653,0.9357013761925812,0.8617821709936084,0.9921875,success,
PAT_443_864_894.png,0.62486679978964,0.5525215877727381,0.5483017326484875,0.009569838989285689,0.07512461184433321,0.038889346815585424,0.0044322338003909174,0.06205972052850456,0.01794334971515014,0.002159800744285355,0.06341982266478102,0.0134013217790252,0.8887577674691269,0.8591198040614935,0.9949494949494949,success,
PAT_730_1385_585.png,0.6602201844830716,0.2194969613025412,0.6313731520479408,0.02621685981462328,0.03955057060040209,0.03214019700537041,0.026055879159882295,0.03734081042232201,0.02884519504269211,0.045314183212232,0.006699640417429098,0.0073925414501372355,0.9617544072991296,0.8728765358316505,1.0,success,
PAT_838_1586_622.png,0.6667191531130552,0.3701834811188316,0.9017632840747357,0.016415814785097405,0.0729568324227681,0.07073845845694736,0.01475031307153861,0.06266536109023502,0.060596739304956786,0.01678646844521386,0.042525269960599965,0.03606212926595975,0.8959348309430752,0.8585976104658877,0.9782608695652174,success,
PAT_913_1730_815.png,0.67086188226206,0.4242769692015867,0.564849468080147,0.019041160593751917,0.13346094734049022,0.08241925924051473,0.017587546114610938,0.12206073134008145,0.07515200038922841,0.0025746459040643936,0.052354945801869224,0.0405160024933503,0.5219618624573641,0.4724528176229226,0.87890625,success,
PAT_320_681_410.png,0.5701604893696379,0.32864782276546983,0.21389417010823467,0.10910690878217857,0.1461994112933555,0.08817001092427577,0.05184011715315458,0.13307206341848113,0.08689680865732637,0.027338452099380264,0.15678059049596577,0.15963353306086844,0.9119975273933378,0.8673358936947815,1.0,success,
PAT_309_662_737.png,0.6915137150884341,0.41574947901429865,0.5597223877578292,0.055973078079760145,0.2917363457290256,0.25562646623890495,0.057533797541727875,0.2654390804380802,0.24041070439453976,0.024238675324553958,0.1216414703481265,0.08664666210618555,0.8370375434390072,0.8391271556486812,1.0,success,
PAT_82_125_907.png,0.6671372264858779,0.36192102201110987,0.3824962838161201,0.145984790501818,0.1956893756245506,0.1735656076115039,0.11046464131117002,0.18425534590361886,0.16830581721168,0.05598115279431113,0.08722115296143568,0.1359551399039517,0.8754622750760405,0.7991182193574166,0.9672897196261683,success,
PAT_191_293_699.png,0.5931512718019035,0.45560286680497253,0.6298084312999914,0.019029931592155915,0.17770801810046047,0.17706405170806008,0.015038885135601216,0.11540871221030201,0.12160280032955735,0.005753646391495851,0.01008222239211698,0.07578462401928832,0.6416821937592141,0.14256986101250607,0.8941176470588236,success,
PAT_619_1175_767.png,0.6784097425667572,0.19673407512068763,0.6800812606921963,0.04586892983382318,0.055904341705853185,0.04066706693870288,0.026682638229172287,0.051646579168764487,0.0357702054767329,0.05046307854073338,0.03141906022584082,0.02170908507574043,0.8337418627109943,0.8369750429892795,0.98046875,success,
PAT_693_1313_304.png,0.5998200185013559,0.5781256435535108,0.7953408916639282,0.012793728275722567,0.11600527934824217,0.08230071712340772,0.010211993963335326,0.08926202912843056,0.051526935127756315,0.0012361322908262195,0.038373638591216674,0.024666647512865514,0.7737908624282654,0.7379767479554318,0.8984375,success,
PAT_387_786_782.png,0.6540660672096931,0.3353823898100422,0.7849168404618113,0.017768754464229323,0.10000688411007201,0.0613386132205986,0.014542205158354533,0.08354313610876989,0.034343117151358724,0.01864796058732839,0.0596053386580897,0.020371906466113643,0.874175176917843,0.8474145062390609,1.0,success,
PAT_337_1697_721.png,0.6291003598523954,0.5812626490960745,0.4084488426739896,0.007983814438943674,0.043707112955305986,0.03868581442751114,0.006072351250258942,0.034199284991779565,0.03425401787448876,0.0012723843274377107,0.0028127437729374982,0.01228685245417288,0.8771890324411942,0.855508435851145,0.9875,success,
PAT_40_56_499.png,0.6399449926961854,0.48058902574043333,0.5634929451340072,0.014145106794321202,0.046594006779971615,0.05493851563878906,0.014287590463865744,0.04134942188825146,0.05280547724509475,0.029655528096454966,0.02209154735938118,0.02310987939684994,0.8692888725534176,0.6714011670288429,1.0,success,
PAT_460_894_429.png,0.6846501876091827,0.184623823329179,0.4964930143038999,0.14154085148503537,0.1199962874680208,0.0823007610650677,0.12711370266426572,0.10391806724218838,0.07192993106640441,0.04248888426843694,0.05194673089976462,0.01747371498790673,0.8936575371684847,0.8675821179266014,0.99609375,success,
PAT_650_3858_329.png,0.5662555265473936,0.1870907717795729,0.452416007338608,0.034517709739402824,0.06517712961365613,0.09023022439589837,0.03191859250957027,0.06080359342770901,0.0821232140586667,0.03391435232445082,0.056777744548347664,0.08030122032027998,0.9182290444041896,0.8694052281271596,1.0,success,
PAT_223_1067_569.png,0.605607666778671,0.5769615603824964,0.5829389041412272,0.011640592408225412,0.04323037840521418,0.05677100242119752,0.011105818630763565,0.02940129861365028,0.05741120129845714,0.0008056527138434275,0.04226995727588956,0.009061964377755194,0.5780780547852199,0.5395612140701289,0.9835164835164835,success,
PAT_581_1114_116.png,0.75469595599326,0.25373705757606685,0.6167610201975526,0.22874359801651498,0.16304689229532449,0.13037605478834072,0.18819660474946057,0.15289230332321663,0.12745720704444383,0.07118535104120269,0.021303671304671062,0.08773705274927113,0.6870587491703003,0.7174269417892027,0.91796875,success,
PAT_973_1839_34.png,0.6429269747716198,0.2659135241358948,0.5698200879957019,0.011199693738085196,0.04154132241132894,0.10158783732764144,0.010564152001859776,0.03694876077146224,0.09440197459385519,0.013641231912261591,0.03974174429522473,0.153646607696585,0.5298164419405088,0.4114603881560456,0.8360655737704918,success,
PAT_479_917_598.png,0.6713758034241254,0.383785515290715,0.7325761522975061,0.039206863064333124,0.15431854208343423,0.08773339787681066,0.018954458239573868,0.13846010001048767,0.07302665776395867,0.01870125331246173,0.011193841258464732,0.04043722887914036,0.854058896567219,0.8564323186607206,1.0,success,
PAT_202_308_721.png,0.6768642294759813,0.14137472967915737,0.7138732798738455,0.013024413171365495,0.03284917156047322,0.042834847981221995,0.010442949801944818,0.032323274517351265,0.04087255798173188,0.0027010345004343764,0.01293766039787042,0.011317526374068576,0.7344184414767796,0.7472642474549177,1.0,success,
PAT_43_61_210.png,0.650826631936629,0.4687992707763994,0.6568843617038104,0.016082098236363154,0.08249707220001934,0.0937557585644925,0.011788544705368893,0.06626955066129943,0.08070670006624261,0.009795934285452132,0.030180524666844455,0.07143345847981863,0.6173796004272974,0.3540428236724589,0.9921875,success,
PAT_876_1665_386.png,0.6796763748645944,0.17372665775079427,0.6717287239688369,0.026403843051654944,0.016639305904978932,0.05260239963353238,0.023641259730590822,0.013456925559974898,0.05264651552964855,0.0013348985052137627,0.01110764446567633,0.03156536841352786,0.8142428443146272,0.7577885793546738,0.95703125,success,
PAT_785_1479_108.png,0.6433928801567335,0.30350041595325844,0.6968978834750477,0.0292310831075878,0.08883146264929531,0.10290586477173241,0.028118851878161114,0.08061287628112895,0.10624712111309786,0.04841053111175195,0.010888994160342003,0.08973259743180473,0.8811784531092065,0.8674055062829292,0.9954545454545455,success,
PAT_214_329_300.png,0.6919283887872238,0.3739793152341632,0.5918791687824886,0.016716054355431744,0.0848480603386881,0.08589696057832537,0.013779382106841138,0.07546099568921216,0.07719499730993441,0.04081282713182901,0.022692786421252165,0.017532917321000596,0.7161218564585448,0.5729424593192264,0.8961038961038961,success,
PAT_383_779_429.png,0.675096386582903,0.283357731220342,0.5972161787089265,0.02869231056334456,0.09857042416017113,0.038243595634585514,0.02700031773413624,0.09655518593173305,0.033597315032619327,0.00698075862123291,0.039626786631379474,0.01184370772781651,0.7855928501735598,0.7263386764141572,1.0,success,
PAT_131_197_260.png,0.6469787512831888,0.5272749573202061,0.6649431843743415,0.017385993582615663,0.21283718662720352,0.13158326419003985,0.014752315400162015,0.1977537576555917,0.12379365366704201,0.021635836275091455,0.17412883819502106,0.06972408986568168,0.8347873122493115,0.7733416013172869,1.0,success,
PAT_564_1079_31.png,0.6959639531054803,0.393418320888727,0.5802322993180761,0.019806456481658297,0.09962878734241211,0.051380642409468345,0.018483746738633674,0.09815203497677497,0.04375745940256147,0.008929355651449337,0.18468267585466017,0.019797513050330284,0.9053859072857514,0.7616312940351434,1.0,success,
PAT_695_1314_822.png,0.6699847474522306,0.321475731038629,0.5733528542558509,0.029785378894453176,0.06369876958473045,0.04231230560339297,0.030910462435404632,0.05594692317427202,0.038097728538239194,0.04607280454867385,0.022759747532054175,0.027783488992726202,0.8773114507529376,0.827106011470081,0.996078431372549,success,
PAT_527_1360_225.png,0.6419533438487299,0.47171214394963706,0.5039133290919987,0.012422746696737428,0.10179427135671855,0.12475190716737296,0.010891506071721771,0.0823186144024019,0.11007862517939439,0.0006158400092661825,0.06083487655780134,0.04053434963275532,0.9252019953658047,0.860805053616627,1.0,success,
PAT_726_1371_397.png,0.6552994650493814,0.4556814980327391,0.6167558005861304,0.014359480017722278,0.056070112337370755,0.047952273116520665,0.014295764043175998,0.049232917571257126,0.04278022199234853,0.02376396994581111,0.052876380588753435,0.02099821010905667,0.9103770698720762,0.8534051129431464,1.0,success,
PAT_774_1462_821.png,0.6172404335888337,0.2824775816442306,0.724374337133962,0.013301819631087019,0.0514619818554122,0.051824916507624504,0.012569815078342742,0.04783271485031332,0.04902779688220676,0.018340372940554298,0.002475808090734777,0.0007104980758801949,0.900347896561391,0.8432119944437839,0.99609375,success,
PAT_715_1338_761.png,0.6410035922327727,0.6070436298918974,0.8336343797587175,0.009681137738902425,0.06115537424580387,0.039104330121027084,0.008380935537793233,0.048105448979736905,0.024679176197964198,0.005975131126264918,0.0014991148386526154,0.010999934081613039,0.7748976198735902,0.8038491116272233,1.0,success,
PAT_503_950_368.png,0.6431054465712558,0.34047318366701257,0.4295279960746777,0.07538061109014477,0.1091700183500206,0.11312999985503894,0.08254280916845338,0.0915772472868471,0.10436885757088656,0.01765274427656141,0.014460616477974808,0.1386376485615552,0.7170647123532192,0.6823413004241371,0.98046875,success,
PAT_575_1088_134.png,0.6348189643357044,0.25197961647539296,0.7675670136534869,0.07107097295475925,0.14971551787714144,0.11169057187249044,0.023685458222428415,0.13625684269066432,0.08024948627159538,0.01810592594049333,0.047992485439553756,0.03129360534930892,0.8530315086557829,0.7888076328563891,1.0,success,
PAT_30_41_815.png,0.6314817573146554,0.4994794534084332,0.5534225497254337,0.0071239433836957815,0.048775436280813045,0.04510829659557798,0.0069832421501922195,0.04150674515206276,0.0367113074662964,0.006932159096698598,0.06789944595604286,0.05545250860126971,0.7276830656989239,0.548089337725453,1.0,success,
PAT_698_1319_166.png,0.6634328850895648,0.17885976684482538,0.7843778418653106,0.04910403404200826,0.07228579321384773,0.07947175589569747,0.04113264037128641,0.067992771795665,0.07683714698706956,0.0333176721135912,0.018796233666128176,0.03197727251705007,0.8734506492747336,0.8424352545755069,1.0,success,
PAT_627_1188_503.png,0.5741092340881743,0.18113895939782082,0.6455524983409018,0.007637786661295534,0.00806360201878034,0.017514168316178698,0.0039371118002664,0.0037176928804709404,0.016881966503205465,0.0031672375508277483,0.0055962709640184904,0.014787852056856288,0.8553319204701958,0.8189865595911736,0.984375,success,
PAT_886_1684_103.png,0.5916874682257505,0.6130335462817004,0.8314333914101607,0.016543458514977502,0.05548113135476042,0.11518858186001771,0.016865546589020463,0.05466771565492696,0.12059729226972424,0.03649878857118512,0.09608872923794964,0.19069241690877214,0.7373953333983434,0.8316282935777857,1.0,success,
PAT_856_1626_630.png,0.6137178421807566,0.5641287568343332,0.8715378479089946,0.011212672931359326,0.1106367415314926,0.06631372621372807,0.010224689296718275,0.10610933680588848,0.06090049782734879,0.010529458804805754,0.056341962167268056,0.044053484671028986,0.9299176924498351,0.8977851950378971,1.0,success,
PAT_645_1500_364.png,0.6385716570121442,0.448474079909971,0.7075732629820067,0.012117016160509269,0.05476770683301734,0.08177718264681612,0.01173696656512559,0.047209258723265334,0.07913866766863989,0.018774006410551734,0.006268484968724453,0.0024222556852933064,0.8209475630328275,0.8409271628433486,0.99609375,success,
PAT_135_202_593.png,0.7024986830894182,0.40941211406611644,0.722776365780165,0.041225500709498486,0.12471311763470412,0.10226782844891173,0.031014456430749043,0.11288813622339905,0.08878686554529584,0.040146077703165396,0.12883272698842324,0.05739776320825407,0.7700930115393221,0.6949233268738201,0.9857142857142858,success,
PAT_215_330_224.png,0.636911917928881,0.5870281918864628,0.549490113983576,0.02550399284166832,0.1763722764544615,0.16672021909613155,0.016987986934900706,0.15691432043152256,0.16207743901160182,0.01528874825034418,0.1479294984345973,0.04309546588134361,0.7068689146413862,0.6274951764364195,0.9453125,success,
PAT_715_1339_508.png,0.6198773913395549,0.5276302056504425,0.726572415828681,0.016632456657151615,0.07788299127492077,0.04973397447534147,0.014382825294944918,0.065893314094867,0.04257061408683944,0.007512728763214148,0.03556840076101209,0.06436252138992604,0.900466758262728,0.8476651041004586,1.0,success,
PAT_90_138_605.png,0.6508070482732861,0.7199847891208955,0.5483240316368547,0.016871564003949163,0.16612101632961318,0.09638055881934147,0.01633752694107748,0.16078465327291686,0.08698939222699925,0.02952295898720981,0.36416263569812285,0.07205063869911588,0.8178617101485827,0.7842390134919651,1.0,success,
PAT_943_1793_787.png,0.6645693110313398,0.4271881144392479,0.7297236425534316,0.01736986989531468,0.144741995874905,0.1111079868341276,0.015150770564043927,0.12698726819348483,0.10528081008388905,0.02715949884745675,0.12071930128724617,0.07488303995243983,0.7555204495354615,0.6204279724138103,0.9765625,success,
PAT_482_2928_201.png,0.5923839055531295,0.4597881875495079,0.6037499670593196,0.01157784014125514,0.062212166322510566,0.05978463273822788,0.010361756569785286,0.056833217840080504,0.055710796316229605,0.005134415076028079,0.07957631435433887,0.04743822994446156,0.9162925931014818,0.8487250301268686,0.98828125,success,
PAT_474_912_879.png,0.6808749191336042,0.3332250820806202,0.5646335013378135,0.019567418154844533,0.10558874520888817,0.08603577885422807,0.017692983230191053,0.10652330571602055,0.08542358496410221,0.015258658721488258,0.11800376804247645,0.011409198202139148,0.8624045524217141,0.8372714806744194,0.98828125,success,
PAT_279_430_356.png,0.6450703961774862,0.4591258127669071,0.7722710812209002,0.01343185706634427,0.08192548159062532,0.04714485593306703,0.012009396624123071,0.07495639716149502,0.04085255245863223,0.0227713677336829,0.06581592264448832,0.012941011702637284,0.9035153116652297,0.8282103543721826,1.0,success,
PAT_45_66_822.png,0.6003060045085687,0.4850089820297531,0.44155864512629495,0.01001937518718055,0.11957507259248389,0.12504946720192536,0.008678914752603363,0.09623577815861775,0.12461596575606518,0.006060804346714042,0.11391691071135979,0.2029338478516588,0.504542167962545,0.4020074423185599,1.0,success,
PAT_229_349_141.png,0.6657221647331262,0.6351716969838133,0.7124587068190413,0.009055659265590486,0.12407982050032246,0.05841064305282693,0.007733513555511484,0.10975259760359572,0.047362018485583836,0.0026429991371998873,0.13890827638327075,0.039482665044833,0.8565851507711424,0.8231860041853506,1.0,success,
PAT_219_337_358.png,0.6971710226764363,0.3201407500979067,0.9400858045575942,0.0298850898499932,0.09687492876524349,0.08032110795839828,0.028810707640884958,0.09458978999693761,0.09299329826097609,0.03837544452839931,0.06578298896450302,0.03608690587356478,0.6973621662994931,0.5244381111138492,1.0,success,
PAT_738_1552_502.png,0.5914317604078778,0.5409501012405625,0.698260059866811,0.0072110406491309445,0.06747340475322935,0.04011172690590768,0.006144870503564849,0.06066839578398521,0.03194160261455928,0.004601362472246488,0.070032470274352,0.025736540568695343,0.610066740136664,0.6031091432120815,0.99609375,success,
PAT_739_1398_331.png,0.6467578560872314,0.38762154847254615,0.4149319052143618,0.013948987940315134,0.059435926138118086,0.08854320883356846,0.01158869085470399,0.05769297349666097,0.09349451469844315,0.012772528937090123,0.049249896801919324,0.07333871242063,0.7766319958241562,0.7757396826805368,0.96484375,success,
PAT_160_249_76.png,0.7374815231440872,0.1691375632821936,0.6942786288827458,0.006730543626972668,0.009532554719520662,0.021467432224330743,0.002099687700072601,0.0071177467834731166,0.021903128265476253,0.0013137312761481704,0.0024375511898963864,0.013543621676980977,0.8235332328530979,0.836838067696279,0.9836065573770492,success,
PAT_336_705_711.png,0.6698679800736074,0.4327729369141874,0.6784198456195658,0.011682235626154424,0.08586460123428968,0.05527416467946347,0.01090663436874321,0.07834689372476837,0.043835648678878944,0.014948491248919994,0.06741894134457321,0.0387367752922424,0.7226474829726879,0.7962361844104114,0.9079754601226994,success,
PAT_181_281_54.png,0.6463388545054788,0.31405351107195945,0.6357757336078971,0.028260987951259746,0.10655399140771135,0.10373577272092216,0.026136509894528252,0.10320596079098081,0.10439159434777234,0.044863187642450855,0.058671497034774756,0.1001057847957616,0.8729420925002869,0.7419811365608704,1.0,success,
PAT_126_192_208.png,0.7690674500044838,0.14158998729912958,0.6219176293366788,0.13104906588034232,0.05687066221585918,0.037936445842846216,0.11183165975527878,0.05444668565796529,0.03304002221260748,0.0847971542718126,0.024235630177390083,0.0340824783055409,0.7207827338816908,0.7225382708530412,1.0,success,
PAT_172_266_950.png,0.8289862715073562,0.13953326904532304,0.5780726454516232,0.19173194645868433,0.04063493093297177,0.08453283170365843,0.14303115099779232,0.033370415850321515,0.07566297682671243,0.10563380601818374,0.01427542024106146,0.05566303420828189,0.501694767947158,0.42775451839126694,1.0,success,
PAT_987_1859_724.png,0.6226090880092942,0.23570124123916905,0.7121072274550254,0.03880595467529444,0.08522066941961787,0.07066750915632576,0.033429281662756834,0.07652061908976127,0.06086728041933057,0.025831269932817473,0.04358274210436941,0.038839848934999255,0.775776145720847,0.7188454085545819,1.0,success,
PAT_190_291_366.png,0.6686806630680017,0.43597158623928617,0.5470533798712734,0.008104552724841603,0.08664939150249269,0.03561770562874586,0.0077396255912984754,0.08065088457269495,0.03123963306760628,0.018884345114804624,0.06089197723435913,0.01019557231755619,0.7756063685146428,0.6420834652016798,0.953125,success,
PAT_830_1564_740.png,0.6462597145487324,0.601267460161322,0.5523242507705424,0.010238613770265524,0.08428356303821971,0.1471219376656989,0.008942344407293457,0.07776862140719633,0.1458507061576224,0.01015937853509333,0.057490412557539394,0.0740308007868653,0.895178236715807,0.8314260427699904,0.9945054945054945,success,
PAT_360_742_768.png,0.6212222158299793,0.3159190579502504,0.8936493511809734,0.05331689979751535,0.13621924619159792,0.1307001572704777,0.034686276768422106,0.13377156600851492,0.15145266771619323,0.01389577065710365,0.09766094025907901,0.178965852210609,0.8908292649090409,0.8429999657187768,1.0,success,
PAT_681_1299_458.png,0.6723044199216801,0.26234768521444657,0.4439748822675595,0.05925903152692228,0.12188679307715992,0.09526874107875556,0.05238854118337908,0.11692817528668077,0.09704302547035717,0.04716156019281049,0.007329483080651844,0.09673211744408988,0.7877468473209323,0.8410971394870439,0.9433962264150944,success,
PAT_747_1409_466.png,0.6616755519075963,0.21533674409984538,0.6745046016084902,0.06938366147019613,0.08458825960893115,0.1352548812806576,0.05646001654644571,0.06036331536813491,0.08045784686172677,0.0033913355839711164,0.07966668099900776,0.030463487321997218,0.8414029757121149,0.8456640020508485,1.0,success,
PAT_136_203_436.png,0.6249197397963969,0.40912176295156744,0.6411161491437594,0.0094865501381529,0.154414181088494,0.0700721096719047,0.007892833563189436,0.14672289761903073,0.0647007711202875,0.007395809975843232,0.014331347518400817,0.02313394748049713,0.8583824980789031,0.8136162914443503,1.0,success,
PAT_498_944_488.png,0.7168207806286395,0.25580999312144853,0.6616818614345195,0.020677953367289174,0.06749484248100304,0.03673537441186957,0.019984283212793493,0.061760360922760243,0.027863280385218882,0.012104293911146473,0.019150391558403368,0.018395454344993234,0.892098369701031,0.8670949504980293,1.0,success,
PAT_492_937_43.png,0.7337442902410465,0.23353474345648362,0.5196959758341491,0.12741170101172555,0.09341417704789533,0.10101743980618587,0.11136831958087694,0.07711475636787349,0.09106394505156487,0.04121394699734916,0.030974439514952018,0.07545028972383705,0.9036271162652726,0.8489976367397501,1.0,success,
PAT_414_822_420.png,0.5932925692778849,0.4755738133691336,0.5659546241306759,0.016861364617025698,0.10603642029328347,0.10618922410191813,0.015004419462653691,0.08992311630156583,0.09286737791446528,0.0031584295892505073,0.04430191850917853,0.05973984831217383,0.7333498183365845,0.6828886639495694,0.9829787234042553,success,
PAT_754_1429_380.png,0.5805629763241769,0.29588439756320467,0.42850638308005473,0.05348510328018397,0.12372482650386094,0.10150585622255388,0.02641133653596256,0.1066621899048332,0.10505594289479807,0.03112249979169906,0.0631821007801257,0.14571471518870083,0.8208215548694513,0.8190512936735863,0.9765625,success,
PAT_386_785_536.png,0.5721687755595527,0.3614227021690509,0.5125377327226768,0.03544800005010176,0.0942489541932642,0.1346733901259817,0.03127732589649844,0.08001671295648227,0.1251756830219428,0.05247137480497486,0.06335838040961728,0.1320314052184579,0.7653863685090638,0.8132122284600811,0.9483870967741935,success,
PAT_273_421_905.png,0.6501756451251859,0.6280069100811055,0.647140612342498,0.010063569945213588,0.06331749922105954,0.06295005432193385,0.00912447114039358,0.05623704235949183,0.056508047560489535,0.006130668784419255,5.172898049587982e-05,0.006017946783052341,0.8953643087289017,0.8622304767357508,1.0,success,
PAT_491_934_46.png,0.6325155379707287,0.38712923899067825,0.7733427756348441,0.01421099529358967,0.08212366153244771,0.056153125479141475,0.01239743071510955,0.07481254933182419,0.04838075687393601,0.012684292237431708,0.012868116656671535,0.023426363846858145,0.9204792673239117,0.8749966405868495,1.0,success,
PAT_46_880_140.png,0.7132696637694949,0.1611952295670997,0.6846809181660026,0.045268188744713445,0.023684004281717633,0.028131943726665852,0.038927525232737424,0.02088762155042102,0.026868266247094173,0.04725186175888941,0.005862500079849731,0.00895952266862965,0.7870437919625604,0.7762033263423102,0.98828125,success,
PAT_326_690_823.png,0.6629554305039371,0.38217020256430917,0.7002448120438374,0.02040613354628272,0.10515719005651486,0.03295288389938939,0.021432084552526823,0.10545402021678915,0.03114386596271003,0.02230141151594659,0.0964886036944213,0.019025788129260812,0.8987595206241263,0.8498161796709847,1.0,success,
