img_id,hsv_mean_h,hsv_mean_s,hsv_mean_v,hsv_std_h,hsv_std_s,hsv_std_v,sp_hsv_std_h,sp_hsv_std_s,sp_hsv_std_v,rel_hsv_diff_h,rel_hsv_diff_s,rel_hsv_diff_v,symmetry,border,diameter,processing_status,error_message
PAT_1516_1765_530.png,0.5969705173590053,0.7243805899249092,0.5599877018189674,0.006186823728439723,0.07284892961412369,0.047909103693993156,0.006109562932192936,0.07900014639057878,0.048275035703310515,0.010223427852135971,0.1972978392335074,0.08541952604840775,0.7341393526288378,0.7764805595807894,0.8672566371681416,success,
PAT_46_881_939.png,0.9358687193290189,0.20081324477609308,0.6664923159247205,0.3428113363411505,0.13068532813539666,0.039361901182324355,0.3364537778993391,0.12406578684671846,0.03864529638730234,0.07491854309302934,0.06662191372534787,0.017439238697376402,0.729637674230109,0.5823044293737046,0.9714285714285714,success,
PAT_1545_1867_547.png,0.6747579200957773,0.4961427389572619,0.6044118073501693,0.008520755513470698,0.05637236716354844,0.06778253863409862,0.006479848585691619,0.0516318173305323,0.06937622258648349,0.013100874222132495,0.08139077537449291,0.0943676930322862,0.6832227115218832,0.6176321810520793,1.0,success,
PAT_1989_4061_934.png,0.6463491022653968,0.21404500050448996,0.606982141055393,0.026665742874134157,0.062139282668343475,0.026982319065697608,0.022120184603589735,0.07152865703241373,0.033529847797973855,0.04186390026579687,0.026311505734369217,0.00470050112669429,0.7121916508538899,0.765690857443038,1.0,success,
PAT_684_1302_588.png,0.9964956903611064,0.3964861532951782,0.5270590990171974,0.4746556383172003,0.05573921987686009,0.030574973685420906,0.4790926747391207,0.05627969809983869,0.029329942964032372,0.028308327854613284,0.06268796819516087,0.012792049512832526,0.881705154701324,0.8204388015002272,1.0,success,
PAT_1549_1882_230.png,0.0895270923968522,0.1808121262689473,0.46220623000973443,0.027227976661535175,0.055864901902846764,0.06240775734294608,0.02505139512573751,0.05252034670524401,0.06113380026251199,0.02550809044448275,0.005780087309572718,0.08222219495502275,0.9057395579011401,0.855007613740508,1.0,success,
PAT_778_1471_835.png,0.6066643027161216,0.4196849887495982,0.8249308903889424,0.007810236719320322,0.04624163603964343,0.040999633071934875,,,,0.010970759270450338,0.07748550025854961,0.04974941651642839,0.8264511923932214,0.8273875231458706,1.0,success,
PAT_705_4015_413.png,0.7042015058618036,0.1391011515717398,0.6478450046685341,0.05236570965549164,0.04003750236106815,0.03727313913285238,0.04510435958856975,0.03706270161707095,0.03494394106969637,0.05548881871190735,0.025682232137475114,0.028577060336651194,0.5659399613228393,0.49767148383462784,0.9824561403508771,success,
PAT_2140_4726_141.png,0.013294021763119581,0.404212426658643,0.8658943884459155,0.3830072424404593,0.06649609762572083,0.02391229876691703,0.4280329146957107,0.0625225671907479,0.021341971629663278,0.02178006692064085,0.09114864459912841,0.01907033731770369,0.640610787368767,0.6783485478921061,0.9655172413793104,success,
PAT_967_1827_247.png,0.7133081781017877,0.5212215859795246,0.8563942391115739,0.010492614265198149,0.14638860057145092,0.09119667487152074,,,,0.004628970841742349,0.10599130782174987,0.0622560116864197,0.7676655567887533,0.7083321901123107,1.0,success,
PAT_2088_4524_465.png,0.5966627874365772,0.5317287919599154,0.6001332290671069,0.011451618067470335,0.06505572282893991,0.0987377689276069,0.010721948330055655,0.056222167957092825,0.0978177176752903,0.010725327474423018,0.06861604686187617,0.1292050062270107,0.8842034975615116,0.8605040793264358,1.0,success,
PAT_636_1204_521.png,0.625547609438756,0.4232309288043519,0.4002840562839369,0.027225553107420867,0.11427748764059763,0.08978640636183317,0.021772651653430137,0.09411371584235564,0.08258584837665155,0.029980637517348422,0.11754324943372957,0.012678795182135771,0.7276260188007524,0.5522378590124067,1.0,success,
PAT_38_54_234.png,0.6414487695766352,0.3934543488657393,0.6997296903915331,0.012947198785481322,0.04858351286203567,0.01591093030989296,0.01221632937611203,0.044462694525399325,0.013517173264382724,0.01595847048278895,0.043732875370680935,0.009061599709412893,0.8966900627659864,0.8683034213509689,0.9888888888888889,success,
PAT_741_1401_619.png,0.005844746404703647,0.2595487549062302,0.6000697332206217,0.45623585279588297,0.07714556001611629,0.0792774169379162,0.4346288252050768,0.07453501573140836,0.08219387528625004,0.0218302378898984,0.02463928670940102,0.007863661690364787,0.6579523514552215,0.7717579214034223,0.9457831325301205,success,
PAT_380_1540_959.png,0.6490759150376251,0.35589457552380815,0.5974041114887576,0.024822384377812253,0.08650362520590295,0.04836905873444491,0.02288320920386293,0.08469884460499688,0.04782186424384007,0.038421707390883596,0.0009103799375382304,0.024978797821959997,0.8670608836042956,0.8436839103833127,0.9735099337748344,success,
PAT_1783_3414_120.png,0.6205900067802468,0.1828576156200877,0.5502037312815422,0.058847037492851625,0.07161681195544813,0.06194875227721585,0.07501135475174021,0.06497610223565757,0.05668032816969068,0.014996220985678042,0.0002920095250698307,0.09007321487775688,0.7821157606006922,0.7266412632185271,0.967479674796748,success,
PAT_759_1538_566.png,0.6512362297889535,0.5251906853114527,0.7097822527832351,0.0066231728602440445,0.09575059472472977,0.03641193415973803,0.005841361172389231,0.0936059273778937,0.03443902268990963,0.009160884612398076,0.012877259463558666,0.017232109516759464,0.8759628382183633,0.8623340502543873,1.0,success,
PAT_821_1547_77.png,0.6385372806330207,0.3445911479076653,0.7574018199811726,0.008118570604152131,0.03766853891601002,0.021345656900761723,0.007241249675171266,0.034503234812309755,0.018795021754946285,0.010151707388274644,0.0014609588585562383,0.013085541801878153,0.6966441745389114,0.6535965523404252,1.0,success,
PAT_1693_3103_879.png,0.5976903592113939,0.27188242020650455,0.6179517707597618,0.01929054669090313,0.07027950450867172,0.05613639074731207,0.01704173477371583,0.06285370186086829,0.054864554946063356,0.024700983310281702,0.08230836885160472,0.059942592254379035,0.35738831615120276,0.26322985496942297,0.9465648854961832,success,
PAT_875_1668_588.png,0.9649511998869164,0.3881478297914051,0.49914759982054735,0.05304964923257538,0.09164620989543289,0.038715477140831005,0.021080907346318057,0.08940263432309464,0.03769979464298872,0.015915979753633597,0.01001268735202232,0.004882986572192993,0.9234949487958148,0.8762498505475613,1.0,success,
PAT_1653_2916_346.png,0.5990242935239632,0.37745809148895637,0.6493000265659843,0.005608288373868252,0.034646527915833954,0.04585067194008135,0.004480012613179857,0.029540962099017527,0.03836477769785635,0.0064334012192916465,0.04352167780676425,0.08244364882215205,0.7504097346804575,0.7485271313957526,1.0,success,
PAT_1790_3425_942.png,0.673393106673439,0.21321467587255116,0.46508629437240656,0.04784199537568801,0.08936316998717665,0.13923542911979464,0.029324186822003256,0.08277756848880179,0.13631909074485454,0.03955544482767471,0.12775998051221293,0.23458442982192984,0.8354146834399956,0.7998062453071115,0.9753086419753086,success,
PAT_106_159_325.png,0.6553558464838175,0.6169035999717095,0.5329405940182141,0.014634689947460025,0.12059568715270204,0.04318411799342513,0.012776941640314685,0.11064689380759754,0.03748672753294835,0.0003417011437137142,0.06223001447962162,0.028357226281511494,0.8066001774590899,0.7061734249779609,1.0,success,
PAT_435_854_68.png,0.023980424594363666,0.2636707256834826,0.57965444666366,0.34441027819123615,0.09002481847316325,0.05747880464901496,0.3622286984300709,0.09205091167758657,0.06006722043782526,0.02418608936884517,0.13843753962555427,0.09013821266811395,0.6670390783419897,0.5949947420855428,0.9838709677419355,success,
PAT_1902_3790_168.png,0.0686620992300212,0.120687564499484,0.2972897316821465,0.20228905489627055,0.06719361455752135,0.03849452753182801,0.22273402566108663,0.0633889326031474,0.037250622756574696,0.01020804015069432,0.09570187731380295,0.05685338803170559,0.6778168622047792,0.5124666992066632,0.8117647058823529,success,
PAT_42_58_13.png,0.022671735664387998,0.614820531118358,0.5157709126816195,0.014445158344816807,0.06806189752077312,0.06687755348099561,0.008234945513923245,0.0609612989840336,0.06415146628755322,0.016060184110861745,0.04433334806546774,0.07296871555738305,0.9349878030007825,0.8721308921497639,1.0,success,
PAT_302_651_529.png,0.6994575073414209,0.24057696236428758,0.6193050760518585,0.03107155304450863,0.08243435593276494,0.09231386786052613,0.018004880907079066,0.07108703819111849,0.07471292119136314,0.007178552621669986,0.007283023366085245,0.02361727482623943,0.9065709022767953,0.8586431663994667,1.0,success,
PAT_359_4450_86.png,0.6862215576272198,0.1559219138866111,0.7158747284680563,0.04533011477556281,0.023033522348424335,0.035150703940275585,0.037449442592838535,0.020977290110829667,0.031184809398560432,0.02211719105819891,0.006917992317983651,0.016576251924100505,0.7921356043409475,0.8208786787562165,1.0,success,
PAT_107_160_609.png,,,,,,,,,,,,,,,,failed,Failed to load image or mask
PAT_134_201_587.png,0.644672072017067,0.6606488373000609,0.5894852453349835,0.006726701371376419,0.08003039341248701,0.0282474031874455,0.006177079229697651,0.07398288349466293,0.020689925866677474,0.0055810622669761915,0.005920061727694326,0.00044391134986587755,0.6444214721634076,0.7022720596282634,0.8666666666666667,success,
PAT_1453_1567_250.png,0.6066139141076673,0.7275798090377301,0.6512146260579051,0.009258841635397952,0.10539832334509633,0.1277659137687413,0.009065728341776977,0.10595976921595826,0.1299559252059062,0.0063751294210351575,0.0812322690518037,0.005713399379066786,0.9016113862476702,0.8490752169632545,0.9894736842105263,success,
PAT_79_120_532.png,0.6248448609962113,0.58646627881922,0.5782191338073691,0.005448558908422705,0.05634074107466998,0.03040673852690299,0.004825292059259907,0.04270052058313298,0.017083086020224136,0.0005850006259166207,0.05467780585427651,0.008506950565774107,0.7027456739812603,0.43016114439713476,1.0,success,
PAT_1926_3871_371.png,0.6000368698981027,0.2939384495520062,0.5341033631995845,0.021673448480559757,0.09497364528518092,0.08543811262533188,0.01882217947863627,0.09339340519269815,0.0798315787226985,0.023015793663393444,0.06561674619546964,0.0021753180266984584,0.38568037974683544,0.3383878196003017,0.7155172413793104,success,
PAT_724_1369_896.png,0.6080906444848116,0.4778210231461006,0.9764122069880583,0.013702672753861197,0.10804907535730866,0.018461775619454352,0.00778854109219292,0.09460490384897687,0.011542195525372159,0.008850295142616618,0.15535708839315326,0.01286250211372153,0.6850715333987124,0.7632673842143506,0.9910714285714286,success,
PAT_1582_2574_34.png,0.6450277059702474,0.3393048407823462,0.5865714865438179,0.014174026648694802,0.08853533650618121,0.13137735238083903,0.012411572120256596,0.07963587932109546,0.12391332416371834,0.010779787621315665,0.02832401447328392,0.19972556101083616,0.7067144955803033,0.7439271902095806,1.0,success,
PAT_1431_1495_511.png,0.6038964325926293,0.3760252100840336,0.5399579831932774,0.007401611459559785,0.06202014159844718,0.03777665591676539,0.006997614432706274,0.05755867140384751,0.03367722363614384,0.004155320026000611,0.030992169243387935,0.024350686867748883,0.5759859766512525,0.3085330820517767,1.0,success,
PAT_944_1795_371.png,0.6537675798387795,0.3010295607604744,0.5477114249955302,0.030598932101369467,0.08956773787679248,0.05568263506127098,0.028355628688284167,0.08499801704381599,0.05149543252349269,0.008533683587722704,0.11447073723106263,0.04500426127897972,0.7648110268433144,0.7704560441269684,0.9696969696969697,success,
PAT_394_1562_579.png,0.6454405338082773,0.48296904796831447,0.6183250063998021,0.012101758319221981,0.06548457424466941,0.06374684131324052,0.011497362387735506,0.06221194229758489,0.0628676834163994,0.02091039395923957,0.05514560630920429,0.046155644139876606,0.9239054731032319,0.867715101290762,0.9895833333333334,success,
PAT_1842_3615_850.png,0.6050545453458445,0.2663480126611858,0.34099755226515793,0.11169770210668703,0.11772272584487709,0.06412896011415252,0.14069102196331418,0.1279490030774209,0.07452677976800995,0.4588746280528934,0.21562590974399332,0.23088877095061688,0.8334140080361803,0.7604630053267601,0.9661016949152542,success,
PAT_621_1183_56.png,,,,,,,,,,,,,,,,failed,Failed to load image or mask
PAT_374_762_794.png,0.6497407172438805,0.15117989454221736,0.7731717227053801,0.01117739685949751,0.015796212957378625,0.026510378876512506,0.00946090840190466,0.015208492183034586,0.026290346043960945,0.002165976488795233,0.007035226897304958,0.003049879729506655,0.8031175366997494,0.7523878485601152,1.0,success,
PAT_265_406_276.png,0.6615222838521188,0.3965785624880036,0.6217759791080364,0.019247422434716617,0.07177979999041731,0.08107175363127352,0.01724874083387996,0.06077485198142766,0.06729982841682385,0.012950822071816899,0.04148786807842375,0.06807238318614639,0.9011375383433965,0.8425011762227124,0.9905660377358491,success,
PAT_1074_322_662.png,0.6044467510354429,0.3591357901394854,0.3342481440793635,0.01310620206436189,0.059574051931054035,0.0557051640637044,0.010537522141934076,0.04922212425893108,0.0502923245705326,0.00019652702503268277,0.020103742275022374,0.053694908267456376,0.6398493128435128,0.6171585303756908,0.9629629629629629,success,
PAT_289_1399_481.png,0.7418606021347475,0.1348649716296775,0.7052610787904906,0.06867333267119402,0.06161776844721649,0.07294323002622316,0.06585798996304275,0.05754538863053759,0.06477592418356261,0.002066734884989627,0.01740338669404415,0.021033858490606017,0.9327448764545982,0.9025695015249339,1.0,success,
PAT_1803_3463_639.png,0.6554707549773683,0.34706778632690766,0.6864599707674912,0.013097720332329432,0.11356604473095379,0.0740340967218884,0.012920027388746428,0.11725752350121255,0.07343635277603673,0.004849993598982236,0.2904510711997922,0.11898002525626683,0.7159280281332738,0.8201278226967078,0.9611650485436893,success,
PAT_1029_135_239.png,0.6528421255516398,0.31211150009039657,0.6964022155383528,0.011346280893739707,0.0483953705925561,0.05633867854976126,0.009734223903799754,0.04331283268507468,0.050549816506620694,0.01831007016608339,0.07497503476601178,0.0087941969394143,0.7747289311857979,0.7514342620605573,1.0,success,
PAT_2020_4174_799.png,0.029585724606568314,0.2859589041095891,0.5346293311845286,0.19814459147191113,0.09150955040901489,0.0583924615102544,0.005838622909234401,0.060339584045874334,0.04857904683628924,0.010722778918825056,0.019142458469340762,6.63534510623176e-05,0.5298151545082546,0.6389328627957269,0.975609756097561,success,
PAT_682_1292_986.png,0.6556462236135434,0.5391913484228014,0.5397669915240787,0.010349365256828539,0.10175917415155857,0.052036064569945834,0.009570045449271654,0.09726534973699089,0.050316299041949474,0.026227115178187117,0.07634352824696522,0.01161522546132876,0.945486492886866,0.8800479041689855,1.0,success,
PAT_805_1517_154.png,0.6090928157240139,0.4431670138544457,0.7725490196078432,0.009797211849082584,0.07295791811131921,0.06389089555002511,0.008880313692854976,0.07018483527675247,0.057985635973563876,0.017578089627823267,0.020882965099808692,0.000622681505034417,0.9070945945945945,0.8448971009040589,1.0,success,
PAT_680_1289_182.png,0.030676091423939084,0.21274576816372484,0.39285647273263374,0.2159346029661539,0.047584000016196684,0.08704611543878436,0.24740699200999275,0.04282326761077219,0.07949741757867283,0.06353291203206117,0.01527639139699985,0.21239322440022396,0.7605524276231188,0.6537686947310731,1.0,success,
PAT_53_1370_245.png,0.6546993623548778,0.24058735601864065,0.5128761100852898,0.032403190841643136,0.11996213273611117,0.024247432207503587,0.029271579523185754,0.11298548041042532,0.019657139777685337,0.047148816227343654,0.05305090554101369,0.011523085490376395,0.6756209150326797,0.6709791877703483,0.9714285714285714,success,
PAT_868_1657_698.png,0.015885756458467012,0.3170868347338936,0.8302521008403362,0.3090672253097132,0.00942775752065552,0.013342275089393117,,,,0.014169660316011662,0.009006679594914857,0.007326007326007411,0.0,0.6934303864816049,1.0,success,
PAT_183_283_495.png,0.9435099214335703,0.07417361878024226,0.5353628626297839,0.31632710877869635,0.04030907878754393,0.08917302209338543,0.3135722687320855,0.034064834255810826,0.08321892752277711,0.32958878347120607,0.06294189985756832,0.02767606072362272,0.7580573094264693,0.7367980489017207,0.967032967032967,success,
PAT_479_919_97.png,0.9870697955349003,0.36543585876165063,0.6479256100862436,0.4656175966186693,0.08688726445552282,0.04986863247842729,0.4739970834599716,0.07759863094037046,0.04383650586502027,0.0408544212047207,0.012057993176048998,0.03042473053054129,0.7980896017576283,0.5895036445874554,0.9761904761904762,success,
PAT_333_1469_499.png,0.6427832618907975,0.3169341799688391,0.39447261663286004,0.12359828227870347,0.16911086680414508,0.17682636102100785,0.09328619309947306,0.1508899849602754,0.16968547703809128,0.03899852692982988,0.16332682230775541,0.2449723222780551,0.8960397229355415,0.8342465185713711,1.0,success,
PAT_867_1650_901.png,0.7582396562021471,0.11115137362268658,0.6898847150085222,0.26972140151647317,0.06151360501454061,0.04323411656708869,0.24974891727468776,0.05621403905924026,0.0393341092493928,0.1128624146814563,0.03795074784605597,0.009742270433793165,0.8710694209435447,0.7313052329395408,1.0,success,
PAT_620_1176_980.png,0.011722406043009238,0.3808392164120205,0.7262881538291267,0.39867285788361184,0.04490159369908106,0.02944903957320501,0.40732458404325406,0.04762278941933832,0.03047218871413541,0.02958804302552487,0.06335909516262461,0.0017607754762274386,0.789884323358442,0.7454951361030558,1.0,success,
PAT_26_37_865.png,0.07984022756138465,0.33880184472542907,0.48067008734958155,0.03477732072829267,0.09724303800559479,0.11798398959562928,0.03118306845458048,0.09318206400599663,0.10850119117401029,0.005334406587682652,0.0916779894846777,0.05215312323546545,0.8470061868642735,0.8290590120721194,1.0,success,
PAT_2051_4356_460.png,0.6654556074386515,0.17894179123794732,0.6311242153627128,0.018225630246740378,0.007968699648728258,0.027424826407085608,0.016684938189067536,0.004797287245458881,0.026491632479709305,0.006228963054504138,0.003326391978915849,0.0008633668247551851,0.6604642833771031,0.607144393139848,1.0,success,
PAT_1381_1314_517.png,0.6724858222979926,0.15913970269512226,0.5873836660802163,0.02780161930515477,0.02094153692316891,0.040760695249272866,0.02272870785041771,0.017752037648530783,0.03715204850098316,0.01337179006798029,0.013910704682440655,0.06453470914584436,0.7634601484985872,0.8059216857592798,1.0,success,
PAT_544_3299_671.png,0.6169424813792206,0.4168295833574335,0.49784545086471166,0.0038640808648663077,0.06627162198134746,0.05150342756952842,0.002941867323329115,0.07100798899044405,0.05197302603410385,0.001768290789616679,0.1777839892161625,0.07772427903528045,0.8525007098859814,0.8564577209057194,1.0,success,
PAT_814_1532_545.png,0.041212359161494884,0.4269058448748744,0.5801877310437642,0.34083737042406786,0.12757818553282194,0.06639030661877987,0.38019523116117887,0.11658028697733994,0.06278805687691713,0.0636648089381601,0.05413580288062092,0.03586480913494816,0.7718991274580937,0.5596086660384947,0.9746835443037974,success,
PAT_1014_86_861.png,0.007686149076291441,0.26141310414108715,0.6806674852104029,0.350913298833276,0.0404249326853534,0.016658973886781163,0.40992870889455224,0.038005609346641704,0.014551776691065452,0.01115426336644561,0.01058752709732369,0.005565895278655475,0.7255649301525153,0.7434312302355259,0.9361702127659575,success,
PAT_1984_4038_265.png,0.6051073408225701,0.1678866532950355,0.354785250205583,0.1694961741516854,0.11417589400956904,0.13131510113290987,0.13580206339349746,0.12149733354221456,0.1436845911167384,0.0003280187352327996,0.13523354121662534,0.35889033544744114,0.8269539315130514,0.8018811647440032,0.9831932773109243,success,
PAT_838_1585_282.png,0.6753398980725346,0.5685147398900096,0.6407547756466313,0.008414157630497167,0.054714831085196654,0.029692932475233986,0.007474819209524865,0.04641959950616246,0.02328174434652942,0.009912729128289045,0.035456785025689164,0.008814351367231632,0.7967422821081358,0.6771860168844397,1.0,success,
PAT_1255_876_939.png,0.6070082421535784,0.2294614486926179,0.5969115047315332,0.02586058645293782,0.07518215501963879,0.04226285333392198,0.020282924948048335,0.06947288383351873,0.03820815161160405,0.006488626867764758,0.0049331468058254335,0.02939491406239947,0.6791438333062176,0.6045359116809316,1.0,success,
PAT_701_4056_457.png,0.07492989803888703,0.06780024509803921,0.3903128829656863,0.279998738291398,0.04601441329841265,0.11512827136822124,0.31834784195785704,0.03739766758098648,0.0916547235613277,0.394855865254239,0.003363232834939986,0.176635769404961,0.8645264356857194,0.7998555379238231,0.9814814814814815,success,
PAT_411_815_692.png,0.6094702206220055,0.5194112829406947,0.3884304090186443,0.009127977030384172,0.0973820490498584,0.11654375665424056,0.006586375917297896,0.08512092614589761,0.11661270039366665,0.0019167348859870654,0.0007248450826140562,0.20155815660198845,0.7559854534325241,0.7319697226760754,1.0,success,
PAT_288_441_312.png,0.03182757161685835,0.4231627204968118,0.6034092646892598,0.056040336312651366,0.09315555258642341,0.04539787541701346,0.0168397955535177,0.09426514044933756,0.04520331145522128,0.014773551077480882,0.0926390079297556,0.04397496164233483,0.927613507403017,0.8936432113676216,1.0,success,
PAT_692_1308_364.png,0.6743321476193779,0.31263111070672145,0.7179761309009296,0.01436149335065386,0.06728369920650265,0.05710873161956847,0.011351644828940105,0.05791929930503234,0.05085899063760324,0.0006618513393572161,0.021629296201873427,0.013593056088990751,0.6061554655603931,0.5530792899657265,1.0,success,
PAT_1278_965_701.png,0.6076735327621662,0.16284677231133252,0.6703092346529528,0.027253077786558756,0.030573193930662042,0.03438152899432023,0.025709137974837114,0.027364035645239804,0.027230069633442995,0.009165951933986033,0.021376317966445263,0.022820213002625933,0.7270121874649351,0.6622799475494195,1.0,success,
PAT_645_4043_374.png,0.6626606703999205,0.3183212045814021,0.590875728917807,0.027339713374958684,0.046014662503015606,0.0190915475386021,0.026941049005422577,0.03863426262734455,0.016450037116784735,0.00797495644510246,0.048615993729938245,0.017812828697019722,0.6070967272938883,0.44349728368408414,0.9310344827586207,success,
PAT_963_1820_823.png,0.6636721066086558,0.30752705213203374,0.6482976306822684,0.009792562805393795,0.04797801848452835,0.014797885493622258,0.009428151069608785,0.04858186253004022,0.013353736126464401,0.00859279803207479,0.09963051984286997,0.025218432323871998,0.8689979656857469,0.7034103259478607,1.0,success,
PAT_882_1677_789.png,,,,,,,,,,,,,,,,failed,Failed to load image or mask
PAT_1725_3222_943.png,0.5565231666659801,0.0808689526061681,0.5931595231057247,0.07133654296360621,0.03384524392342466,0.03732674134505057,0.053650780991235256,0.02796727608948545,0.03845093557389172,0.05577766887264409,0.014980533326386158,0.07941703448657733,0.6773619431487989,0.6494455592437083,1.0,success,
PAT_98_152_562.png,0.0038239287125291974,0.2692772564041664,0.6761849661699239,0.4552186192080933,0.132594102052141,0.050704069953083394,0.4547902136873021,0.1320897997306471,0.050202650206877614,0.0001453296205301207,0.09859525352862722,0.004486105966969189,0.8840279270014735,0.7984759306822053,1.0,success,
PAT_1884_3730_813.png,0.5898060606734484,0.1188401286440502,0.7068056852370579,0.04825091017202537,0.042158497654544935,0.04171906226328904,,,,0.06331647678287777,0.008120655669675278,0.04841107739392059,0.8321023012762536,0.8053001715100465,1.0,success,
PAT_369_755_391.png,0.6965968868869505,0.3634992814545858,0.6041349338035699,0.014174257556735546,0.06460002649492051,0.03951115351038795,0.011367628970094794,0.05679585670932771,0.03156182258512393,0.0011789571019900475,0.0650618571021288,0.0043956883218234655,0.7061085733041074,0.709959083550272,1.0,success,
PAT_1276_957_406.png,0.6031748668610509,0.5536139141849208,0.5332707389479889,0.006806558584009791,0.09118048641721595,0.10883699727675115,0.0038570194609465138,0.06272676275998046,0.10497014358620135,0.007971448178109675,0.04348721930735866,0.20487115423183644,0.8680227784215627,0.8465505043394187,1.0,success,
PAT_1070_305_907.png,0.015912011832842875,0.46015092604205865,0.6304193319118692,0.26507405819395524,0.03591782076041732,0.03010896001285685,0.25895326712205674,0.031919509496783696,0.02644793818986067,0.01227039078819499,0.0026331007301156895,0.017628796430376847,0.9155671296296296,0.7702415053804672,0.9811320754716981,success,
PAT_1688_3066_491.png,0.728197572034552,0.2145087135873812,0.6201820858093006,0.12758715231352688,0.0935838541437949,0.09437640577335507,0.06986062688595762,0.07590433085284948,0.08122757009185168,0.08390136412997096,0.006138449492583381,0.015016383822454515,0.7226971688553678,0.7237983981136925,0.9612403100775194,success,
PAT_981_1848_906.png,0.6390399707302442,0.38871737820423674,0.7362721920919668,0.011670326245094101,0.06844758798776605,0.035486446489426234,,,,0.014808061703806647,0.03353530537510507,0.006686809690564455,0.8314724491195079,0.8282328695612253,1.0,success,
PAT_409_812_974.png,0.6308199236551337,0.454042808330504,0.7174780215414177,0.015016011342153022,0.1663893440039787,0.06800500537718929,0.012931908887990791,0.16412608981323626,0.06489353387042526,0.016728085938551056,0.10314166265283337,0.009050724525613618,0.9265025484515461,0.8823256062938091,1.0,success,
PAT_276_425_539.png,0.2936752102648911,0.09885758795274568,0.4586911643795516,0.2561270065324009,0.06926913115509872,0.12422760341625926,0.2684817646709338,0.0611181336560246,0.11447122146299878,0.4824065641949131,0.016950199208248792,0.05499896451240194,0.9274238989589922,0.8403013753144544,0.9939024390243902,success,
PAT_430_848_476.png,0.659774260358903,0.40056303735828963,0.5653348013480671,0.019625832116648985,0.0987251590503745,0.0737986946318664,0.01687261432576362,0.08645416572405702,0.06899322991076949,0.002018519962429603,0.051665666331353444,0.004007264865500626,0.8472655374612326,0.7897739666481897,0.9943181818181818,success,
PAT_419_832_706.png,,,,,,,,,,,,,,,,failed,Failed to load image or mask
PAT_1423_1472_18.png,0.4899873530475171,0.07489265393320219,0.5874706516910971,0.10744382553413621,0.05818895611912997,0.05706235443754869,0.08894125749002725,0.05699843744821199,0.05706117193550067,0.06333797293250933,0.13435041596092426,0.10968945706238681,0.7288188268847957,0.7738137317633658,1.0,success,
PAT_55_84_506.png,0.7397329227389763,0.29643549676763553,0.538194990725364,0.13414727461310538,0.15536800772804218,0.08216804129187655,0.12233533506047366,0.14125730234658865,0.07332759613730593,0.0766729027875184,0.09497756825088349,0.02415088456168779,0.8457418729311064,0.8182722692601068,1.0,success,
PAT_1710_3160_488.png,0.6061144500705997,0.3387136066547831,0.5821984551396316,0.015080824971255622,0.09304250506991887,0.055816376133817944,0.014453528129263229,0.0889797219510004,0.05449673888174548,0.015583753426478589,0.1577079619726679,0.07759061200237671,0.8800964191643533,0.7724844449093443,1.0,success,
PAT_1818_3568_132.png,0.04385943747132525,0.6198000846495548,0.6275656924056692,0.005777529516703802,0.07647894193251922,0.0593919110281609,0.005045731585612301,0.06929978072073702,0.05725652923674336,0.010596996678269018,0.09541457830678124,0.021512267355487613,0.5707790522057551,0.67658384670468,0.9911504424778761,success,
PAT_1414_1429_59.png,0.6862975955307943,0.29728923827595555,0.5849894079495598,0.07210204655502751,0.09953317197567915,0.1149573054990951,0.032612091954180994,0.08452943595933379,0.10854081568140311,0.02780966285529729,0.008284010131687725,0.004913177288357051,0.7994325329288146,0.7988637001150847,0.9620253164556962,success,
PAT_1573_2499_849.png,0.687661437127393,0.22040731311170644,0.6846104245743952,0.03546795900857349,0.0400834684005679,0.08460157333646504,0.03420796375263586,0.03461331430992345,0.08304024228258816,0.027870862851831487,0.03150081869282792,0.02201948021882083,0.4548429953885923,0.33245569926373464,0.9693251533742331,success,
PAT_377_1580_534.png,0.029218704099470826,0.5164361396732606,0.5058110200601981,0.021939241817546532,0.05120973985750119,0.10654003493776458,0.007360049262841542,0.0460991148874841,0.10283487066383369,0.00112301437926186,0.008272533831728546,0.04952705823161685,0.5787020194031425,0.7547472996377285,0.9538461538461539,success,
PAT_802_1516_910.png,0.6120832775643404,0.18660487351714708,0.6721163631808859,0.016480915325153365,0.009162354553052322,0.03577027345792948,0.01587574316183554,0.00823905785697973,0.03392208670213306,0.001434913464307641,0.0005773264036271208,0.01167525997725305,0.5790720906999977,0.4918997113865161,0.975,success,
PAT_962_1823_942.png,0.6189041986895144,0.18373255119222204,0.6725327250013579,0.026272268446236122,0.04913606126294978,0.05815023716429557,0.018303260306875922,0.056652015535547336,0.06639954685374264,0.0253366458643517,0.00047797512356742566,0.002034788984845992,0.7238572178153647,0.7250248373322669,0.9736842105263158,success,
PAT_1109_437_254.png,0.6431422374458735,0.399171144482438,0.19734902801195486,0.04138175782161272,0.13301085637773322,0.09537009721739588,0.02403562749655477,0.110611677701759,0.1140909077585886,0.06007735493061451,0.2017527741492301,0.28625187503583144,0.8653875322550688,0.813351453262385,0.983739837398374,success,
PAT_241_367_374.png,0.6757238551510134,0.2721582307147558,0.6786625927862956,0.07513123037644451,0.1367470996176333,0.14322295366197035,0.046158645134681174,0.11692175759802452,0.1349217836879057,0.00015605716693032593,0.08259326003194892,0.1250004801599247,0.4997755309557495,0.5523259753673941,0.984313725490196,success,
PAT_1492_1705_578.png,0.6518224896785638,0.5293051717331227,0.5765232267403606,0.009839300118524345,0.054788049364613525,0.038341719613742824,0.009137967481152549,0.05150467921876306,0.036340282819540756,0.00017804962156983746,0.04561204182579104,0.06071854253300313,0.7819168714086726,0.832951413817048,1.0,success,
PAT_492_937_958.png,0.663565931028773,0.40383072021147676,0.5822776714599865,0.08327330515646066,0.17882768319042783,0.0843723709683434,0.060681172072594096,0.1703479394188389,0.07895803159697745,0.04494912828313586,0.12013293084642329,0.030911183029177502,0.8196333746113968,0.796416106483313,1.0,success,
PAT_1400_1372_276.png,0.6288889958770549,0.30084418171442107,0.5218765814947615,0.017958795460213665,0.0649603212926006,0.07856884993663628,0.016052677318108565,0.05768777750162244,0.07034029900138257,0.02676949599345638,0.09739948480847699,0.11365597201305078,0.9066742092346909,0.8146943276971396,1.0,success,
PAT_966_1825_584.png,0.6086109305333253,0.4532747777054869,0.36829002258027477,0.008745548502384166,0.07101858709060276,0.06686125822213224,0.008066405402900798,0.058508572747093465,0.06892121768739766,0.014849012768332809,0.07894476067581946,0.14235958278486127,0.6910563727453082,0.33713506329810417,0.9611650485436893,success,
PAT_263_404_410.png,0.6706624407181788,0.30823162338258236,0.5579141484987131,0.01574776627084297,0.08162365386684656,0.06440034474259788,0.01368801284088214,0.07895871888999113,0.06507545014376732,0.04678197224485727,0.13013982800521354,0.13362928451695122,0.8615267460252263,0.7811786278195026,1.0,success,
PAT_549_1043_676.png,0.6637230113649788,0.4820203756081455,0.8113308324614757,0.009570252737179458,0.060720039730172634,0.13344040536465043,0.007845071676643065,0.053409697140480925,0.13517811623244166,0.01173337180926642,0.06241334826045086,0.04890167609872398,0.6837984467130682,0.4370926939861029,0.9506172839506173,success,
PAT_461_895_72.png,0.6501636733317998,0.7169184267223483,0.5735104637065422,0.006941945627029869,0.13777515112849698,0.11195370422248749,0.005603664314583648,0.13650491832097003,0.10205417817556751,0.0015185029833148967,0.21633421492545446,0.09983306248642476,0.7849352084028757,0.7378150173595452,1.0,success,
PAT_875_1669_946.png,0.6351382730540981,0.5565998108155773,0.5136116588908662,0.022640231629182866,0.14699809035801303,0.1354701161432492,0.01963526739553148,0.1263871458838735,0.11823850708029761,0.026848760213394957,0.053276447571974805,0.01889748035805372,0.757590858203861,0.5454173019393291,1.0,success,
PAT_1721_3219_737.png,0.6357984825207679,0.2367082949631377,0.47117738608764026,0.012533776255934234,0.09183242399064635,0.09689372480159526,0.010904806307504055,0.08465321654512159,0.0964650158406973,0.0036770684447534545,0.034928204306548555,0.1596706350586804,0.7093308443211417,0.6138888917880003,0.95,success,
PAT_714_1337_709.png,0.03344206294433496,0.3558795188917733,0.7610216181288472,0.00939355395370363,0.05544077701959837,0.08259661480297861,0.008505865190833326,0.05178930910658377,0.08446792458276917,0.004725277781650656,0.016361852232947727,0.04376006944157562,0.7803774253915099,0.7404125922380309,0.8736842105263158,success,
PAT_426_842_458.png,0.6408260425467628,0.44802391960611154,0.6337714361576247,0.017034363261495447,0.0633661785813397,0.029052983689958487,0.018377950131878713,0.061589563281593276,0.023582581420674383,0.046605108519122654,0.18249001929900077,0.05621793308404799,0.7976542911745885,0.7178839730782622,0.970873786407767,success,
PAT_847_1610_165.png,0.7814442561634733,0.16175752929273834,0.5670535023507707,0.047426729628723484,0.05712805937277222,0.048677057347976616,0.042937970346041056,0.04921591089287886,0.04586044642985066,0.005758956454657809,0.05648755841822688,0.040588826692569024,0.7839607361867458,0.7175564455398523,1.0,success,
PAT_168_1486_97.png,0.6689429849824913,0.331585353621609,0.5774513870251543,0.03177810327577935,0.09834333867498607,0.054725053025682875,0.018923574971097094,0.08823132791201664,0.031886085502407714,0.03615108175396734,0.04941875500138143,0.0031540973671662087,0.8329973219274416,0.8469507436165451,1.0,success,
PAT_441_861_415.png,0.6124490048733201,0.5401587161295334,0.632461546290419,0.00670738357043013,0.06480321244037397,0.05982004865055923,0.005900764778503577,0.05023352290968058,0.0443042278039147,0.014855163724315584,0.10802026701051864,0.08811167789547858,0.7989632193602767,0.6185953696207684,0.9813084112149533,success,
PAT_958_1812_62.png,0.5483542652440423,0.15313201616524472,0.34241973506960033,0.13028425422937867,0.06896601309884637,0.08716175879934693,0.14629459179063106,0.06471054127410165,0.08457463072120484,0.3914514030997206,0.09661228033357525,0.20686352914992556,0.7956702614264902,0.8157464240082013,1.0,success,
PAT_319_680_832.png,0.629320701062568,0.4372897953670561,0.7611673907986463,0.019718376585985204,0.10283925028842493,0.07145517650518722,0.018001684012293174,0.08930551187985483,0.06478474653851596,0.02521166152802097,0.005250038714861405,0.02604953949984712,0.8050145324586022,0.8110979611635198,0.9925373134328358,success,
PAT_999_20_223.png,0.63380233748351,0.5529619529931178,0.4361303726788729,0.006828352170373728,0.027848414579659458,0.024040956059378536,,,,0.0027376707883808946,0.019019637070560425,0.00023099685137145665,0.7249946253896593,0.7157497547476117,1.0,success,
PAT_1305_4097_251.png,0.6216982399512891,0.40486062890586255,0.7015937572330787,0.007884204700616538,0.06700502054331244,0.07017486447227801,0.006473052452075316,0.062212496854913514,0.06753680086343765,0.01569511614215568,0.12556437868371928,0.11116615035533428,0.8888944723618091,0.8749235774334094,1.0,success,
PAT_796_1510_130.png,0.6299434797329221,0.39487618200276037,0.5285768059405264,0.038600612399451756,0.13904682122446158,0.11958904230828504,0.02545325255483634,0.12165856211105973,0.11009782155861356,0.00021029935999068686,0.1390846434853361,0.10878868780740503,0.4518581081081081,0.5654795468316544,0.8061224489795918,success,
PAT_963_1819_298.png,0.7026922492662201,0.292193099005516,0.6146313967065266,0.02643343172336084,0.0794864761853322,0.035439105686615006,0.022744474065171626,0.07424478423939072,0.030167789288614674,0.0020428768479049276,0.020861746120940383,0.005503803640314553,0.89080259934939,0.8537413805716756,1.0,success,
PAT_1730_3236_7.png,0.5866462359904364,0.3465342399385201,0.6289055582471558,0.012723877682645934,0.12044255517904637,0.15164346842124002,0.00959661556130959,0.10798649074332146,0.14701002584384396,0.005745928074147994,0.15055132411770822,0.25441679739622125,0.7495423256093197,0.7053022875560571,0.9826086956521739,success,
PAT_1546_1871_376.png,0.6066545969486322,0.5592658845716505,0.5688576420667276,0.012118012637293016,0.05554503825646644,0.0533376857418457,0.011664479262076286,0.05116234507208725,0.05123101851910269,0.009708603769388289,0.01243385055322388,0.023568533222665278,0.8758731194849854,0.8244559599325909,1.0,success,
PAT_2154_4783_625.png,0.07683750508659996,0.24344512579806699,0.7379796603326015,0.018382723947400766,0.0467391441291487,0.06546636639771558,0.016685849498454086,0.04459711547107284,0.06246831086117789,0.007843686618253099,0.021788326033193167,0.028777277988765615,0.8363021750851698,0.7310952588451196,0.987012987012987,success,
PAT_413_819_268.png,0.0028598642997581967,0.35943454762567173,0.5756122371909415,0.4780603482803697,0.09950029573243713,0.12186042910766148,0.4774661837013782,0.09885240037053847,0.12938903344615,0.021203039970405953,0.10480470010106385,0.03398151340075617,0.6942555737612529,0.6449785076532139,0.9895287958115183,success,
PAT_690_1309_981.png,0.662774230041675,0.3429918246855761,0.6011794050155231,0.03408397028839948,0.1276829268684769,0.08033640798142483,0.025155554634494523,0.12342149417990401,0.08009889201159276,0.004241622321159137,0.20371566409630568,0.02344617180592512,0.9182822884946492,0.8886130804235159,1.0,success,
PAT_1754_3308_390.png,0.6100856831966796,0.18954974899563223,0.620587885001156,0.005917257198821049,0.03136039368499809,0.011140198670413526,0.004960177174873492,0.032368897385663085,0.011253162663707175,0.0030122697570440157,0.06074792247296176,0.015647239819848058,0.7942866183191528,0.6028327862704648,0.9845360824742269,success,
PAT_118_180_386.png,0.6621221488951456,0.39194935518647306,0.36396825782814163,0.01698235243246229,0.12714992534873965,0.12029593459918753,0.013105696599370938,0.11144232224584419,0.11804310846893741,0.0006554374324990262,0.07178328163961661,0.13806056081675405,0.7390914769061943,0.6880673622253937,1.0,success,
PAT_850_1611_332.png,0.6326084125818103,0.41872875363737727,0.46881033966984853,0.015264781772497092,0.09259173108833128,0.08567280762943721,0.010839759491562621,0.07308198768137208,0.07306975666797177,0.010628853798644321,0.03279883711631337,0.07702542037674442,0.771700803845548,0.7817767189094161,1.0,success,
PAT_771_1488_562.png,0.6282102531438002,0.22018155216084828,0.5639161147208281,0.06324684884478465,0.1383915004340783,0.10645413649512012,0.047209330966558605,0.13317851202343176,0.1014512718408868,0.005333551411912178,0.12874654111622053,0.06931716883305211,0.9018552090918346,0.8804247688324683,1.0,success,
PAT_1410_1410_46.png,0.6166709529329182,0.16385862406382898,0.5597493507959805,0.08127828319632915,0.03897047769457387,0.09830757544989956,0.08450728639888777,0.033271438668096294,0.09938536866513792,0.04636523583953323,0.01414025779511377,0.03145900814870872,0.899260781665556,0.8256422463605152,0.9811320754716981,success,
PAT_365_751_709.png,0.6132857227997225,0.48308614232209734,0.6626331791143424,0.010821824462481896,0.09369020788688205,0.05408074672754662,0.009335803177324879,0.083952994816775,0.046687766209886676,0.005149708786763322,0.018618439605108228,0.012249752174253059,0.8625172446974938,0.8489051899302258,0.9934640522875817,success,
PAT_63_1075_498.png,0.03361876934500456,0.37932197329822936,0.756510080202823,0.02266527419078602,0.09214657674387626,0.07784656327944271,0.010095944816649816,0.08755462603943467,0.07664209784592382,0.019765406672161662,0.029093646673461815,0.011269631081998188,0.8365924790670456,0.7870231967626455,0.9833333333333333,success,
PAT_207_3951_140.png,0.6431198244039231,0.16641009072736823,0.6574261541193852,0.017179568172123877,0.023277854334318324,0.028239932368958276,0.016233321823304198,0.027960063296033563,0.02953857525834661,0.024430659179414407,0.05858174068448532,0.00241029931568415,0.6251339285041008,0.4561142283495657,0.9,success,
PAT_483_925_716.png,,,,,,,,,,,,,,,,failed,Failed to load image or mask
PAT_358_738_837.png,0.9801592191421363,0.25830198237702534,0.5985300346313874,0.35775707389124833,0.08007198998448499,0.018072255539339967,0.3404492630212132,0.07442843075179133,0.01390420590553191,0.02508757973730285,0.06961356196423835,0.006539085548389445,0.7813176218838005,0.7353460804287263,0.9897959183673469,success,
PAT_875_1670_121.png,0.6767392494404403,0.5683502143836423,0.4884475889910487,0.013124278418569587,0.07661609777481665,0.051430589782514344,0.012889389664229008,0.06809751558074487,0.04428945620245833,0.025849756709563267,0.04215165302241253,0.04189527441129559,0.9279241000548484,0.8859344087680016,1.0,success,
PAT_645_1300_463.png,0.6690174537711662,0.3106166642862486,0.5951949562343147,0.02506534941463162,0.13471396238457514,0.04610163578552561,0.02307052692432382,0.12139599981826507,0.040327759833008,0.016846352912562583,0.09051291908446421,0.011295343589318385,0.8300492189318328,0.8713012334563216,1.0,success,
PAT_514_967_300.png,0.6409559768024911,0.51502324280871,0.6539470832896438,0.006477880088691688,0.06815953434135438,0.06049745971094451,0.005911117601035737,0.06195073249618366,0.04763468898951324,0.010710324637386748,0.04142681007553434,0.033161315549108394,0.8059325152670332,0.853456484577791,0.9852941176470589,success,
PAT_1286_1000_517.png,0.5035494356098469,0.1598159453413438,0.6566620794458152,0.02782892852323028,0.05094161448005208,0.10535814915129806,0.024903766166320018,0.04553832383155819,0.08836983856099942,0.04165414641209158,0.08158924567418135,0.10905379608109911,0.8837498054470982,0.8074775040288795,0.9252873563218391,success,
PAT_330_698_211.png,0.6385545909699873,0.17724181655535387,0.8453797228325849,0.009989117221260783,0.008504554597730215,0.018799895287303366,0.008503864821500885,0.006612009834514038,0.019543924163185518,0.002275409080650961,0.002658917226004226,0.012647066634366877,0.8022718657314278,0.7907610847427309,1.0,success,
PAT_1062_264_741.png,0.668748523393651,0.4496156171719789,0.5923468947050187,0.010920861476656288,0.08713148572565631,0.07343342533848732,,,,0.014613050909708391,0.08810170928324201,0.08818206106333515,0.7850238347457628,0.7612826328638208,1.0,success,
PAT_792_4351_858.png,0.6239973763716655,0.269435603232609,0.6830602381233055,0.010180921974539939,0.04902614856047196,0.0264547183137209,0.009052078437553821,0.046232494140839256,0.024422821542526733,0.019750512555489447,0.005471729563523153,0.014936001468421556,0.8556040869340429,0.8512207077204728,1.0,success,
PAT_1728_3234_299.png,0.6544728252227708,0.374424829834315,0.7188511967425634,0.012109620376850335,0.061101357629371904,0.09736821168518132,0.010401612665088817,0.05484776207156479,0.09509384807885514,0.012042698789632548,0.0068570255799647595,0.019049126405901062,0.6072719955291606,0.4644464000770832,0.8782608695652174,success,
PAT_722_1377_120.png,0.6561731918771382,0.20865062705797877,0.5296943953192403,0.10877046081383056,0.09513303899758581,0.10471311451841228,0.11482914994787936,0.08550097354033574,0.10083975535142205,0.06976213738429951,0.08513074727306508,0.0486949952732626,0.7236340641659451,0.759225983773652,1.0,success,
PAT_2076_4459_450.png,0.6574980101019954,0.33400310542044115,0.6744558101792248,0.011487199107980644,0.035879765093351654,0.03053873935864713,0.011536561932306295,0.03424653016824038,0.02809831554230295,0.01577514155400037,0.048215942289002944,0.0031900058017513278,0.7880806863422214,0.756791538715259,0.9096774193548387,success,
PAT_280_431_466.png,0.7565195084990423,0.22339313929219806,0.5892507730406871,0.10850822923102947,0.10816453498825511,0.04333616694846223,0.09795243511893152,0.0973425825027979,0.04217068351860915,0.027715502012195734,0.1297261799711562,0.005509543026038122,0.8101120196026828,0.7506186664907406,0.9473684210526315,success,
PAT_1411_1414_355.png,0.6423315809812277,0.16103280021686092,0.552683654106804,0.02234907933778418,0.02086573070393102,0.045242432483562606,0.014339725384897166,0.023206656224617435,0.05961906893105701,0.009395839407595554,0.009024577572964654,0.0028824432999006167,0.818150192707332,0.8589158619186159,1.0,success,
PAT_1651_2914_833.png,0.5920600552559845,0.5076945153388067,0.8255458865895199,0.008933476669632723,0.06536644333638773,0.07949080320049502,0.006460987132673482,0.046811229857756806,0.06616106972070927,0.005086652606844745,0.0064777848224102375,0.006640164603495036,0.3663179473583452,0.08802955095908566,0.5275590551181102,success,
PAT_966_1825_546.png,0.6469033827938969,0.14855675904673382,0.3742398087903333,0.12366940198951971,0.07390686576765823,0.08681295065194433,0.055214890006027924,0.06386609535153304,0.0856112037055693,0.04305279414332206,0.06840780023840429,0.17286968100041505,0.5948957899698598,0.605465656347038,0.978494623655914,success,
PAT_396_796_394.png,0.9956495763616897,0.2772421439528561,0.7587734086663326,0.48108483017912207,0.09925509466147099,0.09587896811552028,0.4790479051372284,0.09814230401536095,0.09301243684104821,0.03815516178755334,0.10094850184852425,0.11592811488045951,0.7878703701605116,0.8350565134424478,1.0,success,
PAT_1701_3135_5.png,0.03783960375966488,0.2614745726567673,0.6472788084896237,0.09171182553346596,0.0494640169162723,0.032811337712411126,0.11213448614949353,0.04868422929006986,0.03127041819653805,0.01544861241319687,0.09866775501445615,0.05546059235546008,0.8208512205295768,0.7085475350306333,0.9666666666666667,success,
PAT_2042_4301_636.png,0.622359742256402,0.14068215199242223,0.6298370551036765,0.02793987788481404,0.08104532760793742,0.052897010254133334,0.021910408681096994,0.08432637048827381,0.05254481141375613,0.01661025071622117,0.054549061080211486,0.034911505103953355,0.5887510958436151,0.74387326671175,0.9194630872483222,success,
PAT_216_331_678.png,0.038794439980376225,0.32299149748394934,0.7650271948877201,0.03257976204340486,0.05283693227466604,0.029971458787945226,0.01464340327986345,0.05103043843373522,0.027936845745822746,0.029076882876078954,0.001580288372205474,0.012715703924697452,0.3504530144963075,0.43871392902181267,0.7719298245614035,success,
PAT_747_1408_427.png,0.6636441470574251,0.29532637357661135,0.5491756624483156,0.017185448209004212,0.07678325471876711,0.04859373063341007,0.01599398270799818,0.07337765468188986,0.04384076451905012,0.0297255256380879,0.10144523349171142,0.06574246975301845,0.7964724224863391,0.8134834704741153,0.978494623655914,success,
PAT_691_1311_686.png,0.02979109028303178,0.19046008360825603,0.5525653495521176,0.3992195806421791,0.05450674328712636,0.05857016440573927,0.3880457702329525,0.049849394398993906,0.05298852741434827,0.017563459035639082,0.039480586211954105,0.007321198643591598,0.8132467960280334,0.8375452622565915,1.0,success,
PAT_34_47_108.png,0.6249218573660931,0.5119450980392156,0.5658588235294119,0.006110616141571128,0.08896378002363553,0.0598693392128039,0.0059205697295562154,0.09177154054021563,0.06384079459061855,0.012685224487988082,0.15600827886710233,0.06984379084967307,0.8359834109942195,0.8239526779111649,1.0,success,
PAT_1277_964_152.png,0.510407636935724,0.05880006257822278,0.6513662911973299,0.151783862151304,0.042774356518748835,0.07906654026513385,0.13799819815288172,0.03903668263437611,0.07028412431504631,0.047724941356580786,0.0017409013108992052,0.01309624131924303,0.85078991937005,0.7721468731204075,0.9387755102040817,success,
PAT_361_1568_456.png,0.6503153608379458,0.41224570460840565,0.7952112958689446,0.055857034630289716,0.06829504140469768,0.10214242585757632,0.08662307848588481,0.056754424924538756,0.11097880801057781,0.21559866107221365,0.06045825959237644,0.21629718269515796,0.7919901826846155,0.7764881292975089,0.9900990099009901,success,
PAT_162_252_773.png,0.9228244535941751,0.2490463165068752,0.6130863242431778,0.29781686264598867,0.11418462834512914,0.07025231697881615,0.317522904874672,0.10955712886662451,0.06554309916011626,0.064108074884,0.017118361831536533,0.0025927712469133724,0.7101157842103145,0.572479577609081,0.9867549668874173,success,
PAT_1794_3435_711.png,0.6221084114780052,0.3582225140918295,0.45354476711058744,0.01706745377491991,0.05493712294260867,0.0260947498563166,0.01448749327984274,0.048433296338223825,0.022125212127732892,0.015207959812023119,0.013622602929953709,0.013591472498524826,0.35771545142594446,0.2536199727015416,0.855072463768116,success,
PAT_1702_3548_386.png,0.6110267015823565,0.20084717225245025,0.6699147510766885,0.05580413338257495,0.10721470504790792,0.05390866332181016,0.05284598951539319,0.101946347823609,0.05131193700483957,0.018711154785436987,0.006002167301055766,0.015391720351180527,0.8981307639736767,0.8149848499624336,0.9420289855072463,success,
PAT_267_412_275.png,0.6792530429242342,0.3331426743191449,0.585928450634333,0.015100309958109919,0.09237463665492303,0.06933382886756818,0.01376479659749201,0.0857683448531138,0.05921112132857051,0.010736257989615597,0.08159046722941249,0.04544152264233403,0.7200459325308837,0.5865919782612004,0.9245283018867925,success,
PAT_395_795_43.png,0.6569954596506393,0.2923047436511739,0.5696139500361717,0.015218140654456137,0.0759967876873826,0.06373541627401597,0.011755697421111946,0.07533572431192348,0.05180196106172115,0.003584072229115678,0.11134742954107912,0.00921322657533108,0.6791935922964119,0.725547169066737,1.0,success,
PAT_465_901_627.png,0.612225264604651,0.4566871648342547,0.49030581609623786,0.005702845183600091,0.0607670660513375,0.1002350332159631,0.0049568076560206325,0.05980596928557376,0.10117481061863423,0.007214501781691338,0.13637303284687868,0.1875722686245494,0.8307343557783784,0.8110611957009226,1.0,success,
PAT_249_380_366.png,0.06126402927261605,0.46998306637426085,0.587930858988239,0.029275953559162144,0.09363023225105879,0.04288736902542322,0.026916134691691667,0.08543523001854522,0.035044084792314786,0.0008490593830837945,0.024455317066680138,0.016833685929758535,0.8553824429752619,0.8627946957674807,1.0,success,
PAT_985_1856_397.png,0.6674598541251527,0.26633357479398456,0.5009243609031867,0.04801079336496366,0.10243086213923594,0.09009418184200702,0.04784477184489189,0.10190700788100862,0.08487621149046079,0.02700946233303804,0.10766072142871988,0.07924627223556502,0.7062062188364211,0.6313385655014777,0.9868421052631579,success,
PAT_458_891_709.png,0.9023623181421588,0.10464611283109736,0.4982534973053549,0.31977269686118504,0.046769394108732085,0.04216848312049834,0.23548673069966097,0.045796221206503514,0.03999726743100456,0.1397831127409134,0.03439076829878002,0.010736477487309937,0.7733598675582778,0.8377768001549415,1.0,success,
PAT_747_1410_179.png,0.6412965518950788,0.3607440261006255,0.7974654767428895,0.01555077329987909,0.09558187285206102,0.08514335873275987,0.013209371970868158,0.08563395391265793,0.06810810696333393,0.02470336730984578,0.05061417571668675,0.001315309358862704,0.8101046234325717,0.7979309473483072,0.9595959595959596,success,
PAT_1316_1114_517.png,0.6382400719761697,0.4188654490764074,0.8299453604371164,0.016271511886679704,0.03644831666124484,0.04655596560758185,0.015738519285054667,0.032724091178708066,0.04166254419618088,0.034468973393809124,0.036899408751118634,0.03742210777131372,0.7041912987575643,0.7163220681890572,0.9558823529411765,success,
PAT_398_799_163.png,0.012693620867391828,0.28503294340297003,0.35716859581125143,0.38918863699613243,0.12556429434841268,0.14471823188122335,0.384816378106227,0.1143668360858893,0.13773973702389883,0.00708267513960088,0.20138094630783568,0.20187396047052059,0.8325873837935952,0.68772677493307,0.8165137614678899,success,
PAT_953_1806_326.png,0.6449493086691949,0.2385106437840964,0.6152847612838109,0.044087378493057466,0.07386016811741056,0.04249365587773675,0.0406124419690766,0.07048001904417801,0.03802011922433853,0.06198280433556447,0.03869901607624468,0.009949177268545384,0.8392631837869273,0.8133300502512454,0.9882352941176471,success,
PAT_466_903_893.png,0.029686491061868256,0.2964287038066645,0.6274676600318766,0.30970733564584957,0.11556736553037282,0.07983917728001336,0.3351980340217164,0.10435721907486432,0.07242664726638949,0.017788549750017667,0.04375743516505326,0.055575621796984054,0.7170562381392702,0.6185517890718704,0.9805825242718447,success,
PAT_1132_508_325.png,0.6819274296212774,0.1597055178948903,0.6144252496537649,0.05068457539355979,0.04013724606927468,0.02527389479170145,0.04762019542453346,0.036786179503640375,0.022721294082849113,0.06787616716156725,0.012754375153238046,0.028422343929122906,0.7094235816676762,0.7647788110065549,1.0,success,
PAT_300_648_84.png,0.9676898536618844,0.19549254901960783,0.5780870588235295,0.41689961470410614,0.08461868057190507,0.04807428750334475,0.4211273380831281,0.08213135172948498,0.047055851387890056,0.07123703320756142,0.0004061517402930981,0.04791750989564603,0.8983755506335808,0.8470497207396808,1.0,success,
PAT_82_125_365.png,0.6281066676089246,0.5932817671898377,0.5894414566376487,0.010933877777522794,0.14156911646061515,0.17471867187560453,0.009323669832558341,0.13130981704426728,0.1681161858627525,0.015591314546107151,0.06322447166934231,0.1537457757744326,0.926231227548842,0.8441732213573127,0.9736842105263158,success,
PAT_478_916_806.png,0.9669207166165196,0.28868749640370567,0.648357889677535,0.1409133706605518,0.04436922611212862,0.07787123268330859,0.15134243861622634,0.04025729923230263,0.07361581355746369,0.024512184415818518,0.0311210765597712,0.037474076676898394,0.7082289237659399,0.7645875858175221,1.0,success,
PAT_1089_375_677.png,0.6571330435469933,0.3070905221210886,0.7586922066748177,0.00914459937302588,0.05112110055280096,0.045679558009309805,0.00848307913831342,0.04986987691311868,0.04316938628416605,0.011883080052370095,0.11649902564723918,0.0517680273148281,0.9126384997345911,0.8921174425013875,1.0,success,
PAT_76_1039_269.png,0.6416385047973594,0.21606300898578276,0.60623926690133,0.05509091941074489,0.07520367894986339,0.057493382188153606,0.04528445768363519,0.06786643707861614,0.05074953629060823,0.037302151955342804,0.13637143086199593,0.061001360692991224,0.7448387218163974,0.5535099524073728,0.9294871794871795,success,
PAT_663_1254_732.png,0.6956461478787022,0.17869971615934227,0.5798624025317282,0.05124438520129955,0.11972067484082446,0.05455039684409955,0.04124946808330888,0.1013312422552088,0.04652236734095343,0.07466693373177391,0.042667483361009645,0.042614265860747236,0.8446216648016788,0.8399703069637003,1.0,success,
PAT_206_312_760.png,0.6450424238413931,0.22741739892912446,0.5022014514654577,0.09251695866955113,0.11316880630621533,0.058897926452063584,0.09632921542228719,0.104648512416196,0.048769075413036,0.009159993152202697,0.062254942015523285,0.04282425910695575,0.5876925017654315,0.49853032328300445,1.0,success,
PAT_1566_2435_150.png,0.6562781877980197,0.5379289441208945,0.7639531778850664,0.008338455271365843,0.06255780299888687,0.0524671959776158,0.008385064609745786,0.05699739926937916,0.04217190982806617,0.024408228890758624,0.04161575521933619,0.05279062339827467,0.7665475434900219,0.7601759725202897,1.0,success,
PAT_1955_3947_778.png,0.03375748447385356,0.3991611487126812,0.9527589769927304,0.050887603995895564,0.041667531281286266,0.046303744369438384,0.009420019402254063,0.04118448488532615,0.050058259906066604,0.010763025812753835,0.01858158373645724,0.015319898092837514,0.3580578773132812,0.5029201095563176,0.8169014084507042,success,
PAT_1638_2878_536.png,0.615347431692624,0.35875059131953346,0.5413442282003672,0.012639291790273701,0.06505737646173568,0.03943041749877011,0.011279789619543798,0.0560468247669952,0.03494889496791467,0.004000207110653678,0.05151673732595863,0.007322244038245773,0.554689881012554,0.5307054990899027,0.9375,success,
PAT_1298_1051_831.png,0.6304691932692857,0.6053431533216367,0.6481307960745754,0.008654440189936273,0.1394620780497763,0.17051463411962708,0.00765727543999058,0.12928864698019477,0.16605137492014976,0.01635657023106442,0.00312218285410637,0.13618100931992816,0.9407499530692698,0.8693180888170985,1.0,success,
PAT_167_258_711.png,0.647110156217481,0.7051739045547095,0.6854851755780549,0.00799920455048463,0.18667057948100985,0.08866727267589984,0.00661250695472804,0.17543472694104148,0.08078992395564866,0.014370220103390747,0.3772674852632765,0.13706624107662657,0.6561871872820124,0.7623189568976031,1.0,success,
PAT_54_83_405.png,,,,,,,,,,,,,,,,failed,Failed to load image or mask
PAT_997_14_40.png,0.6870842610066052,0.2861306166302137,0.874757300180346,0.021645663937891167,0.05803730278576575,0.042603630248110376,0.01885991296696712,0.0539674818400437,0.03452591217165782,0.04671950205514979,0.013109707771798373,0.018620866549302062,0.45344506517690875,0.4813254282645009,0.9722222222222222,success,
PAT_373_761_708.png,0.6406070967722968,0.5209476260781724,0.6992786282280415,0.008959127096961119,0.13745532193773616,0.09264417330412494,0.00790616738262645,0.12223284971120245,0.08103671080587792,0.013737049740247819,0.05207760384247395,0.0717475829437123,0.7741312050155196,0.811053711948993,1.0,success,
PAT_1509_1741_810.png,0.6217916299846697,0.5752221178747261,0.48755542274965136,0.005131193352461645,0.0481003345633766,0.06156266925685603,0.004298374695139676,0.04129501756401832,0.062098556772567766,0.007077143053375008,0.06595122505157747,0.11737555745678119,0.662577063284528,0.6732064076414107,0.9864864864864865,success,
PAT_228_348_535.png,0.6762928166985994,0.549930874044533,0.48602392821535395,0.01353312506479773,0.15743669024835574,0.10767933310839119,0.012808609489583548,0.1485776454682514,0.09936675397644408,0.02351373646728708,0.25147277994133005,0.15252191369415385,0.7760411059847034,0.7962371742866874,0.9818181818181818,success,
PAT_1871_3666_675.png,0.6173308584208645,0.29506390978909963,0.7096151370832797,0.012951298351583837,0.08979293878838601,0.06041568271826432,0.012133949860110014,0.0900758198335261,0.055780547684908005,0.026017957431877806,0.18410951073841308,0.02146244668798092,0.7918379743528889,0.8046463731338105,0.9787234042553191,success,
PAT_547_1033_911.png,,,,,,,,,,,,,,,,failed,Failed to load image or mask
PAT_56_86_479.png,0.6969127986511869,0.45382306759684377,0.8916621946614195,0.02928987091117857,0.11427899684719622,0.07503077128162382,0.02435288109835007,0.09366776744202954,0.0661619183534109,0.04543793830841862,0.10741515663823492,0.02585726805551547,0.7708350687190446,0.5591162856075671,0.9939024390243902,success,
PAT_699_1320_901.png,0.6815582206956928,0.46010357588346806,0.5388419936153274,0.04291152065330879,0.1721801688842949,0.05668306553095426,0.0363348116546098,0.16718905908860351,0.05123741588057532,0.00919128463545928,0.07101306144891195,0.006751696241765304,0.8500212073013709,0.8040887252488169,1.0,success,
PAT_221_339_566.png,0.6238581624777068,0.4128940336941693,0.8533625553967984,0.009385808124788304,0.07316232075366953,0.04757392944846287,0.006558738640174064,0.06931490798789995,0.04846663120563057,0.006271823690743774,0.05622556814281121,0.04199128522201789,0.5631903305773384,0.4451616604437495,0.8541666666666666,success,
PAT_803_1522_907.png,0.6357772995414048,0.30631546443691443,0.6087532402102988,0.018992358627328454,0.09509127869060506,0.038102149326748824,0.017578513719545632,0.0840769920301659,0.03162649942125509,0.03151091540590735,0.015591779211447332,0.010305206394097266,0.8519675742401744,0.8417780697981194,1.0,success,
PAT_115_175_206.png,0.6571245694831682,0.7438354576803399,0.8015219202435073,0.02088961125098728,0.15389692873375493,0.11491062964403592,0.012416036554176385,0.10331349168400929,0.09470334918556825,0.028546842162034538,0.21612950077286208,0.1598816931663687,0.9091218050146392,0.7089291357933528,0.8677685950413223,success,
PAT_759_1433_973.png,0.7662583142723169,0.23347534362582242,0.5796677740863787,0.15903471585898668,0.07910629263956877,0.0828806188688797,0.17022283719997278,0.07561674086451683,0.08277325302649169,0.10771017022598434,0.11303807137178808,0.042057022026756874,0.8467493223961153,0.8575739215962312,1.0,success,
PAT_782_1493_140.png,0.9825192621375178,0.1789712986643933,0.6545798995926873,0.30114644059091056,0.04052363306954692,0.023767548467789903,,,,0.005779629502189702,0.047305219058898396,0.008624751066210856,0.4893913043478261,0.5085328404027074,1.0,success,
PAT_1942_3915_388.png,0.031969520957693495,0.6032289798202444,0.49971937976223213,0.004472113549211127,0.07632901390213971,0.11611613615691163,0.0026890756524709817,0.07273802168202584,0.11634554829691532,0.00016951728600983113,0.12108162546565854,0.1940199875443236,0.829106971160231,0.7715370457376441,1.0,success,
PAT_1125_492_523.png,0.9591429351823878,0.11452498418722327,0.5611030993042379,0.326057417723666,0.04637405825195536,0.09825240615069541,0.2998758705953752,0.02483915005772361,0.11899197478523685,0.21906597683643064,0.021487681748716306,0.06208958085337929,0.8744662556591523,0.8322888992796708,1.0,success,
PAT_256_394_449.png,0.004615151982012949,0.4139726799221363,0.7016273853173116,0.47918468206790066,0.08573904646632935,0.048890617193991834,0.4304841552376648,0.08847594844620901,0.056385723334675154,0.03818409466612826,0.10205795384475713,0.018276232843166373,0.3151933382679787,0.10650425966526016,0.6666666666666666,success,
PAT_385_783_574.png,0.6942095442329604,0.32612353915550435,0.64838282579913,0.02341805088780847,0.07136210002688056,0.05889852934297023,0.02288744556307218,0.06756685785932838,0.05792872284928795,0.0447835032008129,0.05557073972247817,0.01390396843663666,0.8279522186172494,0.7484230855264182,1.0,success,
PAT_721_1365_142.png,0.7058573911667044,0.20697128879940327,0.584721817999647,0.08026915294031718,0.08880113633353784,0.07243482817460754,0.03870736414858396,0.08107621414151771,0.06771954737999408,0.07708381892887743,0.07917725190952377,0.02228015247552828,0.8071205392589023,0.8269659591027623,0.9777777777777777,success,
PAT_940_1774_962.png,0.017765075407023455,0.49469040012171006,0.6754053272001026,0.21934458643988933,0.07080741373244018,0.0729412591307716,0.22812854291297766,0.06271207430358347,0.06869611491637094,0.0035046152837439086,0.02203155631706194,0.09402215081393805,0.5879653024911032,0.557355375632614,0.9098360655737705,success,
PAT_316_674_924.png,0.6633757072129677,0.3308291711858884,0.6529676892382267,0.028965424566294553,0.11217391030753504,0.1581622994633684,0.02457633200149136,0.09981875414621955,0.15177708684691088,0.029608485796067105,0.02076372058366538,0.09215267562666896,0.6111924941385636,0.5342575588181661,1.0,success,
PAT_1094_381_446.png,0.6177947580615165,0.5463742556984109,0.8479026813820306,0.005569909719467033,0.026491752720316637,0.033407568526493285,0.004890074247581348,0.02208114628011381,0.03097769122129397,0.011055942627907218,0.015494317516241418,0.009776252260391916,0.5899302060926594,0.6154940514306865,0.8235294117647058,success,
PAT_412_818_61.png,0.6362207299407802,0.4351166001608278,0.8484976760887486,0.016697002420313207,0.145267851374041,0.057490533921806565,0.009827052338255343,0.1292304327460224,0.03952111579884441,0.01306648932892058,0.10980915679513198,0.03568279221507786,0.8046678605372813,0.7727394053147235,0.9827586206896551,success,
PAT_359_740_46.png,0.767744356067076,0.12170818813820841,0.734403876493126,0.15862601430191578,0.04365314006978458,0.05022159280723413,0.16660207956289746,0.04202720669279843,0.04954969490132887,0.14386330721081386,0.024120126364826494,0.052859701504444745,0.8732286788205262,0.8736952996768864,1.0,success,
PAT_842_1606_720.png,0.6278605161921764,0.5328069832584196,0.668329424793173,0.0161064913301288,0.07039218409605708,0.06707358429190959,0.014476579584672774,0.061587590110275967,0.0630176359520594,0.030047072959350628,0.04400919090210231,0.027392277078290728,0.6936751834970363,0.7436595446542037,0.9685534591194969,success,
PAT_1082_342_705.png,0.6124640113712783,0.41963350785340314,0.5377887280566677,0.011663975602878756,0.05843125667486213,0.043391715012645465,0.014841053753298509,0.05914409358988834,0.05227284764392144,0.0023061502638068673,0.06264401854177032,0.019293252943545447,0.8331793656531576,0.8164819868906807,1.0,success,
PAT_1821_3575_920.png,0.5781794532020601,0.2286863378910189,0.4837392612055107,0.06293638211899492,0.09318623940368732,0.044418980326641516,0.05370064500655355,0.09455759102633379,0.03917321745178431,0.010747203303038097,0.160877804174145,0.0012689454469250183,0.7414090080808904,0.5510329445904176,0.8666666666666667,success,
PAT_526_991_109.png,0.7344713244995222,0.2127149760590133,0.4928670782416133,0.06868029008147956,0.09882921222665507,0.11192547946994325,0.06046721214648687,0.09253945016087768,0.11254931706226813,0.0633689748415716,0.09568346025634519,0.12745367563071192,0.9041768768945468,0.8229632976902227,0.9354838709677419,success,
PAT_1460_1598_959.png,0.6294785009056014,0.17421249564914723,0.6301615616660865,0.015768360214054124,0.055307087335171826,0.041290756715327566,0.011362386337287486,0.049948448247534825,0.035608005580609815,0.002348481508088677,0.013686914135817435,0.04952288649869041,0.8519779933355354,0.8348648721961809,1.0,success,
PAT_880_1673_410.png,0.04249627234320059,0.380808830105694,0.9574877549624626,0.02148975604131202,0.04181823360667452,0.041678398730605436,0.019045197206621418,0.03982303135921677,0.037956657674742454,0.016350124836536355,0.056186191663915974,0.022987645811445634,0.8311993996920968,0.7765566172282886,1.0,success,
PAT_730_1383_535.png,0.688360741669564,0.24017904535551596,0.4764864329570212,0.08964379117431152,0.09020460802739338,0.05345260099873945,0.08219330110251982,0.08265733380103364,0.054891942643416285,0.02715813948780787,0.03149292827724201,0.014368826525689271,0.8151021952164225,0.821114126562454,0.9770114942528736,success,
PAT_948_1801_993.png,0.6291756156254489,0.43133937617113605,0.5415135784537867,0.047927599140207715,0.13286591454196572,0.25099173677718045,0.022567484204697175,0.11272104706149522,0.23584533755298034,0.01595699947104663,0.016094439105816483,0.23464011534696594,0.7836930455635491,0.817448514657925,0.9285714285714286,success,
PAT_962_1823_857.png,0.03342642163319269,0.2097332202111614,0.6549632352941176,0.3190083625798745,0.10744353237108727,0.0527408780200155,0.35157490426131327,0.12113276206501485,0.05752273377111527,0.04049540779502507,0.009258342760181004,0.001424632352941213,0.8447036644279486,0.7998655763842835,0.9411764705882353,success,
PAT_21_982_266.png,0.6566734549778859,0.3592307025903145,0.6921193219555863,0.011655693659728773,0.04430169241525331,0.03738899822140049,0.012078509925469246,0.05158035185256945,0.03852574877341984,0.004729040456485952,0.07795580219190812,0.05216628073170371,0.7935785264658142,0.799883902411578,1.0,success,
PAT_257_395_866.png,0.6236502199535741,0.6176667510619742,0.37968937411928383,0.030240206905072023,0.17223079390670382,0.07773330604279749,0.028322544585019108,0.16323048558426242,0.07273577959988979,0.0017206158876822838,0.17323899737198983,0.06247703358237261,0.9141336440117263,0.8850568497297377,1.0,success,
PAT_1217_762_198.png,0.6197966495235471,0.7114584654163448,0.49087464889934024,0.008244310068518643,0.06453549447342356,0.05537702929222962,0.009330273618241335,0.06413950250042208,0.062149674666209104,0.02515740269558759,0.12451848711288471,0.1563752337126641,0.8779626812882555,0.8701731155462347,1.0,success,
PAT_397_798_482.png,0.762073469785397,0.19378596262742814,0.5919417057947669,0.038407381705935786,0.035817630458477585,0.08945536069973158,0.038830105477006084,0.035702198886616555,0.09031460686561406,0.07629029332928891,0.050369412036335603,0.04246095144299156,0.7973321738824626,0.8338444097775574,0.9918032786885246,success,
PAT_1481_1674_735.png,0.6350043037332334,0.4519094561085252,0.5460186656541651,0.01322391525449111,0.0497862074246759,0.05695860354219114,0.011874680729736641,0.04572521130879698,0.05264597932902777,0.001703343271569698,0.07641734395421723,0.06801211929825224,0.7585952782211598,0.7678728006965007,0.9879518072289156,success,
PAT_665_1262_774.png,0.01722074600800731,0.34026659387652974,0.374575944959458,0.3169673974149069,0.13781447906698086,0.11156371876498836,0.2930480329593559,0.1332120756712566,0.11203150791944609,0.05754470544319174,0.22670540313783072,0.12977799066109663,0.9218848246188183,0.8361064843321473,0.9659090909090909,success,
PAT_976_1837_861.png,0.025681181196095772,0.4384585564760442,0.3934567139035258,0.1651545081458277,0.11024930853982606,0.09053699930967525,0.19632924523915074,0.1046286204312203,0.09168975007093713,0.004546398672658608,0.06281013722900908,0.2237526434442399,0.7904161398455734,0.7821778236931931,1.0,success,
PAT_827_1600_1000.png,0.6480667910643809,0.49821280388931405,0.5735494975618481,0.012819845287917582,0.10509766740745297,0.06997410785667794,0.010574056244039592,0.09574791988827457,0.06507441642079606,0.021738100835346014,0.026565924496987747,0.06153329000157581,0.8264971284217713,0.8423505645344365,0.97,success,
PAT_1764_3335_366.png,0.6114362071528423,0.3081732470491287,0.6470016238881213,0.010394495115932191,0.09873888992982129,0.1100560815304066,0.008211797212353255,0.09571302045905873,0.10323077452828981,0.009367848176122904,0.043671165512643995,0.10057688719110713,0.6408015049092664,0.6456999786096342,0.8111111111111111,success,
PAT_645_1223_124.png,,,,,,,,,,,,,,,,failed,Failed to load image or mask
PAT_185_285_862.png,0.7457167157176232,0.2834628190899001,0.6367361368027296,0.04017990590767177,0.09965687939341987,0.03216419232214701,0.035628372206796224,0.09216219933596796,0.02621460788326517,0.006549545560410921,0.09661760946133324,0.01210173981133078,0.7567998117063537,0.7485684196506371,0.95,success,
PAT_1333_1177_261.png,0.6641779755821204,0.15794565541952824,0.45573564248034243,0.04932794008083308,0.04389747688807899,0.0459207603608274,0.047710160243721274,0.04091432976348857,0.0430152794249173,0.07491099942361572,0.015636675405844958,0.12835682152827516,0.8862882011677999,0.852661761292686,0.9883720930232558,success,
PAT_1461_1600_867.png,0.5682200139904569,0.13737751859986225,0.4346456920086409,0.13023974692195087,0.0904360327396547,0.08810638197810008,0.11094854006891514,0.08548909462955624,0.08756788732301055,0.13058261048421496,0.07450892493542084,0.13744429669034441,0.8979878510923974,0.8550748474624444,1.0,success,
PAT_1658_2933_322.png,0.6139127004416721,0.47456882588689836,0.5958087620481979,0.006115313288836202,0.05162671591528199,0.022619310741937473,0.006172791290148424,0.054368698362573686,0.02177839060119247,0.018266345701613396,0.13071246006752635,0.045532211037484394,0.7718608609288338,0.7177399497603824,0.9551282051282052,success,
PAT_1013_82_876.png,,,,,,,,,,,,,,,,failed,Failed to load image or mask
PAT_2066_4417_201.png,0.6330270976589496,0.30612785744480214,0.3948509088544207,0.015642322802221744,0.1013580466167187,0.12565213551795876,0.014561310128430508,0.09621365470993094,0.12110999843834638,0.007191830356049422,0.10415745428468004,0.1767118479848419,0.9201185566259091,0.8172767263413117,0.9821428571428571,success,
PAT_1593_2651_122.png,0.019468599602975315,0.4387775996938019,0.680423095631095,0.16891675217882923,0.08867351030888515,0.12720528571204634,0.14743434910520747,0.0871635689230515,0.12890746423865093,0.00017018375317562464,0.021465166708051875,0.04327767825189288,0.9212480810558119,0.8391837046022127,1.0,success,
PAT_375_763_732.png,0.7122968403989224,0.18374322593358952,0.9040279830525175,0.019472373366230367,0.005426473302699593,0.02692757702683392,0.018700503571817437,0.003263978109043635,0.02889969787858217,0.007882677714212763,0.00199489130283384,0.035066890762198266,0.8738674770527513,0.7837116205092697,0.9876543209876543,success,
PAT_495_941_26.png,0.03416613992310201,0.5750195242824224,0.5705811647720881,0.004897060896338923,0.04726289527927972,0.12691879874201492,0.003869167444150077,0.03797093343284897,0.12287890673261576,0.005600893449847848,0.011900746947168028,0.18112723893895932,0.7613401630142045,0.66773859189033,0.9594594594594594,success,
PAT_535_1012_145.png,0.6720419111853573,0.3396313844686811,0.8467027236426485,0.010266522476061489,0.08294569454095883,0.045612442388012604,0.007148280152311182,0.06767853343801748,0.03233439799494293,0.017563117157350188,0.006897536378008162,0.004997794248210341,0.7421583537344313,0.7249795404528157,0.8672566371681416,success,
PAT_1583_2607_628.png,0.6359709786070038,0.2855455111953358,0.5400792736191851,0.00838413909478539,0.03443113611712181,0.04127120443902385,0.007009856676095619,0.03436350360517382,0.038922639977197894,0.008651839054245712,0.03569078387930816,0.06231971026586691,0.764111956914809,0.7075651941223942,0.9107142857142857,success,
PAT_121_184_502.png,0.6173516490237525,0.644420434140594,0.8900674518036025,0.009976810456389278,0.07861738963655865,0.050889001166236535,0.009485646287389751,0.07101898806080771,0.04379039182383591,0.011629533157802128,0.009822532928974725,0.015616625906769155,0.8564557661995013,0.8511432301241084,0.9806451612903225,success,
PAT_614_1166_885.png,0.6599922721974277,0.2926082323845921,0.3516749430873211,0.13290018938680895,0.12912787804197876,0.15973533573187093,0.05814583009924604,0.09097906220785103,0.15807918460938342,0.03485164205415288,0.08528077060368544,0.25241000786852436,0.6042191199117729,0.4883747428518101,0.8925233644859814,success,
PAT_524_987_738.png,0.0078573349339919,0.5106328118171488,0.8048757393001778,0.36752384463121,0.10253822745835454,0.03928443044108779,0.39994208944329734,0.10240599245444819,0.03754865798389671,0.016007340020297984,0.020170143991397826,0.026377037672680403,0.9249749453750004,0.8599042586054965,1.0,success,
PAT_381_775_566.png,0.6289372959903791,0.539505308296158,0.4779394473838918,0.011758150581937896,0.13104642117740425,0.1015284209664494,0.009212805766335812,0.09746012144940397,0.07751059326426751,0.01905402538544594,0.15397345121152273,0.1686212554191694,0.947833587326449,0.8840687127490151,1.0,success,
PAT_1774_3352_474.png,0.9524509853398071,0.0969611950484351,0.6466177576412454,0.3528008182488973,0.05700788648971032,0.08471945737376439,0.36028939694377116,0.050353759323938416,0.07831015711950622,0.07340759877554398,0.035390793132012426,0.008640648245450855,0.7397652350566757,0.7979203705569337,1.0,success,
PAT_375_763_980.png,0.025966892802042233,0.5223471402344767,0.7075982452150469,0.006244936313920305,0.03920192465114368,0.026737450595867438,0.005303128166294575,0.03362313095369974,0.022128281402172757,0.006845610574765582,0.005088092852310266,0.027072605783798775,0.8147423514512795,0.7915953221598161,0.94,success,
PAT_79_120_739.png,0.041169422973932716,0.49975880366618425,0.5838660934706734,0.005954142830983476,0.06312928373408888,0.01612174112622915,0.0052988920784499,0.05919178144493427,0.011673643662548848,0.0017837715546724939,0.056594404937658216,0.007583601161277764,0.6400190547395419,0.48705706305861907,0.96875,success,
PAT_587_3431_6.png,0.042593555846742834,0.26360707661268457,0.5932191500978042,0.009328661142905832,0.0452628095932385,0.041885828905054504,0.007772931652891151,0.04169541496892283,0.03952408522249166,0.002712163590349645,0.008081322976736638,0.0033254132783288037,0.6655290621371472,0.6736229812575357,1.0,success,
PAT_666_1268_870.png,0.8331317897687506,0.16737023939975404,0.640807856535602,0.08428833736320084,0.055447506569115006,0.046381595883628834,0.05735569081337743,0.049614615969132754,0.03518342162201831,0.04402630994549068,0.08887901682376712,0.006111084954037338,0.6917372891083609,0.5478742653148149,1.0,success,
PAT_691_3994_671.png,0.05642187536062138,0.16755862786635448,0.591894302597837,0.363023991431947,0.08197346486566467,0.10138692259385455,0.36023761428128115,0.07385841110700295,0.09593132514879005,0.00945253278315074,0.000869069240928555,0.012593401778929425,0.9008402100806998,0.8240521087995603,0.9806451612903225,success,
PAT_364_749_377.png,,,,,,,,,,,,,,,,failed,Failed to load image or mask
PAT_576_1089_435.png,0.7343904965114386,0.23693914673598782,0.5322001210423125,0.05166875834767147,0.0841798084208555,0.06940772417500939,0.0529342258187771,0.0799974911378663,0.06330759934860108,0.08514434160586495,0.004614004131502397,0.019261746317562167,0.6524205348906671,0.6988438888004989,0.9940828402366864,success,
PAT_952_1807_58.png,0.7425752249343396,0.24241024263586713,0.5725239502193572,0.08248710902068185,0.09888863765334463,0.06688854654529755,0.09556824174486317,0.10745403402754476,0.09971856763150862,0.0442759353167165,0.10932010735694936,0.02841844224150314,0.9110180461433031,0.8861323550756292,1.0,success,
PAT_485_928_796.png,0.6225850726263398,0.5413134016666997,0.5164757429766649,0.010379234154139418,0.07126051003930278,0.06009307403314589,0.007614914775100125,0.05385160735592687,0.05497872231370078,0.008797556460213388,0.026763535764741997,0.015551009658871573,0.612942775049773,0.6697790860301457,0.6810810810810811,success,
PAT_39_55_233.png,0.7145264527723024,0.24000666870432633,0.37503088906795595,0.10411886051137377,0.108444139122943,0.08745231535975041,0.09635752158407547,0.09818301009055666,0.08437909045934161,0.08135408131748084,0.028179506775966784,0.08496514975161229,0.9278477797601348,0.8918752103794979,1.0,success,
PAT_340_714_68.png,0.1128092794159449,0.44915025540527515,0.4035167753611548,0.1803961250705388,0.2041554883705662,0.12957262120071045,0.26197122027480163,0.2062100858173078,0.1161513832671372,0.47809380547185243,0.35319325191422357,0.2709102368230293,0.8697961660657552,0.6842051966197543,0.9811320754716981,success,
PAT_1981_4023_673.png,0.018356131858448137,0.4543613369727955,0.4403219672352123,0.3343663009494175,0.09996162786103,0.08521872540854031,0.3544507483447874,0.08674065191403511,0.08220109632278523,0.002896003140439728,0.08519630390686295,0.1212687196185886,0.7896802214776042,0.6534417803830311,0.9186991869918699,success,
PAT_315_673_227.png,0.6644774075663571,0.2416900398304325,0.6933056697532051,0.018786205441632363,0.09622253474541777,0.05592823123382681,0.016279331934629007,0.08418414440538852,0.04748310098915366,0.0062549919522376105,0.021987975077439326,0.007963073038029012,0.7755883958742198,0.8052128311019672,0.9857142857142858,success,
PAT_59_94_849.png,0.6089056296913244,0.5227942151015476,0.6788807546875609,0.00962170688141373,0.09382976657172036,0.06334525542490065,0.008418918174934833,0.08394172811345582,0.052233803763802635,0.0018611656533629173,0.10530248111118412,0.007358863739400867,0.8869144332934091,0.7538383083438296,0.9850746268656716,success,
PAT_1324_1145_309.png,0.602793898053581,0.6103277244704028,0.6090483474713763,0.006814390002594198,0.03740640160069803,0.01574570466153978,0.006304976409118045,0.03291793753583079,0.011920208880610263,0.01209675178468359,0.02844010854023382,0.005129631412485014,0.6710029199159634,0.7168800070839326,1.0,success,
PAT_1914_3822_863.png,0.5871664598061797,0.13366162047081576,0.5502775001422037,0.13304091720515426,0.08374837656197821,0.05923632573039409,0.11239886471754476,0.07881779447472391,0.05814283348233663,0.017666469081718202,0.16221041255292007,0.11303847497748193,0.8617802977517651,0.8490725839868638,1.0,success,
PAT_672_1272_705.png,0.6954015960645448,0.22746151029180692,0.3419378993318194,0.095793758598552,0.11660580524319462,0.1318369870127631,0.052277818163766296,0.09972057425608351,0.11838818594345933,0.06274341445017848,0.1389977379711155,0.2573198479311237,0.7887259350310332,0.8368852462524407,0.9748427672955975,success,
PAT_2122_4642_680.png,0.6251690433030002,0.4458747616138051,0.727488011257383,0.0044771377882708,0.06353166855374533,0.08929861868417968,0.003313800432653542,0.05680363184375293,0.08141742912135437,0.007676612023120871,0.03691401707258096,0.021406795809743473,0.6474944974838319,0.6873502669607812,1.0,success,
PAT_886_1684_297.png,0.608212863593441,0.2733132623127991,0.7671640309667174,0.03023889664681754,0.11138882945586465,0.0918818967620987,0.030007924207833606,0.11001770369053628,0.09292714969047566,0.03172452836328511,0.1351637098714234,0.10934369352941686,0.8672918807810894,0.8758973732845363,1.0,success,
PAT_270_1386_755.png,0.632464654084735,0.2429245115767826,0.7224976066375918,0.03817842327530106,0.09443156593108508,0.03378895969114893,0.04320997771167111,0.08930885228786442,0.0354527404125696,0.028930897710321722,0.03452646881537427,0.011980672591245911,0.7883499170812603,0.7596458005007661,1.0,success,
PAT_908_1726_939.png,0.6491520747043119,0.5357780369775773,0.8203659308166086,0.00485674345914228,0.03538600339581456,0.05861785940894634,0.005295685111263733,0.034513158988985826,0.06027399288169947,0.021871558586532638,0.08081948309762121,0.06568054210193064,0.8475241414658545,0.801442884140461,1.0,success,
PAT_666_1271_645.png,0.7828324279081812,0.21090327614110424,0.613637154960636,0.0395257877027268,0.05691532678975376,0.021731721977617822,0.03835719425052616,0.05747929509412982,0.01737309545837881,0.08454257571087977,0.12182143841986616,0.009228057606385343,0.8600748144077606,0.8021404218003428,0.9894736842105263,success,
PAT_115_1138_870.png,0.6283841060665326,0.5068336485459807,0.6160750367748089,0.009276798945584242,0.08794237828357693,0.14591484868840585,0.007127608199194953,0.07917886364980993,0.13765341504684125,0.0038488749733374228,0.008615161151022677,0.1365116706354279,0.7804581897446099,0.7612783700054366,0.9302325581395349,success,
PAT_585_1130_474.png,0.9497280724689742,0.12555337439924186,0.5591371646472167,0.3145200784688265,0.05736756849874885,0.10304198713728333,0.32486959405861354,0.05534463205607192,0.09719768926882598,0.20177994815329645,0.007078829997668429,0.03484720623961135,0.9239434353187295,0.8984336699103429,1.0,success,
PAT_464_1794_78.png,0.6497696363455586,0.4476822949052771,0.7975763102986085,0.009795116082156451,0.07151118523520364,0.061848442838418984,0.00861513792659648,0.061158358134055416,0.050565456719405974,0.013794963587680481,0.037013526018140064,0.04118956262525553,0.7767169693629984,0.747570950727017,1.0,success,
PAT_587_1117_880.png,0.029719497713280252,0.503752014504432,0.7612100456621005,0.02362437831009041,0.1181157407420846,0.04740027913750909,0.011863010270349623,0.10976868276083733,0.042587387141725365,0.025723429261731094,0.03176113378489853,0.015735968475564577,0.752575314740676,0.8279876212488062,0.9922480620155039,success,
PAT_500_947_77.png,0.6659154863885802,0.6201508295625943,0.6565409753645047,0.00937243930174784,0.11515057314184492,0.05939171687399381,0.008534343306054227,0.10855817555146158,0.052153756230380356,0.01174710915141001,0.194733979530811,0.06714979770282692,0.8161500661500661,0.7797155474208832,1.0,success,
PAT_2011_4140_988.png,0.050948301025520275,0.40895208157483676,0.7359790823801069,0.01107838299970944,0.04875684272942798,0.06005512435763592,0.010107795559608506,0.045787106964805396,0.05986130537539373,0.002157038348863713,0.007486011553186567,0.039684263134141085,0.527813317222753,0.5554059223932948,0.9545454545454546,success,
PAT_600_1141_542.png,0.7119454746871517,0.32749354707240863,0.6001746657092398,0.11985268156337793,0.14774306746630217,0.1573835453521063,0.10890115013957506,0.13966717465337572,0.15250168116870963,0.011054734101291154,0.04127618040235209,0.10752658223869216,0.8648278202812717,0.8508348196770869,1.0,success,
PAT_1661_2956_357.png,0.6297141387243402,0.5006965555916295,0.8503453262890706,0.009053791830080319,0.0699111078588153,0.04698645459788701,0.007746085991552891,0.06122037242784136,0.03165687004672743,0.0014434427125147112,0.009375175929856872,0.021233386408786137,0.47783407219759344,0.5981813560533252,0.8757763975155279,success,
PAT_1682_3050_600.png,0.5943856400253726,0.27467055504184745,0.5052568935675842,0.009744867902528931,0.04936143903578246,0.06799686076858004,0.008279640567241363,0.04007172163313234,0.0640358814271354,0.015620404457052059,0.03821941061754028,0.10856901631075189,0.9081840457543525,0.8644519401708722,0.993421052631579,success,
PAT_832_1569_413.png,0.894052025402072,0.2917656328675233,0.5572914757393234,0.10390556801552991,0.11238772613473179,0.08682522056349345,0.06231449709303509,0.09975691119657616,0.08465681804862807,0.02896260120917052,0.04723062056059929,0.03779645634072515,0.7780469317860752,0.6704848996581222,1.0,success,
PAT_131_197_974.png,0.021609684991313462,0.6140712629137677,0.639610553898979,0.12916486942066235,0.16587197801999012,0.12325716543983427,0.104210889903556,0.17493121692556923,0.12683223924112655,0.010096543604083946,0.29695426386758406,0.12777329529610193,0.8681129245416537,0.8389274142999531,1.0,success,
PAT_270_1382_561.png,0.9664173579059087,0.1635584495578336,0.21115285904937892,0.33692869319379626,0.07520511363302909,0.09553556548931186,0.35865628734361604,0.06624429014549583,0.105560274479176,0.3397175534315703,0.025987208433386172,0.26806320814486156,0.7553746059319308,0.8238065583558924,0.9807692307692307,success,
PAT_170_264_785.png,0.6305780715663207,0.5260615108987758,0.6914581467104608,0.00508199903385921,0.05253326949514878,0.04150385866103456,0.004275101617022309,0.05091520216495365,0.037902336688368524,0.003901794309755265,0.021833828264540722,0.00527387943333002,0.8523110748035864,0.8449081831300018,1.0,success,
PAT_1364_1246_420.png,0.5761712038352574,0.4671970455135139,0.6337959827340457,0.007076703605547116,0.07969591674483245,0.0494778111906671,0.006309322621792762,0.07508500872168741,0.04218219741768133,0.005044412704737372,0.1536121493271264,0.06880751705255261,0.9198566757460062,0.8743931948079614,1.0,success,
PAT_192_295_164.png,0.6232704476554136,0.5007862235803412,0.7932025082760377,0.009147778443794004,0.0521970546947704,0.06325470147188347,0.008643849447840666,0.047342010760398893,0.06173601377288049,0.017170342357765142,0.028398268398268367,0.014612617774382497,0.9197742801781283,0.8864169158525785,1.0,success,
PAT_93_142_269.png,0.04831195326361348,0.3671569637956193,0.4866997303972094,0.015142707028106056,0.10214229482760065,0.08058313171557904,0.012312194022043445,0.09933850899409497,0.07846353022294564,0.014429965672642354,0.08071102534647284,0.02660697960394598,0.9414859456478877,0.8875645491958399,1.0,success,
PAT_831_1570_991.png,0.6511382830566442,0.1273351945634766,0.7306564623641951,0.20381888895347242,0.07172837445623494,0.09256853045894349,0.18773888173146244,0.07171686939418803,0.08143668582016751,0.025463777880602598,0.11818836381555509,0.08367854740809555,0.888054699352314,0.8582226589069598,1.0,success,
PAT_840_1595_981.png,0.657587070797049,0.4250556391242006,0.487550910898231,0.08323595673314886,0.14542058803616878,0.06631903387031955,0.06916421359758705,0.13396655154654452,0.05004713096888711,0.01388863369344817,0.14709729625397855,4.815936251345576e-06,0.812756305229513,0.8190487005315547,0.9879518072289156,success,
PAT_792_1498_936.png,0.8220294800931195,0.05502562329047065,0.6155804277884324,0.32656066000938644,0.042513879845622646,0.08605931527183511,0.30616769715804276,0.038998104810294046,0.08020694637468397,0.124661005949523,0.010068716332170859,0.013030639279904443,0.7613789573613107,0.7449627305950602,0.9358974358974359,success,
PAT_2155_4784_483.png,0.586272776683153,0.49069942153106455,0.5418890928018717,0.007407649725604371,0.04213196791142957,0.08309719109944369,0.0064038907660331655,0.03313975474118652,0.0791942372061307,0.0032473998182035125,0.02641997406008867,0.12605483815240381,0.8935813023945625,0.8669959892636598,1.0,success,
PAT_291_446_704.png,0.665839351407818,0.36036444556409286,0.5897834625382175,0.026680855067094524,0.12258467482842031,0.05338343185094512,0.01400974497095733,0.1104623334372376,0.04463544972573251,0.0270089085370491,0.036235301225561733,0.0008693944693186628,0.799907337966435,0.7714141326600258,1.0,success,
PAT_1392_1353_161.png,0.6377100529462844,0.4330535391461549,0.7386588791544986,0.026669489145266692,0.07574936845026618,0.06444837992101046,0.0248087242823004,0.07017997068459883,0.05999486383039341,0.013225177383500153,0.032329176903227785,0.04404159520388129,0.8796631738905597,0.8811050773270271,1.0,success,
PAT_939_1791_329.png,0.3701803258362996,0.10150504437951376,0.2960802690335741,0.18661209761649988,0.045566501076260986,0.04655610303783543,0.17463194821940034,0.03988934956522645,0.04149769530863605,0.26527800578578514,0.01167027468775425,0.1380815196623284,0.5410178658357441,0.45238513050414436,1.0,success,
PAT_1057_242_297.png,0.6218448983504092,0.3511357882422782,0.5263719379114068,0.01478610531855902,0.05446118961271336,0.030945738931097207,0.013526716196826155,0.05190056390369358,0.028607652554298958,0.026594528557514017,0.005431725126705755,0.00012973648538183724,0.7944990506517841,0.8633487535392463,1.0,success,
PAT_1760_3326_525.png,0.6407198594276375,0.4441024407839365,0.6665558612527613,0.013699914205234205,0.09963436187752614,0.052419684345634425,0.012711081912347311,0.08767710991281363,0.038829012022755634,0.011580761079094672,0.02446544822675506,0.01930667008286513,0.6454376852814352,0.7576017374119671,0.9197080291970803,success,
PAT_346_720_265.png,0.6952004940268434,0.29981914517276603,0.536339100813648,0.02866036246239937,0.13576832512312076,0.04960878520277867,0.02788004746202194,0.12669076245642807,0.047761948515679595,0.004832269371496681,0.07407284665335825,0.0006448231025635298,0.9182398699241583,0.8868906923605966,1.0,success,
PAT_838_1587_73.png,0.021007501331614855,0.494169123496654,0.8221793251906968,0.008344938157637396,0.0852438076520546,0.06150101185037932,0.007253574919535517,0.081071663493928,0.06094567713771724,0.0011852809601951945,0.03782173419611634,0.001268286983007072,0.7228282526399681,0.7460744492920266,0.9811320754716981,success,
PAT_738_1397_966.png,0.6864208486155035,0.423661897191309,0.9239041562570974,0.014152799697365428,0.10377425308942555,0.047537990557969374,0.014757989238899314,0.09613798434793591,0.039728549985804426,0.011601054455103505,0.05668965374847729,0.03097233979586922,0.9207319587628866,0.8839481221352211,1.0,success,
PAT_372_760_267.png,0.6286010235177453,0.6666022060219645,0.5671381547980898,0.014942507271847994,0.12403850863117653,0.12776808948049634,0.013855657920554381,0.11325218230875415,0.12379543931409795,0.014561741864613963,0.16983204045507166,0.14122430556042076,0.5273363601012064,0.3386795442009669,1.0,success,
PAT_1922_3848_451.png,0.17819012506908424,0.14505310299734672,0.563691535581659,0.08844501204960976,0.06109230876039261,0.11532616957662908,0.07828276575776298,0.05395471367570092,0.1062400674310876,0.06244447064777386,0.025335915555262142,0.08370644062205501,0.9317875558535391,0.8575323055972873,1.0,success,
PAT_286_1458_381.png,0.6034929527200329,0.5848057401712793,0.6886486129021592,0.009715577945852533,0.03643505057040815,0.06512587655476398,0.009207010547774069,0.031098364535615153,0.06522308306409587,0.002417332308767486,0.029924380350927926,0.05739976212570197,0.5590131078935644,0.5155298136068328,0.9565217391304348,success,
PAT_161_250_338.png,0.6952798233920828,0.1752351057819072,0.6808713666896854,0.01908580751642676,0.010595260926721455,0.023856054809680623,0.018735557888013066,0.008617099778381513,0.022154604376369357,0.00497910445937006,0.004660337349859156,0.015316131299518143,0.8292878155450454,0.6591814855836458,0.9139784946236559,success,
PAT_349_724_750.png,0.6437255465390223,0.30694013904768985,0.897667449549464,0.01955697851278979,0.07838539832955324,0.03328211361070885,0.01878771942926277,0.06944110584384197,0.024630995879642376,0.03942722813123262,0.014608471740243989,0.002982044234977943,0.7773285745484424,0.7808351589156581,0.9586206896551724,success,
PAT_522_986_305.png,0.9323306605754965,0.28857154717921046,0.626182074805928,0.1153660269595444,0.108354230843073,0.07181449476012704,0.14061380716045682,0.10516955115026473,0.06829035399066491,0.08379816402594524,0.0677420782679001,0.04119945299466177,0.8850100861783389,0.8339192991633526,1.0,success,
PAT_793_1512_513.png,0.6020812544686877,0.45400832899531496,0.7620365550349933,0.007521708780405938,0.08043694844608162,0.07642161106346636,0.00650683893885787,0.07442990504401371,0.067136503128809,0.017515983107242682,0.13899213903309154,0.08203312176539046,0.683007395714578,0.6556768185978943,1.0,success,
PAT_462_896_893.png,0.6805034141002344,0.4535761517133973,0.4730537814597587,0.022626249790281668,0.12363880262634731,0.08126274159633859,0.01832699190589945,0.1052808351202909,0.0678850762533813,0.004518746184155731,0.08206032814878295,0.10658680008704319,0.7803288640007113,0.6837789648747129,0.8931297709923665,success,
PAT_895_1699_872.png,0.6041023012898771,0.5500540978228244,0.6302172987386482,0.008641384442449572,0.052139567360602594,0.10135239510295786,0.008263086035672523,0.04327158273050788,0.09824195197880219,0.01579992042128211,0.08218384017913088,0.16505345974142227,0.7745718670609574,0.7411220030184252,1.0,success,
PAT_545_1030_854.png,0.668718681841278,0.3147446695943731,0.5621644254457288,0.015479004032518414,0.11377368530622388,0.0405960989988013,0.014715392339839373,0.11336735466726272,0.03727879103338564,0.048442840501118745,0.21451088032718152,0.04322795535309609,0.6687271767465401,0.7186733864480583,0.9333333333333333,success,
PAT_145_216_158.png,0.6237198037664914,0.5253428154145969,0.5781184105972024,0.026010641338881584,0.1582798741013398,0.1389993599180709,0.01802283951479511,0.14454166039190247,0.12630361983325927,0.020059475561110752,0.12912309223120594,0.010529021900547164,0.7418789793830062,0.8469376279178844,0.9882352941176471,success,
PAT_214_329_70.png,0.6664489236741633,0.44235795040453624,0.7534630394928361,0.012437540716775573,0.09929260793003268,0.08982945850657129,0.01060235137828288,0.06897594087012676,0.05691260072839998,0.029095708166473996,0.010778152339715297,0.005219374596730164,0.5927390429651542,0.5675441386515632,0.912621359223301,success,
PAT_1124_489_151.png,0.7750654343915264,0.12451384357229421,0.6051688884745657,0.11103920463841904,0.042238717895316504,0.03257240076575905,0.09740942342700616,0.035698507296486874,0.02650358349123843,0.169932397933862,0.023089169208025187,0.026009091906905923,0.7880602414455712,0.7310049940948373,0.9622641509433962,success,
PAT_513_964_343.png,0.6620932292792716,0.5478803330377378,0.6865787269681742,0.006243057720640816,0.10685612955255899,0.0777448597508148,0.0052053807562842756,0.09848461317272784,0.07073509577106463,0.002824809190257345,0.06033131342989462,0.043553914323636644,0.8643243507161564,0.8312677677994661,1.0,success,
PAT_439_859_283.png,0.6307565149800743,0.4997030853306941,0.4793229771791672,0.010712521165175081,0.055275502660646805,0.03262281583610023,0.009124606302406534,0.05098979639605262,0.028497806823606628,0.015156513745858528,0.09323615073076713,0.034770921249769604,0.7385800469084397,0.5924467445652198,0.8461538461538461,success,
PAT_108_162_660.png,0.6035425796436458,0.192479750520898,0.5623656359095363,0.0711849613982656,0.12128579909613046,0.07491640352367711,0.06342386152360677,0.12375315270802152,0.07335066313199758,0.035683812394070064,0.03423697872399145,0.031535073310321904,0.8777430169779973,0.8581426817470912,1.0,success,
PAT_354_1817_500.png,0.6331110059609297,0.34160293716832607,0.3541340002885864,0.014538366049387023,0.07274485421275943,0.10488733033510168,0.012778817647045573,0.06655132855877469,0.10330199526816075,0.01070903862544286,0.18777540836187515,0.2286750880656087,0.7719454405659676,0.8181624617324911,1.0,success,
PAT_1619_2774_616.png,0.618955761445046,0.590817700935495,0.6783111704298705,0.003595238395264312,0.0414453180272231,0.059905699784521815,0.0030873902823018544,0.03945448912001255,0.057608743780308974,2.018804625384026e-05,0.07050546756208098,0.0798024129917595,0.8540256356512282,0.849214630631116,1.0,success,
PAT_1993_4076_174.png,0.6785580649919178,0.3188699858479308,0.7073325198414698,0.013296440032092242,0.054797263175762306,0.05848840121850853,0.012430171603916745,0.051772222156092645,0.057597529396895795,0.009157647057069894,0.037758496389629415,0.008136677967899963,0.615851740958699,0.5856213914181274,0.9915966386554622,success,
PAT_510_959_174.png,0.6920671220771618,0.6937218079720151,0.4523642947006659,0.005367350147711428,0.14631240312862406,0.061311922105916405,0.00348823499973002,0.14189811026220503,0.05551669473295456,0.002295980577707487,0.30282469643923,0.08714656340601762,0.8487874282198523,0.7800378686111118,0.9833333333333333,success,
PAT_974_1841_693.png,,,,,,,,,,,,,,,,failed,Failed to load image or mask
PAT_580_1104_684.png,0.6649745989198644,0.31410560318570885,0.5218993118284061,0.026052550155315282,0.09317724376513281,0.0718850014847207,0.024634492038794926,0.09085488946481829,0.06608745771435878,0.032800720529349785,0.11319637409590522,0.09460775611505035,0.9531077037007714,0.8878979124744429,1.0,success,
PAT_207_313_709.png,0.6402691869379281,0.47071837030919583,0.45942498675709387,0.021358710988010298,0.13360907996323515,0.09316613313742962,0.018444981327736,0.118688326169824,0.09141303552459568,0.046370615677715596,0.10779678778532875,0.15109645309690112,0.536255258354806,0.6504446671963859,0.8601398601398601,success,
PAT_1945_3923_428.png,0.6383949077470917,0.5501514317796478,0.5190043528248625,0.015125575984196029,0.10379014958814416,0.1262027759100066,0.0151318652464458,0.09391336200341012,0.12453760082725752,0.028472118755901162,0.13261221609337326,0.21780937266533362,0.9077773063479556,0.8463274093171126,1.0,success,
PAT_1875_3689_646.png,0.6658427763486248,0.323751299422877,0.5578212711044198,0.02729683482576732,0.07453994609704943,0.04423180333206994,0.02593855796666412,0.06790922996651008,0.04161182813802064,0.03255705875753587,0.044786127094012085,0.03836472444222239,0.8269557250096138,0.7882699409000676,0.9242424242424242,success,
PAT_935_1781_341.png,0.639486340426976,0.4033964675760277,0.6912446523139046,0.011531793904430186,0.0929412778736993,0.12022788725541338,0.01062970049329221,0.0958316890260421,0.12085317973820132,0.005617315076538887,0.062078705176950466,0.029086950915622523,0.8897690239145335,0.855582332539279,1.0,success,
PAT_493_3016_512.png,0.6007242921977488,0.3794451871657754,0.772762286732875,0.017390030067933836,0.06627800739337564,0.08950528725757173,0.015994464246093125,0.06145282103997462,0.08056011046518582,0.014045595395059568,0.028189014055696793,0.04270764192413179,0.8018933495218237,0.8158992942303539,1.0,success,
PAT_177_275_905.png,0.6893747883645961,0.15299231982801964,0.6207221615436626,0.2142013210382911,0.08679129543419159,0.10454506722075663,0.20057770612498144,0.08087352897775753,0.0957379321519888,0.05964291156096948,0.008214431271467065,0.03249042292515314,0.6614096425697672,0.76411713216859,1.0,success,
PAT_2157_4789_969.png,0.6158176975597018,0.41388988285078643,0.5919618733502393,0.02089078667576659,0.06434030860336057,0.048634062212519306,0.018927529053819673,0.05643420895209708,0.039132096062308774,0.010382108135994706,0.013224980211530069,0.03947038121248547,0.8072709233930976,0.7713512371970452,0.9743589743589743,success,
PAT_1393_1355_270.png,0.6479247131645873,0.3073345657839054,0.5853546265155058,0.015627118706942847,0.06405072941709761,0.0611504403229796,0.014113469344172657,0.060526909642392636,0.05902669091089357,0.012780544299464541,0.015471825361323577,0.018786147834200184,0.879716228095637,0.8710798135902227,1.0,success,
PAT_806_1520_708.png,0.6373691509767704,0.36618593112727577,0.7100688166617612,0.009987431655616481,0.051812142525324,0.01735193465694037,0.009784473320347136,0.04696203943126149,0.014882434951117676,0.02247675609773757,0.033788465595504746,0.023743100303400655,0.824376336421953,0.8457821643133879,1.0,success,
PAT_923_1753_706.png,0.6264036938603004,0.49629683257918555,0.5318564102564103,0.011956355726261402,0.08343775679975413,0.0939998011028333,0.010341332309128747,0.07761562348720476,0.09055141530440301,0.012677105014377332,0.10553371652195187,0.056972418572418526,0.8332201565502589,0.7271048544564118,0.9090909090909091,success,
PAT_497_943_580.png,0.6384287869125165,0.523402818558,0.595347763762203,0.012311132537067662,0.08528536956913244,0.09883333553764735,0.009944374515715839,0.06733292201234842,0.0787678893311091,0.009547222846490734,0.08330947697516505,0.10182067120040683,0.9295468489247034,0.8375605452176955,0.9941860465116279,success,
PAT_1334_1178_413.png,0.7246187927246948,0.17489558795079263,0.23028233928510464,0.23623327725804594,0.09820072845050384,0.07972059777513506,0.22732842395644923,0.09009329419152773,0.07310730560249457,0.17213314289504345,0.007024743961022817,0.31174664622214165,0.8339228059613779,0.8403026831926893,1.0,success,
PAT_521_984_412.png,0.038134410446488805,0.8031650722572766,0.4933679354094579,0.005283812833828259,0.08360107782812065,0.04839355287863859,0.004769575967390503,0.07353097485452999,0.04271550365572345,0.00558635554245167,0.22252575770792749,0.11099851705388031,0.8861147327249023,0.8687457569441284,1.0,success,
PAT_2125_4653_497.png,0.9558674408348569,0.14199925822853401,0.40707330823936244,0.3820520040940914,0.06689755886831522,0.12016687548640523,0.43885559936752394,0.0644949520451483,0.1350266977303444,0.08729365134457952,0.021059684356764585,0.27586829815526154,0.598561653650498,0.6581027614252466,0.9477911646586346,success,
PAT_771_1491_390.png,0.953741549302725,0.2610636196924813,0.5500653594771242,0.32814725538901035,0.09429446382795847,0.03690005638463593,0.3014708322761883,0.0910896292418558,0.035246179438648835,0.016472804332039775,0.02927528990273412,0.0028506181589101898,0.9057510659180782,0.8123431993937154,0.9272727272727272,success,
PAT_1256_879_199.png,0.6316435228235001,0.25461904200557983,0.5171362332508154,0.011796127776526968,0.07275997862660595,0.06893075744023189,,,,0.011517578060020225,0.07474118922512338,0.09758572110469732,0.9723320158102767,0.8867599543834513,1.0,success,
PAT_2009_4134_828.png,0.023376476941369937,0.3219811421836494,0.6683698524947319,0.4152899093506176,0.044875408849483156,0.03046250130636932,0.39038181607935524,0.03970340332459714,0.025211087781190734,0.018729786693763892,0.0033920305613469037,0.013939562468764266,0.786109668327214,0.6647902329751223,1.0,success,
PAT_679_1286_677.png,0.6605701013344107,0.4682516909202705,0.7492177358748378,0.006062509483494738,0.08597824222546492,0.11265840640120348,0.0055180680863959304,0.0800845439217368,0.10327044168254552,0.006579195034879683,0.07503295570500479,0.06458660623734225,0.8060538944259874,0.7643906728453012,1.0,success,
PAT_1976_4000_701.png,0.6470519621523866,0.23971530920060333,0.5655354449472096,0.019236584323793476,0.04022873613389414,0.05445430803742112,0.018635512919210902,0.03963823900514638,0.053265433868040696,0.003314254640472727,0.05337952488687783,0.043101904223227794,0.5693679889904146,0.5399239567553242,0.7910447761194029,success,
PAT_879_1676_668.png,0.6297325147712426,0.5950659566844162,0.6500537486562836,0.007332859534974571,0.04710238942745401,0.04834128953565674,0.006983632283726062,0.04192648670573265,0.046425330847560294,0.016623166709291107,0.03608714368270538,0.08401125989747349,0.7826960051271096,0.8240535817548866,0.9176470588235294,success,
PAT_561_1069_418.png,0.012621486724223,0.4185980691970978,0.5962571205852372,0.3818836559141618,0.10313795921050241,0.04567575462038349,0.42077524927380816,0.09829112736580713,0.04120943680228745,0.03911803779797667,0.160514497502035,0.07131739336410581,0.7979127317185899,0.7332189737570427,1.0,success,
PAT_757_1431_696.png,0.6462519906761677,0.5575707762557078,0.6586580714477571,0.01118652238511098,0.11809343233634371,0.19389844291000016,0.010059839227899303,0.10932738136172915,0.18590050342575704,0.015687012238790665,0.0016474598539382157,0.006792435588855117,0.8622115948005584,0.8511886888035776,1.0,success,
PAT_372_760_355.png,0.683250906214109,0.44437307490045824,0.33933776575764407,0.11366091855543073,0.18726827745647281,0.08047042720757958,0.0665795456200424,0.17021937462600586,0.07481098128728558,0.002622389299203418,0.11884909596992682,0.10800373061587015,0.4840928937381845,0.3462613746038667,0.9861111111111112,success,
PAT_770_1451_136.png,0.7112109419730697,0.3022950316567593,0.32242192555824645,0.10384705057079001,0.17673479572918946,0.09791294366876638,0.06677677921267049,0.16438678934621995,0.09974248889983663,0.016625735134424405,0.12379647776365735,0.21391976558975745,0.5027792315902694,0.5056499152966571,0.9019607843137255,success,
PAT_74_112_729.png,0.6552341363514164,0.2727234405708091,0.5427797436258404,0.09283038490139367,0.17571157017746383,0.1291854439206388,0.057963788375017,0.1777598601025952,0.12241577827194687,0.021527672710799094,0.06172822125984245,0.05254299870365625,0.7200163976345451,0.7320967419893458,0.954954954954955,success,
PAT_1472_1639_87.png,0.5643019857603807,0.09267388547458785,0.6383864988781582,0.19358414078510017,0.06860041343107277,0.08317133280293337,,,,0.06719666926186116,0.10083524231445881,0.08882598501744154,0.9076066350710901,0.8922371353160624,1.0,success,
PAT_354_731_155.png,0.0484912879203851,0.5049144796092632,0.8210009828211826,0.04128839365686792,0.12449466031624483,0.036918157306445966,0.012745934739396734,0.11889902705727148,0.03256288214192918,0.022274260476393724,0.03716872358873413,0.03386337903094083,0.9391584845934592,0.8837817423261685,1.0,success,
PAT_1257_887_828.png,0.5638504125505592,0.34387194949138206,0.5173043466886421,0.008559519344621848,0.030532560148106888,0.036208745082174705,0.00851235844118574,0.03334225595741792,0.03778842728913416,0.019108154721109116,0.12461548454400065,0.08930132824540093,0.7072358591858997,0.7021068424379711,1.0,success,
PAT_2048_4333_63.png,0.6203933444515286,0.399228755776253,0.7066485704334838,0.009480201127980275,0.05823532813316955,0.05230406173496202,0.008730933034811494,0.055377675462789024,0.049738402947774464,0.008296969492426597,0.012414453584788154,0.07700817697136042,0.8175455170245283,0.8153857331715175,0.989247311827957,success,
PAT_1304_3507_308.png,0.5805058503926062,0.3678662711516576,0.17596313501613778,0.025185867546568073,0.10156827401845515,0.06798088324186338,0.022122697556956217,0.08138949020240833,0.06493696273774717,0.020124927074151817,0.09737079357389816,0.20198951761682174,0.8997306242199701,0.8569162612805308,1.0,success,
PAT_425_841_644.png,0.6754218731725513,0.5006131925471217,0.45404518944369804,0.018530191576114928,0.14477375094303394,0.05232066128867398,0.016646680462750196,0.14282574007431925,0.0490486425937796,0.018854265917848147,0.12535242063470242,0.0012225143441431108,0.8999928960828475,0.8596210011283859,1.0,success,
PAT_330_1438_323.png,0.6811361728136074,0.37088838691710246,0.8068890470443832,0.01398020567964415,0.1447352436230535,0.057799251826608604,0.010298685348307147,0.12324610664129886,0.04922886579999519,0.006288877865458886,0.06074902127595655,0.034327932679728224,0.7500955957869786,0.5139382907794777,0.8333333333333334,success,
PAT_264_405_118.png,0.6018453407712353,0.3865650593975946,0.7866183816580501,0.0194421498845132,0.10242349788037447,0.08405581754599996,0.011392403907102704,0.09092402830357912,0.07688259532931037,0.0036552725090197827,0.039448883068968765,0.06926368735837773,0.8745119526365859,0.8290981098252301,0.9883720930232558,success,
PAT_1881_3711_217.png,0.6210126220123927,0.2625882352941176,0.5504313725490196,0.014919123530341194,0.03246822005193729,0.026730143596719953,,,,0.019173170551516232,0.023228758169934693,0.014875816993464075,0.7031904608443442,0.7236003211500447,1.0,success,
PAT_1818_3570_577.png,0.6126281650998264,0.577637335926106,0.4347755631178091,0.007248838431518851,0.07769815209013389,0.024523598250825267,,,,0.016495233880209605,0.1868444970514257,0.07042477788815854,0.8709677419354839,0.8896866723971252,1.0,success,
PAT_128_194_144.png,,,,,,,,,,,,,,,,failed,Failed to load image or mask
PAT_1554_4170_992.png,0.5992892537358578,0.19850194746829122,0.542155198242285,0.1842205846211741,0.15755291502335683,0.10237482894784225,0.14481800736046122,0.1686120534653249,0.10392869082191801,0.05051610960221093,0.015165301609557758,0.07671492406406333,0.9066512115692443,0.8795000579327586,1.0,success,
PAT_307_659_85.png,0.686156885094808,0.31550362610797744,0.49751007252215956,0.04742146106972231,0.0868202304920347,0.07063331733258268,0.0328497404599473,0.08248668216291587,0.06488769205047773,0.03221998873560731,0.010040631661643984,0.019192040106881303,0.8834338652360412,0.843088429637192,1.0,success,
PAT_106_158_249.png,0.6844345553526121,0.2778289115131,0.6381518027688831,0.030569183115225006,0.09441051551420412,0.06907444278271824,0.026770100233839706,0.08068454483658449,0.05978164001011719,0.045094373384427816,0.042927857799401725,0.02038297583029758,0.7012181422676652,0.703626920907416,0.8344827586206897,success,
PAT_817_1537_643.png,0.7056296392146608,0.2634929891601827,0.5854473279006358,0.032832959730596425,0.0755177624959889,0.04285472940023251,0.028877712386013266,0.06728886083811934,0.04054635377147562,0.0395459391817367,0.07664725012327811,0.034230283692555985,0.6854487108401424,0.7991776861888267,1.0,success,
PAT_255_388_77.png,0.6362868986647502,0.3146696285351747,0.6111485619888981,0.015395075999258415,0.0661501400499732,0.1254465516659525,0.013260064054107585,0.05918582915330865,0.11709816540675383,0.003767580904604194,0.013747060240946019,0.0751122268984662,0.8070739545613907,0.741760925273775,1.0,success,
PAT_390_790_505.png,0.6330000572883597,0.5013728344321717,0.553529126352142,0.024231286501600332,0.19437930881526874,0.06997738186332378,0.012980954595626069,0.19030681299768237,0.06584446474963195,0.03593873918520016,0.24108014592819876,0.09094580647813288,0.6882463726053052,0.675268423702357,1.0,success,
PAT_1068_285_845.png,0.6226591414133206,0.22163184148219664,0.6083477001586097,0.017873463431367483,0.04372547697206251,0.07860612318205618,0.014671330957068573,0.0402977523719371,0.07536421738243855,0.03158239979973085,0.11163732436776098,0.15083352226378133,0.7048249143729017,0.714177453656805,1.0,success,
PAT_1947_3926_165.png,0.04962371150028542,0.5104261084894641,0.591653039293557,0.007210419400772361,0.10994872445370342,0.0855110049680772,0.006343139032637286,0.10277927320761075,0.08144691094103827,0.011224489006416455,0.06332497910712959,0.12390631765747873,0.789849338236435,0.7141253185880139,1.0,success,
PAT_1733_3239_934.png,0.6197232455430896,0.4606356793778761,0.7907489982044971,0.01327430064689464,0.11701498800276001,0.10640550717718503,0.012726108745150212,0.11338878641095361,0.10345752240232331,0.022467872635446896,0.1692146929310408,0.14960310463188686,0.8284827982950722,0.8075599681427027,0.9710144927536232,success,
PAT_531_1004_189.png,0.021397210092998047,0.3646192328130976,0.5295661091987287,0.13533603502132252,0.06110371365235394,0.03244982406756697,0.15089879907759127,0.05880650462650488,0.030745749031104604,0.011103319523095134,0.0918755765270538,0.032946506141525056,0.912736588859417,0.8078664455002599,1.0,success,
PAT_1364_1246_927.png,0.08205065340874035,0.41021976468454335,0.7006644420793756,0.005916699570344232,0.055847388294520316,0.031977174591656714,0.004655259053409378,0.053417018706861455,0.027575054195280023,0.008678815106640798,0.1060776624093348,0.037955148295749974,0.793044300053805,0.8363190442260998,0.9906542056074766,success,
PAT_981_1848_486.png,0.6274231971327651,0.3643177522007091,0.6426383902106193,0.012008101733676472,0.04611104909633105,0.06707811063919104,0.011254016007206241,0.04021294194881214,0.06293719681545698,0.01405248007384251,0.010071610423947608,0.024967718571960118,0.8689039221302346,0.7892598455098332,0.9875,success,
PAT_1402_1377_959.png,0.6310648708947002,0.2729865693294024,0.7974472366512237,0.0103646426627082,0.04401523936666179,0.036381612205280994,0.009450824600444266,0.04131132440881067,0.031390772376299336,0.008186222943105765,0.05535552909937308,0.0395521580899979,0.7818901562830696,0.6063972642976699,0.8,success,
PAT_233_354_935.png,0.6077295167722345,0.42467459324155193,0.8222465581977472,0.009334873921058879,0.07129109815054498,0.04714616221523583,0.009013932078966043,0.06863476714030045,0.0430947854791279,0.013549459812014438,0.06488040606313444,0.06462314003615632,0.84190191935297,0.8005914034979126,0.9636363636363636,success,
PAT_1042_187_746.png,0.6330851485437968,0.17984663172199572,0.6238594447680063,0.024200929265755795,0.03957358623545062,0.03212167308459871,0.021868675375226174,0.0366871408132903,0.02979366154464693,0.021792266723942237,0.015543205408373256,1.9147764897309294e-05,0.4995887745481535,0.5809033249203671,0.7631578947368421,success,
PAT_1813_3562_195.png,0.6043822398373357,0.5397973434953224,0.47636981085608926,0.006453087482364167,0.05579825320527324,0.03590012332488107,0.0058233143648709325,0.05068696059666385,0.03608565985782329,0.01096475295474243,0.012298491438306192,0.06685439462082005,0.8350095114868914,0.7764928583494551,0.9904761904761905,success,
PAT_689_1306_772.png,0.6299744942254122,0.6388923912516367,0.5836978484716228,0.014110543997616453,0.11626290568548728,0.09979346949245092,0.012874780118060182,0.11315760987180191,0.09904525098825757,0.008623622738408759,0.06680769432008238,0.03109894042938699,0.8480717957600539,0.8117560279626765,1.0,success,
PAT_1769_3342_63.png,0.043193132185837535,0.555323392187357,0.6550166194004817,0.005390639554928463,0.06053800576833984,0.08033011795394064,0.004676501947299934,0.05732989956562796,0.08026694789946173,0.004353677204918603,0.010733684108507835,0.004583458254342587,0.8806670225397706,0.7496199943655182,1.0,success,
PAT_853_1642_497.png,0.6701747699652131,0.43223617184683627,0.6595366843779878,0.018024485554757986,0.12345445753937294,0.06680234871329617,0.01705158565361615,0.11098606206637508,0.05915021447410928,0.002481694621026836,0.14629541256439987,0.07270599992977789,0.8062488503815148,0.6390890338619193,1.0,success,
PAT_108_161_423.png,0.5908006059660972,0.31595398065986297,0.5211964506082153,0.07744143487129414,0.1383324893427961,0.09217681565569169,0.07108583364435041,0.12349006262751462,0.09063285421533507,0.009353218813133503,0.111154161742397,0.006943557531792877,0.8474765972744986,0.7793231884321161,0.9652777777777778,success,
PAT_1476_1657_788.png,0.603566830276148,0.16361647671340757,0.9920197755561876,0.022044889627698166,0.016128045296529923,0.008046394626029926,0.021060525946038203,0.014295597382943925,0.007314980698705859,0.011243092222466878,0.009116569494999699,0.000829856410163643,0.8317492303148041,0.8032527295943627,1.0,success,
PAT_1109_436_141.png,0.6549515289828268,0.539086374792178,0.34382377446267876,0.006707915059998097,0.060896686274329176,0.08228192398427002,0.00600148200936378,0.053194981468104266,0.08393439404658079,0.02450809208127293,0.17387083009054283,0.2968274607606525,0.8212411208680575,0.8528170564553987,1.0,success,
PAT_211_319_777.png,0.02310883153450179,0.4836494410848452,0.6936045446215869,0.020007024101799355,0.05427043888743539,0.04465639245458641,0.010355876573091775,0.0503014106591823,0.04059896818764182,0.017559237698112233,0.05387161384875616,0.015503284556595998,0.8281484152592269,0.8049501786347673,1.0,success,
PAT_1393_1356_371.png,0.6546705963347148,0.1858891875373767,0.6010668103684329,0.025405204399918665,0.09391642228276435,0.08818639510392878,0.020934240101056347,0.08832578395318907,0.08430841703938924,0.01687804887344255,0.10954645788534084,0.09164181794065884,0.701896898336889,0.5395016623416818,1.0,success,
PAT_319_679_533.png,0.020874170305577353,0.5839012702693935,0.6352755803337643,0.11510599484971411,0.11565712085847456,0.058817192567527994,0.11007205364755596,0.10935824484490902,0.05592421078681551,0.005696929469823376,0.06142733063804717,0.08002767748434625,0.7572096456692914,0.7523944943449916,0.8863636363636364,success,
PAT_766_1444_52.png,0.6342465054055728,0.314201260083613,0.7312842254018724,0.016925229319979758,0.07751132585047472,0.03894559351639913,0.015486665141872495,0.06834758462255605,0.03552816687909392,0.006803733458851014,0.03900984470360308,0.02218427885244234,0.5858386144107076,0.6605267922847232,0.9868421052631579,success,
PAT_408_811_808.png,0.6992302546527203,0.20868132973906228,0.7298809971454144,0.04590496847784749,0.08242600793886086,0.1423981580662688,0.029186945170872513,0.07075765753584703,0.13330226079311597,0.04994487421411888,0.026637404741629567,0.01664142183930939,0.870746257235685,0.8227082841729266,1.0,success,
PAT_1639_2879_744.png,0.6469445051043768,0.2610447628370562,0.36294621933493515,0.11777612016658842,0.1413404443275617,0.1226358731262203,0.0593283497795434,0.13221711409675008,0.12742332963998218,0.033361123123491945,0.032786287032941425,0.1824821589129158,0.8539710440665604,0.8551872844276942,1.0,success,
PAT_645_1222_140.png,0.9034425327353676,0.1882299586501267,0.6645713523504639,0.03638905604900898,0.04857424516356677,0.03756467366391936,0.03383020840515148,0.04554871994249013,0.032468472995480946,0.0005308912275620198,0.04850708930436859,0.03283691788832466,0.8671105295566502,0.8531733088413528,1.0,success,
PAT_179_278_331.png,0.9594445076413354,0.21985741311558926,0.5389950229106385,0.37354061053639837,0.0663361613779559,0.05012083125466611,0.3940728688590533,0.062061418096965706,0.045445534742410136,0.08704052570828556,0.023053985862335008,0.019861356372127603,0.7826811921557726,0.7919585665902356,1.0,success,
PAT_726_1371_543.png,0.6640160166126492,0.4786225548483365,0.8377142057774358,0.006338689911078432,0.04805300066229924,0.06128800452908355,0.005747879067298372,0.04302586875484652,0.05645476545174367,0.01379270820581995,0.01762900726956057,0.006177293314213683,0.8924077926936713,0.858925950594461,1.0,success,
PAT_82_125_525.png,0.6562849514668281,0.4693057946069994,0.4655664675508758,0.012674340185849904,0.07967311474543608,0.11581506696845541,0.009001981162950212,0.06483164089488211,0.10355863713377952,0.01302871953471391,0.05074891016217509,0.1511693752047179,0.916930527579596,0.8013122656976305,1.0,success,
PAT_109_868_723.png,0.6280984171303374,0.5294095161000181,0.3108603166037057,0.011945294521862366,0.12385406215745746,0.11871809815903868,0.009539338519467611,0.079892337647274,0.11477701362660707,0.01239462837388877,0.13901069467520488,0.2293101558786682,0.8447552285271583,0.8111466141765898,0.9907407407407407,success,
PAT_286_1459_926.png,0.6355502540464109,0.3727283159057332,0.7339673250426725,0.004421368719388866,0.04405726080913805,0.03464381893056361,0.003474426480335772,0.04252292374895326,0.030598348744066948,0.00038477461908870386,0.1039694450651718,0.03156913082653845,0.9197356875802496,0.874410870604616,1.0,success,
PAT_851_4519_488.png,0.6372164345370169,0.40099415554624696,0.8478981908124389,0.011589656829911256,0.07625069978685181,0.047211264848951454,0.010212972334267626,0.0662201165180425,0.03572587628510332,0.014255451198695429,0.021362672647585623,0.00660726915743326,0.7782506673375538,0.807172523154803,0.945054945054945,success,
PAT_1243_836_47.png,0.6264450699605209,0.5240231651441418,0.5113762486126526,0.01058747552342004,0.05182664510635605,0.06759712300649459,0.009568363188221986,0.04402397433944655,0.06537564339699413,0.014486368036865668,0.052800405483248325,0.0648602937496503,0.8346713653617881,0.8376584804519226,0.9846153846153847,success,
PAT_1329_1168_620.png,0.5978571230997448,0.4152568306010929,0.6546688096003429,0.006979265317105301,0.033406988358571685,0.05835993837534993,0.007073631751192482,0.028974538530562356,0.06292988407240567,0.017858908138360146,0.013658595218357661,0.13621690140920706,0.9042671314850094,0.8431408786306801,1.0,success,
PAT_115_176_455.png,0.65285416741548,0.5438448339020957,0.7783369001484566,0.02401769599498375,0.11670700711028009,0.11029746079058197,0.02295884895959977,0.09461974897203672,0.0947781388330793,0.0017905584087939037,0.08767723238716207,0.07625823864055536,0.6104022862854108,0.6965444959810957,1.0,success,
PAT_1439_1521_868.png,0.6477442413316734,0.17191056304178476,0.6417807833192448,0.21244502114233496,0.13935911144249202,0.08992987516525212,0.1870305428828587,0.15966037955761236,0.08706699328549491,0.004099492198637793,0.20742553563977562,0.10780075043990767,0.4046407978227824,0.5264496181118976,0.8956521739130435,success,
PAT_2043_4308_681.png,0.7457695456584954,0.12321401001345421,0.6155296764375042,0.17071751574984662,0.05735232292149617,0.05403424747498122,0.12362762448315276,0.04814655292959685,0.03989916717598763,0.08571801022320895,0.034824851420911754,0.0037540262034437832,0.38182060154378494,0.4181605824522812,0.7513513513513513,success,
PAT_827_1599_248.png,0.6636218982884436,0.3944689621267986,0.6075822035660937,0.023431899683853234,0.08353132897785534,0.05449277553201408,0.022108064252631673,0.08105801945893444,0.050042913040364345,0.03510827255216158,0.0037963641101420587,0.02007046321057837,0.9232083611459192,0.8497520324649994,1.0,success,
PAT_1181_659_231.png,0.676828049608354,0.15376303924888615,0.7281199577697656,0.03294899824798976,0.03483221196966488,0.09421938607135875,0.029516530309876197,0.029450986658766883,0.10345329980434625,0.05493388879348586,0.007301872903313716,0.0069492996906123095,0.6669374564080907,0.5871537831460942,1.0,success,
PAT_1326_1156_139.png,0.8008288828783654,0.21518577400930344,0.45405552611434963,0.08112098117955492,0.05790737855054046,0.06450952792159766,0.07872069288119274,0.05272305414194395,0.062266522559468455,0.15291810318410262,0.10351972394147757,0.13229914153887512,0.8545454545454545,0.8223295997254555,1.0,success,
PAT_1074_322_174.png,0.610332270454694,0.2504625517387232,0.6158772168343455,0.017351746851790393,0.05967697816980122,0.059860377017434054,0.014189411725881389,0.054787451302187665,0.057975193961023325,0.011456266240859887,0.013251323161270756,0.01293980531059613,0.6796354885398268,0.5882500186601485,0.9797979797979798,success,
PAT_503_949_409.png,0.6137285103626932,0.3020942460914765,0.8685632287715496,0.014678190591620982,0.05613319398262017,0.03278919839140516,0.01363194595807285,0.05162849510173821,0.028233984494738646,0.014945630751020407,0.005098696104907874,4.286874197201307e-05,0.8257680271195269,0.8020757579392919,0.987012987012987,success,
PAT_691_1310_780.png,0.9876506424162724,0.25246259282671685,0.5763744291280605,0.39421356249859096,0.07783389931719868,0.055645976541295585,0.3844074409017438,0.06565574552781527,0.05104907419222673,0.043531800873223066,0.008668718252093616,0.043166001920391994,0.7399132013949292,0.697320211763103,0.9393939393939394,success,
PAT_514_967_908.png,0.03626978053335123,0.4296857970292405,0.7293616811467837,0.00921480921140044,0.05170698726309036,0.03659087134313853,0.008904913493345419,0.04581846667205143,0.03164755780925215,0.02041414685864636,0.014055786057850517,0.0099990846803506,0.8983503919837552,0.7954100130724138,1.0,success,
PAT_217_333_61.png,0.6865682048905547,0.42845954974582423,0.7467503267973856,0.015463099725868177,0.07052238559326154,0.03676284700795674,0.014642153755284612,0.06791459913344018,0.034442347345757296,0.0023152059487187336,0.006887928731006077,0.010034266327396013,0.9318545820808402,0.8926253106258586,1.0,success,
PAT_467_904_235.png,0.654112151653113,0.3164076097345043,0.5439786449897216,0.023448494607558663,0.0887541134356166,0.028547128445925832,0.021723772315281022,0.08263018183762558,0.023988333491846207,0.022584593335868736,0.07511338969661971,0.01620497589118086,0.5986595990238802,0.6558355126164837,1.0,success,
PAT_101_1041_651.png,0.07697696557820935,0.30480853828767906,0.4356653205122227,0.05034633016624584,0.12954687589305272,0.09316853897566019,0.045231808892068286,0.12512269656847969,0.08748020554198409,0.0009103247566064769,0.09925569768410847,0.0176940496114521,0.889471451419653,0.8279717425610957,0.9278350515463918,success,
PAT_1347_1226_928.png,0.6372432661899119,0.40774655941443333,0.6838066918277356,0.014201795466067538,0.0398336258439998,0.0372971750490085,0.013106534477811174,0.03530829144765333,0.03152016898265502,0.02016944570969225,0.034526580668418405,0.01739978438655454,0.7125962772785623,0.6549710410451846,1.0,success,
PAT_2050_4350_36.png,0.6518229829822777,0.19724241756627744,0.6350370859954468,0.014252724693320739,0.010481751936134306,0.016915219160743577,0.013559736056700732,0.00787802446269522,0.016305797193007773,0.0007602577038888904,0.0042939196140043545,0.0022795909670535464,0.6629257103871042,0.6194864953860657,0.9452054794520548,success,
PAT_73_111_435.png,0.6563151179175963,0.39109133214016595,0.6235148517191726,0.036612034852495895,0.17476849154348323,0.08453720794749627,0.023656637946887382,0.17572660045562813,0.08659154512326223,0.01679467499647692,0.023508491958338873,0.010784412137887167,0.7785021632858439,0.8491340466445392,1.0,success,
PAT_858_1633_926.png,0.6469540792389503,0.5219344066321029,0.7138333398302993,0.010786331587380201,0.07566235056503205,0.03253051735896584,0.009328214507156396,0.06986839239399424,0.029109519375351334,0.020231347575391585,0.07944679899198043,0.02614703540866603,0.7774632484905142,0.785941170383242,1.0,success,
PAT_652_1231_516.png,,,,,,,,,,,,,,,,failed,Failed to load image or mask
PAT_115_175_283.png,0.6576713401858241,0.7430136272220402,0.8032903982501929,0.017265173149476197,0.14234702215594225,0.10966966786556633,0.011019737107342104,0.08601540316596394,0.0932130089513008,0.02897538185512458,0.22305893688195433,0.16239368102415008,0.8934108420574176,0.7685081877549627,0.8709677419354839,success,
PAT_1330_1172_722.png,0.69232960178516,0.3966829120858363,0.6205976803052627,0.015703884797451325,0.13319877610039504,0.026117294266499495,,,,0.03861104050104163,0.24127259981277893,0.008736145567911024,0.8838537549407115,0.8490984228189286,1.0,success,
PAT_2061_4395_587.png,0.6437713941565621,0.3127514879322306,0.5320316208420054,0.041404380202629744,0.09947464859814457,0.07238799962116847,0.014052286936932596,0.08771999022703497,0.0692813482779543,0.0028419194052791536,0.011819556224186178,0.03446605554160265,0.6515122937387336,0.779854406934479,0.9770114942528736,success,
PAT_1374_1286_939.png,0.6015257632132904,0.3635277668114225,0.6888510001315963,0.010714421381132225,0.07192845168226249,0.06520306270285248,0.009224192711855558,0.06320077970988545,0.061260890504103174,0.010789264957248277,0.06873310627619866,0.11186193976749037,0.40056374612301887,0.38786689404262786,0.9555555555555556,success,
PAT_930_1760_560.png,0.6454912395877291,0.45635475542530174,0.4377433535691857,0.010169705593471114,0.10077623449347235,0.09801741173195097,0.00929479472194215,0.09623589153800875,0.09609043353853089,0.006007916459939919,0.1533625448424385,0.108810500849294,0.9152472527472528,0.8756420236337971,1.0,success,
PAT_2071_4433_848.png,0.6061258829654871,0.3225796754045576,0.6753958553362842,0.005937876059103409,0.029481788036864257,0.0249641329696296,0.005399642924754358,0.02689588717885451,0.02264847936123192,0.0003376893104245937,0.0395215109623101,0.035294067691750586,0.7431327403519823,0.5162414425683485,0.8796992481203008,success,
PAT_673_3928_888.png,,,,,,,,,,,,,,,,failed,Failed to load image or mask
PAT_597_1139_181.png,0.611030809169576,0.3836517727295522,0.6543361249017936,0.014051010241802605,0.0522548178953524,0.026660473471508777,0.013157974543213945,0.04762342335474589,0.023571163913050697,0.020800268417434924,0.0919773721871936,0.02879876047229568,0.5789432956399923,0.5165868353151204,0.9489795918367347,success,
PAT_235_360_50.png,,,,,,,,,,,,,,,,failed,Failed to load image or mask
PAT_1070_304_845.png,0.6455147202082132,0.3987342471106429,0.6507609383561354,0.019754858756280205,0.056348760166788574,0.06838743529349557,0.01688359455306211,0.04393157031846752,0.06847824830216001,0.015548368472614902,0.041714936026564176,0.06178928363754832,0.2703965558592477,0.07505033857026915,0.6086956521739131,success,
PAT_490_933_352.png,0.5746865559828142,0.5701184403457951,0.6076162051622175,0.023296370186213385,0.12436246928019756,0.11005088190729334,0.02319648554086306,0.1280101101824534,0.10908042800147338,0.0491649086217224,0.12518907959603987,0.009317467173691307,0.6762347284604169,0.642887715995639,0.9191919191919192,success,
PAT_304_4186_458.png,0.63049390091917,0.26356910200824,0.4892262559589292,0.014469119972763124,0.06684134730023107,0.07214166381114688,0.011235570445893897,0.06432304940193212,0.07445421915056745,0.005438884903334756,0.06616072689348823,0.04621027159326818,0.38413034973991445,0.2736603114528214,0.7635135135135135,success,
PAT_655_1245_807.png,0.6918228672335832,0.18278485552617624,0.7416064771890465,0.04736212463870481,0.06015834374198068,0.05575474347571048,0.02936354803684871,0.05175959319911056,0.0418109207538133,0.043551345743837074,0.010695379684236644,0.019731490267917318,0.7201676963812886,0.5863947602964961,0.96875,success,
PAT_1652_2915_65.png,0.5926283158652984,0.4596393752463446,0.7399669482711951,0.006294494824375497,0.048322118572823605,0.08483967727229415,0.005268149082587187,0.04421784637472038,0.07934429482103474,0.00623191664362221,0.16398318130067452,0.1425968034162135,0.7574141893236117,0.7281232288778281,1.0,success,
PAT_1397_1361_183.png,0.05407253421371095,0.5417422181535095,0.5436645115204097,0.007810119396219105,0.0756952101114263,0.07515323035729544,0.007334222869804535,0.0710615578523682,0.07889327208058824,0.006951607478618695,0.11751746396315654,0.06524237765583318,0.7344951749612483,0.4243093791042798,0.9800995024875622,success,
PAT_2143_4736_227.png,0.6605087292908703,0.18481497862302818,0.787994754688579,0.03805890069986776,0.07874877442149993,0.05542079765921569,0.024465042908922523,0.07413105374192493,0.041689880103521024,0.03847480752225181,0.06972720522298728,0.02984709195376034,0.784390123588465,0.7350375617102501,1.0,success,
PAT_1526_1792_482.png,0.6216951887230857,0.3186652607811185,0.8834691290965055,0.015551335611875208,0.04392564339193309,0.029725999198575232,0.014110559809580103,0.040695120486126425,0.02284029312495909,0.0024199541741786058,0.06119453259859897,0.022584667785099266,0.7052355603043632,0.7456580582057574,1.0,success,
PAT_38_1002_34.png,0.01660585275506159,0.18037699276078958,0.5902718989411501,0.3976526454293562,0.06580851982861938,0.030436320860792097,0.4094295524802599,0.06608667795300743,0.028818217769636993,0.0020295399591408877,0.07520947772610188,0.0029552518522069082,0.7325953976114186,0.4126112397614234,0.9553571428571429,success,
PAT_191_294_629.png,,,,,,,,,,,,,,,,failed,Failed to load image or mask
PAT_171_265_757.png,0.7162879482072526,0.3341879545609818,0.4708851167961642,0.06314376081139021,0.1530144327790552,0.05836144072872811,0.03950179951179348,0.1303889124062934,0.048921882931285195,0.06517916537547816,0.07985425936041357,0.02862971305922296,0.434837504262908,0.25373339205270706,0.7961165048543689,success,
PAT_801_1518_78.png,0.6551020742155031,0.28304653436156846,0.5319875246326439,0.017647225728336748,0.07233906413215618,0.09069168781914494,0.016666231495405262,0.06787290719291678,0.09872389814607989,0.026690137920580132,0.013046534361568496,0.27393673820226105,0.7367158745809568,0.6757902893389337,0.944,success,
PAT_333_1468_620.png,0.6417972036768275,0.3536436329089325,0.5316549230728631,0.014646437279346095,0.06231330010769167,0.07646219246071694,0.013308084550500459,0.05433218971177889,0.07769233853139852,0.021062056058107872,0.037458633639962324,0.20377890248718689,0.8430130196774671,0.7858458680679757,0.9834710743801653,success,
PAT_1145_534_529.png,0.6247452440166108,0.3552681107346953,0.635855319440167,0.01121774131508042,0.029548782487531684,0.04291933685153687,0.007024256563389123,0.025745197863895636,0.014307704758923278,0.018767010887878164,0.019837194182027673,0.08093815877745236,0.8745103310546125,0.807334757691451,1.0,success,
PAT_1588_2629_296.png,0.6599340018317019,0.22731020613373554,0.27361488185017596,0.18714968784164548,0.13031180899240416,0.09796149553745799,0.14242251615364113,0.12341396149694034,0.09685941785633645,0.03956737476228724,0.17530980738891488,0.2319237703923302,0.7600624134403882,0.7156732371939002,1.0,success,
PAT_224_1340_551.png,0.6888701294015476,0.493132331219046,0.67618095982854,0.010216286244996622,0.16327549677801417,0.1080115071247114,0.008653119917206534,0.15918373092365193,0.11394786720571899,0.012894147743792593,0.009114118747861388,0.04694313874963074,0.6264936198303868,0.3706817244681185,0.8472222222222222,success,
PAT_397_797_742.png,0.9387212139665484,0.284253072362308,0.5606875188368606,0.18818015253877587,0.08742447355381365,0.09882875633943371,0.2033777182924797,0.07765582679289824,0.10020457282092203,0.04905117426861917,0.11786273631379574,0.021891219346897306,0.789629508245365,0.7683119995671348,0.9937888198757764,success,
PAT_289_442_43.png,0.42875592786028033,0.13725680563487533,0.36001522939272795,0.21329520407262165,0.0803090022092188,0.14598043003682815,0.2222168259337173,0.07855786175335537,0.14468178502005927,0.31376672157809665,0.056292278828016795,0.12222962003546672,0.7086738341916415,0.6804756444833318,1.0,success,
PAT_87_133_391.png,0.5918014253126566,0.3528405962817092,0.5050544191758777,0.010240809902483876,0.09259707036527,0.14011184861960105,0.009083327856796847,0.08102568416862509,0.13914952279428558,0.019914383126493206,0.14236427744460206,0.24867496463467298,0.1392357169882709,0.14008483792054244,0.4068627450980392,success,
PAT_46_879_225.png,0.009774862671869099,0.3938242280285036,0.5765019647063726,0.4219740906824641,0.05421545754186063,0.026412385187562882,0.4123181498475902,0.04801140362118695,0.02348244321873276,0.03265108947414836,0.014120550063035031,0.001843234863297294,0.6187149993347606,0.5637640249947742,0.9212598425196851,success,
PAT_654_1244_16.png,0.6246480545235368,0.42280850903638084,0.6160556142888065,0.013850984808835327,0.057413457563353046,0.09333285545444882,0.011699934266759505,0.04938997618856625,0.08911414587502461,0.01610688801256046,0.009487147122576867,0.10398323040878321,0.8419628592431156,0.7557999681815347,0.9230769230769231,success,
PAT_996_6_886.png,0.5694723193272662,0.17929896981876775,0.5564754162668453,0.034635401063433185,0.06768093969624787,0.04736876854980285,0.019931273105910727,0.04571077178984661,0.0441432345627433,0.0009007998103410526,0.004637753981081322,0.013581615554892457,0.8195528908719093,0.7449832187244139,0.9375,success,
PAT_1350_1230_878.png,0.00704473654342278,0.409318549524276,0.31382642383221265,0.40679295040233343,0.12925827976244614,0.09215771806034362,0.41022063646830176,0.12404667491241468,0.09000880717167377,0.04886961031736939,0.22411389037942622,0.16205994561314463,0.8961683133544849,0.8358910163299634,1.0,success,
PAT_63_98_187.png,0.6459213510912463,0.3159810656080292,0.5439488676994769,0.017798225399809197,0.08010733097263395,0.044939987602396564,0.014995184649135478,0.07641932219424213,0.04228348116866823,0.012934733852025933,0.11479542875166063,0.0390865619195252,0.7834312710887635,0.7472117975086746,0.9943502824858758,success,
PAT_1122_479_664.png,0.5378558558760512,0.1484059097166085,0.5752377610253646,0.07141430944783528,0.07043208633603518,0.09509304832271347,0.053755323317249415,0.05672853049677398,0.07531200799440652,0.01255637150506459,0.013686432838391022,0.07130490098325903,0.9000231805218488,0.8237826412256464,1.0,success,
PAT_378_770_302.png,0.021803181121785316,0.5836763167986639,0.7605780393727479,0.12649254345389166,0.08023410960460357,0.04578561395704299,0.15223017565165328,0.06968953946577561,0.041137523542505904,0.023244334244969238,0.007372700688495382,0.008028204768862901,0.6227015867901804,0.7569008593182941,0.8834355828220859,success,
PAT_1648_2904_523.png,0.5948380126979202,0.4417162354943396,0.553678104343425,0.012888614360072879,0.050884387128044675,0.07914847618651989,0.012293478742751536,0.04926660446342135,0.07740526836635633,0.02309603443678733,0.10005828252398241,0.13563282465818804,0.8278715058779824,0.7974752645980162,1.0,success,
PAT_194_298_945.png,0.5892532395078365,0.4782987377589142,0.45457184752894014,0.012744582004686918,0.11988067039951006,0.18863328654408215,0.00983188368743278,0.09798829950990393,0.1763187999869507,0.007244814573388127,0.004338117888322113,0.26725407741117163,0.7404896562656084,0.7568371430876637,0.9428571428571428,success,
PAT_1265_908_754.png,0.656165362451749,0.24006726778302562,0.6328626178776458,0.015556059706551608,0.03249690896385229,0.026847428479921935,0.014940486307394469,0.030385083608866367,0.024069147289199837,0.028875193912984858,0.021381473745457263,0.02225441143116058,0.925027466267135,0.8660229973232653,1.0,success,
PAT_108_162_526.png,0.5818852531630584,0.32152409080787125,0.7080426145353539,0.03757123945429074,0.13364251088785317,0.1303744840729918,0.032430425912127324,0.13647904226042912,0.13309168825871692,0.016270018172753472,0.07337946352113778,0.05653055792105688,0.9069863381530876,0.8326320828819405,1.0,success,
PAT_381_775_253.png,0.781719838938701,0.1446396997085988,0.5023065145453647,0.16020929619266494,0.04349745532956094,0.07775639681885506,0.1167509586873839,0.03850159782777715,0.07028681767090017,0.14461329964605515,0.056895982503406856,0.10132231726905117,0.8909034103465212,0.8848728008954921,1.0,success,
PAT_2016_4160_868.png,0.6364597572650019,0.46487835220605905,0.6520576218951892,0.0152962598296114,0.09921558777629609,0.061525815816161115,0.013133847996648629,0.08748386011882323,0.05807656703747005,0.004895305154437166,0.08508307705474677,0.09846255772715762,0.8466504344769858,0.8201917362114033,1.0,success,
PAT_723_1396_338.png,,,,,,,,,,,,,,,,failed,Failed to load image or mask
PAT_753_1427_658.png,0.6311283939279709,0.6099386319413261,0.5466023050441551,0.008306555487221106,0.027390176678007815,0.04185964322857764,0.002500243753533027,0.008627450980392193,0.029411764705882304,0.005375705064000553,0.0386314302298838,0.020079110400443967,0.7878505120107187,0.706756849254548,1.0,success,
PAT_1719_3203_18.png,0.644396376824493,0.23967571746941377,0.5585827454190845,0.024752583135233285,0.0857838291457822,0.05898512535112591,0.02182229682637903,0.07618626477635833,0.05822421319985752,0.008829248501781706,0.036522695348933654,0.08193731984202324,0.6251236017310987,0.6769136114712321,0.9917695473251029,success,
PAT_279_429_142.png,0.6362422633387869,0.5312219633204939,0.7957931111005437,0.013509744840455815,0.1290930251755229,0.06582476414560248,0.010678550643043872,0.11573169511540583,0.0548757810822819,0.004794395492602948,0.0022609411643036426,0.0015473268624840442,0.8569423464994634,0.8685355418251066,1.0,success,
PAT_539_1023_878.png,0.5795836579557748,0.3005597169465251,0.7246381956524311,0.0430634180362477,0.05856368663885005,0.07562357821837591,0.04160941532534505,0.05064725568206635,0.062136937336838706,0.03916154365765941,0.12880012282797232,0.15806796100119358,0.8078246706165064,0.69339912524432,0.98,success,
PAT_1903_3791_14.png,0.019335717459566113,0.3888888888888889,0.41336461500821364,0.3835797358545144,0.08100364375759207,0.116717841820715,0.39418239723377174,0.07205376524946135,0.11733971791782527,0.03134684705677868,0.057519089917406896,0.26059517928818654,0.9203937544167069,0.831492808533709,1.0,success,
PAT_1215_752_707.png,0.6027218749360567,0.568037166653323,0.6081344346546204,0.008337892925327238,0.06108773368584635,0.12973475468512508,0.009971515592384992,0.06449730795251206,0.1388327543749368,0.020031667058026968,0.10565815978545262,0.16839814501902162,0.8375251911378335,0.7861194740836827,1.0,success,
PAT_270_416_398.png,0.011337535683155273,0.3770305595732541,0.8131464992945069,0.3369797319208704,0.09469022638431492,0.023080275077144104,0.37369532657107357,0.08738488816155744,0.019539871722865126,0.009936184319932791,0.0965107026697537,0.00577612389261406,0.8198996687398976,0.7971761599979987,0.9767441860465116,success,
PAT_179_277_436.png,0.6784253155559709,0.34294927357881483,0.6295555151294645,0.014195419377071248,0.06474101042069469,0.03816756345812032,0.013858683882341473,0.06193115991243215,0.03260919327621982,0.03189180086784139,0.07793120910794599,0.0023548757412547028,0.7729550911086968,0.8413898587077786,1.0,success,
PAT_35_48_43.png,0.6170469772633891,0.4126594303522917,0.8128969249299027,0.013057024813621478,0.09490369908079616,0.10697023168289596,0.011454266864942712,0.08806585982858654,0.10216853365488304,0.01976132848606006,0.12978561873640593,0.11442977482549388,0.748257806809781,0.7973280219159486,0.9541284403669725,success,
PAT_527_1359_165.png,0.0559834684238707,0.30131181746418984,0.5820748691950987,0.020056794743454072,0.07120848651878645,0.09099879785290356,0.019071373356447992,0.07038675147538642,0.08924115772436332,0.027108680068248354,0.08949012128883949,0.07496096745462721,0.8884835176209624,0.7546357229388514,1.0,success,
PAT_301_649_533.png,0.650749065831316,0.38567853341426295,0.5669716922210787,0.023373192124544237,0.11790279469880481,0.09757454655317625,0.01820805057795697,0.10242296840743899,0.09065862562341077,0.0011023022468258938,0.13520956598207357,0.09902857253161979,0.7475676602857649,0.6347673828318656,1.0,success,
PAT_247_1293_449.png,0.9926586320070143,0.22323650064387884,0.6352511127516682,0.4661073899038117,0.05352710930096793,0.05383867619073589,0.4754820639555535,0.0498325462946907,0.051303581850682664,0.026290593324950685,0.0523832119189615,0.03177257291345015,0.7446751728333236,0.7966323531019169,0.9473684210526315,success,
PAT_995_1867_165.png,0.05175188424416783,0.15442708116754408,0.2843821990835073,0.27589038302585156,0.06855023368451311,0.08073366886148794,0.3096139187313747,0.053613066257090086,0.08996481313312756,0.48067327992072556,0.0192203571378185,0.2847965941807323,0.7694769181017058,0.7122094404653763,0.9724770642201835,success,
PAT_416_826_123.png,0.9980605976988106,0.5240888534184625,0.6998748102592993,0.4910983373723874,0.08553845874549654,0.05583661367347662,0.49321104707542923,0.07711455927204894,0.053463001474639164,0.021440956495775747,0.03871205209552364,0.03843304300248729,0.6663914240185427,0.5826160729289923,1.0,success,
PAT_872_1707_638.png,0.6272992342159722,0.4113449001851711,0.6310098166045202,0.01758978351944129,0.0883184147209122,0.19572905415592848,0.016190730011331304,0.07913219217989134,0.1881885644612868,0.001730115741426472,0.07045382320281957,0.04074418714122763,0.7134070048603698,0.6790221228973249,0.9577464788732394,success,
PAT_858_1631_427.png,0.9881890642956814,0.23227934743451187,0.6753805774278215,0.4369121863130528,0.09018165127520796,0.10431512909847974,0.4101008145505098,0.08007016597842477,0.09468117148424594,0.020296946516188224,0.018160138704771428,0.03385903353592734,0.6689329714186559,0.47622510235738535,0.7849462365591398,success,
PAT_38_1003_68.png,0.017752346385245026,0.1844064533924914,0.5855725947966736,0.3848450468679357,0.05960697407697311,0.031607102413634645,0.40288608805321197,0.058179401623930566,0.029192207480350167,0.008074326096366718,0.09571776470380271,0.013954204730125985,0.6868799839563444,0.4909983632494952,0.9369369369369369,success,
PAT_20_30_44.png,0.02235625825444373,0.47936543005308535,0.5447960968424929,0.011019398693451615,0.07696358133333539,0.11344046025089712,0.009911065018465616,0.07439273997039188,0.11200589839129271,0.02190661882764361,0.02328375585401915,0.007564399429799917,0.7953791431934374,0.8507975042601548,1.0,success,
PAT_112_168_360.png,0.5334783957862886,0.25230433120323337,0.41231765798241304,0.1515601100446351,0.14362798902616572,0.10068601563295053,0.15416603563450826,0.12447458803159277,0.10385138526793171,0.1729619149768094,0.12588914883046273,0.1496237634404095,0.8286706657626343,0.6228410919902028,1.0,success,
PAT_746_1407_708.png,0.6657066494288233,0.27407883815146467,0.27863338775375585,0.24194545177497634,0.1481357930210467,0.11427524231761692,0.20756350086484676,0.10941129516318825,0.1286674635757528,0.07898459407240092,0.046826884738520536,0.31502969151303867,0.7315293159310344,0.5407204816755898,1.0,success,
PAT_65_101_847.png,0.616820432827147,0.4080339532714679,0.6362131149645107,0.013308197964612682,0.05690092496752293,0.012883411753228605,0.013185576395797628,0.05444955476752236,0.010730718595767099,0.030940571361839316,0.08424953754439274,0.010321577343785249,0.703334120016363,0.6382319788858375,1.0,success,
PAT_517_972_845.png,,,,,,,,,,,,,,,,failed,Failed to load image or mask
PAT_44_63_151.png,0.03747962623766321,0.4194677505943707,0.5736145409924074,0.18461213164349932,0.09032667555183181,0.14169983744523676,0.23838347977592622,0.0851293010555545,0.14498398116237074,0.05103229974662121,0.08284106774214622,0.12820170639372008,0.845888071944064,0.7143536111543353,0.9807692307692307,success,
PAT_712_1335_359.png,0.7087720201946175,0.23736980179059433,0.5864003524746659,0.10161643493532568,0.12582130578233058,0.07807537205918899,0.07688607729971923,0.11630686481008913,0.0651432939071776,0.08712985864153874,0.03715063462582047,0.04057127299560592,0.5081740214076482,0.5992033043913141,0.7983870967741935,success,
PAT_708_1333_222.png,0.7896553072824135,0.12052897670162173,0.6538473078596397,0.28939334136832956,0.0693216600353312,0.0710416755985059,0.24845811820425578,0.055565390428734734,0.06018271747765053,0.07044417036553814,0.019535902855167722,0.03274497637978413,0.6982724388361554,0.6373804594374021,0.961038961038961,success,
PAT_860_1641_440.png,0.6640894074834414,0.32314401622718053,0.5257854406130268,0.03167420846157683,0.1481048574766323,0.06251911195278664,0.02792369870936,0.13794102028768895,0.057227743181969236,0.018249494801551455,0.04688532401361317,0.03701039309336296,0.7747059672276837,0.7477922881653474,1.0,success,
PAT_882_1678_192.png,,,,,,,,,,,,,,,,failed,Failed to load image or mask
PAT_532_3216_633.png,0.6064989618579217,0.24731966491913782,0.5818153964206162,0.013960087770369618,0.06758287765998892,0.05472010874376637,0.012134251377264593,0.06488169362934605,0.05171311184476317,0.04557433809719708,0.13126204232169353,0.07584151336559586,0.8955841721003289,0.8848978265842964,1.0,success,
PAT_394_794_235.png,0.023558455662828885,0.5458137897128583,0.7405873937557856,0.1558765317083882,0.07625673100073614,0.042074953913219804,0.21931717547858465,0.07100384049747607,0.03826561085395155,0.009859108368425821,0.021840910841683714,0.024858822113739798,0.7357003720148512,0.6674330056034031,1.0,success,
PAT_590_1121_504.png,0.8550430046474429,0.1153294356438313,0.7673558875524282,0.21889148696556332,0.03828341353971882,0.09477104388813054,0.16065735590863967,0.033122840583891006,0.08267734197382746,0.2300292079200955,0.015956730244832837,0.00324780096089472,0.8436863429892372,0.8070132337328312,0.9888888888888889,success,
PAT_1904_3794_215.png,0.01496148562252337,0.41062717105012025,0.4242071823321585,0.2148132600665178,0.09563276850240339,0.04134437554443765,0.21480729133568868,0.10576079558606408,0.04324194401991032,0.023106431065607908,0.274541698609778,0.10262081662698797,0.8485185389472574,0.8452719959480246,1.0,success,
PAT_279_1393_118.png,0.6349182262240703,0.44449428961288995,0.812571263014262,0.011691776993057216,0.09561293387007339,0.06495684486420875,0.01065681401121143,0.09157328435146815,0.062059397654687744,0.0118198690793185,0.022163029271702106,0.014906342965084196,0.8754471837112694,0.8284911895224669,0.9714285714285714,success,
PAT_864_1645_639.png,0.6464378038504928,0.6810605365391087,0.6305542809947692,0.009131972031361589,0.10088228803474625,0.11827152611207044,0.007952586975662859,0.09042988581535827,0.1159513224527856,0.017741546573418372,0.0703852473959673,0.07453380920960007,0.7724662591674043,0.7663568696260924,0.9587628865979382,success,
PAT_1699_3126_673.png,0.490689581303955,0.11559448882433632,0.3239691761478254,0.2120176897385355,0.07870272670068691,0.09739425363301094,0.1949573445934816,0.07180207684464258,0.1001191825532766,0.06673401691524958,0.0841461210836826,0.23625540106338982,0.9042951706863244,0.8755530275961598,1.0,success,
PAT_1364_1246_447.png,0.5891536496455684,0.5219127651060425,0.609158711103489,0.009481535749708815,0.09047274843242147,0.04729176821594446,0.009483406515443896,0.0907665045276452,0.043601248863719945,0.012656003479458475,0.1648841029309881,0.05424057426795792,0.8015056894619207,0.8029209105957996,1.0,success,
PAT_512_962_998.png,0.6195484506164306,0.44139898596563726,0.6680875862909336,0.014493262336961979,0.10342382716305566,0.05994231840185082,0.01225584859422977,0.09661845294318842,0.050583615067779655,0.0007039495671748676,0.014183833641470078,0.0020349256487893763,0.7128580152538051,0.6261003718081081,1.0,success,
PAT_924_1757_784.png,0.6743298393387557,0.16653869065648916,0.528360190626199,0.04176392694857296,0.07763071375754291,0.049971561523005775,0.03602994956080631,0.07087000065453158,0.045012448830203215,0.043296795679339715,0.02717361196367396,0.03315429835523431,0.6859281927828733,0.6894028056820773,0.9935897435897436,success,
PAT_809_1528_118.png,0.7326585693271105,0.16685900518245445,0.7036330608537693,0.0370770199028117,0.05372388624604832,0.04954392399847921,0.033463699264014914,0.05173126706547612,0.04504417436778988,0.04479860675714317,0.05018074995601399,0.00048319557788145673,0.9076596240032594,0.8352502168061513,1.0,success,
PAT_326_690_797.png,0.6175160955729404,0.46959587801558456,0.8221698748149144,0.008455238898759631,0.1040969495545662,0.04643069185926862,0.007302053687722458,0.09854951017160488,0.038661973092354786,0.00802361471250816,0.0021429655703020245,0.00784886215497449,0.7591624506226509,0.8623637992657488,1.0,success,
PAT_40_1026_312.png,,,,,,,,,,,,,,,,failed,Failed to load image or mask
PAT_452_882_896.png,0.6492774565713845,0.22394181310106648,0.8027823944442254,0.09466917448942028,0.04443221533587055,0.23075003781571285,0.09440687576260012,0.04497529502711382,0.2268959713779269,0.0034759927652864855,0.022332696702855093,0.026619792818209143,0.7519616249301055,0.6766123156439439,0.8787878787878788,success,
PAT_948_1801_721.png,0.645538805954823,0.15407640994542146,0.2755269860521528,0.22547516469254067,0.07681565129707046,0.103024842231399,0.1945530176095544,0.06788071201702348,0.1001062293692464,5.235997350602083e-05,0.038028921017449896,0.15115617078482635,0.7786458181393856,0.8062662802070167,1.0,success,
PAT_57_90_910.png,,,,,,,,,,,,,,,,failed,Failed to load image or mask
PAT_155_240_211.png,0.6188109926254501,0.7109774567575079,0.6298255311043035,0.013886040739620268,0.12078135463070218,0.1730955949019428,0.010691413270622606,0.09518146618374614,0.1591305113147752,0.000757696964456045,0.09605673874839094,0.1366601065322861,0.7489385745172498,0.5779196951327221,0.8831168831168831,success,
PAT_53_82_940.png,0.7845807254841949,0.1874673588899705,0.47058669015281446,0.09835986387890723,0.055656906672406636,0.06381211966455051,0.13117782324506877,0.05509534666672029,0.06742613364796159,0.054862458375609435,0.11304163662851016,0.11696922415115757,0.858380880443689,0.8462719586287243,1.0,success,
PAT_713_1336_159.png,0.015993402474443648,0.3036007853365952,0.72907478597873,0.17226944319743065,0.056467859610235586,0.07746143469868258,0.15162895129662726,0.05138969620108415,0.07738493541024717,0.0031140612287297773,0.039339597294189954,0.07255339199603572,0.8710646145244068,0.7989906478224764,1.0,success,
PAT_153_1200_541.png,0.6262160441257199,0.3529946430591114,0.6832906628828773,0.011190013099418215,0.10094514589433265,0.10963356523009617,0.011150189479518948,0.10088430958854283,0.10846535785582825,0.0117964569198149,0.03676598093171857,0.008954660098080991,0.6700786900664661,0.6885535978434371,1.0,success,
PAT_230_351_720.png,0.6141755251085125,0.19740817675384761,0.8609212224215529,0.023937835609915012,0.04708861358372657,0.03969648007338904,0.0227994895239055,0.044276083872082664,0.03529907646522304,0.04361915847918583,0.028443717401872903,0.02364728371985869,0.9105465145664733,0.8124367438523207,1.0,success,
PAT_328_1738_890.png,,,,,,,,,,,,,,,,failed,Failed to load image or mask
PAT_366_752_782.png,0.6621279021861157,0.33523471559329737,0.6682080208268766,0.02660764344645793,0.1403285660893913,0.05015719927400832,0.022060989959674877,0.12833534067532312,0.03876499415556866,0.016145755701912002,0.0639382567112371,0.00735347005134257,0.864948037534053,0.8457627424528221,1.0,success,
PAT_433_852_20.png,0.6524504010193528,0.6081164225019787,0.23267476068873855,0.0152888544225793,0.17561971407595467,0.09486405761813779,0.011830472350489916,0.16958623781756163,0.09502305990960516,0.009600670039988539,0.290523924633266,0.21926044817741663,0.8591074393232667,0.761958701418436,1.0,success,
PAT_431_850_472.png,0.6602802032373997,0.8037680348392559,0.5678224747637803,0.012383655384910121,0.18946687153223388,0.12968620926104793,0.009628923659392162,0.16803979334126742,0.11291638333447691,0.014804619979005432,0.28631367378448913,0.20959131833966793,0.7042398936055653,0.6851094449846795,1.0,success,
PAT_849_1612_143.png,0.7686848809099643,0.2567507606490872,0.5793547160243407,0.1848689857146536,0.12949204611702905,0.10063966304854859,0.12401004704369699,0.11564869429393057,0.08744483295761014,0.08631208111572305,0.0932080554314069,0.10165226303847075,0.5219784579507752,0.5861585012441988,0.9428571428571428,success,
PAT_227_347_19.png,0.04631273364982296,0.5256473423958316,0.5886216613792248,0.18814937231561255,0.195450775374683,0.09354330461806012,0.1905985699461282,0.18621588886342952,0.08908096601400001,0.039818326959342315,0.12011522800295771,0.088508037195001,0.9206506110711719,0.8724805591429712,1.0,success,
PAT_430_847_315.png,0.672187189473404,0.7587281145914431,0.38676329124544634,0.018630867748912705,0.15899273825588603,0.10290228646049973,0.009102713811188776,0.1391190033332235,0.0930674928898139,0.01908025099130839,0.19769674329652287,0.10878904545514367,0.8049223520315851,0.6883040439263891,0.896,success,
PAT_903_1719_943.png,0.03728228007823924,0.41085267050198643,0.7124767174066632,0.010794191679718661,0.06204053771924258,0.06083130049505264,0.009817970488676461,0.05833473091356788,0.05590650773219564,0.017362008655258283,0.07679162340273432,0.06887026650515504,0.8664960209887953,0.7883862930942801,0.9821428571428571,success,
PAT_749_1414_770.png,0.9308402221803986,0.07331884254856677,0.8448806774441878,0.06936732680708955,0.02000198358330632,0.017398430429924554,0.026748881109670376,0.018482062793978012,0.015130372133760906,0.023599885542266462,0.012352349004977725,0.014337691018848409,0.8578791213879421,0.8350505747898271,1.0,success,
PAT_761_1435_561.png,0.6854736961177051,0.2095002073974086,0.7427245692109758,0.1240000528426351,0.12210860102931125,0.10566954342099734,0.08777047156011811,0.109968382688307,0.08997841086126851,0.0028780647386393338,0.07630399184825187,0.04476571827931164,0.793084725330192,0.6976903645412116,0.9354838709677419,success,
PAT_49_75_326.png,0.004769643891390427,0.27465640734182933,0.6434380396528734,0.4740372413479492,0.061852573589565016,0.03386393745809008,0.4757573437023881,0.05442667874649459,0.027101750900044193,0.023207778112796597,0.023986032062053575,0.028174410277228,0.6150417818724188,0.49317177791154293,0.8972972972972973,success,
PAT_247_378_484.png,0.6265391313903863,0.5589726164512017,0.46238370684114594,0.011023465913618278,0.12099545225529605,0.10015651323762301,0.008202623234843347,0.10473793276111232,0.08713292061563449,0.0005002592187846884,0.013646431167845918,0.0160749611206355,0.7793526606817598,0.7759223021461334,1.0,success,
PAT_456_887_499.png,0.6999699577440801,0.22392382480373355,0.6117546784322082,0.014725381607913805,0.06528802801949908,0.027137079452170892,0.014561234874310443,0.0656176243014483,0.021139233523296982,0.03102243989909839,0.14189675822881798,0.025064915798635234,0.6695570367120235,0.6583138680929783,0.8888888888888888,success,
PAT_637_1434_570.png,0.800471864651379,0.08756350784183786,0.6031549266492549,0.2977898096438653,0.04344306016534362,0.09048855126721898,0.2889652684994613,0.04178738194602273,0.08533988037441413,0.15384588516180978,0.013852031635985348,0.05290642082981478,0.8885108540855522,0.8488106508938942,1.0,success,
PAT_571_1097_652.png,0.755706744261859,0.20226436256295108,0.6525832853127739,0.055908947117120036,0.08108733298017912,0.03278998454551106,0.0575703804669598,0.07425320134906058,0.032043745502830595,0.035824009039140174,0.08551733588342682,0.00599521592319896,0.6274545996719845,0.6272176709361532,0.9186991869918699,success,
PAT_388_2452_548.png,0.6498263754217865,0.4228737086232342,0.5815644107105208,0.011335979759489303,0.05789105598933624,0.02412380817231993,0.010937901867939838,0.054231860682033194,0.020427165096012785,0.016746402324228565,0.02215465805338568,0.02729945599767114,0.9378150656588429,0.8886525322802012,1.0,success,
PAT_704_1323_974.png,0.05464260168671686,0.16826480001728378,0.525613034447212,0.1417409050318068,0.04713828683281082,0.04883728321176259,0.1431492643203539,0.04013184412864808,0.045487909598685566,4.9470946490151295e-05,0.008698796761285904,0.013507358900812338,0.73867425112551,0.5039007110876169,0.9902912621359223,success,
PAT_753_1428_451.png,0.6299537667694459,0.3819607843137255,0.927843137254902,0.010249062960033445,0.026606421089291895,0.03558204051777416,,,,0.014093450049226576,0.04072829131652661,0.053333333333333344,0.7407407407407407,0.8686558453819722,1.0,success,
PAT_715_4072_827.png,0.6654841524379782,0.1454281509764149,0.7504056795131846,0.025433260041315225,0.039514830319899816,0.05919691163581106,0.021418934635992946,0.0373582144187994,0.05865154093462996,0.006227813641318154,0.06256411635305209,0.057423078021883844,0.6615025466893039,0.5509879194944869,0.890625,success,
PAT_639_3674_452.png,,,,,,,,,,,,,,,,failed,Failed to load image or mask
PAT_349_724_133.png,,,,,,,,,,,,,,,,failed,Failed to load image or mask
PAT_1420_1461_93.png,0.5997024387358748,0.1624059346057791,0.6898666524034248,0.03434058788219983,0.084663006785186,0.08226620000802995,0.010318116765190488,0.07886232621356914,0.07210682121227006,0.022478245945031873,0.0185148737536332,0.014456267025843794,0.8244116655769342,0.7474662815720889,0.9932885906040269,success,
PAT_237_362_909.png,0.622673396702024,0.4620225396627368,0.7267793649803506,0.014391978561487412,0.090726300880675,0.06404345800194024,0.013671062456169045,0.08198193810168597,0.0553244978848032,0.015047010054827897,0.014141006600633776,0.02776128594862992,0.8300511247443763,0.7730542469339673,0.9726027397260274,success,
PAT_646_1225_590.png,0.6506815370982393,0.3992910379837178,0.7481806935224449,0.020695250822688818,0.14843575404444956,0.06860089608333746,0.014911112219603277,0.1283654928557175,0.05939725567703305,0.02462128023463658,0.0002695407100548608,0.03307482194754541,0.670361353320803,0.7391982180323818,0.984251968503937,success,
PAT_630_1196_710.png,0.7605820390406363,0.2738807785441962,0.5255090203901522,0.0346636927852692,0.10439766828686656,0.07540731960025057,0.03145391909525938,0.09419825838544997,0.06985083176469345,0.0469359548554648,0.028251757052847853,0.040972875094344996,0.6836185143867478,0.634435456713447,0.9497206703910615,success,
PAT_1600_2685_445.png,0.675672203451382,0.2371825174067618,0.7197053406998158,0.06659828710578991,0.09334914014195868,0.17093562106632385,0.06762223145192144,0.09394740454856869,0.1732437296636573,0.03427191046247234,0.052197174990643275,0.08636957764614328,0.8607173910511954,0.7960858801066945,0.9203539823008849,success,
PAT_1460_1598_708.png,0.6521671720317115,0.24623929658151517,0.6070008750432896,0.016804532775639286,0.07443823948829813,0.056070269348654674,0.013002570960523306,0.0674268261069686,0.048847679647478104,0.006096848124793376,0.006038277594934693,0.021215163219956534,0.6612328377182208,0.6964395048988297,0.9658119658119658,success,
PAT_2131_4683_112.png,0.058032945129205434,0.18160562338142805,0.6114835368109507,0.009576963139545671,0.0454775815333422,0.03409307722526398,0.007486654135532893,0.041765469126364564,0.030880657971618434,0.0030334221111499933,0.0011436098795389038,0.04305314605200117,0.7636803496176057,0.5873630250835254,1.0,success,
PAT_492_1782_752.png,0.10024556518957084,0.37984774111847847,0.7598173840231731,0.03784848376602372,0.12649365171332436,0.04640345410729382,0.03459616697591713,0.11756688484688935,0.04386916861201191,0.013373759236794798,0.08552056846313244,0.03479749542142763,0.6002218110164137,0.526443101365668,1.0,success,
PAT_757_4220_942.png,0.6115971672704456,0.42813245577951464,0.9024825174825175,0.007196585642816185,0.03601923087674216,0.03667938836940686,0.006610827768992097,0.025484947697098963,0.026098840748132488,0.010462028961929251,0.012705978753566383,0.034617307125568764,0.347656156766308,0.20985574543244856,0.7185185185185186,success,
PAT_412_817_232.png,0.6294752101259035,0.43342340240788985,0.7657186734574861,0.008264965341065683,0.06866844298495248,0.0352680209752344,0.006759570415009333,0.061779092594212014,0.019240553739943583,0.007328275614062818,0.056001329956331336,0.012441790391069296,0.8564081853709549,0.7522612477742985,1.0,success,
PAT_1070_308_751.png,0.6243742511238507,0.4235162266638698,0.6667405831410507,0.008630406211028476,0.05684046437477697,0.06404491945200678,0.0073866767212132,0.05622024302723431,0.06486564624465077,0.010147813665462656,0.06417559303571685,0.06834879867372778,0.7065268076709748,0.7663912454699434,0.968503937007874,success,
PAT_365_750_854.png,0.05273888626185439,0.4715457360968688,0.6273138394290627,0.013824152317958567,0.05669334161629694,0.052599765531927356,0.011671194673810515,0.04804568669729715,0.046421942512706475,0.013559432158664514,0.016441724665937185,0.035813033865088384,0.7869064648510714,0.6125070435379163,1.0,success,
PAT_2011_4140_787.png,0.020763714355311345,0.42753101240496194,0.8638009049773756,0.008207280286111923,0.041248373502219195,0.027201096047201227,0.00735191100720301,0.040139810085599865,0.025440773884809465,0.012607366625435006,0.0217480222858375,0.007547511312217203,0.8971124194000561,0.8901549851986146,1.0,success,
PAT_330_696_894.png,0.6319903000983654,0.7004840940525588,0.6469733951671955,0.013735533730121001,0.159028571281731,0.04835140416919903,0.01267073921247251,0.07940190646915637,0.030239448361875358,0.0207874561907083,0.24396882971897732,0.04007053632945379,0.8816353511477906,0.766603985128845,1.0,success,
PAT_582_1363_358.png,,,,,,,,,,,,,,,,failed,Failed to load image or mask
PAT_1280_972_727.png,0.6168960896253262,0.2684232636751761,0.7346880688830921,0.011163271528313503,0.06265474292601321,0.09138284590364833,0.010161898550009789,0.05439298201938674,0.07042989609431882,0.013210571543092521,0.024389433138024552,0.007523438577008212,0.6274542786964514,0.4614347231499022,0.7804878048780488,success,
PAT_393_793_852.png,0.02907333685049455,0.49521313368431447,0.5919973258578907,0.011602897251564093,0.052047219360879055,0.034688740321140346,0.010953419362834393,0.048679407187515046,0.033036896531897425,0.01715753019573723,0.027435447574807537,0.01389877732391498,0.8431767872140473,0.8506319316982449,1.0,success,
PAT_61_299_74.png,0.600903903748861,0.18597190540924557,0.48410789305929974,0.022742937064140226,0.07058345834666893,0.08807724416114177,0.014058976018953876,0.06426489352273815,0.08630026695916368,0.0077257524168144204,0.02442128890551737,0.14401535624042022,0.7389204354107481,0.8422963531887061,0.9888888888888889,success,
PAT_432_851_560.png,0.6553194955424247,0.7385922859010677,0.4475920679886685,0.01176742051107509,0.14715060902513402,0.15346308018337618,0.008672277483267819,0.1454021266565592,0.1490384723524805,0.0005846007057535808,0.22526599730179564,0.1886795065093942,0.8645674430419045,0.7908634450325301,1.0,success,
PAT_2106_4590_227.png,,,,,,,,,,,,,,,,failed,Failed to load image or mask
PAT_85_129_225.png,0.5989320650828716,0.45166415284062345,0.6765490196078432,0.030020252198834686,0.11538556132416751,0.13116308823467618,0.02922312254351911,0.11004987166169676,0.1264503228001967,0.013980207226316802,0.01498713512554345,0.046772779700115286,0.7609275053304905,0.7863204564193307,1.0,success,
PAT_1790_3427_355.png,0.6408424885058536,0.2553421146202584,0.8818646517050018,0.028906604407063243,0.10266536243970273,0.056408308219123925,0.01999496274356958,0.09289100582366842,0.04645668266042272,0.01313849409930283,0.06407687770913467,0.015598418695745742,0.5954111431509896,0.6580495471637382,0.8602150537634409,success,
PAT_180_279_377.png,,,,,,,,,,,,,,,,failed,Failed to load image or mask
PAT_219_336_376.png,0.6077317838267169,0.308086277611084,0.7357777622713775,0.06752653966989075,0.13145296509176763,0.18261391778118582,0.03920854616951667,0.09677312709942365,0.15208484982871298,0.027512612139441395,0.00513713598381943,0.15579849139344193,0.9110907163666343,0.8736702361149401,0.9835164835164835,success,
PAT_1286_999_824.png,0.1668936590525844,0.14816472338580391,0.4095847306258677,0.17959768180341104,0.058662070910612575,0.07905608203402845,0.19737180012935965,0.0450214335339989,0.07750296610599887,0.4062663151234703,0.11155902036270762,0.20994531621068074,0.8519229670430132,0.8596916229999537,1.0,success,
PAT_529_994_419.png,0.6508984943559856,0.4804353335398305,0.7236335989637598,0.007401063606695959,0.1172586199838811,0.07774731376803144,0.006570075483063038,0.10703123007195943,0.06605334647616515,0.007897205986625898,0.010600587414306029,0.022918902677362518,0.9048002602472349,0.8433415652550978,0.9618320610687023,success,
PAT_188_289_908.png,0.7969991155735103,0.15505398878762064,0.5908466577711439,0.10660230130416826,0.05691804051288809,0.07197190751886952,0.0809136880122953,0.05195469740229144,0.06461524574508318,0.0845940463448454,0.07954911386680914,0.02388162913069336,0.8408764610075121,0.7622422966832499,1.0,success,
PAT_356_736_188.png,0.018822602545663356,0.5149290474951465,0.8022523333933778,0.038710248576862116,0.07027381534508682,0.05906062763523959,0.009622611172461736,0.06704510904703867,0.05943981976298802,0.02006042098155405,0.010647546955898313,0.019930577653308412,0.8449674667803657,0.8004052624493744,1.0,success,
PAT_1432_1497_328.png,0.6275077735829657,0.5220851267336203,0.7192815771294968,0.012247183863318087,0.06807133472813423,0.030896068015129237,0.012184150881868748,0.06512941048681438,0.02830302265049895,0.02015968589886607,0.0017111373341369696,0.012179922657794773,0.8716578091354744,0.8229775845967439,1.0,success,
PAT_951_1836_991.png,0.04635485556874911,0.2581401164831888,0.7077094364849201,0.14849025073690075,0.0748955222571248,0.0795421805969027,0.1078353167593739,0.0729833283064636,0.07586138304596549,0.009659701386147142,0.10390767013027902,0.01291756778265829,0.9336931947338977,0.8586784950118427,0.9901960784313726,success,
PAT_911_1728_101.png,0.6488279778172786,0.5169545032497679,0.7406029821399311,0.012938623343036491,0.10855314781230836,0.08569965796718927,0.011284313390649496,0.10023047529257205,0.08046517804696954,0.011578060890202203,0.02125067415618004,0.029315984647423243,0.9027332975240488,0.8352378440629444,1.0,success,
PAT_697_1317_892.png,0.6480893206212155,0.4935638187621772,0.62954790034407,0.014910901273930846,0.10226917194006979,0.06058418833863149,0.01503240456781769,0.09432605021561788,0.05466042153333731,0.03926269123944005,0.0030542379312523127,0.04813739104267967,0.8274043738892295,0.7434404104589432,0.968503937007874,success,
PAT_1832_3597_594.png,0.17043119557540282,0.3178132037128577,0.4530681880595375,0.12449851347276986,0.18505922524531773,0.11129924409425418,0.1293645920167921,0.17930007645330123,0.1066476009135547,0.3247916583556954,0.20393053641748266,0.12360411078652067,0.8818861375644338,0.8532830326967745,0.9887640449438202,success,
PAT_856_1626_523.png,0.036975439910858755,0.6084420055161063,0.67777058049482,0.0072022305961238885,0.06832694003250547,0.06603357513005804,0.00651011171423424,0.061527527882870775,0.06322688364230475,0.009779490706508437,0.06549293399560618,0.07576651001706047,0.7468588430018723,0.7286809004688612,0.9777777777777777,success,
PAT_835_1577_938.png,0.021907586678761533,0.4944024298941423,0.520686321894635,0.1366399503503625,0.05765931497087047,0.07457976436469134,0.12100469837890881,0.048251982626040704,0.059917315654904685,0.011792079777100799,0.054464547541201114,0.053865521242619785,0.5739447360850737,0.43272061145764196,0.6474358974358975,success,
PAT_1978_4004_82.png,0.622710731934179,0.3118821486928105,0.30473090277777776,0.017910271933686474,0.07617606198498644,0.09449896677361432,0.014824640612237382,0.06500516248163202,0.0908701038840482,0.023028191612987806,0.02653532179000634,0.17797854463755203,0.7993220338983051,0.7315791576116726,0.9855072463768116,success,
PAT_627_1188_755.png,0.619605685073642,0.39861538111179434,0.4650452050738995,0.012882876147680652,0.054633228003564134,0.0734676234469985,0.012480009137671513,0.049789702514557416,0.07149138363495774,0.031718980034554374,0.234199572113942,0.19445888105557357,0.9085848599777661,0.8302464136468297,1.0,success,
PAT_531_3079_652.png,0.7499740885089744,0.22264854782840396,0.51930377266814,0.06510748021041791,0.045752961536825065,0.12458496783820375,0.06341012528979892,0.04251835483148401,0.12170308190895206,0.013506792242320544,0.01411031772154639,0.04237274979269612,0.8718605998035908,0.8267059989604209,1.0,success,
PAT_1720_3208_130.png,0.6489690772218649,0.25519490618551194,0.6614976427412447,0.01668128993842338,0.04893641900920237,0.02168305890305642,0.015461857437805896,0.0428509310715634,0.016945890731151464,0.016496933646477648,0.004131992456433864,0.019280212774246075,0.8586654878634861,0.6837886337735246,0.8181818181818182,success,
PAT_115_177_575.png,0.623752595098195,0.47762787452973565,0.9635716421257194,0.0612221303994145,0.155836271148347,0.04826459210699163,0.03385710202732749,0.15070114810797378,0.04660447885649133,0.011318138408143675,0.0054556963059281816,0.0045674169344438464,0.8705658360513462,0.8405130344448114,0.9921875,success,
PAT_570_1085_429.png,0.6682400907025966,0.39919386651148075,0.5330995129610174,0.015003731652296409,0.06111279993227415,0.051023451254887824,0.013873533406407592,0.058769160527097505,0.0478021309068853,0.017134288471942306,0.004105805841920274,0.037895348087727765,0.8910193013341454,0.8605904674440028,1.0,success,
PAT_337_706_254.png,0.8455957419990666,0.10046313362707064,0.5046641037793811,0.319917449140009,0.0520961416164491,0.07896304047522389,0.306829861809298,0.04204246802465814,0.06244233629044403,0.28639900809385954,0.02705308018728829,0.033669341361395544,0.7547641785108213,0.7538342361265797,1.0,success,
PAT_923_1753_496.png,0.6512892748497683,0.5590107843137255,0.5702276960784314,0.01137417947772382,0.09727437699834024,0.12005340811335742,0.009767941655149966,0.08616424568728974,0.11466224486124836,0.004554709089325984,0.021990210689067147,0.1138188054140728,0.8088862207045253,0.7488508349515276,0.9939759036144579,success,
PAT_207_1280_15.png,0.6549613722336655,0.3120468219084136,0.631071729168615,0.012977158311452337,0.10466859470955316,0.06152022842079866,0.011539016055045268,0.09687797420966789,0.05828237520097296,0.025997860318139724,0.023899324103321407,0.05604562523583334,0.825658164037401,0.8648158055788538,0.9830508474576272,success,
PAT_242_368_261.png,0.6308104224546157,0.6828612460082009,0.7383143427624825,0.007675897153179238,0.02787096795435458,0.04782526408106356,0.006501545378635899,0.023363975516071944,0.0430672238331044,0.002817160489975142,0.01126700884917109,0.034972761764525906,0.8839895165998667,0.8576250950504646,1.0,success,
PAT_806_1519_527.png,0.6363853947511122,0.505792056439533,0.7191407486170711,0.010027868712135003,0.08131112703873743,0.02508225762439424,0.008765293887532232,0.07805863460122929,0.02263995294971706,0.0004695649956748266,0.02086786679751712,0.011485308912539738,0.8202146494745342,0.8537243466024818,1.0,success,
PAT_703_1329_112.png,0.6801542750338606,0.32509948068993505,0.5610293643477898,0.03205763946818806,0.11020560324190291,0.05525466147688705,0.030539710232137696,0.10604571935471085,0.05367568168045114,0.00594077309941999,0.09508060224140027,0.021836298328659298,0.7671994318326374,0.811810457994799,1.0,success,
PAT_468_905_765.png,0.6473117275418082,0.294885824911994,0.575694825142999,0.09169796133612049,0.14177849871280296,0.0952653078706824,0.08402560083276006,0.13361669202500695,0.08577489574367063,0.03990400527730276,0.1385752693990457,0.10090614118877494,0.8980471330800512,0.8354506806910388,1.0,success,
PAT_1449_1554_932.png,0.6194798064054498,0.6379437204023325,0.53662218047565,0.014435284666770002,0.06446877560031888,0.0496463526638993,0.012487214212203269,0.05973418946729177,0.04407007034064485,0.006062978770096726,0.008799435064188454,0.01206961822525443,0.6295944169265578,0.7773622902339713,0.96,success,
PAT_305_655_30.png,0.9470338737783752,0.17731285066861363,0.7850790299346844,0.23952591283199814,0.09699021748461413,0.06877429284757569,0.18193232098598033,0.0910396746197956,0.06687583871490184,0.021466415898602837,0.08373532362544862,0.04964820945740811,0.8586230984785913,0.8012802929912219,0.9928057553956835,success,
PAT_493_1862_360.png,0.673830016861719,0.41829686307000014,0.7612310541449387,0.017832829160240815,0.2454071215204849,0.18561234811735125,0.014053106845765207,0.20254220659476013,0.15128588109029859,0.001921827770481204,0.17098772664947448,0.12292542350340374,0.9100594574507619,0.8504547135110752,1.0,success,
PAT_401_4594_970.png,0.6551450369090875,0.30583351390021013,0.7086476056832135,0.012664976007490192,0.05038312920295094,0.035773457289956616,0.012264834431207558,0.04764626394992558,0.0293373206243857,0.017253330746770323,0.050815171774933277,0.02612341696842635,0.8066867828039666,0.8489710897203078,1.0,success,
PAT_36_49_935.png,0.6546057296529862,0.5194415946312907,0.6758309885860752,0.005582072089917752,0.07565424630260287,0.08344265090199188,0.004498657917088574,0.07051281247628721,0.07826770454499637,0.0069777047628945535,0.06011696346678835,0.027211814732848727,0.8584544962518019,0.801163540806034,1.0,success,
PAT_204_310_975.png,0.6831972815087387,0.305905258055409,0.6257357602100878,0.015482099458354921,0.12098828021562259,0.08682263219883105,0.012605721210864174,0.11530998434425788,0.08129080454752864,0.03338824819290143,0.11694543908282265,0.08951974379140692,0.8646416163592128,0.8260334185522451,1.0,success,
PAT_788_1503_168.png,0.9903680972977783,0.13985091099418429,0.5265982309348752,0.45759814004729216,0.06636151918887917,0.07471629455077695,0.4705523273273601,0.05695432089663574,0.07263344948713846,0.01333940572841925,0.011884232086347729,0.11151449454590456,0.5037564655565889,0.4464916712758028,1.0,success,
PAT_217_963_806.png,0.7290639128144382,0.14140417726860613,0.6562176458053922,0.05017408303822142,0.05882853393356493,0.05473446938739543,0.04749007481070949,0.05347536608948148,0.04882432506101195,0.0015048988519421552,0.010671010265787234,0.05352410162257881,0.9074847230147112,0.8081216388527678,1.0,success,
PAT_514_969_187.png,0.7965261054475382,0.08949996418814525,0.6433998751701063,0.2656595856383667,0.04553304168946923,0.06867633195100113,0.25836903274900913,0.03896341821760861,0.05903779829733095,0.198680095612043,0.008824330222877291,0.009110517339152802,0.6893809726210269,0.7347601116170935,0.9708029197080292,success,
PAT_86_1109_306.png,0.6455158586887322,0.1790489835411521,0.8039762905035159,0.03469679005711109,0.062169514148184446,0.05714091835985398,0.030275961394578853,0.060842247315001874,0.053976643676071245,0.03625176431417911,0.0500309576844625,0.024887931115207707,0.733583683284117,0.7190583483543425,0.9672131147540983,success,
PAT_1585_2619_396.png,0.6231549251488565,0.41947437390797904,0.5267773247913027,0.005772410230515537,0.04518939453658414,0.030197917834608658,0.0048273037685752935,0.042643977361324706,0.028140912241849326,0.005902261050278036,0.0022938826904349563,0.030839750207711014,0.9124654244198498,0.8332787242538868,1.0,success,
PAT_812_1625_430.png,0.6330888616755677,0.19670614554546653,0.6162587182524016,0.06282244878054552,0.06382875607543327,0.03508892566601787,0.06276552797271341,0.05875236024349629,0.03332121980170599,0.04033563926667812,0.03571056097453984,0.010958224070989231,0.8839338581550701,0.8257061456979919,0.9838709677419355,success,
PAT_86_1082_41.png,0.9943990330697436,0.36026858041496224,0.48347277849836323,0.4766234862278441,0.12803502495221486,0.12998400162110907,0.478031619723611,0.11501526615172147,0.12966284730331673,0.042539641527334346,0.007306488539189748,0.055605866819982364,0.8812894560809399,0.8457043841496181,1.0,success,
PAT_886_4635_304.png,0.6811120620812533,0.24000896592606752,0.6862301352967346,0.021898468824016293,0.06612184549813115,0.04610185681346552,0.020397103448040608,0.05604756608528314,0.04593066492230753,0.04256290615432161,0.038548476202630744,0.03657079139501518,0.8274616920022494,0.5765844140304243,1.0,success,
PAT_791_1487_906.png,0.6743912801807227,0.3389263453531629,0.3348826896387481,0.03324574156013206,0.0602146182180216,0.08027950032093689,0.031341495939551316,0.05009798010704914,0.08141323970412485,0.03461042360602483,0.09031450419102785,0.14031362771841405,0.9010625114892957,0.8736944858446127,1.0,success,
PAT_223_341_187.png,0.61777173409696,0.5520541109940678,0.8103638816506811,0.010620709845177434,0.09611315805440211,0.08523209438917922,0.009808348501789958,0.08930478402764966,0.08026279172147771,0.006102627621929694,0.13668502218207235,0.08342216217861531,0.8303438467597154,0.7963161909257352,0.9767441860465116,success,
PAT_267_1061_152.png,0.7256154459649771,0.22048788419228796,0.7146329690207257,0.06973795993624236,0.08922158175028254,0.06241192281053996,0.05613454074911347,0.08475104443276257,0.05554693483617567,0.0739023914624495,0.12455292484269445,0.033799825323115984,0.6393747818329907,0.7144519917823355,1.0,success,
PAT_1314_1108_442.png,0.6227429827771531,0.4980006872637531,0.6420969874938823,0.009340850065130605,0.05281936274028045,0.11683963409463448,0.008627041858237278,0.040567071596712176,0.11493116310646113,0.016936969641772413,0.04381390616833619,0.15373311759779973,0.7639607985498397,0.653820370137152,0.961038961038961,success,
PAT_15_23_240.png,0.007196085389269001,0.25551450998302955,0.5823556277957631,0.4755641405489414,0.07034547881713876,0.08281620470781838,0.4734136648753786,0.07100265236371918,0.07966156021388408,0.06229127331967855,0.13536650442739662,0.0617442130667013,0.8370100600343404,0.8027232955439523,0.9834710743801653,success,
PAT_2006_4123_719.png,0.6282296851655798,0.6337471610561177,0.6829914357250861,0.010240972336058694,0.06781914907356576,0.09424276798306988,0.009760430548898264,0.060693181453027815,0.09717207935127928,0.020831415418743955,0.10098065494995323,0.1830792108958451,0.8558291495254747,0.8280114764392628,1.0,success,
PAT_196_300_749.png,0.7453117392428175,0.2103273448878654,0.46332785272413096,0.1861002998242181,0.08817688633086578,0.09014991869993998,0.16403171185313464,0.07779878125944845,0.0829821663466522,0.10493812450172536,0.001589194678206285,0.07542614922703489,0.8533957975513158,0.805394344053429,1.0,success,
PAT_499_945_878.png,0.6624252046477695,0.26543543525784696,0.6499482551641346,0.04560835525270036,0.11428869373751767,0.05253550810198404,0.0356501207986732,0.10129980914935816,0.04821395924805061,0.04941429547692632,0.051715751925481446,0.015364767050345174,0.6519475364995113,0.7290998323636013,1.0,success,
PAT_1575_2516_23.png,0.6930667939872537,0.32555448408871746,0.5603190715457883,0.011190739203976577,0.06675653850003942,0.01860722754774042,0.010170231756914472,0.06324960741108164,0.01346443296904395,0.006620273575227663,0.09697781161005359,0.014839228903876678,0.63239811793619,0.4993655867493176,0.9444444444444444,success,
PAT_230_1008_673.png,0.6466286811924709,0.4849263271889612,0.7382534197858877,0.009501878857283493,0.04275351056661011,0.06133565556292472,0.008610624463945808,0.03798660435730697,0.053212083288210206,0.016297768634631244,0.058344601306388855,0.0660096334634841,0.8209822864901963,0.773811162508939,0.9911504424778761,success,
PAT_470_908_103.png,0.6665247414358755,0.3558229484515579,0.8101610463564374,0.01414415774091257,0.10694829622021008,0.05392125276191976,0.01142904989966014,0.09603724510231566,0.04790540190961417,0.02840958319444545,0.007949861041242956,0.004858995608688077,0.6557729274797272,0.49778539400756716,0.79375,success,
PAT_1403_1392_407.png,0.6742140729244194,0.4181820532512095,0.6310084735463486,0.01287399958588631,0.13630107310391956,0.1339774929069479,0.011742070603723261,0.1330254806981293,0.1293969485605653,0.008685003230073422,0.1350229359457507,0.07259085236287699,0.7248908474646234,0.7213775161469496,0.9760479041916168,success,
PAT_813_1619_543.png,0.6550096344053984,0.4179838922133153,0.6111239697414474,0.016163405796462228,0.08604680079910507,0.13503554890240552,0.014565426180501039,0.07573395480485917,0.13036221976823434,0.013294910208015489,0.054148237810211275,0.17004141514042048,0.6926490261106443,0.7516389010239234,0.9418604651162791,success,
PAT_905_1721_327.png,0.6343221744798188,0.5555662827850952,0.5207089166264395,0.01414223300060786,0.13345401220587477,0.11406147521506523,0.013075830366765273,0.12186481217533479,0.10390288003076252,0.012373926835842831,0.10715087010839663,0.09989071857647891,0.9112098300631962,0.8742285626873325,1.0,success,
PAT_294_638_564.png,0.638849990501258,0.4678373583627715,0.5795234588844254,0.015698032938404608,0.0891659155882594,0.11585393328805821,0.013285465802466248,0.0833939576319126,0.10926887919141304,0.004447065195661301,0.013952711474968682,0.16466889023478515,0.8971376758683791,0.8385718863062357,1.0,success,
PAT_621_1182_456.png,0.9988180688223939,0.25176236059422197,0.43344411733846827,0.4792837927225629,0.07435082969914861,0.08903003092039506,0.48079539069670435,0.07585566799847553,0.09365816404347772,0.05673476251236293,0.17005098752040226,0.17507994802538213,0.9149379214793307,0.8637647268413807,1.0,success,
PAT_220_1343_489.png,0.631892536914316,0.57908472234471,0.6664050327777288,0.01739167831869523,0.09761949560982715,0.053488891709840634,0.016556251984287944,0.08570157298087556,0.036463817094786424,0.019873334364793434,0.06680402059032409,0.009177145173543289,0.9426031664037734,0.6160054851510646,1.0,success,
PAT_537_1014_961.png,0.5271558815440811,0.10122981453299851,0.5708615871616038,0.12381247358868648,0.05796856840782196,0.08273894232924897,0.10199761709929447,0.05575345425524818,0.07497093957993853,0.04103249222311831,0.06797642086974984,0.018871581186914788,0.602372613999489,0.4460448694590833,0.855,success,
PAT_311_666_191.png,0.9323192363000795,0.24950730965837398,0.4559630496915917,0.0901677050574831,0.07143948502822227,0.040721448090194796,0.04374413319907161,0.06892515073635501,0.03805104034275376,0.03695403067297336,0.09899774942060821,0.0010537383818267632,0.9441040596037604,0.8575076377206298,0.9791666666666666,success,
PAT_382_776_986.png,0.6484015628719592,0.44831412463204107,0.8515391907399092,0.008100052869107137,0.07804458115058933,0.042857410697398735,0.008108819184037773,0.08292997198188529,0.037613373279832385,0.022941197241618343,0.09347985362878974,0.016026307445782706,0.7192279697019939,0.6997842105896838,0.8809523809523809,success,
PAT_735_1391_683.png,0.028400547217975115,0.2706437137961981,0.41067362867477086,0.1972740419256172,0.10598196752041313,0.049668638671670234,0.20080509835096863,0.10209508025617474,0.045325592793927956,0.016812504887904273,0.15894722428269892,0.03273928508705182,0.6633281136107021,0.6099474773135892,1.0,success,
PAT_221_339_951.png,0.6192848436558509,0.4205780256745066,0.8423102757134643,0.009353354858098585,0.057582120165739055,0.03719594371452424,0.006832095992440172,0.05267531479837332,0.03596741239013869,0.001809865367707728,0.05211211862329357,0.039965842350018876,0.8766620918687202,0.7479752324960439,1.0,success,
PAT_1591_2648_855.png,0.5760584024454946,0.6799933356242125,0.8956705854584709,0.006152018866341901,0.14394466485233728,0.0401924578015986,0.004885553015529252,0.1342879988667112,0.02879488392265617,0.001708254215165223,0.22403877704136854,0.03995246900062854,0.6434606951269132,0.6925557701697488,0.912621359223301,success,
PAT_1065_278_954.png,0.7208266869654983,0.16550179644577634,0.643079253065236,0.05535248709978729,0.022645150102087057,0.04283752372312722,0.05276269842458072,0.019113878407292707,0.038402751050587595,0.02503772749742331,0.030423262414362717,0.02687249726840535,0.813726992672748,0.8467049007335357,0.9772727272727273,success,
PAT_924_1757_704.png,0.8222920603943031,0.09413927006895789,0.5723267740826276,0.30956497781742304,0.10000931444100426,0.09006840782033422,0.2548475228838628,0.0832330812430188,0.07714950871279856,0.1478543044963034,0.04715447107153577,0.03041040203298928,0.8454619882198187,0.6275699654313478,0.9653465346534653,success,
PAT_846_1607_895.png,,,,,,,,,,,,,,,,failed,Failed to load image or mask
PAT_168_262_74.png,0.9965476552460765,0.34236699412692734,0.6516978880801814,0.46600295868599345,0.12109931659175983,0.06272250296604145,0.4758124745084341,0.11315029888249849,0.059634776182783636,0.005168851754617126,0.06431683089114448,0.04837183738394912,0.8712504958469338,0.770180203642332,1.0,success,
PAT_776_1466_241.png,0.661505620347659,0.37898369720659736,0.7000915244541901,0.051985406225288716,0.17808429537397305,0.08277070488722536,0.037356342239625626,0.16589548951690525,0.07681482360714222,0.040236505283783607,0.007336485334757614,0.04764893228673173,0.8461204911628495,0.842642282404047,1.0,success,
PAT_356_735_568.png,0.6351504165042834,0.35297096477282236,0.8840710679719967,0.020537436534014054,0.09125367825952256,0.03926123991346882,0.014429517135892668,0.08221252317835268,0.03626238998723174,0.00978035430790227,0.06671347751313284,0.023523327355314927,0.7270397912876223,0.5580141661262272,0.9484978540772532,success,
PAT_109_868_113.png,0.613053137384083,0.496583584733344,0.3803233669408307,0.008145655375080453,0.062416866778027595,0.09342125545256383,0.0071847105863285625,0.052623941752672425,0.09940198703649035,0.015459144727356508,0.0710019731871056,0.19103570217081245,0.8100774397630512,0.7656748722418194,1.0,success,
PAT_755_1430_681.png,0.6715495903442076,0.3502771444495111,0.8433581598013883,0.016275901435524206,0.10372494179706142,0.04958575513549698,0.014511598321808998,0.09605291070765544,0.043723069670920406,0.013979325172482189,0.008876189316825822,0.008279100573722276,0.8347805298629127,0.8154362110177619,1.0,success,
PAT_549_1043_36.png,0.7076441694856682,0.1828114400985897,0.7067546018588562,0.17269770619346309,0.08514003188535654,0.07298695682643828,0.11717988503180597,0.08295998656146615,0.06041943476777975,0.08078639153958128,0.09748943969763782,0.06226826235595784,0.7012453295028094,0.5525360370334005,0.9285714285714286,success,
PAT_917_1735_936.png,0.6247805981932364,0.599029501276724,0.33862490695461267,0.012040731133394609,0.1100978930104223,0.07217548281742285,0.01131040985466445,0.10657578276352626,0.07175583174230758,0.011585620907801243,0.18813124093691497,0.1226309878083558,0.7290568179685888,0.5948747781324292,0.9830508474576272,success,
PAT_1074_322_242.png,0.6050057024718272,0.289143059430392,0.5636906986131128,0.019080308358225977,0.045687901518689004,0.08650107452605747,0.017301294598029825,0.04283492388286428,0.08857109122487791,0.022539844374939912,0.05670423828181112,0.10476952733907785,0.7270418766378042,0.6109545794240914,1.0,success,
PAT_2034_4268_141.png,0.603187283774141,0.7192893988110384,0.6182893448374237,0.005079585952294233,0.08261761009277319,0.04557078297426394,0.004115122354783014,0.06934983553557991,0.0346293580434819,0.006911872554278157,0.0053164886436832814,0.03753773881477085,0.6059376582770681,0.6536363567935007,0.9404761904761905,success,
PAT_8_15_820.png,0.9793484178573937,0.3966626422214938,0.49219604111863585,0.4060417592528805,0.1426449130713473,0.12396700859038515,0.36544069535871926,0.1307781958593828,0.117139418503879,0.023981474384870992,0.07469803055099977,0.04637488274640572,0.8288893714265441,0.8066127097983316,1.0,success,
PAT_86_1109_164.png,0.706711866499947,0.13540267157249886,0.5340933656672272,0.11038715307090133,0.04193788860830986,0.08953037021576826,0.07805252366919169,0.0358064902397502,0.09259974944425106,0.008705805650960486,0.024558194839312333,0.016629444552660133,0.6634083393425596,0.5073015875100692,0.923728813559322,success,
PAT_540_1016_644.png,0.04449510712835404,0.42343816895272973,0.9062266042071548,0.012068966087597624,0.1090980739619893,0.06599018710192667,0.008636987436191026,0.0982292823593994,0.06399217989427668,0.008351433021535164,0.018085169739197215,0.023217955552277125,0.8387751337391625,0.8119461835592554,1.0,success,
PAT_166_3672_759.png,0.6130891676051962,0.2962480113018339,0.5330057059583625,0.014058104951323185,0.06819552590246858,0.1100618898609713,0.011180665489041567,0.06263632623760287,0.10406405964438588,0.003158414021062662,0.07844106019521102,0.1092675695893387,0.7776277788664381,0.7110643191391989,1.0,success,
PAT_749_1415_164.png,0.029522002911850528,0.19232806457822857,0.7081046125437116,0.1189072748488849,0.04993144908163466,0.035022503632322746,0.11160723814129954,0.050148234317021714,0.034524348281658374,0.021899317588334598,0.08096509990978887,0.036916567881402296,0.7217807777472413,0.5623721894881348,1.0,success,
PAT_1402_1377_799.png,0.6662688360474568,0.24756039167803873,0.7187830687830687,0.03027484106003122,0.04011990008666762,0.04076166677030792,0.028342034170254566,0.03536774172725545,0.03451358329969402,0.02404552301078411,0.015986551251548353,0.03649893000504534,0.45299131627573935,0.25808655040790207,1.0,success,
PAT_1479_1669_376.png,0.7543895803272279,0.16064034122827378,0.4777976244537959,0.14098295001895436,0.087857178728478,0.054021204253103826,0.1195065370106497,0.08187523456318826,0.05218894406817531,0.1562108563902807,0.06418932320110131,0.07214027777043353,0.8892506696028759,0.8513707529471676,1.0,success,
PAT_744_1405_742.png,0.6099960193637697,0.4901829749388736,0.7666150890898091,0.014589539059434796,0.09951734799347638,0.06944476309983429,0.013494381679736682,0.09254404639818932,0.05682597040988407,0.018075785941403192,0.11056985092995292,0.038155721175269774,0.9292379940695749,0.8707671639359004,1.0,success,
PAT_1942_3917_379.png,0.6388952251754348,0.5421965070181077,0.453371906139505,0.0077989961813429666,0.1039708964713717,0.13681313311519525,0.005988549331465723,0.09243378771768049,0.14155067657274215,0.00036914550446390926,0.12199694790452148,0.3107538625111505,0.7982098546614675,0.8580985822117131,1.0,success,
PAT_677_1349_851.png,0.9916218257159221,0.36537786219680946,0.7698307485444245,0.47137183295301954,0.06570504671950185,0.061937846280400784,0.4643797512516816,0.06071607270738007,0.06106413596532964,0.004043868942982935,0.05960871358080627,0.07300903917459989,0.7585768710115439,0.8247825053646584,0.9594594594594594,success,
PAT_71_108_56.png,0.6256300487421785,0.3499414812099478,0.7030192751325322,0.012030197038943667,0.048625118384881094,0.056479776440719213,0.01140393919897255,0.03548184029283351,0.04708732971312371,0.015114419172727149,0.0010515672491366868,0.05248770092758159,0.710189319987249,0.5028083952398567,0.9419354838709677,success,
PAT_337_706_944.png,0.6970615550002104,0.12184246377480466,0.8482505756203623,0.16498153727215054,0.07240843398990308,0.05437326328665244,0.1547952658841657,0.06436612061726199,0.038898779002719146,0.0750535195004531,0.03863740589022459,0.01695866313568728,0.7229598039308253,0.6061171028315475,0.9928571428571429,success,
PAT_388_787_818.png,0.7276590891930133,0.314974397402273,0.6372424128887224,0.01997597598766856,0.07607345331291561,0.052050295822928236,0.019202922083332453,0.07460732825870572,0.046450685699044134,0.029157295626916064,0.13057027531756318,0.005250236303083966,0.8124663968089049,0.7230597786623713,1.0,success,
PAT_287_440_729.png,0.583948142207637,0.40855039266082266,0.5926636752368374,0.02221301288210173,0.10088977891605452,0.0852697315975074,0.019847321209689198,0.09346308183531393,0.07440586462601798,0.004623776953640244,0.005627502539840179,0.001590827296367947,0.8196654774993881,0.6266173573923868,0.990521327014218,success,
PAT_771_1489_345.png,0.6318906840553431,0.1609523402679881,0.7333717800845828,0.017927553477414336,0.05501479204414782,0.06256956090991966,0.015520211431273297,0.05368696898158708,0.06098488166656651,0.007642109341860406,0.0736557058490094,0.024862869273881705,0.8534252419973267,0.7960008405303662,1.0,success,
PAT_814_1532_265.png,0.02896076680928137,0.36576257058840134,0.5627718307239908,0.3003813881360823,0.10506816256680485,0.08320039516583393,0.26702896753074296,0.1015622885264281,0.08264103217382493,0.018373248362455016,0.0603213672602424,0.00780443396992081,0.8794003302086351,0.8259819267872061,1.0,success,
PAT_419_2768_910.png,0.5800326950917226,0.2341276436486568,0.6037457665303831,0.0243882946012525,0.05683126738982222,0.07335019401882135,0.028749627624665656,0.059053071761197555,0.07361681576640201,0.05160744976994257,0.10272312380867768,0.08566410772699029,0.9047064580270907,0.8202542338212073,1.0,success,
PAT_664_1263_781.png,0.6491504991828221,0.1741765073759335,0.6372230192890165,0.07462721402080591,0.09026056712579822,0.05039535999216683,0.04695268966948294,0.07653898956581016,0.04056959081171312,0.05196273264527586,0.014570073772643771,0.0022727053612887627,0.816931181499587,0.6987018837137831,0.975609756097561,success,
PAT_1591_2648_723.png,0.06764041778470692,0.7346900699319207,0.7572522114233164,0.013353260337851664,0.1231799179897137,0.11218969885690822,0.013363179610004595,0.12407409837886595,0.10800283394050618,0.025387925835704372,0.25917539868424117,0.13533596845532359,0.8538569849518192,0.8315889514721387,1.0,success,
PAT_1641_2886_284.png,0.5984742041151978,0.2303829765680893,0.6325476267355505,0.030373700445916328,0.12669354051826018,0.0917526272939753,0.02098464784376125,0.11390844817643123,0.08016703284376697,0.002953485175465668,0.020945701021668067,0.06486395890327123,0.7491547915938233,0.7420595861359703,0.972027972027972,success,
PAT_1322_1137_201.png,0.651677697799625,0.17629297011425435,0.5168687322257147,0.03165430828361904,0.013597947394188497,0.02521783815313077,0.030792518852382125,0.01163824902473418,0.023799502724813123,0.001124026669873738,0.010964221079697689,0.05842639722309867,0.6225271002710027,0.6969607057083087,0.8947368421052632,success,
PAT_413_819_550.png,0.6828886572602619,0.1767182336106607,0.7991964815750068,0.012110974448929918,0.007829968587220208,0.055563605786913835,0.010326256567138698,0.005801654910377185,0.05678211685990976,0.006903215868596312,0.003366875130048713,0.008272414054994126,0.8817308027680115,0.8533086132839564,1.0,success,
PAT_253_384_607.png,0.9860466260050864,0.3320330863756732,0.7408218036835371,0.31935700694391245,0.05748757237302778,0.04289666169256401,0.22688017049658865,0.051408123386748265,0.038366120060620984,0.006581136342277066,0.060323346540078315,0.0016314566903798955,0.8760180845298247,0.8773764548526088,0.978494623655914,success,
PAT_837_1582_714.png,0.6568540358935206,0.21223027896771499,0.5520490370215582,0.025026869235958465,0.05830651363000789,0.0705655981628134,0.02280262239986616,0.05307782372287776,0.0711819543403158,0.04001025350170219,0.005663649845405183,0.013902759362872663,0.7834935178951175,0.7890635012459799,1.0,success,
PAT_522_986_800.png,0.7359482675244569,0.24457302298938186,0.6341429162075951,0.12759353234004156,0.12222591011104587,0.06655986124769243,0.10530523961092417,0.11133596552409501,0.058090009987898775,0.14138794842091282,0.0020027647119896796,0.046546678486200976,0.93683041477533,0.8584055319711641,1.0,success,
PAT_53_1370_288.png,0.6853184785442764,0.2996553286421325,0.6364869902333556,0.01898529569110672,0.06877363809123062,0.04125542271570885,0.018871081301588315,0.06142405738980577,0.0331178938558902,0.00035161575782364845,0.11581230085181193,0.027391066223002136,0.5886593907248743,0.6177151193042827,0.9883720930232558,success,
PAT_938_1789_693.png,0.017368878358998006,0.4201000474677767,0.47392266403768213,0.289055247587527,0.09502094197443976,0.08092574996474514,0.26150442429671544,0.09020757781912891,0.0775908453029764,0.01923027381042242,0.08097539760783273,0.026693582460917353,0.9010192628122451,0.8937700528963033,1.0,success,
PAT_854_1635_103.png,0.9857738010842519,0.35638412101632044,0.5834581849441238,0.42831706585452467,0.08771779308972798,0.06826468794736289,0.41852188263264817,0.0820347040207582,0.0690049132480498,0.015709535496254052,0.07695992058284651,0.02653709455519848,0.6822812627974779,0.709171967343197,0.9939759036144579,success,
PAT_595_1142_142.png,0.5902938367985067,0.22114442313253269,0.7246500115402675,0.04879926501848678,0.09942257855801528,0.12582259341715082,0.04315722262830484,0.09901449692864224,0.1252516036817032,0.03746420626394264,0.006472687541524164,0.029270812108340816,0.7707492404059556,0.6373113974519672,0.9869281045751634,success,
PAT_835_1578_592.png,0.976720633657092,0.2339558421783331,0.5736765430342499,0.44859796664328566,0.0874395173875522,0.13425796864031234,0.4519192834274282,0.07814445263077553,0.12637693656410132,0.046972236277173035,0.010458998399297287,0.11073392853102504,0.9555905145136061,0.8942665499627601,1.0,success,
PAT_492_1784_50.png,0.11757398229689048,0.2676090327788754,0.6808195781020968,0.06081879488028338,0.0900243868683771,0.11209379054054143,0.05273474435351488,0.07977137137505586,0.11057673179376046,0.025452824852988894,0.024589791735569078,0.09607362732973024,0.6205225637588712,0.5887549477917493,0.8308823529411765,success,
PAT_492_4723_890.png,0.6628230068590233,0.2586023397272473,0.8271067479610572,0.02363695768761283,0.06540654433483765,0.04776359304028256,0.02120102270755009,0.05691691685315775,0.043580423658143165,0.006766504319254649,0.012060011731605924,0.01168070354076911,0.7562390827378855,0.7757305973001282,1.0,success,
PAT_528_992_124.png,0.004948389040617905,0.3710998798883117,0.5248284118738983,0.4610178566234531,0.05227909165123556,0.03973270916892918,0.46527298964549374,0.04712033848446003,0.035567300006074214,0.008095801743382496,0.05303366789626851,0.019953486392654707,0.849519212670024,0.8662580776662123,0.991304347826087,success,
PAT_709_1331_253.png,0.6246568690035706,0.42409440224140144,0.7884887333342172,0.013403632844970937,0.10116799967760276,0.09246712014397643,0.009879170137949351,0.08226680313513723,0.06868845290200438,0.0045187927861794226,0.022038392980863852,0.06930466747076991,0.5683267337884912,0.6788765990357832,0.9144385026737968,success,
PAT_1392_1352_778.png,0.6180116092268093,0.4726037682723668,0.6511344705413079,0.010215951913926068,0.08452316588980129,0.08854685939358516,0.009369959868586195,0.07737959047038771,0.08388106580149123,0.009671353468966339,0.09118205504430271,0.1070875203199334,0.850411430952023,0.8255650871441309,1.0,success,
PAT_1547_4232_115.png,0.6294326662372144,0.5235249655417723,0.6961629096082877,0.010482622443637476,0.04991700013674184,0.07108840363725717,,,,0.005816506125224426,0.0016947775278693955,0.01980501012665592,0.8978152654867257,0.862355455472998,1.0,success,
PAT_184_284_721.png,0.5999518608157748,0.22665663766233027,0.4994660694850448,0.06369324829746013,0.11204011553494964,0.05927369946125627,0.054548193294822744,0.10601204204123302,0.055139234002195336,0.013004160104936505,0.05671792241811216,0.030518859831952794,0.8864081304198128,0.8941978092866957,0.9855072463768116,success,
PAT_640_1210_293.png,,,,,,,,,,,,,,,,failed,Failed to load image or mask
PAT_1067_284_533.png,,,,,,,,,,,,,,,,failed,Failed to load image or mask
PAT_354_1814_619.png,0.6398338276753244,0.32867925984460694,0.5208693420039361,0.010013635102731747,0.048438120874387244,0.05078622163562055,0.008791640108998681,0.04434555696979417,0.050108047799489,0.011695812755426655,0.04515367934024889,0.06824714199371051,0.7744808725438301,0.8172988646609972,1.0,success,
PAT_224_1340_142.png,0.6768584474035446,0.5606519134985184,0.35637937919004686,0.0054622254469798796,0.1385255528967693,0.1170013471215061,0.004341139401016876,0.129248604084291,0.11371334136707877,0.0026458664359342125,0.16157086418506006,0.09733115134369252,0.6635968069096381,0.7141883173340013,0.9384615384615385,success,
PAT_198_302_44.png,0.06547867785083794,0.5285249384247427,0.7119928283984017,0.013486105570421208,0.04775765638362739,0.03336172690525722,0.012707299100822413,0.043551520528662985,0.03069827754227889,0.005450280288213912,0.03610235295219755,0.011143275358169391,0.6966002821499611,0.7766619428619794,0.9714285714285714,success,
PAT_407_810_390.png,0.6568560911255754,0.4471913855925595,0.5924536505371009,0.015288609992601397,0.056944485803695946,0.050521924401475515,0.014852526122653118,0.048705990339440806,0.04736626983019419,0.03188067013751095,0.02367654896267357,0.002918315477114186,0.9008739616128157,0.8556748445554544,1.0,success,
PAT_63_99_189.png,0.6328277221543661,0.3630584329702909,0.5338179816969794,0.01899837812315576,0.11887520420403183,0.029180187774208634,0.01727725839209364,0.11555272789254377,0.025512406611406045,0.0351113302417969,0.16657858118705793,0.032757764962139224,0.8154632646465352,0.8640399478977372,1.0,success,
PAT_90_138_369.png,0.6457058509586209,0.6179702324478178,0.7811244860847565,0.010225536391593897,0.17154412778186837,0.06787431869852624,0.009864104731116482,0.16447334221190885,0.0561005601621206,0.016905117737916617,0.2648918010752688,0.05670688646426314,0.9431869807812743,0.891192431919937,1.0,success,
PAT_297_4307_924.png,0.6081847048774812,0.4551402161502729,0.6494653591295598,0.008286058886424088,0.06287974177252659,0.0313766971999562,0.007859234962417295,0.0630193165234036,0.02986502363704116,0.012176876188740159,0.11924383030548663,0.032504270827686255,0.7833384391201434,0.726323201474593,1.0,success,
PAT_1439_1522_211.png,0.6187623458769127,0.31342482863826937,0.5285476613411006,0.014228421551167646,0.08915860991842686,0.12834633560101846,0.012691253208860527,0.08546966734966642,0.13157741206596654,0.00932539263392616,0.055039456140646426,0.08143100902612888,0.8400856346923071,0.8621836498957623,1.0,success,
PAT_705_1326_82.png,,,,,,,,,,,,,,,,failed,Failed to load image or mask
PAT_1273_953_510.png,0.6053956004754967,0.40502515142182527,0.5874525202751257,0.013323706070199058,0.14021237938163847,0.06435293358844094,0.012761267037139718,0.12930924135565597,0.058493164089167576,0.02437195483568478,0.18486866275322586,0.07191342005967272,0.8043856691612815,0.84578512656677,0.9883720930232558,success,
PAT_1572_2495_335.png,0.6004317514028259,0.3065597308546523,0.5300977791386838,0.053091357557947146,0.12735297605791693,0.09398470782963106,0.028549124946092852,0.11415920495733217,0.09397190498464347,0.01834610150403443,0.04830407581881152,0.030751801091701392,0.8245794575392968,0.7250618477777845,1.0,success,
PAT_68_105_871.png,0.6780380706762705,0.4474720017396977,0.7331588059651559,0.04243192577501793,0.17446837829736533,0.11576260040118369,0.03934204602331177,0.17162978769732865,0.11837771627513242,0.022640937737101456,0.13338850317173118,0.01601846668337581,0.8438281040984634,0.8465149835595386,0.9803921568627451,success,
PAT_577_1107_61.png,0.5999387133138906,0.4859618424743109,0.30024541676228356,0.01365288852700844,0.08698117139466008,0.09224417735562378,0.006801268283619309,0.06889399990575396,0.09457524200317231,0.011975573722303148,0.03991899702397106,0.19010368113458842,0.8527911870649567,0.7267233748479136,0.9779411764705882,success,
PAT_1506_1735_733.png,0.6567943264089059,0.1725539922737204,0.6653433159600819,0.038089924219954746,0.07866130087331732,0.07122299718849441,0.025844662407803577,0.07260432665110986,0.07008493611864176,0.009559533601273687,0.03129072470942562,0.01671075771075814,0.8609915963701249,0.825510424988673,0.9801980198019802,success,
PAT_154_237_625.png,0.013682354154750994,0.5552342137443161,0.6024032794503495,0.27465733326762926,0.17222019332023764,0.15567172111507288,0.28666336942017445,0.15731428062224165,0.15535109811527367,0.026326823808059358,0.06335274946912889,0.00963858463654621,0.6645259507541049,0.48280095574196213,0.9868995633187773,success,
PAT_1252_866_852.png,0.6052553734396032,0.4889118954248366,0.562561045751634,0.00629557621154656,0.05606239071956544,0.12429603782925712,0.005051154288395985,0.043340298602530414,0.12221831125442587,0.008004780008543043,0.08240599001617394,0.2274600187939062,0.867900278334026,0.8506248553633804,0.9913793103448276,success,
PAT_1689_3075_38.png,0.027307753596601984,0.33538645375047527,0.696060465524373,0.16443672086295774,0.05749047359392654,0.04836905193943401,0.1821214296833958,0.05301292157942299,0.042981814111059245,0.009005659947596075,0.021089285994483953,0.030386593299156495,0.8391728095148601,0.7246851005593874,0.9069767441860465,success,
PAT_1415_1439_295.png,0.6228606606942475,0.42984536558018066,0.6863327017379517,0.008694567768325761,0.062190129577764805,0.052869828376599065,0.007531442445277137,0.05507830290312594,0.04718283307817496,0.004750609528382594,0.029472776090902153,0.002112346929361575,0.8813188942086085,0.8658126073884714,1.0,success,
PAT_63_99_736.png,0.03345533162941983,0.36548798432109797,0.5330345413009844,0.19117959438332194,0.11870372275102074,0.029152069031148326,0.1444176521517558,0.11402153461752264,0.024639674753311212,0.02914299487885491,0.1398107714497154,0.028051312903037418,0.8239056012061797,0.834886171269995,0.976878612716763,success,
PAT_464_899_646.png,0.6782713737103132,0.578156325392143,0.5301437003675605,0.03955872345389255,0.24103075071113936,0.15263202916357294,0.01803025894944925,0.19823862188705413,0.12884659564784642,0.0027702870168271132,0.2399546721818393,0.14643043195916694,0.7665586829952857,0.663264811986389,1.0,success,
PAT_330_695_90.png,0.6249750329704131,0.5182413334943834,0.7994564560937312,0.0118078090180339,0.09731143752883532,0.04895675617978716,0.012203520234438436,0.08940234864313835,0.04648860386425652,0.0002871905006357009,0.033678619519904696,0.012877627031242067,0.9416058629658308,0.9072740929263564,1.0,success,
PAT_1707_3148_835.png,0.647505681217855,0.4190211435696009,0.6507055231491242,0.009813354131411645,0.050172721319370554,0.04663609658608173,0.009381442286356172,0.04613605514369243,0.04479839636264976,0.019224607942427082,0.03535260506415133,0.05706194402731979,0.8098556146007891,0.8461105217936625,0.9905660377358491,success,
PAT_961_1818_992.png,0.6477505661889209,0.4624244232420222,0.891641550523532,0.017826717106943956,0.05144653988520049,0.06499691255044941,0.017999316308956455,0.04049838761622405,0.05670761457689333,0.03291644718909789,0.003077066330966882,0.01506951125967182,0.718376882099437,0.6943151623640393,0.9922480620155039,success,
PAT_126_191_304.png,0.6689036416960186,0.2712219144352109,0.5510977133235565,0.033718750691069894,0.10184821432557999,0.0607873308618633,0.027579618137040945,0.09333689639950651,0.04669607212709307,0.048533059911590626,0.08495235360734615,0.020614929330678322,0.8712848519613549,0.807838507854532,0.9384615384615385,success,
PAT_683_1296_237.png,0.7481860347909438,0.12461034644079481,0.6149984816027709,0.23411106065680432,0.06319050772660115,0.08443245148140405,0.20855195826687736,0.0569055302657856,0.0732728397730187,0.028583692548818204,0.011960584068501923,0.052335912946861574,0.8970182016390376,0.8422479609185045,0.9753086419753086,success,
PAT_558_1072_486.png,0.6548335238431228,0.3786828202783704,0.803555826475668,0.013108542494692937,0.1122224457361152,0.0998356480082218,0.01251653112570152,0.11017007548955114,0.09700817005783709,0.017756662985064744,0.11003145729415237,0.059954455685977126,0.945810476429463,0.854884016410784,1.0,success,
PAT_834_4490_317.png,0.6835550333047056,0.3114099875599787,0.5426360997571233,0.042290542677883174,0.06262691087260737,0.05916907543658907,0.04172165288817458,0.058708125855770475,0.05591245966388594,0.017804989897642228,0.014471228276865589,0.019474486569864835,0.9331999566094207,0.8645036834595603,0.9906542056074766,success,
PAT_1503_1728_65.png,0.6110672945447432,0.27138682850078666,0.5870063332143376,0.012601302205244393,0.07390860757752012,0.09290618160014871,0.010675524419423805,0.07129683896180675,0.0887744912961401,0.026561175542869207,0.14446241014342204,0.15595653523022024,0.820579134829672,0.8107562142196185,0.98989898989899,success,
PAT_927_1759_749.png,0.6471164553201921,0.1781850204550268,0.5934477031290061,0.13294941114726552,0.10149621048794619,0.07063894161832024,0.10661292613804256,0.09347311676477049,0.06329114245136042,0.0461760656438166,0.04269610593497042,0.03952423074258182,0.8770837204877704,0.8589196740705514,0.9882352941176471,success,
PAT_97_151_503.png,0.9998755877348693,0.6003435143288085,0.7733440799396682,0.4880111119451645,0.1313202390166193,0.08731431554492548,0.48214277762371793,0.1247748652846959,0.08623477527458735,0.026329706806532727,0.0896025915282429,0.05444856605713955,0.8292677987282493,0.724063898170643,0.9385474860335196,success,
PAT_876_1664_579.png,,,,,,,,,,,,,,,,failed,Failed to load image or mask
PAT_690_1309_217.png,0.6500830580846254,0.28675906652161376,0.5772929355228329,0.025181212980456502,0.08101830304727287,0.04858423538116387,0.02447393097469672,0.07813484795424123,0.04316809182282574,0.039456413940146796,0.09513999981486293,0.009605105919752166,0.7632755123262984,0.8352697814003774,0.96875,success,
PAT_122_185_957.png,0.6428216061972701,0.4381637547105173,0.6090764363299277,0.01839563168141018,0.09727902335739218,0.13164399268025814,0.017954193398371027,0.08747707420585228,0.12611045668731613,0.024634785414665808,0.1679208905397594,0.1063267141775871,0.7407974314800292,0.7516612497444941,0.8646616541353384,success,
PAT_1881_3717_785.png,0.03440219039216495,0.3060017945662886,0.6281529205830869,0.11874155083182529,0.08903568928023316,0.060722050135148684,0.0985451090510057,0.082240817222044,0.05751137072552764,0.012203980195109763,0.020590950519335016,0.060053752464190424,0.9329609088317827,0.8697091975129237,1.0,success,
PAT_884_1683_538.png,0.644390041795773,0.4870605170543251,0.5019912677621656,0.021983314201630313,0.0924732858891351,0.14419312903381068,0.016323677595509074,0.08235095534563533,0.15542080994132781,0.0005896440138063181,0.13568298901771747,0.3369013751474771,0.7371402491453007,0.68341744141114,0.9,success,
PAT_463_897_440.png,0.7384554230674686,0.176233304204673,0.4544787769890129,0.1270993045171375,0.06282228173335094,0.05687021547054034,0.07363687542937619,0.05636853412487746,0.05055957794493244,0.027867331733011723,0.05021850985955026,0.040729630063295275,0.7671547455993919,0.8169262420036673,1.0,success,
PAT_824_1561_796.png,0.9356586475936085,0.20546649760751107,0.5513185104680826,0.3477083466658664,0.11595438578953791,0.05470663392101188,0.3591048898335372,0.10581457534478862,0.04974921065011304,0.0717489976693481,0.033145142287140245,0.022864576593277453,0.8036645285642062,0.8328888655236599,0.9893617021276596,success,
PAT_1586_2624_615.png,0.6195980311730305,0.6016102017685147,0.41652693841402694,0.0037113799367877146,0.0454895718325532,0.04676743798525564,0.0032130217953835463,0.03529098984827602,0.046486863824525486,0.0026486261736620364,0.02505984315794363,0.08060916266643431,0.9324916698101345,0.8614870253638776,1.0,success,
PAT_859_1638_598.png,0.04826091055696753,0.3858337910531042,0.4244165162730277,0.02103417120050591,0.06476277021545629,0.05698445787524395,0.019733678140004554,0.05493737469142661,0.05579791177953383,0.04411661926236042,0.0782464531195089,0.042677170228400896,0.5611836614560526,0.47802616575471785,0.975609756097561,success,
PAT_535_1011_567.png,0.9958937177187099,0.35196508485090167,0.8316621185228046,0.4768816631179933,0.07014361073917955,0.034365123483643185,0.4794780912050272,0.06699420585977199,0.03327271955659224,0.027804658643286156,0.08033674964885246,0.026225229814949902,0.6442288090790931,0.7934204661913806,0.9822485207100592,success,
PAT_793_1512_382.png,0.6074574885377462,0.3938268824630414,0.5769565304427029,0.00994216658515093,0.09542431477335364,0.06220476121078327,0.009675560325208884,0.09425074115132966,0.06004945703890518,0.0285091389419442,0.17425208136743683,0.08744066967903086,0.7797195074177885,0.8233416028469014,0.9914529914529915,success,
PAT_153_233_45.png,0.6680352559365073,0.24918624978229037,0.7631757868187301,0.01920644009317966,0.08570661804545261,0.08152763480763973,0.01479099722467445,0.07625747634809586,0.06970076806617605,0.016972276665389786,0.10057870594828536,0.07382644751483292,0.8818491264995034,0.7977837546286992,1.0,success,
PAT_1736_3246_166.png,0.6775149354740461,0.15924369747899159,0.7110694277711085,0.03948466047790118,0.03819679780886119,0.03481888373792384,0.05585271274918877,0.03862588438109295,0.026451034794040613,0.013357863225756559,0.030952380952380953,0.07043654095301499,0.8022321242660226,0.8594831133206583,1.0,success,
PAT_338_709_306.png,0.06040136536349254,0.36692467312168386,0.8160663241687628,0.011411648336281832,0.10646075151429424,0.11594603440489745,0.010247107020534165,0.10322564619189753,0.115513928739364,0.002872539625549041,0.05464646610962842,0.056176292410692996,0.9127071332705432,0.8715416788975375,1.0,success,
PAT_950_1804_64.png,0.7051009691843788,0.28314574927443903,0.6411089017162493,0.02061769965258364,0.10997540950505844,0.09054981625405435,0.01797784270213781,0.10128906289311049,0.08222605196438353,0.010561281034974475,0.09216026417130685,0.08239041536595537,0.7951757339627225,0.834669450266089,1.0,success,
PAT_246_377_159.png,0.6082074271880592,0.3168458674609084,0.8569024571854058,0.0078025771840657685,0.056337165083748794,0.05258194568779745,0.005630336389459898,0.04950948280530131,0.04132127723112837,0.010264908890860309,0.03224068038724931,0.014514160670840548,0.8121030044565177,0.727963485929217,1.0,success,
PAT_796_1509_459.png,0.9629041293016024,0.24862808247292476,0.5604396992291281,0.29377094002276133,0.08734206586825513,0.0820271518063595,0.2668213309268674,0.08723538294455038,0.08295832312029797,0.0028408580357614076,0.08590605248445879,0.036829398455194506,0.8310101812412681,0.8624215837795893,1.0,success,
PAT_1608_2720_196.png,0.053480884296681186,0.2931944886062533,0.7046528881822999,0.15438836997828015,0.06834387507229532,0.05578695915502095,0.021284001147216514,0.06100100194902124,0.050024640799486327,0.018872347510858943,0.025561350158176288,0.0776831550557836,0.8634709808627216,0.8670117906974785,1.0,success,
PAT_819_1541_727.png,0.02032621862450049,0.44921913706983135,0.6971651427260512,0.030201928251529297,0.10197241299116934,0.08383571472669026,0.00863138233796361,0.10459059652716313,0.09262892280005013,0.0013160153536130067,0.0978273707895107,0.07388982268067779,0.827895718756316,0.7984234593855873,0.976,success,
PAT_621_3591_171.png,0.602595744881002,0.17728793592382758,0.6503415736068351,0.02001103037484842,0.013366242896659965,0.05850342385655328,0.01830649303326484,0.011622821613621175,0.05584095490656945,0.008281561253571428,0.017312905547834073,0.035618586466290236,0.9345294169010689,0.8820860183617032,1.0,success,
PAT_16_24_691.png,0.6446791110821797,0.5360353527692665,0.5582542042087594,0.009040844338899354,0.05724637527855162,0.07465454750750172,0.009233414900273263,0.05227712964565467,0.07294421468100912,0.004416110335435045,0.051880275677133714,0.021011664460811152,0.9155322726780315,0.8880648719894275,1.0,success,
PAT_834_1572_973.png,0.6773934641699779,0.22795906305409525,0.48212274862351073,0.02307270627012384,0.07402328625431716,0.04623826061273999,0.02002901095370063,0.06958344460929852,0.04192964027832702,0.018417261063798346,0.013985724749777856,0.027530902701048687,0.5860633654284795,0.7108348245582613,0.9333333333333333,success,
PAT_72_110_647.png,,,,,,,,,,,,,,,,failed,Failed to load image or mask
PAT_152_230_934.png,0.6395679021446607,0.5344066183044459,0.8545864150028066,0.016604081327455777,0.11313605627313499,0.027862743163540076,0.008514136438100547,0.09543840888289806,0.02337462029362819,0.008981130674964848,0.1509626777619164,0.041717663942811845,0.7538246750710128,0.8630142487773099,0.9941176470588236,success,
PAT_1388_3513_146.png,0.5549772490202135,0.3913670865908755,0.3719276683395355,0.08407688643916357,0.12640324607773104,0.17026795860651794,0.07841731385195316,0.11760193325998565,0.16765344992073697,0.04596966331427955,0.01830033484125182,0.2496522002991567,0.9101521131849958,0.8592505942945138,1.0,success,
PAT_1406_1397_669.png,0.6008911943521056,0.5663724639899325,0.7352124891587164,0.005340134325462183,0.06119224053839022,0.056798027125297204,0.004433971459244387,0.054324559364236504,0.048352981943370066,0.006081259230364979,0.019116144408892644,0.04413973756193135,0.7911632892382365,0.7764268947213923,0.95,success,
PAT_75_114_73.png,0.9910548319647643,0.3765847182864875,0.6646237387503059,0.48210102451415904,0.16707943596117938,0.06900807272269009,0.4713618846798137,0.15726319929039959,0.06365358991408641,0.004661408092022788,0.08095778857799879,0.020402926312447223,0.929698025229933,0.8509711111086854,1.0,success,
PAT_50_76_296.png,,,,,,,,,,,,,,,,failed,Failed to load image or mask
PAT_600_1141_988.png,0.04491114958963684,0.23255772005772005,0.6475288600288601,0.32859672807801016,0.09728577779126354,0.08809309345930913,0.3207325999251287,0.08760097771611161,0.08481531486334533,0.02774423606480453,0.07964889976392595,0.11523996587333785,0.9682958032544031,0.8918876642641528,1.0,success,
PAT_624_1180_803.png,0.908517813763733,0.2596343776983632,0.59734402279073,0.20935095769975362,0.14427413277739026,0.07603046415563303,0.17052122556641638,0.12903125762162737,0.0629136736170779,0.014175966676894802,0.07309675945617813,0.03543664361143617,0.609865180047316,0.6676917963917438,0.8888888888888888,success,
PAT_691_1311_2.png,0.0595195836058719,0.16841501654956156,0.5906214311983431,0.3744593097772905,0.08487279940882325,0.10332168147894938,0.3828624916566521,0.07800658484631325,0.0980491275939442,0.020578288320520353,0.0076345334161372624,0.0124325083261847,0.873984252461982,0.8489858361579333,0.9736842105263158,success,
PAT_1770_3344_274.png,0.03892140033093196,0.7330555874071526,0.447760832728153,0.0034015454905682546,0.05354657877769809,0.06083389421699392,0.002265483820563546,0.04510434366573939,0.05811136973146289,0.0010809542356367491,0.053279795233743155,0.08222179323362405,0.8716643483383993,0.844660654602805,0.9696969696969697,success,
PAT_362_744_283.png,0.6206069543385133,0.4860220051715294,0.6703441056080734,0.007265724656262367,0.0426942519202347,0.036352152865036194,0.006701946526923281,0.03795172325486935,0.03217259088806369,0.012703933689419798,0.025923346961280735,0.040392117001417094,0.7446019743835175,0.8006352538501511,0.9699248120300752,success,
PAT_198_853_778.png,0.5820931697696399,0.5980931117834588,0.6284890339899798,0.010922377242525186,0.1032669559132547,0.07300308606650517,0.010156458471321439,0.09522048089068934,0.056319170104115815,0.011688523514418452,0.09823423693580985,0.06298216008561486,0.7332562436903847,0.6446743701673989,0.8947368421052632,success,
PAT_649_1233_229.png,0.5932746853745464,0.3558314263416183,0.3884707469675525,0.007539513707097347,0.08267084061942478,0.06723914545489004,0.004030242185878521,0.07879637015745201,0.06619204332675108,0.00011181626622879372,0.11596999625661286,0.12467956121552842,0.8585046984752898,0.8464593709842108,1.0,success,
PAT_386_1554_362.png,0.6747012896585309,0.43420999215857203,0.5641362570962786,0.061409617809977744,0.13273588565381766,0.07590688535160026,0.0600608014061534,0.13615042555593057,0.07839875102673431,0.013851013409449012,0.06940494879640446,0.032638517229329644,0.6570099142353614,0.33536235907840173,0.9019607843137255,success,
PAT_641_1211_321.png,0.6424961599154908,0.5192848659123586,0.468658706840866,0.007273261795894946,0.09652616421898635,0.041348650932330935,0.00635512658552054,0.09170250464700083,0.038888745966430764,0.008920610793563495,0.14278095715931488,0.06239345258499579,0.7612264664768871,0.7838881653887465,0.9878048780487805,success,
PAT_966_1826_587.png,,,,,,,,,,,,,,,,failed,Failed to load image or mask
PAT_1521_1778_763.png,0.6028606302254786,0.2812545147189145,0.581943730777537,0.01902512394437986,0.08472508185664376,0.09107984971727288,0.014975548447944213,0.0733620994699831,0.08793906847352485,0.013849931903058079,0.03838613550378603,0.12598587065051636,0.8495659720761977,0.7559630078632719,1.0,success,
PAT_800_1514_512.png,0.650823102502953,0.3079405272042592,0.5814634463056746,0.02415942094949529,0.07578455394247069,0.03462893743382962,0.022550133430822728,0.07291531529699709,0.03165918598409255,0.00335928159343821,0.05978541374683388,0.01722522228043233,0.6969822748408253,0.7629211709526599,0.9824561403508771,success,
PAT_601_1147_943.png,0.04908690026845441,0.3786815399369254,0.5306837537513179,0.06374416119785677,0.09402478960844074,0.041016206152672145,0.00853892546755307,0.08194410779027438,0.03456425128425728,0.007115728358412968,0.06909103397465938,0.008098884285386077,0.523868453571934,0.30657791439535387,0.9943502824858758,success,
PAT_994_1866_913.png,0.6737949284800966,0.13511686128318987,0.7545456206713814,0.05165166397801299,0.058046023257734176,0.03896625726875114,0.05068794248128263,0.05464938593667844,0.031703749569496086,0.08880434079809447,0.03538257504533024,0.0016349860125334237,0.8791597297501943,0.8347566402113133,1.0,success,
PAT_277_426_825.png,0.9865503326809806,0.3915234778121775,0.8037461300309597,0.415065176465354,0.10508350409515212,0.031051791295138,0.32778196113162117,0.10237805031785278,0.02955900100252168,0.004542714563683603,0.010910201541917075,0.01420749104595398,0.938763037809648,0.8935725615931122,1.0,success,
PAT_557_1058_309.png,0.6829179416217863,0.32230945953969753,0.682748021174461,0.05045698964101604,0.1697954513348154,0.0528401804632388,0.045771013635474235,0.16156652774784194,0.050683255160512315,0.048513129781262404,0.15201731276046224,0.006249015775199873,0.856641227921187,0.8773546091628164,1.0,success,
PAT_67_104_730.png,0.5821745035434425,0.2259110431303416,0.37520101032920883,0.117536148191339,0.13936768571028327,0.0916489355354838,0.08797384173038102,0.11945092735346635,0.08846307068640387,0.02540996876997781,0.15577404077039136,0.14991153943452973,0.8281693974334952,0.8101613859292395,0.9084967320261438,success,
PAT_403_804_994.png,0.17561353301462937,0.1430434213723621,0.46984280080001495,0.24141312291571618,0.09961337766774901,0.1495324534651842,0.24621981516190192,0.08565567910490071,0.13363680164275007,0.4294814519013561,0.04023056848251505,0.10352338336998812,0.7339773256254534,0.8027320873126974,0.9696969696969697,success,
PAT_465_901_106.png,0.6160142178870569,0.4589734355740206,0.4488489139122873,0.00926826566516422,0.07607682094674723,0.09678724140655315,0.007928988098394672,0.0695604731806526,0.09331920115111467,0.006430135433325606,0.12693059410653335,0.14116110469369525,0.8871062299993886,0.8572130140589099,1.0,success,
PAT_526_3205_611.png,0.6689257679350992,0.2017239140460934,0.622404166050983,0.02894816735344907,0.055971900723670115,0.029414523605182822,0.028414420945301198,0.05058652916330122,0.029487161121307698,0.05882196348655345,0.0510795092664304,0.009738202804697949,0.7717583717258105,0.843809676022664,0.9836065573770492,success,
PAT_1414_1431_754.png,0.6637329667886173,0.28766434803586505,0.6862182193451544,0.016752153593748164,0.05386464394309443,0.039386557438023474,0.01707828195818951,0.049276944390715574,0.03568013981321653,0.051016894488873116,0.07564932926239823,0.06942968982360331,0.7887235008406865,0.8256864882557524,0.9850746268656716,success,
PAT_1130_501_181.png,0.6189384750057358,0.5954169514874166,0.6553710670820266,0.006276115056948089,0.04817979473962965,0.02854484354948824,0.004949765477653849,0.042292363252460635,0.026911937931016712,0.005758561977651371,0.060442131957873735,0.023416634316234863,0.5686913452011197,0.6226324039795095,0.996078431372549,success,
PAT_841_1603_667.png,0.06809230714725928,0.46146599264705884,0.3793493960084034,0.012059534327138716,0.0516247401944491,0.049469642578828604,0.011417624380263296,0.04511188679781146,0.04659241888981111,0.021447741246335906,0.030921985570543986,0.06148209448252984,0.8447665931562224,0.8026725487054717,1.0,success,
PAT_1020_111_593.png,,,,,,,,,,,,,,,,failed,Failed to load image or mask
PAT_1735_3242_27.png,0.06945861527414214,0.3803516777370942,0.8952440093960637,0.006742653092078844,0.04318020269235103,0.06044623576667773,0.006588747035750488,0.04586517296907582,0.06091836292199167,0.02002577334445883,0.07820980019212537,0.036453309751366625,0.9448881220175216,0.8722969523558592,1.0,success,
PAT_926_1758_714.png,0.013797986041317416,0.2971202731425967,0.7867455612460263,0.27007182139814184,0.05309346492233394,0.022904149624007428,0.2488081571333865,0.047959519302233175,0.020887893340258652,0.005737954673933681,0.006231665320193869,0.0015347268241363565,0.6314425779125781,0.7358042032783576,0.9803921568627451,success,
PAT_154_235_162.png,0.6019558837467037,0.4309659257521553,0.8377117014968168,0.01770346327735132,0.15021936845235148,0.05178668233280699,0.015323551025097174,0.12715581043459634,0.03704477230919657,0.005007499201823862,0.10670558632226573,0.03779596039146793,0.8855115983212912,0.854301902737332,1.0,success,
PAT_831_1570_637.png,0.5783987927818188,0.1334977469248569,0.7001168056155268,0.17279456118922043,0.09773203443575888,0.06654494215859415,0.1520844890232061,0.09424493620493826,0.06521422689030161,0.0025588468415682383,0.06038730279703758,0.08674302057142325,0.9521801569107846,0.8674466641435873,1.0,success,
PAT_1249_862_658.png,0.07514377924024597,0.3871275344709364,0.3326270388568546,0.01566036922820465,0.07212970922369856,0.10173458935503722,0.013178863686427086,0.06490578513049154,0.10658065719746204,0.0017390612337878568,0.020479264380349083,0.10424450022829596,0.8397433312967724,0.8369102361711082,0.9767441860465116,success,
PAT_759_1433_914.png,0.6451641006221435,0.4821096379967772,0.7108965921600536,0.008832828283035141,0.09928386494276116,0.037173807604041056,0.008741801035717324,0.09379309281495737,0.03391311753191706,0.010096848176142793,0.06951626994444249,0.0035038424900397658,0.9067445714767268,0.8707102317014853,1.0,success,
PAT_183_283_602.png,0.540111577046975,0.11951810664385515,0.47821415991546323,0.1269651985613762,0.0768317682029291,0.07942237467100281,0.10758371020795482,0.07504594502226919,0.07238512500305892,0.053576370190669326,0.11314478669217343,0.04697956018426053,0.9097511545888095,0.8769377850408262,1.0,success,
PAT_764_1448_499.png,0.6291554056466654,0.7191358611295892,0.5903766353067883,0.00703804263596374,0.09876921462272258,0.14815377371204655,0.006322481419996023,0.09152307590964877,0.14365290488248209,0.0018096102581457293,0.055975049101597785,0.1048218681228521,0.8853818876159302,0.8564551698292545,1.0,success,
PAT_934_1778_140.png,0.6864120231432818,0.12658227848101264,0.7422166565130079,0.05602565815324175,0.04072299150786079,0.03132742034747437,0.05377933010041381,0.03743749991154366,0.028377407544058885,0.0471155650042316,0.04172106126685425,0.031049013391317493,0.7623354241960224,0.796900066870715,1.0,success,
PAT_1531_1800_683.png,0.6076891169832039,0.4638150691748781,0.8133472678411466,0.016121332012743517,0.09753926859944248,0.04338574745820955,0.014720194247322481,0.08746460125331906,0.031226335788354244,0.024481411703573583,0.043557769259388646,0.019250469900936595,0.8691014935237888,0.8627849612030806,1.0,success,
PAT_2144_4738_120.png,0.6355517593091558,0.3098062098654195,0.3901408732712633,0.02006625196728775,0.11290437098294981,0.15423432816333177,0.015710493078536007,0.10294899151578167,0.1683822783420038,0.029953353573422388,0.1531589355710864,0.3850392842618355,0.8342213810939698,0.8698422278296338,1.0,success,
PAT_1370_1274_515.png,0.6338284497589787,0.16770524806265685,0.49765753840214005,0.09520475160022143,0.07780104132095127,0.04858488795988349,0.06868913591571026,0.06937475433782865,0.0492593315834538,0.014157794683309374,0.005146238444823731,0.04868298354523226,0.8828443343975219,0.8718412437683558,1.0,success,
PAT_251_382_164.png,,,,,,,,,,,,,,,,failed,Failed to load image or mask
PAT_862_1643_386.png,0.6076974303980969,0.42270008960013333,0.7916150944968848,0.005998323668582465,0.05983920059568418,0.04225542131075351,0.00583768203512031,0.05821811704539538,0.0446107800088012,0.005668966040231756,0.07948881744542385,0.0240604138670647,0.8096675639208217,0.7573252248191217,0.8823529411764706,success,
PAT_1418_1447_360.png,0.6203294824452851,0.28299920677994406,0.4525295370099779,0.03251767955050856,0.1179542940857819,0.1576335701553809,0.01706385581612894,0.09766943121980487,0.1710721182306159,0.005585279107390859,0.04271082850497779,0.3730083193513274,0.8720585183885948,0.7792950903998066,1.0,success,
PAT_56_86_802.png,0.0009492697478826718,0.39418249458181875,0.5758869605283368,0.48587755970056795,0.09284748706478636,0.047364724588983866,0.48831178545180987,0.08969361249573062,0.04469222456542765,0.01136826194552406,0.12309150689325538,0.034158092283153585,0.7456911530796252,0.5556808641115971,0.9830508474576272,success,
PAT_1846_3622_35.png,0.6180881311029087,0.2530278637770898,0.8201733746130031,0.006061315351576093,0.05138539386593843,0.04529748925891648,0.0,0.0,0.0,0.00959215691632396,0.033733087042866705,0.001933137341624036,0.7851139225677971,0.850454859417429,0.9444444444444444,success,
PAT_1365_1253_912.png,0.6213528786204179,0.18349256900212316,0.7015413596436452,0.03055161612206856,0.03106859302426222,0.03505054382802872,0.030097292856853138,0.028548649967396113,0.029354788631855568,0.033015721452791844,0.01884544865737192,0.0016547602419411112,0.7267305227404501,0.8268823008276355,0.975,success,
PAT_1509_1742_422.png,0.6028876447803755,0.32524112579766906,0.5011105099069851,0.010477300846874326,0.022665539332807225,0.04989679534085462,0.009559993511664552,0.018394824205201492,0.050202283214752584,0.004575385887086883,0.03403367441752475,0.07385301270899292,0.6969752076135055,0.7865916220574736,0.9264705882352942,success,
PAT_625_1184_994.png,0.009215961101045172,0.4386584849767245,0.5647876992523627,0.2907076793778075,0.05228296097449616,0.09676025098292138,0.2873279171815103,0.046258316223078695,0.09713928025043833,0.015766756033978424,0.008168220783461189,0.1630297828806775,0.9040477030276357,0.8388024997092207,1.0,success,
PAT_522_985_991.png,0.6456992750995117,0.29083613445378154,0.6021582633053221,0.012884880915655853,0.08740488199373606,0.06264412830268094,0.012159779058185343,0.08167601133135582,0.056978374914100204,0.025985744355512076,0.026321770568692615,0.0013209888606605658,0.8851929292841656,0.8375454393105645,0.9836065573770492,success,
PAT_43_1017_483.png,0.6337342919884661,0.3901919763721388,0.6520406166972743,0.009746930256531016,0.046082113496996834,0.03645609547805808,0.00816710830045105,0.04192749839078722,0.023327072179299968,0.0066372769093642125,0.028354640362717565,0.010647660296159156,0.5833325107079779,0.7680130134655866,0.9602649006622517,success,
PAT_1349_1229_828.png,0.6291588789262234,0.6297890389552405,0.777506418127023,0.004830607027203639,0.04501939121822718,0.13255026923315255,0.004304973593523875,0.041991416244551744,0.12986458261646094,0.006773612742028234,0.05350780219115747,0.19343311397552576,0.9159220162949445,0.8384435445038159,1.0,success,
PAT_1374_1284_208.png,0.625398009061556,0.5512390943638602,0.7455143416177512,0.0069010819342425,0.067367960014797,0.0744233270126301,0.006412113943911486,0.06460965987859801,0.07247511023534584,0.008100078661950663,0.0267945821718365,0.05372585633506599,0.7473904840015824,0.6409439060636228,0.9026548672566371,success,
PAT_609_1159_932.png,0.995459116911012,0.25377662055487654,0.6795212875876034,0.45912176317786096,0.10950766939969202,0.04815190958649525,0.45296793694205045,0.10511105094504054,0.04724370389219358,0.04286150442276314,0.0009018311366809084,0.042059809041089746,0.9004293401306457,0.8163066299427347,1.0,success,
PAT_1090_376_384.png,0.6196729993446666,0.4593703106686377,0.9829924302533736,0.00847417600937999,0.04369775889408019,0.017576681686686992,0.007031407895979244,0.03804350756842939,0.010334748555381267,0.0059669408021193245,0.020119396087505015,0.002248211457856475,0.860490314044861,0.7707570234191816,1.0,success,
PAT_370_2558_175.png,0.6433075342997309,0.41313886183983506,0.6194545758356237,0.018176614716117336,0.08484947181170323,0.11940391630369572,0.016322698772043464,0.07892575038900769,0.12457990950264139,0.006409491632514314,0.032827794866258586,0.015884192573192513,0.7105255914852617,0.7438960935728078,1.0,success,
PAT_225_345_903.png,0.9518489839850953,0.19986959588434863,0.734710193610503,0.21484285741845757,0.04390741394855051,0.05521519903507669,0.20333051741483277,0.040046202652133635,0.05785048299904445,0.05336372269025576,0.020753971109431613,0.04668368634894049,0.8450407621816853,0.8678878619114273,1.0,success,
PAT_1371_1276_145.png,0.5951331590762878,0.16621955195379817,0.540724698430441,0.02778777491935779,0.022554255438938943,0.010345372015944463,0.02732200052973117,0.015972773250853056,0.009604619178459332,0.029513104625915706,0.008840004579095367,0.0014596519452232393,0.9192755861294398,0.8673544732843561,1.0,success,
PAT_71_108_617.png,0.6369443561210516,0.3235505762193457,0.7391863291277514,0.012430065566356091,0.048169754477089974,0.05210276903700024,0.01117459469297575,0.04328429151952344,0.0494487562696066,0.013371119622691196,0.03994610958368838,0.050737484243262965,0.8228501113245396,0.8373692127038183,1.0,success,
PAT_475_913_874.png,0.6541135381804852,0.3701115708972814,0.5701491104010616,0.020854569372778124,0.10020413858532973,0.062329386155851416,0.01789471801747419,0.09596224113922812,0.0525999599152116,0.008923347273545565,0.0897872902709897,0.04902401976115489,0.899960708506101,0.7796936648453425,0.9636363636363636,success,
PAT_1273_952_89.png,0.676268284886728,0.15444457701944875,0.3886598655689456,0.09497094437881794,0.0994153968982032,0.07981358634952648,0.08827254811158977,0.09369344047967526,0.08157377104324026,0.07818158600405849,0.07156436611155619,0.17484501350686776,0.8936858724821998,0.7830402132554032,1.0,success,
PAT_1712_3173_684.png,0.6061237676988599,0.37543952412425646,0.6900956157743996,0.014122234052808673,0.08055873170869236,0.05410299202098424,0.013640552978095181,0.0752788531573933,0.049333309033501735,0.01661875867731166,0.07174324278781813,0.04617503869400985,0.845672898353349,0.8193725144806546,1.0,success,
PAT_212_327_532.png,0.6251572310698119,0.2838045995583562,0.7588390534756477,0.02131296419987954,0.1287594534473114,0.07653686218462358,0.01879747514163357,0.1262235744794804,0.07591138995224121,0.021959585018478358,0.033572928577767114,0.022665360493733022,0.8719909459062058,0.8415739976395618,1.0,success,
PAT_1340_1208_931.png,0.5862972538618088,0.2680833018432212,0.64213041105093,0.006517021838625645,0.05097456485460693,0.03050837560926828,0.004731834159199663,0.047104875824147,0.025027114645700888,0.005218421603581428,0.08682780218357752,0.03143137606865953,0.7652980548290661,0.7077395348681381,1.0,success,
PAT_1420_1460_951.png,0.5528873161417452,0.2079019187974976,0.33674014359491117,0.04664617402965491,0.08319241660167216,0.03820990672798379,0.041497074811639986,0.08029994773079656,0.032587580516576786,0.033964982989670114,0.14053051363493485,0.00886663965893092,0.7976391858720715,0.7439530636365189,1.0,success,
PAT_935_1786_482.png,0.6296228280337862,0.38043886586565695,0.9440485773630283,0.010156918824445934,0.04627090501002268,0.03193652226824524,0.010288741952177544,0.04138292987048747,0.026062222675282368,0.018426210863355566,0.042794968488970575,0.02890180853966784,0.7573631535947712,0.6958120280124417,0.9304347826086956,success,
PAT_168_260_654.png,0.07056392623489574,0.4573355391026858,0.7822347749611601,0.005861004519125077,0.07042031458656038,0.027856683729823188,0.004885604903376988,0.06309161696630951,0.026036670636945904,0.005773764085499473,0.032247432744701765,0.01620557536309042,0.9566509867671644,0.8739591503067856,0.9929577464788732,success,
PAT_439_2887_834.png,0.7377827405066679,0.1511950765707743,0.613358141310052,0.03962030086587162,0.050143135368245766,0.045851905176853974,0.036722678603756304,0.048167027545839715,0.04031294652710155,0.14708873134484088,0.06708801472289891,0.0767505671261931,0.7670109779149588,0.8238682996303207,0.9583333333333334,success,
PAT_596_1146_294.png,0.041914304059467784,0.6658170308764605,0.7220849186841307,0.006000834203594528,0.048993449166165284,0.10775763857410105,0.0052708009537431435,0.044252619652999266,0.10473198902003998,0.012492257105407533,0.05353309291103037,0.16366124970192286,0.9355012616980013,0.8570462101209232,1.0,success,
PAT_314_672_909.png,0.7423090498423013,0.30396468940924526,0.6194217939214233,0.04350996327689484,0.08986715956324336,0.050481517802088496,0.039279319729280386,0.08498533173615876,0.04654757642677636,0.010054713559506467,0.11230252746844555,0.02959617583958052,0.8526546437747571,0.8796594768205593,0.9868421052631579,success,
PAT_255_388_231.png,0.643515379917762,0.3113347770226405,0.5817507986446875,0.013708723721521737,0.14186043804201381,0.11980193656196281,0.011752191257756135,0.13700373536696736,0.11786211244618117,0.01567614722939115,0.025070921242610567,0.13370863393975674,0.7907706887128455,0.7497428963875642,1.0,success,
PAT_809_1527_202.png,0.6716686848174879,0.2723857272251776,0.565245512648781,0.042431405603244585,0.08298320146250414,0.06028714792567054,0.03982145100689463,0.07829025456191727,0.0577262588534385,0.052443684970702814,0.024756747512157617,0.028467980247879776,0.798551321707887,0.8078309323796163,0.9850746268656716,success,
PAT_224_343_782.png,0.6483427344283492,0.23864663666972127,0.6397620837237399,0.050008512233712554,0.0531956736906184,0.03643439333724232,0.058225019821838336,0.052766072271481515,0.03549135523534284,0.01190286630933078,0.012297750266384494,0.014765459213185839,0.9456379719059946,0.889318094517893,1.0,success,
PAT_959_1813_1000.png,0.6883463746519237,0.2612728904681268,0.5299206988127955,0.03520358974773405,0.06254623260655308,0.0483499445822409,0.034728204952146055,0.05787481821278289,0.04391724468920384,0.07439433795376284,0.060215177622640004,0.06287181688629473,0.7511739855676832,0.7129797286508047,1.0,success,
PAT_1551_1889_948.png,0.6198577972607084,0.43344156661380856,0.7114148355105843,0.0077104123026705725,0.06776150166378508,0.06478512853588907,0.007735653139599399,0.07299546086252227,0.06390953329941565,0.0010278862322058064,0.05944451343804691,0.0768013206831657,0.9466748245086976,0.8744771111235925,1.0,success,
PAT_1944_3921_281.png,0.6168878558930283,0.3860057074472982,0.8486269907023842,0.005126363552762535,0.08210443221349692,0.04429347270062781,0.0036258018405747237,0.07644739225929197,0.04171676884061698,0.001030300066513945,0.06049754724322576,0.02859539619098972,0.8799401562100148,0.8675102102132874,1.0,success,
PAT_1065_276_231.png,0.6591070018562797,0.2812716856289841,0.72479625595094,0.013414873421686142,0.043481040792710826,0.042536987513733276,,,,0.014001912378057648,0.014012223704679472,0.015493930369544606,0.8694796644523679,0.8354766976233176,1.0,success,
PAT_2034_4269_670.png,0.6083227272293469,0.7564678113574305,0.5380879653198809,0.006673049488571114,0.08009727396151997,0.034464264560742294,0.005694914868886817,0.06677179826559157,0.029595695591764382,0.0056330277983725014,0.04265690678926004,0.047737744406118776,0.6575923955108359,0.43905934006839875,0.8705882352941177,success,
PAT_448_875_81.png,0.656080133421512,0.36532284496886264,0.6704857295261598,0.01055387892118719,0.0615950446556882,0.029129816591098607,0.009655238747104469,0.0581434856845823,0.02359139910006812,0.00569888843180261,0.09332023058977768,0.010859804242903448,0.7342692211790143,0.7195032830170259,0.9671052631578947,success,
PAT_1415_1437_527.png,0.6006896459430522,0.24821155024509803,0.7443445542279412,0.011666465809899508,0.04790601256563343,0.037705676095842654,0.010354810349889467,0.04967260577223713,0.03534689141091733,0.007371854976405956,0.10626643262251842,0.05035324998737789,0.8098670460267944,0.6973472796356888,0.961038961038961,success,
PAT_1735_3241_207.png,0.6071977263240844,0.4297909835151353,0.7413242543889,0.012406452896626854,0.09121494494603499,0.11344840188072729,0.008731896655096183,0.07316992795865128,0.09617415503068073,0.015455684162615077,0.08546703895359731,0.0517063389559298,0.8644726586882514,0.8078672836967773,1.0,success,
PAT_2053_4360_281.png,0.897282238022088,0.1485997693194925,0.433439446366782,0.3125795788461296,0.06413452368773734,0.0666528077930931,0.29153833953719194,0.057022989322809976,0.06331072046351573,0.10003575730253071,0.0018039215686274368,0.07825605536332181,0.6766312553393918,0.7287989844919267,0.9764705882352941,success,
PAT_90_139_57.png,0.692710984294489,0.15886687189517787,0.6043036245923522,0.1782599657873521,0.0858666687366598,0.060263297686896776,0.17149120237160767,0.07951754461625828,0.05521197767870878,0.0688179905268788,0.027400014972567777,0.013983907902870962,0.8594964812066597,0.7693419834935121,0.9883720930232558,success,
PAT_827_1598_85.png,0.04642927983415342,0.5237360320472275,0.5284840818047649,0.011367654412565632,0.07292815309293388,0.04856163157375878,0.01090150463592877,0.06913727039687317,0.04717834169049763,0.00232649201975002,0.06542575497116193,0.01318158241593359,0.6696850777555696,0.6767108011024109,0.9767441860465116,success,
PAT_1780_3380_542.png,0.6091621307061291,0.3012988817114677,0.33137295760146107,0.00965479106608423,0.06892529201856587,0.10036178170720246,0.006494520746711014,0.06771117874861435,0.11613011932200129,0.02227846946046886,0.09840803787393265,0.26623843070386105,0.7334372932153645,0.7284763789834575,0.9758064516129032,success,
PAT_1529_1798_206.png,0.607573085308242,0.4915642481776572,0.6537266203311296,0.006965971850499315,0.11160884691529292,0.0913654550783897,0.004375592492727011,0.09674922338831989,0.08437440718513124,0.008998962432535349,0.01780980038669827,0.16808992237790799,0.6517856068266409,0.5559661191261941,0.9642857142857143,success,
PAT_954_1808_415.png,0.638058286516434,0.5181218878117828,0.6369103407828475,0.009745318751991833,0.15624572987255003,0.0903572365842408,0.007823221107639148,0.14360798904820568,0.08485821000301164,0.01311047959774451,0.1465034347504387,0.03022747099358203,0.6222731916450052,0.5680038625209869,0.965034965034965,success,
PAT_471_909_394.png,0.6502246447768897,0.22193588546529724,0.2977265653736242,0.042266485780696014,0.10621523656936818,0.12668811541778088,0.015269313659206212,0.08869252269877252,0.13944813579455725,0.0069015763985753945,0.033970175870326996,0.3037183703551868,0.7094904285577832,0.5398036199608239,0.9747899159663865,success,
PAT_1288_1003_553.png,0.6668066335438892,0.21365399534522886,0.4154778746254126,0.020594974492273932,0.03744186806119911,0.08349851491688692,0.020139232505001478,0.035483695519614375,0.08505542596972167,0.0553600338758379,0.11262917454077415,0.16460624361402826,0.8897518295855892,0.8624364311117723,0.9833333333333333,success,
PAT_337_706_598.png,0.9080038243456509,0.10330869312027802,0.5274830373283105,0.356025190732042,0.05095553393697185,0.08188137349461846,0.3597206903137945,0.04420454855351105,0.06582517742066489,0.2865628802245175,0.0045332818439815376,0.046477191006379204,0.7718912201167296,0.774323139649077,0.992,success,
PAT_817_4471_179.png,0.6138178768979061,0.5445770465048765,0.6729860571679652,0.010967009270893145,0.07841088688663812,0.03947452126552149,0.01065587402678754,0.07307065972907699,0.03537799127459725,0.01869525817627312,0.08253757422741587,0.042877692912219545,0.805584319458365,0.7344865583308237,0.9508196721311475,success,
PAT_1892_3760_713.png,0.63643891122804,0.495513791227926,0.7725515630319181,0.003881282920847784,0.04348485016629941,0.0707474707258694,0.002934039581908108,0.04372649369457113,0.07183599593328173,0.0035508614072786,0.04879026570433731,0.05867460759497023,0.5530856672208437,0.45564636773049705,0.7655502392344498,success,
PAT_1326_1156_163.png,0.7531257711335624,0.30201485796449573,0.3091341456670415,0.07965750300077055,0.1262631158345179,0.09266415023024369,0.07867943178150871,0.12438937701013682,0.09613589693706052,0.0988425856309915,0.19651604305391612,0.17850644903237672,0.7060139341266074,0.8037393077192353,0.9861111111111112,success,
PAT_771_1488_922.png,0.06010361973642857,0.09723321411358853,0.6360848996778531,0.3029073990894758,0.04581791762077282,0.14270417661624848,0.3308354535874983,0.03870221052859061,0.13516478846654298,0.4045621402291013,0.012548725431384258,0.10437966094805695,0.8116832244342698,0.7676797778425435,0.9809523809523809,success,
PAT_379_1531_17.png,0.6411178921652619,0.4161357127120511,0.6404112506425792,0.019115662336722884,0.12886094374830048,0.05223948566620341,0.01776276729290369,0.12235259289008195,0.04831889772383733,0.0233806070563923,0.14930626395141477,0.037309800041845476,0.9424028402009291,0.9040235566728506,1.0,success,
PAT_2065_4412_407.png,0.628395080603951,0.27959679023807943,0.6338165660852841,0.009407539790236499,0.12200433370075742,0.044314518079338956,0.007483032472412029,0.1180020942479247,0.038503092319849636,0.0012837371590600178,0.06010147664021731,0.0025690711756277684,0.8630603005769538,0.8495066005208631,1.0,success,
PAT_921_1750_313.png,0.6682756970087347,0.4596683354192741,0.6752526306030686,0.013904738435833426,0.10188242641834112,0.09256359274224205,0.0105706200259942,0.08484765507208199,0.08477840565355634,0.002749570928932204,0.08730274402142463,0.03467282344952016,0.45048722510210987,0.22826019050234733,0.9671052631578947,success,
PAT_392_792_712.png,0.6228980313626048,0.5201144124998329,0.7943760553528387,0.01402069784014891,0.14288216603034293,0.052249078299343825,0.008510811497322654,0.13973720003173795,0.038745560990032395,0.0030853558479404814,0.04758043246486593,0.01191988584243131,0.7866654509187371,0.7408781498883173,0.9797297297297297,success,
PAT_768_1449_842.png,0.6103980600627146,0.12384872230988864,0.6382064345874111,0.13094588202620255,0.061088906506048396,0.12674252131250832,0.10178903268000435,0.04718508738716302,0.10894581985810572,0.0015476119673804097,0.05010303658242507,0.06197344067988353,0.723926668203362,0.6169464100559643,0.9825581395348837,success,
PAT_1764_3336_981.png,0.05461685643778286,0.47437789411489895,0.5004767989886915,0.006377183465583764,0.04189590359449123,0.06686477494709916,0.005652910572154585,0.039042974579455984,0.06297047741443366,0.0038404085079730304,0.01464381578699786,0.08873112692573759,0.8940594406343139,0.849950845705766,1.0,success,
PAT_633_1199_218.png,0.9579478813968504,0.39717998581726904,0.6623992308261223,0.022444302912462553,0.12025651897557885,0.07317339001253163,0.016552554951719766,0.12077906814648398,0.07214119970603203,0.01642789667888975,0.26038793566387436,0.09487301140410309,0.787719927328361,0.8245345119666254,0.9913793103448276,success,
PAT_53_1144_892.png,0.6696701474472501,0.2949158743290941,0.5489652840427993,0.045099892166212865,0.06663567257513399,0.1178502709111153,0.04219364157497905,0.05647059635762716,0.11779329755304634,0.06633393831299222,0.055202873317675094,0.04624353803847048,0.7343355514995735,0.6280590629026275,0.8433734939759037,success,
PAT_528_3072_615.png,0.6424206283966701,0.3771690206425578,0.7635702829944643,0.018073807297132056,0.06597575541354457,0.12494651563241194,0.017037300470191964,0.06453463302046329,0.12314249298519575,0.009328285137754792,0.004627154617669771,0.05838565987651123,0.928803133801677,0.8949557777378131,1.0,success,
PAT_2119_4625_733.png,0.9766630272332417,0.35192936148818504,0.6612650829562594,0.13977229899014357,0.05190655696402542,0.0699422675827798,0.009858632058891115,0.04835907519252874,0.0650501561632349,0.0054934169031344345,0.004821693364135626,0.0260642791683372,0.7251628518496385,0.7559085407109347,1.0,success,
PAT_473_911_610.png,0.7096633081318023,0.27285989463234905,0.7388842729600966,0.02298734978734068,0.07131316662505306,0.03903916531782542,0.022330822439305353,0.06822954691871343,0.03158707842720577,0.004812856102441208,0.10284755403177315,0.025115933456462902,0.7189600000993165,0.7913391261812086,0.9702970297029703,success,
PAT_816_1544_933.png,0.6725968692264429,0.2964186901754567,0.6223715866714784,0.024043969660124585,0.10844899019719535,0.04383231254658196,0.02375268621399047,0.10197475177217105,0.04324066154055628,0.04968250972028277,0.08748316119811453,0.01518695855598251,0.8214937219410712,0.6103023971917317,1.0,success,
PAT_330_698_302.png,0.6495941481986822,0.1820880448999189,0.8547766869201945,0.016426987372100375,0.007744572063337142,0.014377995713223155,0.015626673755155637,0.005897103888699713,0.013958572808674042,0.010230084033425789,0.005570232556717708,0.016783577928344062,0.886645882169826,0.8775317427265278,1.0,success,
PAT_159_246_630.png,0.6678656077157785,0.5654300288945172,0.662261144603384,0.011260749883901284,0.14811328861947937,0.0503819199661674,0.010192604001586282,0.13903204566854407,0.03877111337455024,0.006937315447570805,0.17837238301334196,0.029645467891463717,0.8006384213580964,0.770182027902892,0.9866666666666667,success,
PAT_571_1096_10.png,0.9656029584657451,0.20357211752732304,0.6101471641466719,0.4202302509531684,0.10255548411712882,0.13501603104658733,0.4257267478617884,0.08953974163691152,0.12877959746507364,0.08173368219827605,0.054532231788854996,0.0819241787789875,0.9231750083236854,0.818321159900311,1.0,success,
PAT_1481_1675_371.png,0.6476270409538418,0.48677071422849194,0.5872491970664706,0.019512517233775752,0.07087627324904756,0.10510613531926907,0.01718441444835849,0.049478366361283735,0.08809896347827037,0.022446343117801602,0.01603843720120185,0.08802882943201762,0.7626890217656148,0.7259705765949277,0.9380530973451328,success,
PAT_510_959_985.png,0.9817261854056939,0.5448164776906882,0.5648327118687061,0.36265918650760504,0.16431653964054713,0.08208394839369607,0.2904007229343577,0.1626466737709454,0.07892761209589551,0.004104139808177049,0.272735294340155,0.09363306040511565,0.8152166250297046,0.7953957650590294,1.0,success,
PAT_409_2614_805.png,0.07795024946135484,0.3850428122131431,0.8634598889440658,0.008388969185932064,0.09823164687646087,0.045959913161382496,0.007123362882406967,0.09787826569539736,0.04679282104237856,0.0036315006887755056,0.01760020437423443,0.005463984249809539,0.7386246510938705,0.8091377069997908,1.0,success,
PAT_768_1450_402.png,0.6991938790286408,0.1940013109516554,0.5248924542143623,0.08464513041661077,0.08000779950967553,0.08099756733704482,0.0631314577211825,0.0706643486705127,0.0747111941192441,0.12180397844039838,0.08868269203175887,0.10429613733781729,0.7435821483903338,0.6581712866479346,1.0,success,
PAT_1216_759_542.png,0.6175095019829722,0.557636183175478,0.46157359012533394,0.016926115232877625,0.1629547861409482,0.12184108281723223,0.006160705742224119,0.12353298533494804,0.11061935790807616,0.004231107615968218,0.03401119700861521,0.21527225339421852,0.8586102318262492,0.8361149154774498,1.0,success,
PAT_123_186_718.png,0.6797817026288607,0.30418770668886463,0.765844499795403,0.04155480515879115,0.12322240589060322,0.08735667557006546,0.04120016273653099,0.09974862335581611,0.06515016381788642,0.07724028643323563,0.04984166057811262,0.043815056334741365,0.771226934370974,0.8681211910465766,0.9876543209876543,success,
PAT_1626_2811_850.png,0.6235217000915518,0.2846882028443868,0.6532470245088714,0.010666575116687026,0.05138503377730637,0.07233080795178,0.009782572830296161,0.04605219731723898,0.06895389109022616,0.006448371500756325,0.06366176651878358,0.14745265450436484,0.6626883259284575,0.762052593303663,0.9191176470588235,success,
PAT_1133_510_956.png,,,,,,,,,,,,,,,,failed,Failed to load image or mask
PAT_59_93_342.png,0.6368999580726974,0.4185439463615576,0.6646544732066243,0.01276816675640632,0.04721311505232492,0.04271638569260835,0.012673852007994328,0.04643924826229342,0.0424421658845514,0.026335321078965437,0.02731029844821581,0.011808156280120108,0.8506896961906345,0.8467773876686436,1.0,success,
PAT_330_1440_532.png,0.8937171367605287,0.1498064791133845,0.7198704177323104,0.1434221856407687,0.07586169367133395,0.06714002196772306,0.14261703035948134,0.07153572889842341,0.06290777214707816,0.07572391392238906,0.04896145717990677,0.011805659261872381,0.932458667828175,0.8777574677810236,1.0,success,
PAT_1934_3890_306.png,0.6115231188550548,0.5276276831099678,0.5017580262353795,0.004553235040597566,0.05689787537914933,0.10441615301013357,0.003229362024621171,0.05350009077250966,0.10121263505357972,0.003866795327541597,0.08195059977663444,0.1276384198430519,0.7728399465667326,0.7589229300863664,1.0,success,
PAT_1203_724_762.png,0.07476747996199239,0.3575983509130655,0.8335344820420749,0.005547255513380982,0.058972263240787734,0.03669565356747439,0.003848073287496142,0.04891803678314727,0.032197283672213896,0.011524295771074469,0.03661644831985472,0.05777757918913884,0.8454488033800187,0.7776855521059406,0.9655172413793104,success,
PAT_1275_955_131.png,0.6341292923535544,0.395381760646802,0.8134554370966807,0.015073871028458433,0.09841226597876125,0.060356257017917,0.013093342943391588,0.08408638469241554,0.03990929773389748,0.031000512544207638,0.09432222905718768,0.0137633079927868,0.8670191852475098,0.7847331603479931,1.0,success,
PAT_798_1529_282.png,,,,,,,,,,,,,,,,failed,Failed to load image or mask
PAT_796_1509_400.png,0.7178083588778214,0.23133642488700706,0.5870885629315994,0.04211648660913818,0.0682890806859383,0.06550934273062815,0.04016237456445069,0.06255701767491074,0.06270058582502588,0.07794405256226887,0.02878911854303462,0.015992386904627565,0.8106549367207854,0.8167118845722653,1.0,success,
PAT_373_2598_514.png,0.6469593067123367,0.27408775516525724,0.5171649939596692,0.017487092029924614,0.13049504580964494,0.09503733676301242,0.015686072811117033,0.11725457766911401,0.08974119147538717,0.015830842392981027,0.06747332703002565,0.1263601083889626,0.8733742611918189,0.766916449211463,0.9291338582677166,success,
PAT_1221_766_430.png,0.6074973348422564,0.39726981600933975,0.7664390426311338,0.010013962675953118,0.06384864227525476,0.05758361611871172,0.008327772694697148,0.05942291409578804,0.055774914634278805,0.01061623600320895,0.06962424199408979,0.05160564038782789,0.7500073826289287,0.6146597557093734,0.9821428571428571,success,
PAT_167_684_365.png,0.6135692948718395,0.4158871372707179,0.8352767200850899,0.00849080749488231,0.06600957757353243,0.04757071409887929,0.007853861161088754,0.06024296232114234,0.03505715029438863,0.013460715108856252,0.026289668357961538,0.008307559760260208,0.8349003270151126,0.8644171070341004,1.0,success,
PAT_535_1010_303.png,0.6555444544453041,0.4636065842945692,0.7975436147941382,0.008662992868927695,0.09721594844118496,0.03919145467344937,0.007757359744856446,0.09581646835532137,0.03699192279043965,0.004068053748278228,0.057389986443031116,0.006209937675163091,0.9565665643816355,0.8502847042620196,1.0,success,
PAT_798_1771_240.png,0.6359036614412829,0.22761916775287672,0.56445640443454,0.019774061600294678,0.05522809916237068,0.03542070671762785,0.017993597150650097,0.05242440766477481,0.032475811259838346,0.02230407649181695,0.047210602653196654,0.031261045725440306,0.8729663047485003,0.8354604650802102,1.0,success,
PAT_150_1799_644.png,0.6587103543135544,0.32632990589370037,0.5522716781043602,0.0384157072621636,0.07445381131647061,0.10703362168043999,0.03486961624525069,0.06639403615110674,0.0975888728303289,0.013369937934798612,0.05251246801585285,0.10108280319578,0.7722834562911931,0.5333873656167226,1.0,success,
PAT_192_296_824.png,0.9695460145859843,0.23702140927042195,0.7324568696736645,0.08171068300950372,0.0664322510642876,0.028402426257714327,0.009831436169522713,0.0667903211226197,0.02754906136294556,0.012730940923546067,0.05113313946124093,0.015754099542186095,0.8981071503022722,0.8711514200227771,1.0,success,
PAT_142_210_904.png,0.686300629247951,0.11892336654187026,0.6696715104596316,0.18676412867437897,0.0884177790817695,0.1060320062581349,0.16289372322344153,0.08150915551336983,0.09690458640167492,0.16212065542535367,0.04386285246033954,0.010944772631005129,0.8475104211564428,0.8502567938996143,1.0,success,
PAT_1555_2396_71.png,0.6332061469301575,0.23565418245251044,0.5175902064858265,0.1065925882607086,0.17720413841480018,0.08494973310820361,0.09318019793499657,0.16365287918051288,0.07781009544856932,0.01607175338220704,0.028746576560772313,0.10233035012391412,0.716542191187479,0.7777274170113906,0.9855072463768116,success,
PAT_528_993_589.png,0.6300741894939728,0.3803827751196172,0.7189651937329956,0.017896098001899178,0.08657101723540453,0.16639058987668912,0.016056990388820393,0.08951871725224547,0.18592540625454654,0.025999034633965103,0.004183051210915001,0.08335973623899329,0.7902069576913671,0.7606910570852828,1.0,success,
PAT_722_1376_280.png,0.6616358565850239,0.16676372982821447,0.6437006550407774,0.02959422719376337,0.030284129066058613,0.0596738124709846,0.0175320659693045,0.03337448989210549,0.05907015438252881,0.03293080857777137,0.022804839453882925,0.0008821212515577326,0.8132319881901822,0.7830391581445738,0.990909090909091,success,
PAT_953_1806_845.png,0.01921028160204232,0.4231638571441498,0.6211153035279641,0.24671256928005264,0.06138088064228552,0.03384453699918677,0.2748551206442753,0.05463049968795355,0.0293209035859572,0.03518719452940873,0.027208745539759605,0.015058495131961225,0.8396980844392343,0.7493934297146687,1.0,success,
PAT_340_714_314.png,0.09872058255367701,0.512240436903146,0.29413976321693536,0.2314863668262548,0.28284434736783354,0.1380529337109102,0.30671887042846435,0.28394330314414173,0.13575222386238803,0.4753434755933137,0.43066776285403174,0.27762432011185845,0.8666714599521282,0.7326355103641616,0.9946808510638298,success,
PAT_845_1604_313.png,0.681316413249722,0.2087731403075199,0.6065459837165833,0.022554680119777754,0.06949911083152834,0.03789304892203953,0.017835875803967213,0.06195988350640918,0.02994712268438771,0.007919958266318616,0.07131645741064749,0.04754300460059291,0.7774374584655417,0.722202291300376,1.0,success,
PAT_996_6_367.png,0.5850950609027535,0.20653632848420464,0.6907775169491042,0.018362118688522614,0.0509073096961614,0.02517554808830235,0.01623858347903049,0.04586306147713293,0.02363375687180772,0.0046865806552038375,0.017690785674342208,0.0038654515094312947,0.8057850401907454,0.7609813387043961,1.0,success,
PAT_2122_4642_204.png,0.607827954380012,0.6827795032264593,0.7735578232881084,0.00555317404057279,0.06968830089974302,0.08375029418264149,0.004702741525209675,0.043906697978942394,0.06292958995486213,0.002400372016692466,0.007750448911876373,0.011917705506086396,0.3583985291816617,0.503500420286054,0.9397590361445783,success,
PAT_168_262_292.png,0.6362110365444097,0.5525228228943398,0.7591795665634674,0.011092604446447213,0.12560084800129664,0.03767152267881007,0.00963311170589474,0.11818815889131008,0.03481548136229563,0.0077662246859151515,0.13965736086643138,0.05723388623487047,0.938191327373739,0.88658783789826,1.0,success,
PAT_277_427_658.png,0.6847150490080818,0.5817224924951626,0.35733611086412537,0.009687884976016569,0.08666259252113218,0.0709145729282518,0.00766967358252934,0.07830283678005229,0.06630945324565003,0.007271318088066418,0.06818446355960994,0.08438611387773748,0.8499321382632854,0.8032772058775661,0.9743589743589743,success,
PAT_38_1003_226.png,0.6531826904052379,0.37231269055030525,0.7651235926284539,0.014324400146110274,0.09402095301965366,0.05784859218480022,0.01684415175867653,0.08496332206943624,0.0508103193921772,0.011651188172185004,0.10640448647265432,0.011286162133867905,0.7116798447533312,0.7239418093577081,1.0,success,
PAT_903_1720_647.png,0.03656404095907868,0.37523970739374884,0.6402821272393849,0.15916098434033393,0.10318762803475816,0.09415494125961142,0.14562075105712333,0.09446942555471277,0.08656366059578693,0.03707914777492492,0.04924728768499165,0.056100219834693155,0.86055233738745,0.8169330393717258,1.0,success,
PAT_1727_3233_399.png,0.020642905970954164,0.26451265836681814,0.6592824363788069,0.3646544633110069,0.042829369572632205,0.044193497173873116,0.36651443937326983,0.04104531063272796,0.04218823071321816,0.006374721170214719,0.03558789467491136,0.01541617192430722,0.8352059274982456,0.750340903587034,1.0,success,
PAT_272_419_906.png,0.05991236618480597,0.3637193053478321,0.765133573980156,0.011541041271104387,0.07774859063314918,0.040854043442688844,0.005144309818379803,0.07090685990300337,0.04041484642641608,0.019655506510028016,0.009227541501000913,0.05826822104818363,0.779851603958753,0.7760665100338513,0.9438202247191011,success,
PAT_29_40_561.png,0.05782580009622322,0.5130329203528048,0.5668986875435559,0.007354104228095805,0.07852206861191256,0.08353244591491028,0.007612712565403161,0.07918395772481306,0.08638291789432384,0.016900064634942463,0.20151355655019781,0.18335999541851045,0.755781504588634,0.7959148258695348,0.9640287769784173,success,
PAT_164_255_119.png,0.6981988391070444,0.34632002096946674,0.7485074332584092,0.014071754752858396,0.10805725846096872,0.081421241119767,0.014317727894549265,0.09291787471272035,0.055453535712742114,0.040612434726796605,0.08105541781156672,0.051322194478195304,0.7667296499465842,0.705295758534572,1.0,success,
PAT_238_364_387.png,0.6451699003278436,0.18409498646312425,0.7393613204162182,0.010065182169110912,0.006560090498004456,0.02622525585201133,0.009619505965096477,0.0029667757693418472,0.027847408400346794,0.004650588402197857,0.0004903020872316366,0.0038924627789045374,0.8003668548643149,0.7958954491324544,1.0,success,
PAT_1955_3946_319.png,0.047198257346442465,0.48508833701078197,0.7955315086928627,0.015002599390286062,0.03062659921153608,0.056819789703294946,0.006210553969314585,0.028243887744030163,0.05769730226341799,0.011092879572748595,0.043853791750745,0.007473091432456336,0.6836453150662587,0.7218419652554634,0.826530612244898,success,
PAT_944_1795_666.png,0.6379814077640273,0.48551030034873494,0.6998385066811681,0.013724646508410574,0.10038886319778287,0.08142845059847997,0.011176246201849226,0.0971829240747513,0.07986125576141807,0.005059460404004392,0.12076787986911497,0.10484979169830899,0.7675554842616182,0.619653702399907,0.9946524064171123,success,
PAT_490_933_17.png,0.02462597043911977,0.4062821826988209,0.6848778031542792,0.2921628215103946,0.03266110031961006,0.060551527897881784,0.36119327475738816,0.029454071391245645,0.05716699616127079,0.025667493621508837,0.009913815446706775,0.01921661186291257,0.7126102221279886,0.809474966949986,1.0,success,
PAT_180_279_746.png,0.6431751328553381,0.5756399259627105,0.6676374924490134,0.016403716510980097,0.10932044445066509,0.08172608468174337,0.01627384606301613,0.09336802859482249,0.07614846758947405,0.033582999766733145,0.018680068629412405,0.07074744279478251,0.8736906732433527,0.8770891679504466,0.9910714285714286,success,
PAT_789_1483_793.png,0.5206249034499227,0.19627116544659556,0.5264717030210694,0.13197978575443223,0.08206496309959375,0.17537616993572167,0.11883760926531597,0.06663617708543286,0.14391162223556367,0.07411040137269877,0.08018367838099105,0.030646585925145242,0.7871413220281294,0.7060257716159053,0.9923076923076923,success,
PAT_1767_3340_959.png,0.6203691101408673,0.32593726624227715,0.7482803064502411,0.008653487097303353,0.053591023493193446,0.043673546941783443,0.007642790435457411,0.05067137046492727,0.03260573622281612,0.007826624808753182,0.06899785475334963,0.04090697465066617,0.753414206963222,0.7012347660098476,0.9672131147540983,success,
PAT_1408_1404_929.png,0.6090375457547273,0.27157974376076377,0.5886666733032695,0.01217386494141528,0.03353482898856668,0.04956936074029206,0.011586195592235131,0.03262071165182644,0.048210781618025195,0.010079593557276055,0.08655772304377701,0.0703812793213795,0.7017225717793698,0.6729445188861715,0.9911504424778761,success,
PAT_1951_3934_98.png,,,,,,,,,,,,,,,,failed,Failed to load image or mask
PAT_1483_1678_538.png,0.6238914369468944,0.4264038948912899,0.6017490329465119,0.018338751578831785,0.0660876628937577,0.0853121360719884,0.01792346384087076,0.05498397278175621,0.0775571771976302,0.0017117212824548428,0.015709412747740292,0.09298127842655413,0.49756827011767335,0.4215817663537375,0.8767123287671232,success,
PAT_711_4067_260.png,0.6430617501816589,0.24673382249305642,0.6072727272727272,0.018930319430408394,0.07375891748989825,0.0645073368389414,0.016834656301533645,0.06925060594424515,0.059471485754201345,0.005197136118923535,0.0393959799814389,0.012315777703231445,0.8084863004582359,0.7860688849857671,1.0,success,
PAT_914_1740_932.png,0.6762059489038083,0.17970152839083567,0.7749452001321202,0.038143444113205964,0.05264261866185038,0.07561143845209671,0.03321134643640072,0.05543193148113281,0.08575915107027213,0.0539297925899977,0.0051832362254846664,0.052251132946565804,0.7224020730561428,0.7606089738471036,1.0,success,
PAT_1370_1273_41.png,0.5917612903339429,0.35664917900862,0.5932005509386075,0.018897343825007254,0.07438568578680002,0.04056042164054384,0.01764504831943788,0.06922524007974877,0.041206041908724234,0.015007537544460567,0.04024083302753789,0.0037602713083816353,0.9119462750928269,0.8490120602008121,1.0,success,
PAT_457_890_255.png,0.02398322955296807,0.23799098700075225,0.7691431323336074,0.45372226910430913,0.11163720340488158,0.0757209601517765,0.4473436537804268,0.09928083509358496,0.06592131444521598,0.029241087073238407,0.05778490705410402,0.05885305803120333,0.7864475516757161,0.770191314571364,0.9844961240310077,success,
PAT_494_939_518.png,0.6572522158816483,0.44587419394938976,0.8303773621244194,0.010486261893263083,0.08027608361291294,0.052723167816675055,0.008830751525848385,0.0751148424515365,0.0441763275183386,3.555876189748927e-05,0.06664051545926714,0.0047111302013499445,0.896396170286268,0.8166753619220924,1.0,success,
PAT_835_1578_52.png,0.918115310399935,0.13349437867790168,0.5578458086231768,0.3850467533346312,0.04757620718901,0.09250044103747518,0.35399891502665914,0.04056634605090763,0.08263182807401587,0.14710183826351841,0.04218790092985179,0.03736842056625678,0.8754801366575373,0.8422428649381801,1.0,success,
PAT_325_689_528.png,0.6558123484052204,0.3375862381989833,0.5132643427741467,0.012008518101571856,0.08054465407857953,0.03129928940506074,0.01069665494214732,0.07336343186315088,0.02777058816821575,0.024592407892617196,0.0328503801047606,0.02398746890403125,0.9156343198097983,0.8650108954840015,1.0,success,
PAT_344_718_206.png,0.5660163414521059,0.6861259917037098,0.32276298928942726,0.010596457395833576,0.07425701900591408,0.06236058800680901,0.01016716834389115,0.0680149910010357,0.06442885851345949,0.01901206630658597,0.19406846084959162,0.15832721223184743,0.7868445724613126,0.8156547620023835,0.968421052631579,success,
PAT_1061_254_813.png,0.6045497537315901,0.09272808666845735,0.5776524308353478,0.08770856966581472,0.04578551886852087,0.02387855325494459,0.08660269067786053,0.044444745049458646,0.02199386533748366,0.003220443009982195,0.008212246454038966,0.008982812450359368,0.9284920634920635,0.8147683867674913,0.975,success,
PAT_432_851_386.png,0.653123712383344,0.6847913804008811,0.4960675260092914,0.012321068163825225,0.1563228408758836,0.15353764087600857,0.010597527568464755,0.14728661540540103,0.1472121836487519,0.007451816304589758,0.2096528017626747,0.16185420808519035,0.7809339606777036,0.8277187173988546,1.0,success,
PAT_27_38_240.png,0.5668077900833975,0.4709205076214965,0.32447978613744743,0.014952417077206894,0.1118672084662389,0.15439094227026284,0.010833356518565656,0.07939701515798449,0.1504830844775678,0.025278232969922952,0.055350792284899475,0.1941178774986807,0.8684606857035837,0.866588377117295,1.0,success,
PAT_147_219_544.png,0.03237267652056713,0.5321604605144811,0.8623248785752834,0.012956474707442362,0.1480157675275396,0.02252791090114064,0.012550119155580726,0.14083806994334258,0.019293335396581523,0.011575268512077486,0.1706782405078343,0.02098597318316675,0.7531570721697451,0.7679061003312898,1.0,success,
PAT_267_1062_418.png,0.7133452265067569,0.16741051782308933,0.6470441543200821,0.1555230707597659,0.07413293879425066,0.10665491885740999,0.1674156216456734,0.06422007645328287,0.10260641071785667,0.07050375441808904,0.0416973364170925,0.05264217965247575,0.8933754939622464,0.8451572771436313,1.0,success,
PAT_2090_4532_178.png,0.6473230925214553,0.32039718451483157,0.5904059829059829,0.007889964900229769,0.07065306205921032,0.02836976571265439,0.006538349174210622,0.06483661759679483,0.021242459960882473,0.006067400988631988,0.046101783493424364,0.009955214204440233,0.5712674272534443,0.6677158523864383,0.7894736842105263,success,
PAT_2049_4348_485.png,0.5875158586209722,0.26629666865002016,0.5296087322267589,0.010458088423300826,0.06197632621422478,0.035479712860344556,0.009289775758140951,0.05583783318654954,0.033709719641947605,0.010673644782136036,0.00542261007801953,0.07285963100505866,0.8537566538793231,0.828364169226671,1.0,success,
PAT_753_1833_710.png,,,,,,,,,,,,,,,,failed,Failed to load image or mask
PAT_968_1835_721.png,0.6608634414058534,0.4618031302548183,0.7789830095794623,0.006154312586655447,0.05940412190857939,0.018690568346503175,0.005638271955376401,0.05689833090716077,0.01218681412761453,0.0017883755050422205,0.037820670286199176,0.0028929840612372804,0.8251190157035737,0.8270413064068027,1.0,success,
PAT_717_1347_899.png,0.06565684270760633,0.23526502843979877,0.4564465869557983,0.2319543943963419,0.09256482899805761,0.09135382201230254,0.22203344425080526,0.0746642155088424,0.09396774404240778,0.022546357530952903,0.02979272964913751,0.1720319827370932,0.9147276390282573,0.7681710299114093,1.0,success,
PAT_1605_2715_845.png,0.6070572949238969,0.30654748173779317,0.8127566320645905,0.012019506354063868,0.08106866059897652,0.06387401627022649,0.010353800575907334,0.07606769412655101,0.051724244870891646,0.0105068821212225,0.034325774781309326,0.02278005683777451,0.7100814684848298,0.7228358257059405,0.9772727272727273,success,
PAT_1650_2913_374.png,0.648995432971563,0.32788829338331194,0.6170343822268987,0.024499907410477195,0.055145754454666615,0.05013300234983345,0.0228992158650174,0.0504287232194486,0.04329770107693303,0.04185842019000642,0.047158221573035564,0.014794508175088206,0.7188944803947825,0.7016437768207687,1.0,success,
PAT_354_1814_153.png,0.6472674033660973,0.25047408761387135,0.5250998185607255,0.017866937281158703,0.059921980868997846,0.05738573355748988,0.015679208381174762,0.05569800042668127,0.05536131208586552,0.002920880404771569,0.017156215662223306,0.08128994881575913,0.8821487290835999,0.8457691219450192,1.0,success,
PAT_1208_736_599.png,0.6085953526974236,0.5684245820759688,0.2807429510099772,0.02308620816693168,0.1504685292302946,0.11564854386996352,0.015547105612397628,0.12910627897662666,0.11272622522649878,0.021682129277473667,0.03651410334468086,0.224284991692226,0.8626789310440761,0.8106389099061483,1.0,success,
PAT_852_1629_265.png,0.6177738214419676,0.385213642077562,0.6559005627415736,0.010549833606690909,0.09772810325507776,0.1413188391417327,0.009590477293660197,0.07922750648089646,0.11857856835801733,0.011198866900620412,0.030124473656536532,0.0330062537984841,0.6554097695104173,0.6165159496534219,0.9259259259259259,success,
PAT_2105_4587_204.png,0.630009162227637,0.36649755473284884,0.4702957173545409,0.008065220344703446,0.06464136389115817,0.056083993493328946,0.0064303349421718035,0.06549480126670436,0.056394420761824895,0.003064738383893544,0.018210864939836924,0.003011636216693925,0.20674157303370785,0.25740945069576654,0.5384615384615384,success,
PAT_1066_281_698.png,0.04359797637840971,0.18962199014055264,0.7463263660549174,0.25149964071796,0.07075499708138178,0.07294507069690535,0.24593339102644146,0.06656983296725548,0.07317544116374794,0.053075587743906916,0.007027741552332628,0.08989005583884346,0.8241948078178112,0.79582061696353,1.0,success,
PAT_1308_1095_117.png,0.6563281472616445,0.23649291668021546,0.49720244095427,0.18499032446707564,0.164855495277946,0.1822786001160296,0.18163712662989007,0.1647085931093884,0.1761274287779775,0.058369404547925934,0.1063975818737393,0.19596532682943346,0.7794682017543859,0.7524644306983748,0.9423076923076923,success,
PAT_677_1350_67.png,0.01361406025363286,0.14469037615046018,0.6505339635854342,0.33176348937171213,0.08353470335491836,0.057321696212678165,0.3303346100033453,0.07855820554036816,0.05718538413583117,0.02556344449544721,0.011237225659494587,0.00965538138332267,0.7108646666109106,0.8042798610229855,1.0,success,
PAT_217_1290_283.png,0.7166233240047998,0.2037159676232524,0.5776803878284206,0.1100442114436235,0.09568182619212223,0.07018384341721759,0.09356268656995263,0.0867293165575496,0.06451810762998281,0.07518095233208537,0.03703451374456668,0.061014788583018786,0.8704847959628698,0.8131895712494569,1.0,success,
PAT_1288_1003_969.png,0.6582639538751919,0.2192425058337821,0.42009988701996687,0.020059801361655798,0.035890914497090434,0.07714358556468717,0.019950485112830565,0.03802222453502471,0.08285609608470458,0.054796907627502375,0.1058547583903071,0.15859886520819716,0.8991819218227151,0.8204424369427945,1.0,success,
PAT_1780_3381_999.png,0.04882693926020272,0.3336093660765277,0.4150141311192139,0.010262021749051628,0.09781189454484339,0.06062429030348103,0.007426797981189529,0.09494977230947768,0.05899575119811377,0.0004456170959238016,0.10598919524149064,0.14959023133582727,0.8858834711498694,0.8636424273145485,1.0,success,
PAT_605_1152_536.png,0.07852576800701133,0.2472668884731573,0.5679815982763321,0.028867489006630356,0.0615147857463807,0.05162717940898745,0.024516598653337995,0.060477510245609274,0.04629192776390742,0.007444588218221505,0.09349317674696062,0.02753425515998109,0.6474778788696889,0.7892982205448804,0.9255813953488372,success,
PAT_613_1164_827.png,0.6207261174541813,0.16483638181268537,0.6189565430812838,0.0513331379069232,0.06550862449174594,0.046098445582260325,0.04548891045937768,0.06399564969721377,0.04340682458082862,0.036092950471242266,0.019480496063867203,0.003929781866701787,0.7441464469322059,0.8010958157292102,0.9238095238095239,success,
PAT_881_1681_462.png,0.6342333486264338,0.31346969737062613,0.5963465728171611,0.013137794533507333,0.056184686248543406,0.025127450126066316,0.01171555547004595,0.05099862644966628,0.01854171905820542,0.0044802383495519075,0.0038383729882631723,0.0017894050165710995,0.7108709557059858,0.7072564553137969,0.984375,success,
PAT_1636_2869_595.png,0.6406583861596323,0.3407946385830541,0.6104694055697913,0.009269308594578956,0.04858835791495216,0.062388280186897994,0.007493810630943274,0.04135438838624016,0.04620517072706815,0.011284211648809616,0.06964768801720961,0.0648599882399814,0.7990953314271161,0.7017377736808358,1.0,success,
PAT_75_113_165.png,,,,,,,,,,,,,,,,failed,Failed to load image or mask
PAT_817_1537_943.png,0.6768148813331772,0.29374217772215266,0.5731834932554583,0.01735927089823025,0.05322070904718542,0.023346462647328512,0.016724980400990935,0.051389978806035526,0.02142888907549346,0.03298480269728906,0.09161587265467114,0.03383628435255459,0.8598835949062544,0.7737583332541637,1.0,success,
PAT_1772_3346_66.png,0.03401996011102264,0.5251711108650786,0.6260043093536821,0.005034952164293029,0.09144220240429635,0.1369245589622652,0.003777388121690023,0.08911780406423081,0.1351791992946471,0.0024099817223526476,0.03629210730635973,0.03480966036231814,0.8988418444024551,0.8547073573853554,1.0,success,
PAT_269_415_103.png,0.6583009927298178,0.5462936819172113,0.4244589687726943,0.03179856860138179,0.146803904263718,0.16156283693990586,0.012771359026984341,0.10359337061500384,0.1435628769453402,0.0038394698123227836,0.03839512979179327,0.114073697004757,0.6329030178220871,0.5934812479838405,0.9102564102564102,success,
PAT_823_1558_67.png,0.6726651678108798,0.2528317044962965,0.6239408145068023,0.02935105383560985,0.12302078207600865,0.07369037099239693,0.02440840528482818,0.10914439794894779,0.06650622105619282,0.009639087681294237,0.011302727674719265,0.014176387493936127,0.4750441287987408,0.2500682610432953,0.8378378378378378,success,
PAT_1988_4052_897.png,0.6795822481006547,0.16177350653008063,0.48234531394843994,0.03214890150195587,0.07064106368154352,0.08314965257799924,0.024853036052908836,0.06900560898239128,0.0805685340172428,0.0025949142208032882,0.051284842889134374,0.04916100187668104,0.9072755549094783,0.8241556766160459,1.0,success,
PAT_492_937_126.png,0.013781097734245197,0.4506699729071956,0.5824412912706066,0.3482368855504014,0.1858406176738291,0.09165991964331224,0.37621273854048415,0.17356131347158116,0.08676067278408363,0.061241811167034636,0.15859247163084078,0.024921633275339694,0.8324707174629414,0.7690822469739255,1.0,success,
PAT_1307_1088_252.png,0.5968022190810045,0.5627443795400169,0.5496914045940838,0.007493925088333587,0.06940051298580133,0.07097271941836154,0.006508903093999199,0.06102605445819304,0.06606318164442103,0.006983312017570932,0.13297470111593013,0.10967673653138632,0.5424703955223702,0.7069959162879441,0.8888888888888888,success,
PAT_1557_2399_681.png,0.8486988896976112,0.1097401117583249,0.6611170363077821,0.32124391301210276,0.049089179023834306,0.0976213834734945,0.31615091309990084,0.043703187683119024,0.08770326743790018,0.09873780495136547,0.005213542766415877,0.025983280203109693,0.6764320446942786,0.6184833952265113,0.9,success,
PAT_40_56_160.png,0.01977723863291382,0.469455580733252,0.5620987945465793,0.03073489731340936,0.0402584788406079,0.04425176562626617,0.009700569246163006,0.03529628470957241,0.04197550665173414,0.01773126206094449,0.03089168887838223,0.008897368806619621,0.8895966040224201,0.8693379787701319,1.0,success,
PAT_1837_3608_851.png,0.6208082829326048,0.4199531334494983,0.46682769532736484,0.015855936552468145,0.06509410220186397,0.047874743726477535,0.01580566159651503,0.06333816784979374,0.04764791430674413,0.03952012629498666,0.15739585620333973,0.11009301515335917,0.9087368315208144,0.8633877252491845,1.0,success,
PAT_313_669_908.png,0.016833246588120333,0.25580616015319474,0.6084311028400355,0.45222674396368495,0.09582980961041439,0.03641600454614812,0.46349532457710735,0.0874752072741516,0.034596458010564976,8.047088330554144e-05,0.06217952935586746,0.015370945146171655,0.8699518129622232,0.7994359674985339,1.0,success,
PAT_464_900_548.png,0.6891674356480484,0.42824550262038025,0.41592051612290565,0.041863578760181375,0.1906111588904125,0.13385696675251813,0.02177905874994613,0.16515626323546917,0.12535431981509654,0.015861559496408974,0.22275176634868651,0.22756432139026944,0.8567356482556473,0.8552793946828989,1.0,success,
PAT_658_1266_149.png,0.6002661885630721,0.09422718808193668,0.7107824880417716,0.02401709728214544,0.051255910394738154,0.02218539605205797,0.005463318423833685,0.045424836601307195,0.011568627450980418,0.005306345008892698,0.04534943858863204,0.024156792987630515,0.5852517211703958,0.5514274556460984,0.975609756097561,success,
PAT_1801_3459_857.png,0.07004917753811471,0.34115461199285496,0.5692442732187806,0.010534097168348446,0.08507462128955327,0.029129422619848327,0.009157560732805957,0.0788690901808822,0.02542210608247254,0.014198214756134498,0.007822342832581264,0.053550001240843415,0.9050681334853294,0.8781725315160223,1.0,success,
PAT_657_1247_455.png,,,,,,,,,,,,,,,,failed,Failed to load image or mask
PAT_154_235_30.png,0.5989229505434068,0.448830108265042,0.8296467918555703,0.019391357083106683,0.1706006889159178,0.060734105066630364,0.01670362413618641,0.1464336402704517,0.043293150629672726,0.00811954419541618,0.05688277337440706,0.02518084316955882,0.8648461326055863,0.7869377639776611,1.0,success,
PAT_1377_3512_370.png,0.667427818491845,0.2796208208396783,0.3926246879856827,0.10090281705161354,0.1669978850818421,0.14586657159389788,0.04426723870742764,0.13934289658501334,0.13739519500712002,0.059762076522621284,0.1538447529968402,0.2723544019042959,0.7977930423367807,0.7381469209996693,1.0,success,
PAT_810_1526_67.png,0.6543994902565982,0.44475451597962024,0.8000218722659668,0.01386793098429016,0.10533135144703905,0.06109024964499043,0.009146599041137751,0.09877451741351792,0.057168883994236266,0.007083642714738719,6.517117844362375e-05,0.015838956099154422,0.4579239501150274,0.5588086476182258,0.8837209302325582,success,
PAT_1186_680_578.png,0.6081969614388874,0.48699167520435,0.34185505009513417,0.012000514753737614,0.14918420895156564,0.11144144238746793,0.008282167929175735,0.1247134092323073,0.09516943934483253,0.01054834144584594,0.0989816253761358,0.22908557074678948,0.6745625172332214,0.7551364856278074,0.9769230769230769,success,
PAT_270_1387_430.png,0.5674411298113619,0.331190542396589,0.31454957573919123,0.020000459379630547,0.13925945990227265,0.1292479173418749,0.016359120784564703,0.10621628776786864,0.1171844451477789,0.020873889242226794,0.0913217056708722,0.20835601069660675,0.8522698479729729,0.8340629328751801,0.9834710743801653,success,
PAT_2030_4246_973.png,0.578101097913376,0.5692417279411764,0.5586825980392157,0.00641029751538957,0.14366781093053413,0.09104845185026786,0.005607570462972012,0.13767504902074343,0.0860586711549131,0.0010753960409139217,0.1481882440476191,0.024643732492997117,0.877258755797576,0.865739875542864,1.0,success,
PAT_2092_4537_438.png,0.6312384620898368,0.22757216607285682,0.3965898349451029,0.02345209245268804,0.06944552655432508,0.1121269523312334,0.020814984485339336,0.06495342248780234,0.110691418788351,0.015515067150250497,0.06282287152108779,0.19158034087430242,0.8730278059829728,0.8160639533161833,1.0,success,
PAT_343_717_927.png,0.04159491943049948,0.08883084386870059,0.6872534312254756,0.2989922344992841,0.0446506156770774,0.07063646913096869,0.3444116503830173,0.04096271911590107,0.06621704808171891,0.14409483048058985,0.03577210004596825,0.06052379628206728,0.648456643686562,0.6051656177613072,0.9281045751633987,success,
PAT_1364_1246_143.png,0.5836206823734089,0.5150809482295807,0.6376839004881028,0.005452973181924609,0.0437875773597374,0.029721830407782226,0.004718777310947087,0.041686790548099754,0.02270965104519435,0.010115193645184838,0.0931657839535795,0.03460631313649698,0.7230428452320212,0.7190392070732115,0.9767441860465116,success,
PAT_2016_4156_941.png,0.033400448662713966,0.4751417154539541,0.642631597499271,0.11819829515378923,0.08969104286453022,0.04624978311746048,0.17906987796382914,0.0844173191971642,0.04617985135347717,0.014351931431760792,0.05481412422853005,0.057619785105052834,0.7622300716396089,0.6564804701278698,0.9805825242718447,success,
PAT_1573_2497_736.png,0.6665393916124949,0.4008739680082559,0.6585848813209495,0.010880692029597813,0.057700034239357954,0.055423598197312234,0.008863481182668744,0.05229446994862025,0.041927415262505485,0.02467715696785662,0.004241727325723366,0.021481725474440383,0.8129798902083487,0.7604478981286446,1.0,success,
PAT_935_1785_530.png,0.6647551893106161,0.48564320780786074,0.6564533909515831,0.013199938708342046,0.09602708852359246,0.1039572252753067,0.009835176448257113,0.07327519952157638,0.08865282103365052,0.006205644242756136,0.03180928338570105,0.10166898481785147,0.8372546587698113,0.7609014786652066,1.0,success,
PAT_1034_161_203.png,0.6240909627144777,0.1860850098677428,0.8654874468565593,0.005607757283596984,0.0020572589742827913,0.007134052990293537,0.001672963915943138,0.0015318326089226863,0.005998417007869807,0.0009934496792691366,0.0013845867750718333,0.00533280699904326,0.8140009835210715,0.7177104603051402,0.9390243902439024,success,
PAT_637_1434_684.png,0.6395879387729615,0.4429123246588083,0.7288072053603629,0.010134530212315114,0.10126091250680806,0.1179208766513725,0.00879190994417577,0.09724871171972586,0.11070448651480812,0.012272394008699589,0.042240200702341635,0.005576420119079328,0.9136512284005132,0.856703519094224,1.0,success,
PAT_610_1156_461.png,0.6935507807568537,0.2574439790706056,0.6574849927293969,0.037444246209572,0.0930712165486439,0.12531486042183063,0.024114036626798882,0.07808848171202763,0.11818758739490291,0.06337159680130948,0.05819140675455048,0.1582045173980864,0.518241761471748,0.6583822573936046,0.8395061728395061,success,
PAT_252_383_31.png,0.5591874616366254,0.41710597095212476,0.9354285985507705,0.022143415529871764,0.15103527337070935,0.05860200556561934,0.018901670736624035,0.12954447332316985,0.03850990609122175,0.002662059533590148,0.04062473417205109,0.015114563284726379,0.8506372506925077,0.730444790479262,1.0,success,
PAT_890_1694_29.png,,,,,,,,,,,,,,,,failed,Failed to load image or mask
PAT_96_150_743.png,0.6653165923162744,0.62749456039462,0.6015347739997916,0.027420705952930665,0.1791954093160829,0.03299736814979002,0.013634985960818862,0.15615092463621136,0.013758660393094051,0.007364650881883487,0.18660789947192874,0.0006374930428444392,0.7908126651847444,0.5903211473880233,0.7727272727272727,success,
PAT_756_1496_480.png,0.05655045721056343,0.7076923076923076,0.39364155026559117,0.012500724658103975,0.14211749601426188,0.20341396073256324,0.011638798616480319,0.1331185728079083,0.2005508290316864,0.001774583269457766,0.030098653408163978,0.03838023040929561,0.7831346862808262,0.6653430531153249,0.9411764705882353,success,
PAT_745_1406_409.png,0.028518973204378087,0.5790332705586942,0.6582991765444407,0.011237710838565704,0.08085269739463884,0.08431900777047192,0.009780418558987824,0.07847556922315779,0.08124159592675961,0.006009621645280516,0.016436158278467672,0.027502504399299355,0.834075761977763,0.7597923729745559,0.9863013698630136,success,
PAT_1350_1230_925.png,0.6972999564593327,0.365432421202588,0.48014483290793614,0.04522810112368086,0.09880522927037137,0.06414716917226562,0.03810695893950583,0.08536814205857363,0.04635784176151638,0.0813957430344778,0.1843713928746428,0.09545622242259783,0.6845633113555755,0.7498165345066976,0.9361702127659575,success,
PAT_309_663_812.png,0.6770085623690261,0.6624205604615256,0.4347237712841103,0.010692380453271902,0.1864085541766134,0.11830418613681369,0.006858278255750404,0.15876569027179196,0.10613912737974569,0.003456071024125625,0.15652355492017866,0.07562895676363046,0.8642057739865939,0.777145480579316,1.0,success,
PAT_104_1754_276.png,0.7126532997624915,0.12416850905488505,0.6875701013615552,0.22891505254491942,0.0722098276919283,0.07017310159466263,0.20747129600678818,0.07160855524577282,0.0666053042902029,0.06609463119948424,0.06711409187401812,0.03720547533965657,0.9018052720217045,0.8761352511745919,1.0,success,
PAT_797_1511_805.png,0.9960008650190249,0.3351356303306247,0.4939851162393006,0.48195991568888324,0.12240085659480296,0.08659117626141775,0.48228320914038264,0.1189066764084692,0.09149104270506624,0.01357495556136933,0.10774042815707346,0.06807220037856015,0.3869236517734797,0.3777176994525045,0.7272727272727273,success,
PAT_928_1764_426.png,0.629531627704641,0.4462009803921569,0.8573154261704682,0.004504304878954299,0.07173835503825149,0.02510660104490841,0.003855632233843823,0.0662538358849395,0.023863168499835233,0.0027844877485073026,0.025015903307888054,0.004469045888075396,0.7869710890426602,0.804944243002377,0.9245283018867925,success,
PAT_397_797_638.png,0.7304423605822913,0.18999118134343082,0.6464424683681207,0.05763829228120336,0.026356092248073823,0.042523112885488386,0.06023111314362011,0.023251505245684485,0.042223522559531046,0.0996053470137905,0.0130744052920658,0.014721414611901018,0.6443885827407643,0.5687890598394456,0.9886363636363636,success,
PAT_1405_1395_96.png,0.6384286773358469,0.43286940660996454,0.4657308828485894,0.008210629436795987,0.026029000446984172,0.03497406038470239,0.007822242350444701,0.020696093344090682,0.031336017146980776,0.008830738201414019,0.049541991136732966,0.014917714618566502,0.792380377097985,0.8222810457699242,1.0,success,
PAT_506_957_377.png,0.6853974303990237,0.214702496841057,0.7537472408078144,0.042522942324991465,0.06512467572703153,0.09920746629799314,0.041290053211534956,0.05864470574166725,0.09586546976341234,0.09259618603659257,0.054011651777233466,0.03995086575056128,0.7335478232277836,0.5687095701741386,0.9883720930232558,success,
PAT_579_1099_837.png,0.6700332951819334,0.304592112371691,0.8695717858269102,0.012534238947978003,0.07037908828779117,0.049568708152397174,0.010164718842718566,0.060602317972618364,0.037629532029271,0.009138906180138583,0.0019887173851044215,0.0031070883599405574,0.8383793323022,0.8659677210588088,1.0,success,
PAT_1570_2472_418.png,0.7072542465868957,0.052894323798814626,0.6080305479419964,0.11548867221253498,0.03124906312151133,0.0770544786157222,0.0618813398302604,0.026615790982801014,0.04231667692664215,0.2341746433566585,0.02337560722127452,0.06635702526910625,0.8241750906367729,0.7415794570980281,0.9423076923076923,success,
PAT_918_1742_456.png,0.5677277659382738,0.19509374050701836,0.3717672277914381,0.065513143017511,0.08398946740949498,0.13886470798688097,0.05685599424175334,0.07664271942377492,0.13089395019541797,0.07006185382886704,0.0016490355507731702,0.08456017158936685,0.936809020085887,0.7934899431719249,1.0,success,
PAT_1246_846_899.png,0.9070023391893441,0.079818268770923,0.5498923959827834,0.17510323490723662,0.028700939794614834,0.048150474354543324,,,,0.0008405011418918522,0.017238870814557355,0.02260139026410979,0.7950301204819277,0.7004159085481554,0.9523809523809523,success,
PAT_579_1100_988.png,0.011726209389103596,0.3695109420219166,0.825136409455988,0.3741609959779228,0.10205871950560783,0.06734245637536525,0.41862659184391743,0.10795445433420306,0.06585682774057866,0.011381725303885287,0.0334944207823194,0.004582007261883514,0.6069714640749124,0.5609123892483387,0.6954022988505747,success,
PAT_993_1865_559.png,0.6151235263564305,0.4906649616368286,0.6813062423036848,0.0069668482172851225,0.051315408692448584,0.050818743380245016,0.006272793617502048,0.04458020893225139,0.04209211628100004,0.016279240422506943,0.019009573817984238,0.008418857261172197,0.6542486336868565,0.7315689184272256,0.8,success,
PAT_268_413_643.png,0.7255783617733802,0.22016320477353993,0.4502784622838596,0.1941606533271756,0.1221079787103146,0.11337582764920633,0.148624207634438,0.10222022958661837,0.09390301433587125,0.005107273399773109,0.0039869082157927005,0.09819346800813644,0.7829101999937516,0.7914202304876075,1.0,success,
PAT_207_313_1.png,0.7666846021505699,0.2063752991405094,0.5299040882363318,0.12292696758440283,0.057580549490425875,0.06749526014015535,0.09350584779664388,0.05243087719098137,0.059520001140487444,0.0029282097321429194,0.09135532479563126,0.13703232371162488,0.8822094085474064,0.7908959809860601,0.9482758620689655,success,
PAT_1374_1285_735.png,0.6128068897767575,0.5756868410740169,0.6225766396132254,0.005214575672272987,0.05622948176377145,0.09188732257178157,0.004458209891203332,0.04921873633202345,0.08732854097773972,0.004921316240756429,0.018523228087838794,0.012902627503457387,0.8483350732058952,0.8172452899475512,1.0,success,
PAT_173_268_1000.png,0.5719698644598358,0.3915607695223304,0.34616782686672026,0.02887689887736257,0.17626898127872662,0.08431625849234438,0.02651703564182909,0.16548436135519123,0.08452919840518677,0.008685016255278791,0.09301665633024953,0.1949278601205861,0.8648529594734672,0.8640256675515222,1.0,success,
PAT_342_716_316.png,0.6382899965309377,0.3441125813904642,0.8291614465571988,0.013714731467889612,0.08210940457320941,0.038524957571137164,0.011944282109449719,0.07532783261984817,0.032974087520063367,0.01450198088825232,0.06395387410549241,0.03394295247826051,0.7840196147471453,0.8673585088750506,0.963302752293578,success,
PAT_996_6_622.png,0.6302924559796048,0.3451955098526569,0.4922494598502201,0.012964412974591085,0.050232664097954585,0.03794975353431953,0.011383568420853998,0.04788190627829915,0.035854386650037644,0.00928092094488488,0.04542619036015405,0.035593677404681834,0.5976381026742144,0.5319300470964965,1.0,success,
PAT_651_1232_950.png,0.6070067959228521,0.15759885784641176,0.9960627136626193,0.005130867516239376,0.005245353810324047,0.0038139663604052033,0.0019898624166790734,0.0028410372148771467,0.0024588085992824638,0.0008733068322021451,0.002090516184987762,0.004761588401518413,0.5076756610536282,0.3438298260258967,1.0,success,
PAT_1600_2685_164.png,0.6289030776845901,0.4235463241900534,0.6085608583055864,0.02011895509721129,0.05539331536102007,0.06882164586666654,0.021432446662679936,0.04861139945125882,0.0648822989138373,0.0024325069766159718,0.0482683417985279,0.013212021096283943,0.8876341519761319,0.8055415405961011,0.971830985915493,success,
PAT_1807_3481_801.png,0.892236529096673,0.08270569167699494,0.7101948072583977,0.21334209075785315,0.023828099480325722,0.048420303184836776,0.1642953307744414,0.022138335367141798,0.04460692876342703,0.09010236923557942,0.028183534862329274,0.027487333124832758,0.8163742757288697,0.7978600315167648,1.0,success,
PAT_960_1816_662.png,0.6412871095740243,0.2122544237207078,0.5969488283118125,0.022138230457458555,0.030128369586611345,0.023391275079679242,0.021554952809661423,0.02773824130642653,0.021519035636781616,0.009585757224435634,0.03610527553684409,0.026604691456750706,0.79839455602537,0.7901724975184063,1.0,success,
PAT_1755_3310_986.png,0.018464595611139036,0.4294440639078693,0.6500938347506001,0.2136948701059901,0.11265546623841736,0.06589236302990892,0.22084958024143608,0.10795066940268998,0.06325717409490664,0.0050226488437107855,0.11212944575291506,0.005679243711553927,0.9141521230618486,0.8556558283519479,1.0,success,
PAT_1006_53_385.png,0.598627523833056,0.5374629023666387,0.6806711817974279,0.0047990205991603535,0.03391659269095868,0.04527527140085739,0.004223635406296789,0.028864530905165456,0.03875295797800126,0.003052432585913323,0.02903530055668402,0.03799397657361281,0.6439070028645723,0.5757144083685628,1.0,success,
PAT_380_773_362.png,0.6521825592230385,0.33038404806585886,0.6111383978561886,0.024286251369117887,0.08586956210486797,0.0373402943777967,0.02233545591588156,0.08476233325504552,0.037514192969136245,0.03835850803952133,0.008439477416154195,0.021142763073424997,0.8931324489236614,0.8593100607469116,0.9932885906040269,success,
PAT_834_1574_276.png,0.04696732958842131,0.4387612387612388,0.6486650604297663,0.11171069452304495,0.04281902872751819,0.0457050762789881,0.16535247885819787,0.03941091610038026,0.041233094447205396,0.006040834218714286,0.009240917427697282,0.06876637950015752,0.7891102677630192,0.8513096564791718,1.0,success,
PAT_163_254_719.png,0.9970741630874289,0.16827850201664243,0.7899908819832919,0.4782776753226937,0.05737175283352382,0.04181529672806637,0.48139166204382866,0.05267354367384584,0.037343970802579264,0.023091841394388742,0.004249470099640745,0.014995689717092864,0.7476770027723519,0.7516981113138023,0.868421052631579,success,
PAT_265_407_421.png,0.9977249244194807,0.2820915032679739,0.6001809954751132,0.49345926832551384,0.02175681571879891,0.017987519900756126,,,,0.011056246911000914,0.008017429193899805,0.015069549187196163,0.8881140084899939,0.843270253949758,1.0,success,
PAT_674_1277_9.png,0.9970437069132159,0.11337781527213232,0.6562210803486975,0.4903286142491957,0.026560397269181014,0.02289417631439425,0.46014531571015727,0.025819852208362207,0.029955468394247852,0.01656336902064576,0.046395784889581834,0.029305778145341965,0.6643512450851901,0.6619193742569098,1.0,success,
PAT_1800_3460_206.png,0.03600975390178759,0.365304301134996,0.5302020033698088,0.02711299241832309,0.07502767785921322,0.032650381581346914,0.013291829384598977,0.06605976875928153,0.028072189772738322,0.0184448623322091,0.034868530716752166,0.04434147427367974,0.3580348291963141,0.3134867747450015,0.7877094972067039,success,
PAT_585_1130_552.png,0.08169813927362365,0.24563936736564582,0.5140270574500547,0.0356944666867024,0.09877812675882201,0.058108704942248485,0.03128618231361861,0.09708934459969866,0.05733624738511144,0.010205342167848987,0.05115419551837605,0.050151100736662624,0.9101755589297387,0.83328122993951,0.9893617021276596,success,
PAT_690_1309_154.png,0.6433320363876579,0.37811979460635176,0.5555515021360755,0.020891336410245095,0.06922195515452938,0.040043529349581754,0.02204477600657555,0.07171268685576485,0.036410625445889216,0.027842820402782485,0.05010859012455904,0.02094784517513615,0.9154404146076279,0.8773317024504013,1.0,success,
PAT_1577_2543_510.png,0.6284578844746088,0.44022803054748844,0.546799410309461,0.00708954342882626,0.09239388621525525,0.08431659294113633,0.005840401170708609,0.08363583897897489,0.07925368499047451,0.009020837315086065,0.011917466398604304,0.15489040189181102,0.8112826248125495,0.7402690803038798,1.0,success,
PAT_2034_4266_880.png,0.05506522010386465,0.6111554084549421,0.6738779399227721,0.004283604700847945,0.06551581192608345,0.04009806605762845,0.0034521807250105763,0.060245026759286696,0.03577812394917108,0.0018424092254132082,0.021471308378437137,0.0009954952132190664,0.8002423991179206,0.6819612674605785,0.9183673469387755,success,
PAT_505_951_710.png,0.636422085089076,0.46493465688729174,0.7893310554066394,0.00839440982699073,0.09669981420849344,0.0576895475065758,0.007754199747939095,0.09471089517562466,0.053922240372119505,0.004363283052156754,0.023980076440794418,0.029733383301869476,0.8911279164586683,0.8587825610811995,1.0,success,
PAT_1475_1651_727.png,0.6318830931980861,0.18939209902249984,0.9785528370640292,0.0024400756843026426,0.004842904014591036,0.004996995504450891,0.0006523051926106727,0.0008153612606943977,0.0035454744044135563,0.0002657081742705082,0.0002368898279422882,0.004453698883683188,0.793771339626431,0.7919455307100963,0.9795918367346939,success,
PAT_1761_3329_837.png,0.9981479605298519,0.2430985874850308,0.4942284551789811,0.48879280780760975,0.058861248625473546,0.0940212727420596,0.4771491909187634,0.053744199989982346,0.09309822289517426,0.006206402541103115,0.08282593959628384,0.1676592958728566,0.5517211735752326,0.4610503683358148,0.9090909090909091,success,
PAT_564_1079_430.png,0.6795753396659633,0.47429046941992087,0.4511269825524364,0.014469950506009981,0.10647018257562163,0.04871558792962605,0.011235647363203758,0.09699852709452553,0.044452303866784684,0.039835779004216934,0.12663222741589492,0.010319375458448576,0.5587344263532814,0.7096982803116785,0.9097744360902256,success,
PAT_747_1409_116.png,0.6342835721400315,0.3574739621534399,0.7047210405359151,0.025118079233005016,0.08972677338543063,0.12500810226214396,0.023616672662672894,0.08091329282147841,0.1148831512249363,0.007199490817886082,0.04614900987801229,0.04917564504186933,0.7838063353604849,0.8079023330879743,1.0,success,
PAT_719_1361_234.png,0.6712833367858106,0.26238130336768695,0.588861446241866,0.04192307748828085,0.0860550719812103,0.11055516793557658,0.031989873324250004,0.07762307717380618,0.10864288038034638,0.027953639500598846,0.00661926220404907,0.13155487965765755,0.7087959710741486,0.7054284525242049,0.9146341463414634,success,
PAT_2129_4680_110.png,,,,,,,,,,,,,,,,failed,Failed to load image or mask
PAT_950_1804_334.png,0.6618719176151429,0.6237891556910741,0.6869930405567555,0.013039905392698427,0.1428389756131669,0.09183707150581052,0.011866804707389133,0.1329490428119445,0.08475620675307614,0.008714985900398473,0.20010132936516034,0.13535634437446353,0.7146471791200872,0.749549711974124,0.9538461538461539,success,
PAT_406_808_975.png,0.044079783476866995,0.4151325433296383,0.701928864972513,0.00890206893637516,0.0665011259154713,0.052308173802614474,0.00751988404006144,0.06335091192218636,0.04874809225779818,0.011870683383936721,0.08296879921665379,0.009335598918023047,0.9457932722455376,0.8841043271224929,1.0,success,
PAT_237_362_52.png,0.0625121790065809,0.2276796950471267,0.6130805984177959,0.34891457612457033,0.11823787017428929,0.06534868742408886,0.3677111432965238,0.10759009289716572,0.058148226717073745,0.04767451953760611,0.002940701230185805,0.03364936295216281,0.7648501650018333,0.7180575625311656,0.8987341772151899,success,
PAT_900_1711_622.png,0.609329341330029,0.5776655374191562,0.6752571604558053,0.006702328103406439,0.045760470774375506,0.07247224177778658,0.010408717976159209,0.04070691497555006,0.11268126124454478,0.005995947231722138,0.07289270145550242,0.09220338473788192,0.7967567109831484,0.7934641957077482,1.0,success,
PAT_504_953_569.png,0.6337048533347183,0.28414556144341513,0.5591903557707377,0.01960742692994397,0.06632205350108027,0.06627186689073886,0.0181184951794084,0.062399270362496186,0.06376675923607315,0.014855364486417954,0.09473902074660356,0.09320942339615157,0.7355141280672206,0.6096926520112059,0.9364161849710982,success,
PAT_593_1127_823.png,0.7445569047751006,0.24497154545002187,0.6209235878136482,0.06754106303890524,0.08808922624073029,0.043427743089764506,0.04177201105950639,0.0794606699283098,0.03504627931438363,0.08100953919082296,0.08625182469945628,0.037990929269287044,0.7735495004930755,0.739095144956291,1.0,success,
PAT_673_1276_752.png,0.6475438507212862,0.48654488774526133,0.42949818986104493,0.008759413656003433,0.07679804299238949,0.0470115121864144,0.006916135433356313,0.06552139190823518,0.040454351734098205,0.013011620697285132,0.014004674054994837,0.02718843688546202,0.7057217611402609,0.7952287919616493,1.0,success,
PAT_487_930_973.png,0.6461590306608702,0.34742254248573434,0.7742394260147727,0.014376014608363456,0.09517952104944322,0.10702667887074072,0.012220340305224857,0.09242862080136144,0.09784520791943423,0.025793593531908875,0.1272074108547357,0.0491449099775354,0.8797743715874706,0.7642765255622619,1.0,success,
PAT_1180_651_559.png,0.6148520282063606,0.3534744606092285,0.5728069501169228,0.011754356419813575,0.071945750529631,0.059252445906123045,0.00659240446387277,0.056205845838687984,0.03094399479963146,0.00842628941059884,0.14267543667485333,0.039482996753263944,0.9031296668265621,0.6929659568000127,0.8613138686131386,success,
PAT_931_1762_69.png,0.5786267676578533,0.24323670247929136,0.7623771994872414,0.09176727208284825,0.09878458002199213,0.20624998872844466,0.09410609165046281,0.09968309229259002,0.21192113876812035,0.07093972610751251,0.06948350212428922,0.14456986785893788,0.5814299519530932,0.6550697986256259,0.9186991869918699,success,
PAT_678_1298_396.png,0.9964752201779326,0.38121638035745276,0.45966028495960826,0.4838396617807546,0.07999778887184153,0.08968346471901131,0.4830172521618428,0.0739141141747249,0.09200491333284873,0.008100037671507385,0.09194422105263073,0.0177311698060032,0.5203215003177336,0.6858659912989028,0.8316831683168316,success,
PAT_810_1526_639.png,0.006604036606075603,0.2710583680882674,0.8435151975935078,0.4440376374690903,0.07224595002053687,0.053137850387885786,0.43341715583737034,0.0657656537100261,0.051253308967321914,0.0046233818488257685,0.005917434330568128,0.007173140334637007,0.7088327526132405,0.6307225653726076,0.8206896551724138,success,
PAT_83_126_820.png,0.6677031055465391,0.5100031351647921,0.3905938524643701,0.058012151513500525,0.20369152368378415,0.0903564317308795,0.036256191935215225,0.1883435121818526,0.08714221746832718,0.023982048112651692,0.011918583425021112,0.13525903204203366,0.8880981558734573,0.8481863535969012,1.0,success,
PAT_1220_765_464.png,0.6079387407334627,0.5736938432583087,0.6142316106216116,0.011972883761228192,0.09380528565293292,0.11500885834447763,0.010254428691622554,0.07806860457539057,0.10335818918508166,0.012327065505214167,0.07843192989289793,0.14110777052366907,0.5860520486188467,0.5061137579928983,0.8538011695906432,success,
PAT_638_3680_891.png,0.6996504679856256,0.1683793877039236,0.6299017913421849,0.06612111843952058,0.07142630725265146,0.08679439625328852,0.06439249214425954,0.06991815750411526,0.08435840287444843,0.035930333244558375,0.03211577810433516,0.014804091010756304,0.5534128193769756,0.6411495226475571,0.9438202247191011,success,
PAT_901_1716_497.png,0.0015029376407572276,0.34283273393686353,0.7809047441886101,0.31509525585135456,0.023113547003019326,0.011665392242131839,0.4853003012217163,0.020415172772600174,0.009262118286959522,0.0003570292135102856,0.007430512211671569,0.0005609980018022043,0.6429459873776167,0.5576630310645927,0.7636363636363637,success,
PAT_735_1391_261.png,0.6511779572802202,0.1908210925336763,0.6168325097587942,0.022309761048190355,0.050257776180442304,0.040344273387483254,0.02656451064507917,0.06809972682582038,0.050549655881890164,0.007621212480972793,0.08266802914239135,0.014647891619301023,0.8884396853146853,0.8073246434780037,0.9411764705882353,success,
PAT_787_1482_328.png,0.6146678310820027,0.22752472156065542,0.45984793375252864,0.06839580705281603,0.110959488790763,0.1651454429113159,0.06045452031445072,0.08387024402181967,0.14751996952974047,0.044997580716062975,0.042664547983027656,0.11097261503330458,0.7539411972937278,0.7333180547254093,1.0,success,
PAT_467_904_535.png,0.6019239205928595,0.4879390855868414,0.4831997490939504,0.02765561475040606,0.14592448458229243,0.05089926487621609,0.02341590727284254,0.13780371332665253,0.04636781649443349,0.03791821205038835,0.17369929130847434,0.04764154718611163,0.7672489598530612,0.705670746301595,1.0,success,
PAT_684_1303_178.png,0.0011320084628952908,0.16993485415084486,0.6121607721369312,0.4532438267631489,0.05548721603251527,0.0677950367568644,0.45265032104276703,0.050595963588946025,0.06292683590220474,0.05247402983618801,0.0342990686557717,0.061057713897599175,0.7632621574710972,0.5318784281076854,0.925531914893617,success,
PAT_822_1550_132.png,0.007668479576032111,0.4036620063438474,0.7095380063619987,0.25597514054766596,0.06426974108696665,0.03373361357976902,0.29532862152908573,0.06238768708721496,0.035225103651014604,0.006164365869002717,0.005342346135550402,0.03506430934173088,0.8726108966502069,0.6730436545114789,0.9743589743589743,success,
PAT_1296_1038_1.png,0.6514085390946308,0.26053429967975733,0.5692538906680151,0.016034688180289067,0.057049616888101534,0.03322067422581062,0.014515331419944762,0.0549566157985293,0.03078525162682883,0.01903232836540825,0.05390560793460289,0.04533449502183129,0.7424250641506898,0.5958864799391482,0.9538461538461539,success,
PAT_629_1192_362.png,0.9616111926152432,0.17895433643178058,0.6273135977948332,0.2634512098851902,0.0943267555112093,0.08875577281062176,0.18523643880409074,0.08954744558253354,0.08340078925196652,0.02657686845592906,0.08117724138550494,0.06552012000073704,0.6955679250756774,0.7644147108695712,0.9867549668874173,success,
PAT_1286_1000_276.png,0.485904183350529,0.11829256365394855,0.5831583732698695,0.057862495593999225,0.048992913567101004,0.10772338350021565,0.045896997379644325,0.041232698918053555,0.09002025533239777,0.06513540844567953,0.09582113852559726,0.10608196850012608,0.856569676587975,0.7894886986700178,0.9202127659574468,success,
PAT_1603_2704_969.png,0.6155631917689594,0.1343434708363139,0.6178240857822063,0.01712367544638357,0.07788192702703466,0.03391624126073471,0.01560706386081198,0.0751888332874004,0.03236701340549896,0.022731388569288986,0.1649576459358543,0.04161493545540884,0.9187374399762485,0.8704406054252977,1.0,success,
PAT_919_1744_451.png,0.6813075353142074,0.24916516311789977,0.6049226284579173,0.07480642079100239,0.1179285042646381,0.07021453999178479,0.04629028585017416,0.11005186138797034,0.06703930141649384,0.010068663056716944,0.11844759772370128,0.0318322860025545,0.931323246864408,0.872469194646439,1.0,success,
PAT_1305_1082_88.png,0.611733157706586,0.5103462127488639,0.4455491116634447,0.009198700654362917,0.10699285687527221,0.09680702412165704,0.008174789713271324,0.09539355795846383,0.09186683621049456,0.010248095152494347,0.19953422079011907,0.1706266305502313,0.8792397168993491,0.8469751909866874,1.0,success,
PAT_625_1184_412.png,0.9248054753552586,0.19208218300065566,0.6200641540166825,0.37673366544912484,0.0724555633501413,0.09338939357314915,0.37822649734865327,0.06664480579619164,0.09138632914444485,0.07292000180573363,0.05181617449935305,0.1512233819767359,0.9656757176978856,0.8687050840480179,1.0,success,
PAT_460_894_242.png,0.5977658684520517,0.2770924650990429,0.47413459329986546,0.0359699477861365,0.14329529025455384,0.18795566484389858,0.032180398785646436,0.14110711228864198,0.18367993966916799,0.007737905767034034,0.005530902212905697,0.045652494826323,0.915179108058962,0.8286534843497225,0.9817073170731707,success,
PAT_1534_1809_366.png,0.683118365512471,0.23473540522523095,0.4545506491857401,0.013291220635299575,0.05470481696740805,0.05921783053006787,0.011691749009841903,0.05158942434876756,0.057473840979947705,0.012216209943458189,0.12060937476554114,0.1323386433483757,0.7311725663716815,0.7062548453148179,0.8909090909090909,success,
PAT_2099_4562_100.png,0.05143265850375144,0.5390597725693561,0.5795464944837053,0.005467194524481868,0.12221099937722853,0.05219354319264676,0.005041351849988639,0.12031324899985012,0.05073688371001542,0.0022179285878969382,0.03692577409364073,0.02320339187163578,0.8564006024096386,0.8124575518750138,1.0,success,
PAT_352_729_947.png,0.6119064239833074,0.18786911210364599,0.3782330767525104,0.21609221150680397,0.08155891719604987,0.12039544389423497,0.2008653391760763,0.06886049772564573,0.11764364840929149,0.05121152912433426,0.009743202986289834,0.18090464361753678,0.7606598016781083,0.699845438149245,1.0,success,
PAT_126_190_376.png,0.6853172673075965,0.39491119725994267,0.5671423305929847,0.014291362613461988,0.07158704492970595,0.04388692568772078,0.012551070722658354,0.06278879310586909,0.03611567466209409,0.020747890543063995,0.07698729110074243,0.007369432154072153,0.7847018505095298,0.6979312804044793,1.0,success,
PAT_626_1187_34.png,0.6539612020597373,0.4545069154178136,0.7084531212831754,0.008492702264513098,0.048834717442439064,0.08507937708845537,0.008233876705607298,0.03823727111995271,0.08094225990340098,0.019115964133301983,0.059237435898257085,0.15492024900734924,0.7056231789090782,0.5304065762203181,0.7626262626262627,success,
PAT_633_1199_745.png,0.7158879526164189,0.37229306641071347,0.6065298535886772,0.01979422929246387,0.13974054113487552,0.029114681754198565,0.0182292912896845,0.1355447596137391,0.027966160020893322,0.004449568760464394,0.23628682311737623,0.0352026603124056,0.8794258373205741,0.788638652534195,1.0,success,
PAT_902_1718_852.png,0.6193735378643158,0.6749637189385904,0.32745815007379825,0.01358155745036273,0.1678534230127698,0.14875955951030978,0.00936486303127156,0.14129638975000863,0.15209943549784533,0.016229093794380135,0.2157909140141515,0.3215718322895174,0.7700527245675173,0.6869224409483117,1.0,success,
PAT_877_1667_118.png,0.6426992763056248,0.4871354014242513,0.5380523851331578,0.007230281245022385,0.08764620370775957,0.08836475300394567,0.005411068098103386,0.0860688400289264,0.08545535886336204,0.006473583346911245,0.05581047145226253,0.10180475772398512,0.7246242685105013,0.7531737470915248,0.9506172839506173,success,
PAT_645_1222_860.png,0.9768970563575905,0.43032268025320364,0.4290841095843412,0.18827382881656252,0.06335287089732079,0.03524187223539633,0.11089598741756661,0.05950323719618676,0.032893515282640146,0.013109557457085606,0.04727944135937395,0.06236128066679164,0.8747877630794539,0.8271733540763793,1.0,success,
PAT_478_916_979.png,0.7048908981946501,0.13363560922222087,0.8476497448294386,0.04251104452613941,0.05625548127846519,0.019416398167518552,0.04036418446148488,0.04965668737468464,0.015439838974779697,0.08272667685884348,0.021202089864514953,0.011469092202525566,0.7241614601257059,0.7039462762916964,0.9668874172185431,success,
PAT_377_1580_429.png,0.029645696424125064,0.4995752851433282,0.6294315916893634,0.007465920877958997,0.043069534858705946,0.08128332340740915,0.006720853050727955,0.037580036562336085,0.07596298650695325,0.011563590325219404,0.046647072535971223,0.09717349662695496,0.7344615384615385,0.5800395243456506,0.8524590163934426,success,
PAT_873_1661_178.png,0.6089697224604765,0.31567780721171873,0.9631672533294625,0.014344704297257151,0.06397095467122357,0.027487152556467123,0.013355923448200325,0.06327920556532025,0.024572470570861177,0.03848773807364102,0.05179006097103134,0.008001447251002825,0.7075206829059688,0.7784111591953347,0.94,success,
PAT_565_1073_749.png,0.6519321805171991,0.5498159202047538,0.6502868019318667,0.007156721159952923,0.05674082503555426,0.027340228237458037,0.006002484208382611,0.054924606057385604,0.023115460112891846,0.015396099321187823,0.06907552804789102,0.029635115279462165,0.5418691171589923,0.5847570596106565,0.7837837837837838,success,
PAT_386_784_470.png,0.02074052613695213,0.6031291477892052,0.5459705425092009,0.006732175199396866,0.09087525478588408,0.07352169965816091,0.0057801998978501854,0.08574335048773804,0.07339852911959747,0.011670629096926281,0.08248452942683893,0.08976117507053494,0.9202909238653855,0.8413731109382986,1.0,success,
PAT_1393_1355_316.png,0.7382968941495234,0.23229350276696042,0.6263906538225046,0.052403803646605594,0.09414177560949118,0.09025024832719084,0.050408651070873646,0.09026086854666421,0.08771632539091055,0.010358351616765226,0.05200509110599974,0.0385953405752546,0.8257365857192009,0.8529549646491145,1.0,success,
PAT_108_161_878.png,0.7088359618731401,0.28709739733299267,0.5960985092198388,0.16021523048057612,0.1881382559409979,0.09459920659050065,0.1504796839407872,0.17699290951241883,0.08494196176705106,0.02037360498895645,0.22189823303215928,0.08815167021775583,0.8555452437605806,0.7364992004536326,0.9710144927536232,success,
PAT_1940_3902_876.png,0.6212570263910131,0.39409095904174324,0.7309795548857387,0.0036528278363337544,0.031378996421512324,0.057086289062477966,0.0027473878737876985,0.03281739499689758,0.0589094466732878,0.007913005291287098,0.0934339601310678,0.1321672316066359,0.8672471851124242,0.8361616471472556,1.0,success,
PAT_545_1029_650.png,0.6727565683340405,0.25136249959401086,0.614698526784776,0.01519779288013283,0.0968994088135125,0.04245495389442206,0.014473556639471714,0.09003846566618899,0.03761626349147001,0.02211575010817981,0.11218041227476372,0.0310733933638202,0.7898156387560941,0.6970221234832861,1.0,success,
PAT_704_1324_359.png,0.6462755797677211,0.23605767775688005,0.5832803683766781,0.01964942820161172,0.06801429171781023,0.08006539019525133,0.01809507091047403,0.062125400022210786,0.0786666987970874,0.012842079956664776,0.021733059020496603,0.11606032480369333,0.8065495186075401,0.8186527671187962,0.8953488372093024,success,
PAT_2020_4176_865.png,0.03593495549261223,0.21285179369489068,0.5763457744494102,0.2949475501701153,0.11161327657693822,0.06010652915829322,0.30031777154380374,0.10877182571593777,0.05706723157398032,0.02703188466885144,0.00218951479731766,0.047584021245091424,0.6599339940147115,0.5193384497910843,0.9777777777777777,success,
PAT_1138_520_154.png,0.6488842629233532,0.41121539018945547,0.42604691389768706,0.010487739786117873,0.07481435512066907,0.09340189972398118,0.008998083197841206,0.04909017769791412,0.07857928808668006,0.01936218897976213,0.12740844907068333,0.19174823751255826,0.816809270257987,0.6595821473157034,1.0,success,
PAT_380_774_185.png,0.774444046765103,0.13881987448654529,0.481217422363989,0.2925751461245507,0.11121669610615036,0.09145528366142208,0.2985349944426823,0.09736736413973004,0.07914529863661145,0.03069005166325051,0.03841903518403461,0.03628203498352567,0.8741859475914386,0.7268534130411609,0.9795918367346939,success,
PAT_559_1093_774.png,0.6292159200014221,0.18082576642142692,0.5452983120401755,0.060094992208982886,0.08450822118263406,0.058350354540249456,0.03405952889113432,0.0710227071088447,0.050035529976890245,0.050516115798680594,0.011797472673517717,0.02707229438856773,0.8202741094019068,0.5312465512844916,0.9655172413793104,success,
PAT_2093_4542_192.png,0.016952171371948488,0.1969274307661209,0.8002978235967927,0.2746584893199239,0.04259415225718265,0.05338476654429277,0.297363474026268,0.0421209772960934,0.05002367835786167,0.008441655209856085,0.060076238998027,0.010229793466097536,0.3488914430575547,0.45031648332255525,0.6914893617021277,success,
PAT_1468_1622_219.png,0.635421329986255,0.7876794610724761,0.468567257079187,0.015531238105069916,0.17647159126429357,0.0748173101967313,0.013329407129458853,0.15729832631456056,0.06285640120103901,0.009378803619226833,0.025846631263815478,0.024247149650272193,0.6192392780222867,0.5368245260707054,0.9019607843137255,success,
PAT_387_786_213.png,0.6418092500940688,0.5527698906263706,0.5889652211249463,0.012615083158218056,0.12312418696554107,0.10158248233877974,0.010516867004074846,0.11651718324802325,0.1083576752374951,0.005508579866380122,0.17466293979136954,0.04174251995345657,0.8840073424232162,0.7737384243612946,0.9838709677419355,success,
PAT_1975_3999_453.png,0.6235356882822916,0.2853964760315713,0.30108196165209195,0.010762330249336373,0.019075273476027194,0.037369140785779326,0.009800752745937006,0.014860675860291809,0.04025115758952165,0.02064820191400661,0.005109148038066613,0.10290467070824283,0.8612128601479838,0.7228521420792033,1.0,success,
PAT_1728_3234_404.png,0.6178934647716571,0.4954523468866588,0.7716357683318282,0.008424959072933317,0.0366156692846725,0.0826806025775709,0.007307280180953809,0.023459315252152623,0.076447888456343,0.013371853316705856,0.032091365166917574,0.07451337133581393,0.5690494149118444,0.350777980718436,0.9527027027027027,success,
PAT_1563_2426_436.png,0.6144056091616522,0.23577680953526223,0.6497500778384949,0.027600184652424004,0.05777546565879286,0.045038308171113026,0.02409666294480492,0.060922994227587894,0.034237872310752676,0.014624612029539305,0.11605613328547196,0.028697749150206175,0.6837925049153286,0.5247410820543992,1.0,success,
PAT_366_2448_563.png,0.7290540002210679,0.13895600733211133,0.5876826084541465,0.22383554834876374,0.06706121007787456,0.08590993992697854,0.21574718936469103,0.06235405506841473,0.07895393432991199,0.06515150886826196,0.02565057709909338,0.04078042389986836,0.740401262503191,0.6622998105811512,0.9629629629629629,success,
PAT_711_1334_480.png,0.7723557401949311,0.20685077004779606,0.5832599210687992,0.10820916605931079,0.0819610055263395,0.07138838760551919,0.06725092796249818,0.07459375381289442,0.05289661418453985,0.14288601206307266,0.13132205510673572,0.08303897756271661,0.8676951164246721,0.7917281565042045,0.9662162162162162,success,
PAT_428_845_189.png,0.6739977995127606,0.24402955685445427,0.5803171938260858,0.1321212136716201,0.11475801171179825,0.06215373542243626,0.14913409232730732,0.09097101958571976,0.04934043335971637,0.03010358525823575,0.020576742760482852,0.02753174628265964,0.8872079373282362,0.8522801413262888,1.0,success,
PAT_1186_681_457.png,0.5873489335473796,0.5219995253079756,0.6326006232246901,0.006566151982621714,0.09527447983529688,0.050913930028858544,0.005349489095176707,0.0879102417007572,0.04666555239548816,0.004906234967847528,0.003974373480638671,0.04795120662777208,0.7537299988147446,0.7582661713548555,0.9551282051282052,success,
PAT_802_1516_510.png,0.6113491943319667,0.2995979027389057,0.5621360449436371,0.019070726506981592,0.0690312214908814,0.0812720393357366,0.01671166159805293,0.060809347093973114,0.07269468260643243,0.016011183561852407,0.04380770467618461,0.029228930937563402,0.6134190979884709,0.6135978967456817,1.0,success,
PAT_2003_4107_766.png,0.6455325558520699,0.4290612277883848,0.7424978028305604,0.008385031841157053,0.05371025782154383,0.04055766119182233,0.0075917856830416365,0.04891449942063242,0.03771742058717407,0.013949885168975445,0.06525082173620017,0.016390571416776245,0.7703662516485237,0.8157963094096159,1.0,success,
PAT_2116_4614_671.png,0.6906077128825406,0.21995256376681582,0.7139773442767274,0.0658178392556264,0.08469754549582484,0.049169972696012566,0.07825324601258828,0.08143118348099475,0.04785419196121257,0.0019714624554685164,0.10742831274413528,0.0889704401066087,0.7275853375642094,0.7161391848612263,1.0,success,
PAT_211_318_942.png,0.6985742509651438,0.23456501734267712,0.5953867467564644,0.028023242730562458,0.10212014223207186,0.06771684145386184,0.025870648161886774,0.09085594733346716,0.0580671275052574,0.019286155224090686,0.018211000018233975,0.07442754526788686,0.6551538332483546,0.6878748171059962,0.9583333333333334,success,
PAT_316_674_318.png,0.6527736588550227,0.16592507175425636,0.7989034890866782,0.02563959272790829,0.011851320678514904,0.05968034991643988,0.02487734061554687,0.009755419180999318,0.059610290383914744,0.009137117812290225,0.0018805852518193888,0.005004342857723887,0.7184972696454415,0.5643012801575978,0.8586956521739131,success,
PAT_1351_1231_203.png,0.6295679449685334,0.18856104932481724,0.43732130361635924,0.05874239053450621,0.07843857161765927,0.08767243114101064,0.03668232561579997,0.06308107676053724,0.09679719267398479,0.05377316651438425,0.07121101821718483,0.27278232159353366,0.7474570246504979,0.7080591988941154,1.0,success,
PAT_1113_458_387.png,0.20094672506066794,0.15409478410950306,0.41977719831740645,0.16323236829365736,0.0675962929918201,0.17950378548089682,0.15887925470395392,0.060621723333333065,0.17093936347009764,0.2772206069104853,0.05363655119140795,0.048745028807719415,0.8865888288685966,0.8581295524813244,1.0,success,
PAT_1698_3122_83.png,0.6361406182099146,0.4904210164047264,0.6867554271909521,0.005611363764832548,0.05628803405039738,0.09286652948382737,0.00504712045670849,0.05633663255200012,0.09770867197551125,0.02399028564691624,0.22928431324987808,0.35210831111064683,0.8299683006984606,0.7464414664089781,1.0,success,
PAT_2085_4506_726.png,0.9772626582496772,0.10484617508975422,0.5346545153272576,0.41874442282438007,0.019812262960916024,0.05714080575901396,0.3378790518975651,0.017351244467670533,0.0538117104195993,0.09925857804448729,0.05782383126850479,0.10916673410274691,0.8152564102564103,0.8422953383291673,1.0,success,
PAT_1243_837_806.png,0.6287284307234452,0.1673570365912776,0.597883757083396,0.03815660923015504,0.014603260095405872,0.03297310575911404,0.03691783563467697,0.012480510054251574,0.03227487026806493,0.021233912717804455,0.0011795878677703375,0.000433280903460842,0.845876585928489,0.7858441440137857,1.0,success,
PAT_688_1305_242.png,0.6395107803284569,0.3622707936042247,0.6894756572620736,0.01631298802754414,0.0929538698079828,0.03591515585698708,0.014210543013034174,0.07812270072541894,0.020379431888701588,0.013597981794292795,0.06665333026454473,0.015317742210151475,0.8751874320008748,0.8672553679822864,1.0,success,
PAT_67_104_695.png,0.016721758536225366,0.263681084383641,0.36861779297863273,0.3568238407556119,0.14713259910001286,0.12173151196487804,0.3873079274422124,0.12756572524708484,0.11088356637400182,0.4026359845341372,0.08215002884765418,0.09435038830585712,0.8347016091275756,0.7751123409570031,0.9841269841269841,success,
PAT_2108_4596_837.png,0.6315330054028538,0.6835685654536654,0.3631225663073207,0.0060187347353327335,0.124869274337837,0.09166017296652545,0.005302355684875236,0.11767372122445507,0.09296401432115124,0.01090533491646555,0.03378634385440882,0.08719852056004473,0.7295711543946473,0.6327917908541681,0.9663865546218487,success,
PAT_471_909_353.png,0.08372497385009336,0.09232168520919387,0.46101948724133424,0.26328700594260845,0.04406681905477128,0.13251912725680712,0.2703378229104484,0.033323719784949246,0.14983689027820601,0.4692052124812458,0.040108132127752646,0.3655387664625318,0.6457496166016345,0.5151608944554488,0.9940828402366864,success,
PAT_621_3592_955.png,0.6110705043277471,0.24054121953845603,0.48732680137338646,0.02342644106115885,0.09601873267115073,0.23000583999426222,0.022120814305030437,0.09085036628616555,0.22284768034391397,0.009458757231755282,0.11003491813432181,0.2097742400001007,0.9176981799413839,0.849263969329843,1.0,success,
PAT_1118_470_710.png,0.6029898810390636,0.33802661626899755,0.652996298921175,0.004561808681132397,0.05402615400123078,0.057957880111094005,,,,0.009156118483455739,0.03344504932031511,0.03670670616099392,0.7416834523591528,0.7721090592378803,0.9,success,
PAT_1286_999_846.png,0.2676520207339093,0.09357833562420122,0.3484062510195426,0.15565935841450568,0.04809961862661011,0.05265010092591832,0.157602725141723,0.044574416487850314,0.05304488247454346,0.3057724897657976,0.2061335731273054,0.17690756266185204,0.8866339725222248,0.8246277509038833,1.0,success,
PAT_456_888_961.png,,,,,,,,,,,,,,,,failed,Failed to load image or mask
PAT_316_1457_353.png,0.18900808060635862,0.15884322341617124,0.6052767623056755,0.14558951056150923,0.09646485047587458,0.11711441285484057,0.14787367432474494,0.09750510334924582,0.11619693223022312,0.4518182038948911,0.036155491248963834,0.002533460104631513,0.795898201416046,0.691931004343441,1.0,success,
PAT_177_274_865.png,0.7137441221560037,0.29388715751201144,0.62338332684067,0.07370713073326944,0.09534991508096533,0.07063234670382129,0.05157711563261042,0.0912375323438137,0.0669322542677616,0.04252276903188243,0.13313949396060956,0.00699070352116371,0.8183476671309429,0.7742256188091408,1.0,success,
PAT_330_1437_458.png,0.6549533143099799,0.31765311667602075,0.6773366829694167,0.018152236091902543,0.07715740220056132,0.07400753609417376,0.013688021140312003,0.06354865917375938,0.06531990898502459,0.029966674539793955,0.0053747188886672514,0.04960846697166188,0.7679271868258744,0.629560241132617,0.9699248120300752,success,
PAT_615_1167_722.png,0.6209493338861625,0.3253584462176038,0.4247176346879446,0.017016552636331672,0.12195134114890295,0.1394141230962218,0.012003454112258923,0.10903262768780399,0.1412498679528125,0.018421900443455444,0.007575960590742226,0.2653212908699481,0.8852381770542502,0.7772096889272766,0.967741935483871,success,
PAT_1340_1207_304.png,0.689602062565167,0.10459002671485511,0.609884105247924,0.10821508986339552,0.04272984677086617,0.0821944357281355,0.09100844705938511,0.03685417985658974,0.060296309510689206,0.003378978265402329,0.04271015289897516,0.056170215111716826,0.8282664486983424,0.7754233670917657,1.0,success,
PAT_988_1858_453.png,0.7015153184845163,0.3883039781964584,0.7460756913162134,0.08110502313632445,0.15642191143653508,0.09066123553662096,0.0638843512441164,0.15101493564367105,0.08727853853166678,0.06172441595570493,0.023680008504142813,0.09526424402189093,0.844537178006666,0.8560224383472511,1.0,success,
PAT_2024_4225_170.png,,,,,,,,,,,,,,,,failed,Failed to load image or mask
PAT_947_1798_946.png,0.6783623587811395,0.10167826423461987,0.6086009558200324,0.084361932274754,0.046619422629288275,0.04591097695483813,0.0618160457573799,0.04306288853541344,0.039494890031296345,0.0438183351405176,0.005889703674904018,0.01336393711260242,0.6776168565474098,0.6431510160463935,0.8429752066115702,success,
PAT_782_1492_890.png,0.030215099633455995,0.3562411209426764,0.4410026754357499,0.28214561303907504,0.15450266263055365,0.12497352536431305,0.3358989148265195,0.14231396819686015,0.11972951514803284,0.14727128018514513,0.24573332808194237,0.1892704936609486,0.886531078688413,0.8754842011535959,1.0,success,
PAT_299_1452_1.png,0.6451464693706961,0.28315172536657907,0.6353279305417698,0.019019172600878546,0.07672841617291538,0.05683828846605635,0.016264736558610916,0.06714249610379977,0.05657050052650818,0.02330280277467496,0.05755590152106199,0.01789494066370556,0.7198002705730946,0.4357972178468507,0.9878787878787879,success,
PAT_874_1672_287.png,0.676663690839823,0.45910740184465465,0.6789211815286788,0.009760594618412973,0.06750419098976151,0.051317235797870314,0.00833395433793462,0.06043777288407504,0.04853519474202465,0.0067880857277664575,0.034176885948976,0.004114036442004698,0.8301756075235602,0.7666486682306012,1.0,success,
PAT_351_728_683.png,0.6522855437020856,0.478779222767682,0.9038832907491938,0.0089851194990924,0.09295844910863507,0.054970787391625746,0.00842663228150076,0.08423068308726846,0.04623414295924727,0.01882914415954278,0.0701304128231996,0.030247862713392637,0.9126088489167508,0.852178957420708,1.0,success,
PAT_402_803_739.png,0.632590124861937,0.44920974545386144,0.8340404320653836,0.017873902794481707,0.07894603254396398,0.05686297547013855,0.017233494714708867,0.0658915430332175,0.041043300338658245,0.028501511455005454,0.0002044975491070078,0.024448249692272883,0.6430877712450116,0.4845828405642548,0.8269230769230769,success,
PAT_1179_641_735.png,0.543572976495947,0.18749765407619562,0.623651807789283,0.02398005526198683,0.06474119347143373,0.07855247800771718,0.021546156665378267,0.06215636927066425,0.07696222350303053,0.0324053721148532,0.09318909558328048,0.008323479365829556,0.8985552020718762,0.755254784203534,0.875,success,
PAT_282_433_934.png,0.6736363497287965,0.3132516191189852,0.6048136452033043,0.025128895933283296,0.15660388071484097,0.11673558015116793,0.02119849154946303,0.1273392095760792,0.10345816769209644,0.005085865515851948,0.1431055367816678,0.11745024043063057,0.7461945484601751,0.6017761307656341,0.989010989010989,success,
PAT_156_241_538.png,0.6442184466646678,0.16145941921072227,0.6321148595757681,0.021932061381678802,0.028050149877678718,0.026262302733981994,0.01964859892309927,0.022474997987178065,0.021337065986873828,0.02562263274985952,0.005444825982500651,0.030254072463066883,0.4704754024506006,0.577676990218608,0.9234972677595629,success,
PAT_1153_555_98.png,0.713506223523915,0.32984098070621737,0.5362143148770453,0.03452959398143915,0.09257849058948187,0.03929862790654565,0.03285460253627285,0.09021785584315031,0.03750266929073187,0.11262269037508103,0.15258356088435604,0.05669161153846469,0.8613957576367464,0.869583422728156,1.0,success,
PAT_660_1249_469.png,0.6375916817947836,0.4485419294640642,0.9004084410152634,0.017674978779551192,0.0929632192864389,0.03704965615193912,0.00877772238214575,0.0871803899906411,0.031131221512968925,0.008885668174379507,0.07211104358913945,0.014176413174616376,0.9345516872000206,0.8704599208349953,1.0,success,
PAT_762_1436_414.png,0.7049844041077976,0.29574104282541613,0.5079027534836187,0.04022252428804835,0.15464523566093977,0.08383590818986775,0.038040308823302685,0.14411573510417353,0.07079191795941585,0.008124531009793243,0.13486965223904676,0.05778585344210174,0.6620482737965497,0.7510274348678081,0.96,success,
PAT_1373_1283_85.png,0.7104878258597217,0.17075810590156287,0.6724334856405824,0.035394236469407786,0.01354113793163184,0.08503831445332237,0.03656513525266921,0.010065727172942839,0.07937406032688701,0.045943997842282314,0.0006061534115990308,0.021805258926618443,0.8700520195797568,0.7700666189941159,1.0,success,
PAT_1689_3077_411.png,0.655432822175741,0.18963616357306493,0.6240009380016956,0.04125730320097662,0.0740535512715671,0.13758861992778715,0.04761087900937723,0.07564001203204247,0.12892726776859068,0.15329815576452702,0.15590985146058567,0.2209096015350518,0.8301501812917338,0.739991004550412,1.0,success,
PAT_669_1265_76.png,0.8275678098788392,0.15038213690025415,0.6098396960869491,0.17444480420007252,0.04778955527480468,0.07533963796650271,0.15886177196127776,0.03974852451058287,0.06218311929489724,0.015069279099764464,0.028916283617720626,0.0028950987047540178,0.8617628851216637,0.8407484502127853,1.0,success,
PAT_861_1639_823.png,0.9583127194395579,0.39875594584705454,0.6663395105572415,0.13662757033365605,0.10755364884806655,0.07022494872437376,0.10639441964100549,0.10943151841152635,0.06924427139700245,0.020623197245852983,0.15841265197998694,0.0035610019226908207,0.8372544802996926,0.8150384017065686,1.0,success,
PAT_261_401_911.png,,,,,,,,,,,,,,,,failed,Failed to load image or mask
PAT_110_165_583.png,0.6328687589007811,0.22635328774609778,0.6043147918582797,0.061652613202912654,0.07864867701004788,0.030168821791230035,0.04190623983685401,0.07194551741109438,0.02595452385504956,0.01687171078339323,0.1042968816220043,0.032118192294285475,0.8431186180401287,0.8368596313088494,1.0,success,
PAT_2017_4164_500.png,0.6360510023023537,0.45422162747721917,0.6308267830167815,0.012525262238269524,0.11920997849910828,0.07375178494915129,0.011772127230189715,0.12140827605431025,0.07014848086052322,0.022030648666790616,0.2649511042338881,0.05578197116852679,0.8462177641833353,0.744055993775741,1.0,success,
PAT_197_301_449.png,0.6375805575922947,0.38901641029154815,0.43573035504242463,0.022227954952078792,0.11179045277798395,0.06238848212244707,0.01412217318844235,0.09977437138693084,0.0461938629549952,0.0033914086780018554,0.14572262218807147,0.06461566571882105,0.738082489253789,0.8326086156066574,0.9803921568627451,success,
PAT_486_929_274.png,0.6600048315214339,0.3946249361468034,0.42868285590789423,0.01762247969419773,0.09792132483501576,0.09497593353036878,0.017297015200795882,0.09886527007020993,0.09206713213293433,0.033481179905160016,0.24436164179870176,0.1444192546718911,0.6403210478415315,0.4626717734640908,0.953125,success,
PAT_955_1810_892.png,0.6376512332500682,0.3946069846502524,0.5623484770440575,0.018920086117800047,0.09490854739981139,0.10264073811603322,0.016843946743881354,0.08338984743642273,0.09084838684144245,0.0007295645224593114,0.01115266675288068,0.0429831875366683,0.885383064516129,0.8239473479668294,1.0,success,
PAT_481_923_186.png,,,,,,,,,,,,,,,,failed,Failed to load image or mask
PAT_938_1790_977.png,0.007807024780732922,0.2389569515644761,0.43388169645012115,0.4301387631808832,0.09792432650117218,0.14475894833769717,0.4472047356069026,0.08856456915212892,0.13773312575535515,0.026704973147630397,0.05998075484507512,0.043666886132986416,0.6218249504153068,0.6712997715054123,1.0,success,
PAT_645_1223_443.png,,,,,,,,,,,,,,,,failed,Failed to load image or mask
PAT_86_1082_220.png,0.6587848727330683,0.2461391983242883,0.5932198643524819,0.016385170448775185,0.06755921488989813,0.09489414083196852,0.011790990063770644,0.06525669636704945,0.08579947761765262,0.028105376984104504,0.008004029363086806,0.07868251361998368,0.5401950413325691,0.3471595985525533,1.0,success,
PAT_477_915_389.png,,,,,,,,,,,,,,,,failed,Failed to load image or mask
PAT_1946_3924_24.png,0.05952069553740353,0.380379681034662,0.76902251886969,0.004306711461781859,0.0498750125955034,0.02656038264335728,0.0029319238509344027,0.04233763534737025,0.023441684471048826,0.008673220826108224,0.13315398224450767,0.05525783156835762,0.8331684139404111,0.7937448318924197,1.0,success,
PAT_1931_3879_727.png,0.6453359736710464,0.21195872033023735,0.5880995298704277,0.021181088336051423,0.0562009909619629,0.05179582571665769,0.019770988799082376,0.04971666725892566,0.05273437009067562,0.030270760087805115,0.019044521329246777,0.07414395584345657,0.8457977610674507,0.8008588538239738,0.9669421487603306,success,
PAT_904_1736_851.png,0.004967389633918521,0.21461312200484006,0.4517016201561502,0.42497671616605953,0.09621617261617191,0.053930234977460426,0.46116421801071555,0.08839903893743899,0.05661852364177286,0.18190224882486142,0.10697527491969727,0.11253594046145349,0.9287387284150018,0.85477057728266,0.9873417721518988,success,
PAT_32_44_211.png,0.6482502559422855,0.3558050920604446,0.8373290050398515,0.009123686049161781,0.0820155633830386,0.05808836290563799,0.007749019402052824,0.078814144861386,0.054410137323344945,0.014058254719809406,0.02910059173205981,0.010471223952733144,0.8454545554476208,0.8280234323921656,1.0,success,
PAT_815_1536_963.png,0.02064404598367298,0.42649351107349415,0.9179961912822683,0.1593030247907981,0.06687944850239362,0.04464368542803997,0.18916204421778132,0.06153424111581015,0.04375634863698669,0.01693616241791129,0.04035721302212797,3.0182260534084016e-05,0.8114096088252435,0.7922168813132154,0.9770114942528736,success,
PAT_303_652_342.png,0.05863508002927169,0.2654906121599833,0.6793109689499142,0.15061544362075724,0.12356977564714311,0.10183628260110114,0.050746517922077086,0.12134875690318206,0.09817215142270934,0.016301109951343307,0.0557108596075529,0.05567181325679371,0.8857359375130096,0.7661260934596619,0.9683544303797469,success,
PAT_330_695_296.png,0.622239604995688,0.14914483440435,0.9586126215191959,0.007662019907859097,0.020344947874843117,0.01801113175052411,0.006075415484571538,0.018267357862894087,0.01748837499575611,0.003960379632397348,0.008808559719256898,0.005295975711936851,0.819126682638694,0.8538384975405697,1.0,success,
PAT_363_746_18.png,0.9969738028376071,0.19591157217604022,0.6581817632713464,0.4858214354131635,0.06348960318872404,0.025133562328115956,0.4869184765787121,0.06252933560370331,0.020824011294384336,0.0015837360251214566,0.004961345931696309,0.02069246401734115,0.8115467021274038,0.7602942665878152,1.0,success,
PAT_645_4042_489.png,0.0029299021422364816,0.3643492504509735,0.5261523149972008,0.46365558470570817,0.08508828001538982,0.06598870562371593,0.48497549274492263,0.07844036718745266,0.06327223263836587,0.0007621150038963076,0.055000603340414234,0.016498624006368923,0.5488949631126783,0.43790806185958836,0.9368421052631579,success,
PAT_388_1590_328.png,0.6400706042097785,0.40564554324145113,0.904497279319672,0.00912716695695265,0.04281378540294087,0.03392926746035677,0.008514102589755383,0.039219046914831,0.02960715024492033,0.020490314041766548,0.017659370899566484,0.004227164135839678,0.6015965227989314,0.432346687398173,0.9411764705882353,success,
PAT_747_1410_622.png,0.6888314304336336,0.24802463911223963,0.7881092772840551,0.043740168432254596,0.08096700748067383,0.08452431856898818,0.0321133217460347,0.07436947403704262,0.06694692163521583,0.05007845873317049,0.061828455730713244,0.013863779711985491,0.8279577229854729,0.7543682555905122,1.0,success,
PAT_983_1853_985.png,0.5575708568905409,0.4241109939972939,0.4702518445426207,0.01584041848805888,0.1173921675451269,0.1280042308953028,0.013905450928855098,0.09854471508771263,0.11663036095452596,0.053664411544962494,0.1283364175863348,0.1269506598819896,0.8841343472683478,0.776989653570116,0.9831932773109243,success,
PAT_1450_1556_114.png,0.6562853043520186,0.32503399570118874,0.6143703118831425,0.007426851002640253,0.04968611264821371,0.014074378711250422,0.004989061238626914,0.04148763229445509,0.010844380821714957,0.003826944210936429,0.04079976146695452,0.0031752933351827384,0.8585318543356206,0.7852044695640741,1.0,success,
PAT_451_878_890.png,0.03649502715554084,0.39908591076098976,0.7776771441000886,0.01291540037367286,0.04469003521658629,0.025516680893939714,0.012259662915047157,0.0393771915441301,0.019983690398830148,0.02550428927312221,0.015030567050710764,0.01926144855270051,0.4984347811844747,0.5195682521376062,0.9752066115702479,success,
PAT_691_3994_791.png,0.5209175526098258,0.1661292057978143,0.646874887922245,0.0607941841648834,0.08182682494329165,0.07296935500708564,0.05948616522624274,0.07960797196165426,0.07359712944589909,0.11613694270590232,0.005777068896599624,0.04198721998133503,0.6908864127284849,0.4956377529424958,0.875,success,
PAT_1918_3836_82.png,0.009738557100712341,0.20271984551396316,0.5704044117647059,0.43779076515033394,0.04983817968124666,0.028744784252306324,0.4461243411299231,0.0481846688622771,0.026000652832199673,0.023582355966046464,0.015916114173672752,0.032217530615589185,0.8561735759953275,0.7005908818784997,0.9666666666666667,success,
PAT_430_848_550.png,0.6715141055005421,0.2704102292337587,0.6508879920644627,0.024536573950132486,0.07008883128788163,0.05527986924460786,0.021511465595953447,0.059461006053796506,0.04318651880677746,6.671516257894281e-05,0.1115982435479789,0.036180561176850645,0.7481564251564761,0.7546375737430673,0.993421052631579,success,
PAT_1184_676_303.png,0.6420001546406193,0.2169805215815699,0.6954830777195367,0.00967360779225742,0.04071675575538903,0.03966145819686278,0.009546813922969683,0.04623292108045194,0.04481043303756013,0.018125777607219045,0.0765202495133849,0.04633128216985616,0.8434692960966846,0.8125039251517077,1.0,success,
PAT_2161_4818_501.png,0.6042081412302663,0.6494365700150407,0.42348372979572163,0.006797080901899032,0.08783279045996699,0.08951408341216832,0.005429494254274682,0.07284095172403433,0.10731775387132406,0.007987366347242404,0.13544906140642976,0.32398355748253244,0.862791285367327,0.7441802417781369,1.0,success,
PAT_876_1666_961.png,,,,,,,,,,,,,,,,failed,Failed to load image or mask
PAT_1790_3427_723.png,0.6222490498974763,0.5222953682074514,0.5529164012175267,0.003909324689457892,0.038172205449679864,0.03283478478983178,0.0031104048841449875,0.033584763869575956,0.029099676045908796,0.0057266076128851436,0.0026497057881810226,0.024770222393341923,0.8162351993357218,0.7857748767472563,1.0,success,
PAT_1453_1566_310.png,0.6148677730039274,0.5212547846363677,0.5618886297974687,0.004913372031892659,0.07618722012669749,0.05742426534491592,0.003662498338271234,0.06359441424204239,0.04839702299763076,0.009645641506924107,0.055312181179890674,0.10518499210412213,0.762998763824498,0.5951397180742289,1.0,success,
PAT_1176_631_36.png,0.6624168098031199,0.2590749120160885,0.6478045919222389,0.004157914987077139,0.016173183919992253,0.019612932795377215,,,,0.0007096643955011454,0.010719672484378384,0.0063013239483826755,0.8898690504195091,0.8444057262954415,1.0,success,
PAT_523_988_900.png,0.0679884894798511,0.4876502213788741,0.47793327008222647,0.004006225704368429,0.025610914262556038,0.018515591752504786,0.0006547340495386362,0.011211050396748225,0.008464549969526097,0.0017547107641177975,0.032289895430312854,0.026777705216984138,0.8650583982202447,0.8046573099341652,1.0,success,
PAT_1545_1865_519.png,0.6285952197431387,0.6104477298940967,0.759011568976967,0.007601038211250174,0.056510809465698225,0.04957089884942844,0.006523744845941157,0.050835980976365325,0.04006803640960051,0.004081392677660429,0.018462438824553562,0.011312188432973769,0.893699740549982,0.8132396804011927,1.0,success,
PAT_637_1217_274.png,0.01205323899244586,0.32364447219372966,0.6106010197862314,0.35276575932926857,0.061132503287229044,0.11237419105567811,0.3364755436474861,0.05465148753390165,0.10036239666606162,0.01678335329873467,0.07994806580856312,0.042818069945333215,0.8734985464521148,0.7568164091116071,1.0,success,
PAT_887_1688_436.png,0.6530104743850136,0.3543973471741638,0.3770905420991926,0.014880941574156602,0.09054585999347428,0.05040125285313538,0.012448287173661771,0.0870629403281008,0.04894027747283452,0.021453666147560172,0.004384778043947657,0.04125410345133529,0.6853507998488475,0.3653758358390475,0.925,success,
PAT_1469_1627_109.png,0.632359275937762,0.4140509439006072,0.7932473660314592,0.009155747285597184,0.05194467719708619,0.036332416881914124,0.007613522886738614,0.04284650381284631,0.02725879188586244,0.004466812942151598,0.012501809015042387,0.03187593381333187,0.8172199421304837,0.701961333744882,0.9069767441860465,success,
PAT_447_873_329.png,0.6415564973145345,0.3178846222033117,0.6603224834237492,0.032589094085793364,0.07878624475516705,0.03575144088293199,0.03258217295517693,0.08297795666576598,0.035003997274224576,0.08896749501666158,0.12106219678271507,0.010206084354941747,0.7214343022733287,0.7642837854333556,1.0,success,
PAT_1840_3612_959.png,0.6251530672272144,0.45370042300878555,0.7435771358328211,0.006052884995294749,0.020763762946355607,0.016050554166673246,0.0046620502607863995,0.01587816164694341,0.013219229778513893,0.007054319703175417,0.01033322608789422,0.010612202918686142,0.7937561933454592,0.6769774434913123,1.0,success,
PAT_1587_2625_226.png,0.6653764505186796,0.268416800879413,0.5784845463609173,0.02912413219075906,0.05376553978591574,0.08851266394120463,0.027215396979273183,0.05169203324184095,0.08552701706558453,0.04416280518842362,0.08318503199447849,0.11226828966520852,0.8012703936488267,0.7918693568617788,1.0,success,
PAT_897_1710_793.png,0.6614154300312614,0.5731292561125884,0.6112847785200077,0.008925121368281497,0.049026247465519125,0.03211495269127825,0.00825929483718355,0.04822384889028863,0.03191417965261672,0.011633277219771622,0.06825978596787607,0.013525692748983853,0.7731161373491152,0.6557819135354354,0.9879518072289156,success,
PAT_931_1761_380.png,0.5972425228080321,0.35238578480539656,0.7746376384054123,0.009212671196321688,0.039932173359886095,0.050755085711219984,0.00843214510274335,0.03928295592345434,0.05002576459366062,0.0013550082263244514,0.016861959919869995,0.07117681681441856,0.9285941703601912,0.844179671455116,0.9880952380952381,success,
PAT_1937_3897_131.png,0.09147048304484186,0.3202175245098039,0.6650949754901961,0.018405156075846342,0.05635398902893778,0.07201701128011412,0.016238684667095788,0.05250450024526255,0.06911155750699839,0.009564413950525551,0.04271101848727138,0.025767388873024877,0.7369377977434366,0.7920899307578383,1.0,success,
PAT_691_1311_890.png,0.5175190274315913,0.18286127333552532,0.6399959291675148,0.07797823039139878,0.10586745107550273,0.0918699370957122,0.06681541915858853,0.09595110453278485,0.0859330814045887,0.12239181035063432,0.023421136572285423,0.03392097100389513,0.7288107334594032,0.4878063515779261,0.8403361344537815,success,
PAT_359_1596_68.png,0.13422438808281933,0.2505828998265973,0.5743697478991597,0.12735733693492224,0.15993617407363261,0.07472261158170453,0.12196539994281184,0.15801248595838374,0.07032381374794183,0.21695585263606146,0.059515361700235664,0.011681709720925304,0.896238369517058,0.8431650489348673,1.0,success,
PAT_1528_1795_12.png,0.628798511277351,0.5016824049207312,0.7829368448410292,0.011665391101793729,0.05078636096485547,0.03125780246781066,0.010741316314433176,0.047278083123963026,0.027960099557873267,0.0174327417864308,0.029304391420249043,0.030216482063503136,0.6485900932787488,0.6159051172444026,1.0,success,
PAT_270_417_257.png,0.6296747362581757,0.46477510621831386,0.3634208947158418,0.011697509942079461,0.08631953458212017,0.11489634355785454,0.010024400752867252,0.07642931695419637,0.11202471110558983,0.015533414199251973,0.04983719772158185,0.20572235147152207,0.6660340082253083,0.5178231422208667,0.9943181818181818,success,
PAT_1998_4095_438.png,,,,,,,,,,,,,,,,failed,Failed to load image or mask
PAT_894_1680_410.png,,,,,,,,,,,,,,,,failed,Failed to load image or mask
PAT_827_1601_859.png,0.012335986782023259,0.43129974588907327,0.5650908989086532,0.019580090828431866,0.03712992372705881,0.021642037594090228,0.0055977313925580086,0.034447468632878606,0.019298562671593602,0.011013277705471019,0.06748258619269565,0.026235037415119566,0.7076316620248488,0.6334416895890271,0.9861111111111112,success,
PAT_1390_1346_709.png,0.8139482784949046,0.14294717887154862,0.6703481392557024,0.28011795914381393,0.09349346995686401,0.06634769709043908,0.0,0.0,0.0,0.08153245419889209,0.06593762505002002,0.055826080432172964,0.7624355195283714,0.7973815221380456,0.9615384615384616,success,
PAT_1433_1499_29.png,0.6196523314938298,0.29125529608828454,0.5838456990836536,0.014004188456185574,0.07290074181874723,0.0343294622249146,0.013497518287690902,0.07370887564043682,0.032565908291408055,0.0014557958589093466,0.04842057425985474,0.0012526618687677127,0.8971235045742434,0.8077115857655899,1.0,success,
PAT_801_1518_574.png,0.6685935884480375,0.11123446661765594,0.4062179698903651,0.16119534253625442,0.07533294987512501,0.17959181702391153,0.13552216058354719,0.06989098312599132,0.17745215238733472,0.06146644678906657,0.01623757372698653,0.09021612633747189,0.5103975396432978,0.5184464413231036,0.9416666666666667,success,
PAT_1777_3370_697.png,0.6371875070792531,0.23629004965846853,0.5332739365559539,0.01573287333792638,0.09454832123980463,0.05030003324615676,0.01490640071357147,0.09104236759453453,0.050038655279413716,0.044177141790750184,0.0866997462473845,0.048835542749787075,0.8651458926493335,0.797410411972215,0.9855072463768116,success,
PAT_782_1494_418.png,0.01095691810200014,0.5605525640151774,0.5448481130575057,0.09438490619196502,0.06426764527690329,0.025925422409823845,0.13439261572914504,0.060160657947735265,0.023533451976480886,0.014134579712455301,0.0052892890988642804,0.0005265103434919371,0.7016203784672427,0.6442915401125434,0.9444444444444444,success,
PAT_236_1071_810.png,0.6286827193322323,0.5520167114824774,0.6414853663414742,0.015855960976003537,0.09380904474123472,0.13191291081148565,0.017346639435220246,0.07825051701830373,0.14292689212760856,0.020808131840562145,0.03134170865118502,0.1735342554979557,0.9110505903920768,0.7309183930255981,0.9340659340659341,success,
PAT_1550_1888_216.png,0.06292820412620993,0.4047878055331722,0.5691982272360999,0.004986730522522162,0.05109774534584718,0.032257785175442505,0.0036924774944470883,0.04810832918964513,0.029446620129528173,0.009764448015317395,0.09514208533663743,0.049320460300978586,0.8461647746266062,0.7554817648444021,1.0,success,
PAT_457_889_346.png,0.999837965695141,0.48163083930456035,0.6453927520016505,0.48519459808688165,0.10689930419707741,0.07185819364087008,0.49061366985058263,0.10658643140225788,0.06953577002868794,0.012678633763789707,0.07088416403481806,0.002780169817899969,0.9404824103099965,0.8528088406128945,1.0,success,
PAT_2081_4488_57.png,0.6243123066817692,0.3166174907191059,0.5346693272844075,0.008764410493947501,0.05916533798178268,0.052992126189949036,0.007489830830273473,0.05662329797360375,0.042877055588011866,0.005963019548326305,0.049291707497504444,0.04521790171934148,0.6423234220486889,0.5851730660324783,0.9015151515151515,success,
PAT_1364_1246_583.png,0.5824569710895878,0.48498033521643463,0.6608741982584363,0.007045151384062095,0.046702954196757226,0.035554258699235765,0.006409203675987928,0.04266349693963314,0.024482139339425852,0.015265867209546416,0.17192104502518374,0.06767826499194385,0.5309765477389571,0.6723200357966096,0.93,success,
PAT_701_1321_156.png,0.08209472509955734,0.06509763844219343,0.386968849880269,0.27482552743830024,0.044790351695782785,0.11646821898696756,0.3086480029836014,0.03638226120899633,0.09671025231281395,0.40349767611039355,0.0027381491919478765,0.17014854253124106,0.9166320986993524,0.8153029392218174,0.9230769230769231,success,
PAT_891_1700_180.png,0.11655163031618875,0.34941324082958153,0.7375599675252786,0.01943026539962757,0.06688006925416132,0.10519639197887776,0.003020272330454859,0.09264885129273163,0.11283597739201294,0.04602555869292558,0.09196534020336244,0.04786247370252139,0.7890574613028055,0.767898129806998,1.0,success,
PAT_940_1775_513.png,0.6860658453316606,0.33615830390127066,0.6453263914261357,0.019493054269935188,0.07341212738701541,0.043395873851115103,0.017851527976405525,0.07555875310343438,0.04119661936102839,0.04145431367347996,0.010994738219504863,0.00042691245034598424,0.5663212882953652,0.516574828355622,0.9921259842519685,success,
PAT_306_1646_971.png,0.616729743890843,0.5068244281547282,0.4824989869080433,0.007334301919068412,0.04789766255756947,0.05207189659852329,0.00658504511961157,0.04254511056241726,0.050051872182196845,0.009947586808920682,0.02859980674828566,0.02624594566414168,0.8026864862004182,0.629227756151602,1.0,success,
PAT_1705_3143_139.png,0.0038804890823818457,0.21720659278204035,0.7562470398787534,0.4602123882979389,0.031729449719745194,0.03159483313521691,0.34056826018367214,0.05146138922788027,0.025832423572388224,0.006139800367631761,0.030040817380970836,0.03419020453772981,0.8407284362738051,0.8263704621843065,1.0,success,
PAT_357_737_77.png,,,,,,,,,,,,,,,,failed,Failed to load image or mask
PAT_176_273_423.png,0.5976845087831071,0.3921214639702034,0.567042201495983,0.008416953216119488,0.07295951121099824,0.11665909090757132,0.007403727410709947,0.06771882390138796,0.11307052415113258,0.011573082593882667,0.01952430192602661,0.005388875995995246,0.8456067507502905,0.8241784566589943,1.0,success,
PAT_815_1535_536.png,0.6401320760591821,0.6920745314700466,0.4943126421839454,0.003557958569291842,0.05437587071560952,0.056333799957131676,0.002499560589898183,0.050455740252099826,0.055599028195913586,0.00018253527615380943,0.08462355107788977,0.001150815926571569,0.8857494418394416,0.842010606401851,1.0,success,
PAT_1431_1495_931.png,0.06300197137729072,0.5950453965540733,0.5942037332936966,0.004927736632805541,0.05494453636900909,0.03495154913495075,0.004366259806482294,0.050745132323010464,0.030592009232233243,0.0035648405316766347,0.07033426660543918,0.029033696864504965,0.5077290793855409,0.4837603313503835,0.9594594594594594,success,
PAT_160_248_254.png,0.7801714692560245,0.22373338854509342,0.5646675408528683,0.029684754434946555,0.04420139195316203,0.06859815206428613,0.02734725812161735,0.04026560946590164,0.06891714279909814,0.03362412276439418,0.048084904299324105,0.1235230016363168,0.8019607843137255,0.7166483922000773,0.9852941176470589,success,
PAT_211_317_649.png,0.6515243436842659,0.3964693118907449,0.48898514654030856,0.04871192447522885,0.15653135474239507,0.10896891847114552,0.04026871001185351,0.14514614483596988,0.10150382346331811,0.01447909283588926,0.10782444217815401,0.10146044346039762,0.5822992510921573,0.4909205847337135,0.9733333333333334,success,
PAT_906_1723_560.png,0.016313379050293824,0.3019004334430481,0.6103781833149959,0.26432877548223793,0.04950898746580256,0.031210732518588313,0.14921711618140537,0.0448929237589702,0.02894879069572019,0.031771285111085984,0.06368666529989514,0.02593492212930837,0.646756524759888,0.4125771583525462,0.9818181818181818,success,
PAT_1269_936_965.png,0.594897835836694,0.6649779797469775,0.7794832954641083,0.009126416140043466,0.09844974328565821,0.03693513433145514,0.009141846714517324,0.1411827074284238,0.039983642102438724,0.011835770341634818,0.035958371903840214,0.08413090697362346,0.8969665503071009,0.8496262210110517,1.0,success,
PAT_201_946_262.png,0.6153933177392511,0.28736646723140413,0.46453310427897243,0.010008990640763183,0.05614831911044248,0.07484435377436569,0.008879930983147858,0.054761111772120216,0.07389593466866537,0.001591194121396771,0.043131477651016215,0.04012022096865242,0.7900134798764702,0.8007784326603092,0.9230769230769231,success,
PAT_822_1551_642.png,0.04099627251618355,0.3177678362356885,0.49407327984619365,0.2574964265612754,0.13720582484137225,0.13457468650873272,0.2611946727197997,0.1262427608064907,0.12845764924564765,0.015624574223096231,0.14610181883535087,0.18846145590241048,0.7950025393600813,0.7805709636252248,0.9803921568627451,success,
PAT_1229_794_274.png,0.5676604189505368,0.7516625055416851,0.8888598517550614,0.005106969012231879,0.057778606935439555,0.028897253756257537,0.003842574392209806,0.03802601708205433,0.019096878348200588,0.006355953266979873,0.02612858465625778,0.02079923139039186,0.8199591018057848,0.6649308450910075,0.921875,success,
PAT_119_181_684.png,0.6688285603366718,0.36908132112128783,0.5401626095900476,0.01978698104067317,0.11420844906489154,0.08275128902258126,0.018839526771517685,0.10224774701647972,0.0756757676607717,0.027221952885461084,0.18715206700758205,0.08135393672697167,0.6131758616653734,0.42816065210126264,1.0,success,
PAT_46_880_308.png,,,,,,,,,,,,,,,,failed,Failed to load image or mask
PAT_896_1705_582.png,0.6599456931560697,0.6247150022799817,0.49763793889648883,0.009567006804650818,0.09317254188849533,0.09555362548564944,,,,0.006600121818115193,0.1862771477993464,0.1278036426948253,0.6308426966292136,0.5683672189488638,0.9523809523809523,success,
PAT_1017_97_577.png,0.6846730677991603,0.512328221948136,0.6275321770246695,0.012045409161502022,0.05086521303734874,0.040700902581777595,0.010500618033810916,0.04407986652540369,0.03028183736573796,0.005055144336378387,0.004775628803112553,0.001371523916879891,0.7891766350617785,0.7976322319331661,0.9956521739130435,success,
PAT_417_3537_45.png,0.9784408345147445,0.1489246138882071,0.4562455116492587,0.39748425495523987,0.07483776859931528,0.0765555502920695,0.40679824783234014,0.06750702970675783,0.07644641696618555,0.1123705524482446,0.03794890039239662,0.09133221792413243,0.9249276670075463,0.8563447134220966,1.0,success,
PAT_632_3700_890.png,0.7094500906907913,0.3511319391014432,0.6928095789833277,0.08765204125507374,0.06495699412792247,0.21881049884581869,0.07941076510901712,0.05098274637162581,0.19759654419524858,0.061164344525699715,0.0010502773525282727,0.15420683457703432,0.88539375924287,0.8565516170624272,1.0,success,
PAT_530_999_696.png,0.6527485278751884,0.4616984489569267,0.7050906352671942,0.011676940028002205,0.08608771703679938,0.05907807898585341,0.005467102580922361,0.07037285313808678,0.03314889526810289,0.0023104483460973787,0.007305823142974677,0.0013043696621518608,0.8082947122709909,0.8257772150107627,0.9770114942528736,success,
PAT_935_1783_687.png,0.6486387551750171,0.3893793542846854,0.7863728491161004,0.014193782139346516,0.07178518142266156,0.06150707909235653,0.011922493585521037,0.06677798541778335,0.059716048984683925,0.004819880946355682,0.03060339800053241,0.003893946126586889,0.8965728223572698,0.8347151714477592,1.0,success,
PAT_473_911_630.png,,,,,,,,,,,,,,,,failed,Failed to load image or mask
PAT_805_1517_647.png,,,,,,,,,,,,,,,,failed,Failed to load image or mask
PAT_834_1574_397.png,,,,,,,,,,,,,,,,failed,Failed to load image or mask
PAT_151_227_63.png,0.6796650360818851,0.21765001448273008,0.7791176766154155,0.01460053394016992,0.040597139311166965,0.030031705437984373,0.01441881313851597,0.036096524969291985,0.025717158862174787,0.003131940403253787,0.034908174236766704,0.00793666744827426,0.48362435510238977,0.5093078332776831,0.8666666666666667,success,
PAT_263_403_966.png,0.6278067931152085,0.5489936775955033,0.6996392644961523,0.010814321354051689,0.09088487372044482,0.04389219354405974,0.009643444583899943,0.08071269682825553,0.03839987906745644,0.0339742554657734,0.010382914141185418,0.03702462091616865,0.9239007087220308,0.8958503853486368,1.0,success,
PAT_197_301_198.png,0.6377681571650163,0.39612419063307935,0.4326098794243485,0.023213294630457515,0.11360484923965476,0.06578823457973369,0.02000677956305577,0.1065651001319571,0.05815263314650483,0.005920594822564754,0.1520989110997784,0.06850501281353838,0.7624882520811906,0.8388899305952489,1.0,success,
PAT_2088_4523_400.png,0.056673570968794905,0.5427097353073127,0.5129351067479482,0.008888512473862869,0.04233324166040596,0.07289963403484796,0.008397495646821986,0.03987485477421189,0.07057182357547677,0.01175480854407348,0.05273284540189732,0.12872500808777954,0.7600929177080299,0.8308535223537404,1.0,success,
PAT_1391_1351_396.png,0.6881515077459182,0.22705538020086083,0.5993075083692013,0.05887858922671484,0.12552934403775065,0.0674895664490947,0.042800768668578154,0.11672592608288146,0.06367032347195295,0.0024151033156400103,0.08285866925841934,0.0022832569691920712,0.8605985167315865,0.8355286388854155,1.0,success,
PAT_1615_2749_350.png,0.6438175097670451,0.43756940399922345,0.4883245971655989,0.02092123855123117,0.09134564115716884,0.036926791088911,0.020028258017139852,0.0870935705695249,0.033285426463432084,0.003966746901440309,0.12070665890118426,0.020783384055058363,0.7302388712439929,0.7443119690207174,1.0,success,
PAT_1385_1323_100.png,0.6626811377107322,0.3223464368470263,0.5484992614875943,0.011807108575185013,0.049302200579934445,0.08484730647144517,0.01066421841088242,0.046839296526399066,0.08250905230130452,0.011054398861867378,0.04773564832560917,0.0695433203520085,0.9107513292077051,0.8953586906259036,1.0,success,
PAT_550_1045_81.png,0.0656555839531111,0.5645274465596856,0.7688621503120617,0.013270931518142294,0.14086714999554537,0.057215825773201744,0.012375296448467124,0.12884593824932297,0.05423298257673236,0.01574632922149516,0.00423247935269877,0.03629297933078335,0.9131797644080228,0.876065535675205,1.0,success,
PAT_1535_1812_660.png,0.625149042064157,0.31117274318168897,0.4799231775193162,0.01149415270333428,0.03946698830646556,0.04977259541345644,0.012284132239850995,0.04020462837717845,0.05104740390497358,0.029385759639373295,0.09351906753820324,0.10043810085029942,0.8538978853986767,0.8677602030471461,1.0,success,
PAT_679_1286_933.png,0.6374974601935322,0.6770932595203163,0.6084663127271993,0.010875424857424343,0.1194208658934808,0.15314957144069738,0.00966710554356852,0.10911075303605056,0.1515715512197755,0.010962081897783646,0.11119896467074586,0.04646261365671378,0.5179694599186124,0.5984435780841456,0.9175257731958762,success,
PAT_2089_4529_762.png,0.9920552165641299,0.2861221440669817,0.6427689144311063,0.477887075733914,0.0833233366577867,0.0326616618026608,0.47870978285591465,0.07846799607411627,0.030368524851016477,0.029074816398330306,0.01953255983033869,0.008471630927086138,0.820975342364793,0.8080781386872381,1.0,success,
PAT_122_869_60.png,0.6760201692763245,0.5497377294866992,0.5810395070979559,0.009151134954546654,0.0964100015787479,0.08616647138062254,0.007606908186465926,0.09101973839166595,0.08044375679236017,0.007706306009985692,0.20284117776256122,0.11740538810150314,0.7766650032951601,0.7350583721072415,0.9642857142857143,success,
PAT_1497_1712_633.png,0.6785878075153159,0.17586018878479526,0.7906074961584489,0.01609778896682097,0.015691215355744737,0.018341745168642246,0.0146338590021733,0.01535035977897208,0.017211097262108573,0.022242823129971136,0.008453536705400833,0.00701787131022702,0.8397576584063129,0.8057431834421865,1.0,success,
PAT_851_1623_815.png,0.046129937312292216,0.4263574909199012,0.7741078237491437,0.2140390419448995,0.04892519254260676,0.08547034500103116,0.22062323693211577,0.043022460024355356,0.08682693612751499,0.01740390855452221,0.0043679164471754905,0.0345466725321274,0.7620012227859844,0.8421145867120785,1.0,success,
PAT_2026_4230_141.png,0.039959150001163485,0.521249268829545,0.568287023561015,0.008053757210352652,0.04939991786461874,0.05098375493486532,0.007404067180063147,0.04841696307901896,0.04697352655636205,0.01024279940768886,0.07808390579851948,0.061645226155480515,0.5640571330963031,0.33490245176690286,0.993006993006993,success,
PAT_355_732_625.png,0.6242683569514773,0.5820583588885792,0.7784397360840071,0.011358066282533457,0.10288489861261611,0.07297978092579645,0.009702407122625187,0.10330333453321695,0.0671704121288056,0.0017063993049414232,0.07551463431131944,0.04435526914001742,0.7135504277851483,0.571236644973721,0.946236559139785,success,
PAT_86_131_107.png,0.7147115302355798,0.14224580725907385,0.4917113057989153,0.19390959804335633,0.09262186685324209,0.11789813742513663,0.1763583925882127,0.07830510011509996,0.10691589242093362,0.11475553944909869,0.049665043462933475,0.09944290514508725,0.93699206084137,0.8654624726039282,1.0,success,
PAT_472_910_453.png,0.7351675595379104,0.16114271608907052,0.6321595799440104,0.03968102549510975,0.05331172856027082,0.04331924298835778,0.020136580391701905,0.04336496980359613,0.04122839668411991,0.07344819144626524,0.02655840739768639,0.042082306415857196,0.6999106167684878,0.546718097244812,1.0,success,
PAT_99_153_636.png,,,,,,,,,,,,,,,,failed,Failed to load image or mask
PAT_678_1287_652.png,0.7139201215217749,0.35091213700670143,0.5603152146934723,0.017665191259036653,0.07662555791091422,0.04884888531227903,0.015253086650119334,0.07133803038489712,0.04575042485757021,0.0255977168213524,0.17610051160304158,0.05275808782452085,0.7402271912469627,0.6896141911579293,1.0,success,
PAT_1129_498_930.png,0.6480533203907408,0.42893556661174126,0.5891732923792307,0.011741347171749994,0.07601519250891384,0.06265668623213146,0.01073428733417341,0.07011256689078454,0.05967392938066027,0.020236161715156856,0.020740004471601847,0.05185104808368757,0.7864832268135364,0.8477731901408702,0.9801980198019802,success,
PAT_158_621_68.png,0.5950853693076601,0.17924980837227703,0.951310898466154,0.010964531868342276,0.006630604637459102,0.009384530664164547,0.010337615305846058,0.004230827412511264,0.008717431865825418,0.005488524667154514,0.0020630055074185027,0.0066085567410786306,0.6383476189320865,0.5726706125082569,0.8888888888888888,success,
PAT_1407_1402_734.png,0.5779876085303068,0.17563477916419093,0.7895504060209942,0.015082630125038684,0.03773600383130315,0.054555489763416724,0.010148935371160532,0.026904039653254958,0.047633399274065825,0.01701813179567111,0.05878787878787878,0.04140225787284613,0.8797724163661236,0.7761873909661674,1.0,success,
PAT_1407_1402_500.png,0.6069943090078174,0.33988786149911465,0.6733162830349531,0.005194632554296265,0.02522826883162656,0.03393928664272312,0.0044504863702206155,0.021678300949101153,0.030834255916377482,0.00027404671250224054,0.0540666512946027,0.04814692590453673,0.6854108663442908,0.7647234083294624,0.9795918367346939,success,
PAT_1861_3648_959.png,0.6087205546986734,0.24682392526575433,0.6397456077945891,0.011694166182758996,0.07029294005848452,0.052786675863921044,0.00863519436152241,0.06521625687925572,0.05386193865429961,0.004806907787343799,0.07830242893677136,0.10022422629289196,0.7921506171644737,0.8384025056453326,0.9323308270676691,success,
PAT_823_1558_870.png,0.6303791683687058,0.33397128370018037,0.5618683856169329,0.012623335603247084,0.06072016118636046,0.06276455131359773,0.013070914714466428,0.05179964119611766,0.05749955748611467,0.033176898428537445,0.046780738257792,0.08875227867606483,0.6513901867539991,0.414268184415443,0.9144736842105263,success,
PAT_1315_1110_317.png,0.624530682771799,0.41292144071048736,0.8857701514902325,0.013605934876754568,0.026328232597416713,0.028908956549480502,0.013059292711701897,0.025140944903923525,0.027604897624880314,0.021010188275993297,0.031367735634207805,0.00035800910518868356,0.7623842194812523,0.7336963401771099,0.9859154929577465,success,
PAT_89_135_11.png,0.6982119652614204,0.381055541159195,0.546455903947482,0.05137542549365464,0.1477599603578694,0.04486899433221301,0.04857317549969321,0.1454417512039775,0.041647198243630355,0.028008425040718838,0.11807514900233224,0.015870893438138967,0.8704028021015762,0.8249750619236775,1.0,success,
PAT_2022_4184_111.png,0.6093416819956481,0.22571819425444598,0.5180069262148606,0.027510713509240736,0.06923510028868435,0.03909059331917268,0.02290438504576042,0.06299723722178036,0.03607567051753887,0.025043512083664787,0.03244722393652241,0.06686038694929941,0.4728357451129729,0.6315434668877481,1.0,success,
PAT_598_1137_888.png,0.014296787266933432,0.45347257073096076,0.5598147772450784,0.18324083945119082,0.06441472540376124,0.020792737358802438,0.16057547618586368,0.06583476756616663,0.018425637615868205,0.020172249540402695,0.07146352680331214,0.0009456481981108267,0.8164266603279196,0.801207187889819,0.9893617021276596,success,
PAT_252_383_389.png,0.06653816718570504,0.6943411876796451,0.8478293661278312,0.009685280017834037,0.12779710410797615,0.04301623475400267,0.009186488101070672,0.1329076620717984,0.04008995190677479,0.00134417777502531,0.1926077884375954,0.011751454435688258,0.806021387772274,0.6617903066508186,0.9246575342465754,success,
PAT_230_1007_645.png,0.6384945758343037,0.39272612270714735,0.7105263157894737,0.02393574854685011,0.08425019321681684,0.09867115658835292,0.021701377089591797,0.08115155887311548,0.0937191692997349,0.008979826750851395,0.1005186061467373,0.06014646510442978,0.707550682428188,0.68230318484272,1.0,success,
PAT_338_707_774.png,0.6225293745222059,0.3812827234280522,0.4742469679493901,0.012395737754402112,0.11380214913622638,0.059071229421635625,0.008134669858675806,0.11437757986874811,0.05902074592593935,0.004542589015415643,0.02091993395068875,0.05371033224247573,0.8774680729541967,0.8134278915180778,1.0,success,
PAT_1029_135_983.png,0.6991787110574028,0.3162801412993396,0.7964470383453643,0.013725649378538521,0.05097880377875308,0.03913246490758501,,,,0.023309231148656944,0.05075102889101751,0.03163259045271982,0.80830478212614,0.7489109368010475,1.0,success,
PAT_667_1264_8.png,0.6914051255013409,0.27220217090425297,0.5902372981323789,0.12469356176491521,0.09524125600196164,0.06912270088896943,0.11776452500956079,0.08557759137285789,0.06249805221851235,0.05323976082418835,0.028618870917591632,0.034575827117721225,0.6802981822236747,0.5812127666677919,0.8557692307692307,success,
PAT_143_213_489.png,0.6702922110764719,0.2447928953028516,0.6190410889950929,0.0413845431065781,0.08483305428846384,0.060170325545328994,0.032100579106429016,0.07443414996624256,0.06443438257747935,0.002561896339823417,0.017002393856371367,0.057835889702261056,0.8667005155523869,0.8621684696428868,1.0,success,
PAT_914_1732_136.png,,,,,,,,,,,,,,,,failed,Failed to load image or mask
PAT_1418_1449_580.png,0.623577459935637,0.4366477615187625,0.6913321513940709,0.009175549367329668,0.08244135571595626,0.10402220665900917,0.007254558788923965,0.07678800472428036,0.09899906195602787,0.0063246858376099935,0.01124495758488514,0.05590761080082596,0.34536426461341935,0.3265742360910973,0.7584269662921348,success,
PAT_622_1185_922.png,0.9360131037855879,0.1649449948563008,0.6337506989561226,0.3587065903888159,0.05753388687424368,0.09886821594016144,0.3469414815776726,0.05136982469141,0.0989740254213548,0.0063928879867376056,0.005674334013085758,0.010610999093558893,0.4184343032370076,0.3413870502532826,0.9921259842519685,success,
PAT_442_863_795.png,0.6863469513526546,0.3129416877572411,0.7161244471713065,0.023646299926932818,0.07072632656537288,0.05105725815022725,0.022656451497197173,0.06852325184936191,0.04104043808387474,0.01295243853972189,0.019695140583458337,0.0023082848682350887,0.9106289367866918,0.8672089721220408,1.0,success,
PAT_665_1260_16.png,0.6461248370274576,0.37592076641829036,0.3641943197420589,0.020184137179858706,0.07480407654080104,0.11105745628584776,0.020744930398129982,0.0744470661364966,0.12057989027846434,0.05267745965787611,0.25991841683366335,0.2769028989837576,0.7665800709059365,0.730488850599258,0.9814814814814815,success,
PAT_1452_1564_509.png,0.6417354116454534,0.37423360397077543,0.8007060107185263,0.007488003271956264,0.04999198656487729,0.0585270557374103,0.005615971379084069,0.03905239278801669,0.04963175994553154,0.004880796430221324,0.04791618214920096,0.057440281637389234,0.3458484084692549,0.2898615238333686,0.8521739130434782,success,
PAT_738_1397_195.png,0.6471194634663523,0.7159949164851125,0.666557734204793,0.005236817527828976,0.058171563731463996,0.04647868724282934,,,,0.008230937288279153,0.10717138707334783,0.07223778400248981,0.7943368107302533,0.6948994724405972,1.0,success,
PAT_747_1408_965.png,0.728759026038634,0.3163469104312881,0.6457491695843434,0.03185036789106977,0.10616608080017888,0.1000996993230338,0.026901902098438565,0.09388320426202336,0.08192534917893446,0.00477025035478549,0.12344544604806645,0.030359045853730504,0.9340466704483337,0.8706035196301527,1.0,success,
PAT_1514_1760_35.png,0.6674069094563388,0.25994531464136966,0.35529973325845854,0.09564398034497096,0.10775056755635919,0.08188415098472782,0.06657573814711247,0.10162639848415796,0.08114015335852637,0.06175919292661231,0.002331671730728402,0.13579127709279265,0.8487397046807095,0.8007445280278669,0.9242424242424242,success,
PAT_760_1456_878.png,0.6528921900662417,0.5489353057980508,0.5255521530031334,0.009754822833082226,0.14769031487458625,0.08998634989262956,0.00795987666441888,0.13494775238206927,0.08299290246225603,0.008453116765676406,0.0029129584652782814,0.002668786235084042,0.8786098169378691,0.8466703388784506,1.0,success,
PAT_727_1373_718.png,0.9860050981208919,0.46190402548178533,0.6363169704023854,0.4162362347421437,0.07039067706994773,0.05495784893977125,0.3692080756824454,0.06303716473767243,0.05749262946016496,0.02054888020177938,0.07149121980250756,0.04033052642634316,0.6062174650385526,0.5765564390624056,0.9384615384615385,success,
PAT_135_202_105.png,0.6828028842891091,0.4152983946493227,0.5641218503196691,0.02579045287324598,0.14930167324404908,0.1445570846863377,0.022508614598132252,0.13084243781542326,0.1309537984950564,0.012670317190112397,0.2058901177198739,0.21957279485357528,0.4402620402818576,0.4898885836501807,1.0,success,
PAT_899_1702_32.png,0.621503399630988,0.384315006629898,0.6308460006021357,0.007353945422821823,0.02890117581686499,0.02047297645123597,0.007028510052636739,0.027076518813474216,0.01897927055937251,0.009203787705667328,0.028051133155980124,0.005096833010570734,0.7250117156788703,0.8136487796915737,1.0,success,
PAT_2068_4424_995.png,0.6600736147139076,0.28484928095453116,0.6129781207667994,0.04027274183141011,0.11945762413913515,0.059324170042306765,0.02927072711603424,0.10279871826099721,0.05056845546563794,0.0309117915478339,0.023824941027839774,0.001567435391731875,0.8048822025349016,0.7521671081237168,0.9224137931034483,success,
PAT_330_1437_506.png,0.6750142173133908,0.31633709245780095,0.5523455478845813,0.013928942988997177,0.08816223980783079,0.065968616050885,0.011428890678928452,0.08139242162847435,0.06236378851455668,0.0012155593324083705,0.0782546351402732,0.07410341953508615,0.4719955795393274,0.5000904721768594,0.90625,success,
PAT_824_1560_801.png,0.8883753474709224,0.20520678859779207,0.5726808370406987,0.14612660626942356,0.09673884585135999,0.07088787353492793,0.08441128719779804,0.09366295183605129,0.0725430599172823,0.012237717626335924,0.027570532301551598,0.03703892530370101,0.6214275732756014,0.5718427343329064,0.9444444444444444,success,
PAT_378_769_36.png,0.6493620278345933,0.6738723472928265,0.764034132171387,0.019513537047707252,0.17550348926642237,0.07757323715170553,0.01697868036034964,0.1658198483970569,0.060107430452659136,0.0155655687304812,0.2997232227600703,0.09034611862830111,0.7747960661092638,0.7164346977522469,0.9252336448598131,success,
PAT_251_382_240.png,,,,,,,,,,,,,,,,failed,Failed to load image or mask
PAT_388_1590_169.png,0.634364793128376,0.16796484998198755,0.6605598013483609,0.03757560773236541,0.020181696314508814,0.05759636840263851,0.036897634987117796,0.021924327196070844,0.05955835764736017,0.014829006305753643,0.02229388859922979,0.009619892171045419,0.9159437769066908,0.8188301400066988,1.0,success,
PAT_159_244_102.png,0.6598442864282984,0.5400819602151455,0.590282591991804,0.013774139930894649,0.08964574975733972,0.031216105380187268,0.012758618985555548,0.08124629572806416,0.027537830469301007,0.013010458328842055,0.13072881498354294,0.03695320298843974,0.764112772529544,0.5621196819344879,0.970873786407767,success,
PAT_482_924_134.png,,,,,,,,,,,,,,,,failed,Failed to load image or mask
PAT_874_1671_938.png,0.6226315554110382,0.37975658367815235,0.7551672885006218,0.026222215326801284,0.09288357824395282,0.10076051311636804,0.018254245864262594,0.06801777790307374,0.07978268689513393,0.0065146227137603315,0.04469366633589339,0.027531747178075605,0.59491727909958,0.3111514198388379,0.925,success,
PAT_1008_59_297.png,0.06534741299548939,0.4575129756880469,0.3943747607636363,0.08111156388740638,0.20678276761555373,0.07567150399240703,0.0928809578636639,0.20103986093989126,0.07138369223677107,0.042903815195822384,0.25065781197013803,0.06059343734181666,0.7787517394645564,0.5991313683267137,0.9698795180722891,success,
PAT_265_407_137.png,0.6250517336627947,0.36128888703464196,0.9464973957374682,0.04776402059849309,0.09419902556527429,0.0396779494823167,0.025750433817566355,0.08408671187210058,0.040557742775371664,0.019555266501588797,0.017632060305003694,0.07706362614713402,0.7625121024369013,0.6072660001295433,0.9543147208121827,success,
PAT_1451_1560_616.png,0.6195424798687488,0.5545844495836482,0.49898411680748594,0.01330434803837939,0.12428942917530794,0.06660889752377669,0.008889955390325669,0.11594387984201032,0.060063206597690974,0.01347489730686825,0.1621815070982428,0.10110227288857937,0.9358667814661058,0.8511018672326307,1.0,success,
PAT_752_1426_714.png,0.935578896455572,0.14019892959260977,0.555495409630408,0.2288792468394733,0.07733315270564142,0.05032213801073646,0.16828879276551817,0.06825363621722386,0.048006632014635085,0.0831983742712301,0.03734794451518572,0.06763926837460521,0.6844773390620607,0.639158327933383,0.9810126582278481,success,
PAT_202_307_927.png,,,,,,,,,,,,,,,,failed,Failed to load image or mask
PAT_1313_1105_284.png,0.6103236497083383,0.3587924058512294,0.582255124271931,0.009505420223926815,0.061784932100773404,0.050939325221254855,0.011856287742310713,0.0777664855558737,0.062390519641081235,0.0030664157165616423,0.0010725514423999827,0.008062333383120457,0.7472374068217755,0.7712526182522881,0.8421052631578947,success,
PAT_609_1159_942.png,0.019294002830839742,0.5360301006889242,0.7180226815050345,0.17996760150651123,0.17053136828474474,0.10914479387119842,0.09571905018641175,0.16461763988365122,0.11084820633058283,0.015655527757064597,0.011832239726357385,0.007761399958923221,0.9391815853827854,0.8562401471549058,1.0,success,
PAT_507_954_812.png,0.6723913450263737,0.15910355305132942,0.48513028061153446,0.1070615923719009,0.08944153256816242,0.0757393279287773,0.07374352102277987,0.07651553309602817,0.059937217760872914,0.06403903128609947,0.020874621342305943,0.01168247680741158,0.7075281413728565,0.7031929326109815,0.9122807017543859,success,
PAT_1418_1447_334.png,0.6233903520251306,0.21503559402412498,0.4648513316960347,0.051260456691637486,0.08985996660365575,0.11984620196037013,0.03511000447498693,0.08584707744967003,0.12947651004700952,0.02979464838353623,0.022248951701878933,0.2850679612573139,0.9153435436639564,0.8482549797943963,1.0,success,
PAT_656_1246_483.png,0.14926531605214077,0.17018785086832705,0.301819639051135,0.2360864719191791,0.08203439557680982,0.132494250318095,0.2422133851350563,0.07012777696144917,0.13726467304153595,0.4154412729831458,0.00512426014829831,0.26197918028804007,0.839108733539403,0.7660993616275384,1.0,success,
PAT_264_1368_868.png,0.6490274611642163,0.48383742160831944,0.60764467730412,0.008969488586274813,0.09488392587612011,0.050208100817320446,0.01274906125264914,0.11627205968655964,0.051955908634584415,0.010856945399341653,0.14426979968775633,0.060178349342436044,0.8466686759804269,0.7518008098184532,1.0,success,
PAT_668_1259_681.png,0.6359627304663845,0.309954280823081,0.5430278821310254,0.012935619906839809,0.051272717503558815,0.027422660672365137,0.012893963052232643,0.04935271866274138,0.023440652215686968,0.02251841898258754,0.03747348552258395,0.0029366943909525656,0.9295411999120748,0.8807449401808383,1.0,success,
PAT_186_286_109.png,0.6270541578539586,0.4323868662664365,0.7288681044033909,0.011676677121264738,0.11260991647215579,0.09568820138961764,0.008875575796166522,0.09996383961395834,0.07899707375513042,0.01593004284106772,0.09411146523037106,0.017105743022010955,0.9270063155901954,0.8529795217170352,0.990990990990991,success,
PAT_212_326_597.png,0.6243616131122781,0.2972158039778615,0.6473786695938979,0.01965668954649548,0.0795973362196821,0.061989437588755296,0.016902221151829076,0.07483872932590087,0.05824779220408597,0.009653188556592182,0.0043029521636872015,0.0455182246673671,0.8749863920905577,0.7958259058825414,1.0,success,
PAT_48_74_309.png,,,,,,,,,,,,,,,,failed,Failed to load image or mask
PAT_290_445_988.png,0.6312331899645754,0.6293402218849489,0.6251708084849785,0.010271576317788316,0.09970233810815582,0.13282085936878657,0.008932100179862863,0.08324598713901356,0.12183830059349281,0.010693102510627028,0.10338446449094973,0.15420453961493152,0.8505681411687271,0.8615221641567975,1.0,success,
PAT_751_1497_215.png,0.9998702968098158,0.36453236161721325,0.5041781966629223,0.4907535947476376,0.07123736367612252,0.04674142451261638,0.4813892636047404,0.06834986335108223,0.04517096411586252,0.015204365582359793,0.002254472697977683,0.03159952249649045,0.8242358047078935,0.7806298353233266,1.0,success,
PAT_422_837_683.png,0.7090071697452632,0.387986208192304,0.5167020577027357,0.028652364914953526,0.08730965266209652,0.06676484147979159,0.015003907913495733,0.08023261736143121,0.057427440518442466,0.0025786103824079493,0.07343830829719666,0.018984598549727616,0.9249445068587431,0.8068571065328614,0.9314285714285714,success,
PAT_682_1292_978.png,0.6453879606772733,0.49839876249007065,0.6851182263950357,0.017928365865124,0.08872956808840783,0.08524111434305008,0.018264390773905397,0.08331528207057239,0.08225723566863744,0.03271730618141314,0.09788683358057582,0.08745977032089203,0.927454440337155,0.9007257021088898,1.0,success,
PAT_2124_4650_575.png,0.6652983571255804,0.4667566348422885,0.747841820041281,0.01053601116154603,0.04395619324916777,0.05758910338504948,0.010059544359565202,0.040882606996332865,0.05277423855830874,0.018047369380455553,0.014974315573762054,0.06277387141363655,0.891082781493862,0.8717910648059043,1.0,success,
PAT_1344_1222_456.png,0.6092749157994277,0.4116880724480698,0.693349838996102,0.03413875157711788,0.2129075075035512,0.07574112217717706,0.011743714859467054,0.20828352288630816,0.07128423210072662,0.0052630003154615366,0.0795561445323949,0.016384332176804017,0.8812226087842342,0.893243715722959,1.0,success,
PAT_1105_420_520.png,0.5919466021922918,0.18465780462839787,0.4245943233610397,0.0250822699924649,0.05189188414386517,0.04618748398377758,0.022035220491070887,0.04632056858643098,0.04392690085662521,0.02048380459113959,0.06704612837895073,0.09509165629398014,0.7702508808645576,0.6223052240108004,1.0,success,
PAT_516_966_57.png,0.6889183532053186,0.29918437963420663,0.8371004284066568,0.018385120506616462,0.07749146605825034,0.07128672134454657,0.01770451459505113,0.07526302374403727,0.06877526158644058,0.010253420042114906,0.026158323818856022,0.03796803208529631,0.8076018051872793,0.7857830606993182,0.9629629629629629,success,
PAT_519_979_104.png,0.6805191458183643,0.22272276720101172,0.4371164217628312,0.1017121862941145,0.10211885724628265,0.07065766073764763,0.08326621073826614,0.08997105536204902,0.07051873246445074,0.006072829831485649,0.052024738110401786,0.1241336454740038,0.6920713338006851,0.6223500623667229,0.8592233009708737,success,
PAT_1335_1181_21.png,0.20486701307299954,0.0967132626575351,0.33790593807480945,0.19083136343032203,0.050073571568607235,0.05678675148390448,0.1946138482902659,0.0445893556833004,0.06446343161826473,0.37583095370037595,0.108581105195944,0.1973890135936503,0.8034410807200862,0.7421659206151479,0.9741379310344828,success,
PAT_1907_3801_88.png,0.6395790402869364,0.13241648511256354,0.4031751795368353,0.14974162101780253,0.08171480074521084,0.10933363232664722,0.09387073706076399,0.07497355816029949,0.11342868861837103,0.08948291896940527,0.04725015028162605,0.2737832593411082,0.854013400131671,0.7882584366632056,1.0,success,
PAT_680_1289_585.png,0.6139977056594853,0.49907533113141916,0.34310821124867447,0.011172492053193128,0.06735473432553679,0.09566555280196562,0.008998561735730838,0.05302670558079557,0.09089386273544052,0.015272946628373142,0.05160567660294113,0.19870317997448145,0.7214297647652601,0.6408762629347466,1.0,success,
PAT_639_3676_760.png,0.6334521514020844,0.4310105580693816,0.820500754147813,0.008839871422068952,0.029655286088386277,0.033943767847819405,,,,0.014039753780215216,0.04781737759926785,0.022768688460691133,0.7876174341598645,0.7817757284060484,0.9565217391304348,success,
PAT_554_1051_301.png,0.6623815049266445,0.5733324223998543,0.516904648038077,0.005198645264365525,0.10680199844218008,0.05499787340346766,0.0037534298917509014,0.08679064657895445,0.05060535307127715,0.005082578554021921,0.18686250797360265,0.07657288043035504,0.7861853167814479,0.7180788579826125,1.0,success,
PAT_123_187_164.png,,,,,,,,,,,,,,,,failed,Failed to load image or mask
PAT_420_834_948.png,0.041710743955664605,0.4569226771980877,0.5710424028268551,0.02279258228206956,0.10344659116574247,0.08384152793181716,0.008942814666435145,0.09119513066433617,0.07766106093292752,0.013024913390204902,0.00904864354642787,0.011967922722191271,0.8847485999882934,0.8080568498270345,1.0,success,
PAT_583_1112_886.png,0.03171439356106436,0.41524394614242566,0.6248809706650285,0.02331999551268972,0.09164527005777857,0.03269502253536026,0.006978400747103279,0.08724057150264429,0.030679312563072148,0.0016789936431393581,0.09196480096604209,0.04931545596333653,0.7132921761368177,0.6612767061914046,1.0,success,
PAT_384_782_292.png,0.6551173775995219,0.2638575997774996,0.8988837056421537,0.012765745509847642,0.048042129960782644,0.04888697240791848,0.011297035172585719,0.043562026153689405,0.04147943727886841,0.009349129770538254,0.0019350746698955645,0.009294199666311176,0.8570210703704112,0.8408356639984939,1.0,success,
PAT_741_1400_780.png,0.643275458663748,0.4287430187858127,0.6736597277628684,0.014796545569408166,0.07328281182877093,0.10016920667215704,0.01271688893138446,0.06008542423517312,0.0911504776479663,0.008595010718055502,0.0010381604074160555,0.08789806756069907,0.6877286671441765,0.5801208900770759,0.8461538461538461,success,
PAT_948_1800_310.png,0.6928769381687438,0.2164138848117622,0.5409782595059777,0.03586094686871835,0.07210604529872032,0.057851881486412626,0.03466759094434334,0.06909281804799372,0.054672511272417304,0.05702851242886406,0.12128130603499405,0.09501727691997486,0.5697412518796034,0.4591467500170858,0.9322033898305084,success,
PAT_1278_967_599.png,0.6940262268854783,0.11145976521148346,0.7321040906289994,0.072150823022883,0.04736549652221424,0.049176701120778744,0.0693208045302025,0.04534106502069171,0.04473851087140443,0.011934302505190036,0.05843270790679611,0.047445998001267364,0.9108634833550087,0.874882128283016,1.0,success,
PAT_300_1478_445.png,0.7048279762374632,0.14050460439766962,0.5641916724091128,0.12104722684855648,0.10296598287321049,0.1206716509610865,0.06977531770950329,0.09029964020686658,0.10716971426505344,0.041822704206231104,0.02922741173796306,0.0684379861783253,0.8366897590303143,0.8122162626580908,0.991304347826087,success,
PAT_138_206_507.png,0.6363151037981228,0.44314277386563733,0.8129467989148337,0.026193248728253966,0.15527502717218017,0.05684872873103568,0.024665294367864157,0.12352662953569932,0.03866773922763283,0.009558506769963929,0.1997925791778331,0.01352465846244344,0.7941103900205708,0.6747156402812298,0.9772727272727273,success,
PAT_1441_1531_670.png,0.6182599351878105,0.2871102539376406,0.47379692131861856,0.021217190939373673,0.06905917291104131,0.027416599395312352,0.019692905546432462,0.06677291479636673,0.023130578324753476,0.0017898838591367254,0.0090667954414137,0.02476355387609608,0.8062229747849619,0.821092596431495,1.0,success,
PAT_1128_497_29.png,0.610290290411539,0.5166165044755822,0.6950233532867381,0.006171827491950154,0.048356145049253126,0.03385986772188254,0.00511666690293363,0.0383438048917696,0.01877180279625474,0.00018682165832757392,0.04524465277869094,0.010678567401519401,0.6270496172849582,0.5375097448008344,0.8699186991869918,success,
PAT_437_857_425.png,0.6796008227130003,0.19485799897203723,0.7905310776476421,0.009292507907705316,0.042983915793635676,0.03581804195148522,0.007330162775545225,0.03708599408103733,0.03459271986800813,0.0024194011620244913,0.006197605510521759,0.03347154743134151,0.865034280685394,0.8429849184654669,1.0,success,
PAT_520_983_221.png,0.7129893909175051,0.40614149279153233,0.4902350102398767,0.04864015834695085,0.11370354191043423,0.1022326718737498,0.027474028340377106,0.09161844718288564,0.0846458347092588,0.050708982101290684,0.021574466516497526,0.059267575265543715,0.754849902636652,0.7021687851765622,0.9420289855072463,success,
PAT_406_809_581.png,0.6141476197995913,0.665136240549767,0.597781475318913,0.008089940156774729,0.10892399315302223,0.06622729208641638,0.006668331656460443,0.08806164415493292,0.04469578981495814,0.01451514760480058,0.16702536418914088,0.05311119428831235,0.7317740355139437,0.6330412798381965,0.9727272727272728,success,
PAT_778_1471_911.png,0.6603163311059193,0.3520008499313032,0.8985243247817999,0.008056327133350876,0.04692828555287489,0.05188318488059926,0.0069002070741184035,0.04032039491094829,0.04550610954360171,0.010877035461893078,0.0075918896162956995,0.009338271511825535,0.6705376781843477,0.5407630422053796,0.9457831325301205,success,
PAT_514_968_269.png,0.9826839811369054,0.22621957188377134,0.576350723682239,0.43132679684560915,0.07027741502941386,0.03200203602566386,0.43068109265902127,0.0686267577462267,0.029676966688397855,0.03414640748428421,0.1064305542705096,0.006600766621143839,0.7536661050608351,0.6729290600166101,0.9841269841269841,success,
PAT_1546_1872_824.png,0.8362924348320088,0.1511018566718723,0.47555092833593615,0.2678711875179849,0.029072931936916756,0.08188686385595814,,,,0.004211417341004164,0.007448605897878491,0.04376558261870189,0.9116237482117311,0.8857485778508043,1.0,success,
PAT_361_1567_487.png,,,,,,,,,,,,,,,,failed,Failed to load image or mask
PAT_194_298_367.png,0.6426819787522687,0.27665608390111657,0.45958572634632994,0.042924799495307635,0.12363352746019322,0.10302119366153958,0.03807498680343843,0.1169532169858748,0.1015117064211956,0.029218057504640408,0.059667073646248014,0.2014290713955948,0.6788040053399004,0.7048954351656446,1.0,success,
PAT_260_400_842.png,0.6923829413014059,0.1844076812442633,0.8555842241061556,0.01074025230130033,0.006467945042033695,0.020694442742597075,0.01066140423780957,0.0041145791770458295,0.020772385876022696,0.007528291909874854,0.000687815625473237,0.01687899132588433,0.7432671961607702,0.7984050275232167,0.9210526315789473,success,
PAT_345_719_815.png,0.15709332023372605,0.17833166373611492,0.45919901365333554,0.21905884849103138,0.098300481271646,0.12537175799650346,0.20483286933479541,0.08955060948924837,0.12390321274311335,0.05379691366479978,0.06057135395608268,0.20919173399889773,0.9051771507708508,0.8054051100927615,1.0,success,
PAT_737_1394_936.png,0.6702288973230647,0.5144481766278951,0.6928517891347195,0.011383485671927129,0.07173009237666174,0.06190383535959432,0.010563365808666987,0.06521777142872837,0.05629235257450902,0.007780970162485643,0.01089296625324021,0.01645257848686288,0.7017950920605589,0.7379281715413843,1.0,success,
PAT_1451_1561_100.png,0.6139313082088288,0.5833288153971266,0.5334688714195356,0.010013773888155442,0.09145008328887425,0.06977417057209759,0.009218506482131607,0.08485851004982924,0.06571248638642573,0.014437003254362521,0.1529624583279831,0.0787000312292433,0.8761313638004395,0.8123139995434485,1.0,success,
PAT_1066_281_99.png,0.9602911081722817,0.1158260452857314,0.7978475300507168,0.42356428386241307,0.06154841174487612,0.04626528228125979,0.4056071637242942,0.058000793598074404,0.044487642244207676,0.06519063714374924,0.04625124940025896,0.013221215756883398,0.9165062180417902,0.8550213437728127,1.0,success,
PAT_612_1163_833.png,0.6817955095796576,0.3314507910968088,0.6326878361964254,0.029994063340260606,0.09108509268981178,0.09312691846881774,0.028239144168164212,0.09596052673205874,0.08941227308702186,0.015982769333910893,0.2356461236207532,0.12035649768443568,0.7260988365313966,0.48942049208980826,0.9851851851851852,success,
PAT_1172_622_420.png,0.6117136626026546,0.5353896771540202,0.7942446565301012,0.00601292772366657,0.0529613362237205,0.023230665793043732,0.005174434196318171,0.0450920283525055,0.015561045598943165,0.008838777110209703,0.04302641606010893,0.024395694347091768,0.6286197079035254,0.7460747106839076,0.9622641509433962,success,
PAT_63_98_127.png,0.012325478378333567,0.31425121049002464,0.8458911911374225,0.3976014788558398,0.10284341373163666,0.06725314034838169,0.45027026422940614,0.09654779479635246,0.060112192945456236,0.018899721182977204,0.11223354474158684,0.07728799350784044,0.7304355535448772,0.6260660791423209,0.958904109589041,success,
PAT_877_1667_667.png,0.7242064167743708,0.32020538440188734,0.6721131083574146,0.04085605224909105,0.09826337149029189,0.11912812872386187,0.037401072982214505,0.09091297440213233,0.11298214307603224,0.07126892748494085,0.03129466353734106,0.0698001914092562,0.817547710772655,0.7859921543420143,0.9333333333333333,success,
PAT_1484_1682_240.png,0.04108396521965488,0.19043582126816866,0.21793900601768706,0.29319336928763096,0.10695450044889328,0.09910001675853403,0.3270969108039604,0.08853883617719989,0.10334175561189084,0.06491104848896066,0.017262099370010747,0.21733949407211384,0.8748062298321836,0.6939817514501574,0.9801980198019802,success,
PAT_945_1796_583.png,0.032736195553684774,0.25499508114237657,0.7040394710162886,0.04774126246805131,0.09495279246810794,0.04649410904490555,0.010892377668200578,0.0818945692828507,0.039851701356794944,0.003349336395973232,0.11394252640335029,0.021856478642741095,0.8481438364633819,0.7903548900867347,0.9354838709677419,success,
PAT_240_366_768.png,0.6314219760024127,0.38303528042979845,0.7980754884850974,0.012648936567734772,0.10518668970749405,0.04045199056410647,0.011697793293705442,0.09588405177673621,0.03713163025832412,0.029361694823133177,0.014920795759610084,0.03928497261215724,0.8456350345647945,0.8232230152327628,1.0,success,
PAT_1100_402_375.png,0.6491048123267867,0.1272357638085624,0.5266193236918173,0.05730242766108426,0.053788932524306526,0.06098708787053891,0.02429831260208843,0.049483900226432634,0.057736425314922346,0.03760898759671976,0.0035845118999742742,0.06710302696605874,0.8104693168360404,0.8028962063355314,1.0,success,
PAT_1844_3618_373.png,0.10619820909359393,0.22904128613224603,0.5275360846130722,0.01949975371462569,0.04694105516477685,0.08146294672464854,0.021332884675334327,0.04239902975691827,0.08001840365159414,0.02337125784648672,0.016748844992221262,0.03517839894986963,0.9290382496563743,0.8651957381623372,1.0,success,
PAT_536_3227_442.png,0.9372994378589496,0.06870147022539586,0.5936575666536045,0.4035395222448338,0.022984965977568304,0.02938919317930979,0.40545784604451957,0.021492284350809677,0.0274814584194425,0.1617436763507917,0.004803793949239521,0.00640105485348208,0.7553726995251305,0.8280661411469894,1.0,success,
PAT_1960_3957_864.png,0.6110026494387821,0.5801982163581944,0.3707829393439619,0.007544231529330616,0.09154208228618244,0.0987714294568315,0.005618315217985907,0.07036803608279045,0.09472358427241213,0.012155976567252619,0.06265532118733697,0.2218561625338773,0.7700499969698806,0.7244412526099043,0.9814814814814815,success,
PAT_300_647_501.png,0.6261913956767956,0.4437248069959691,0.7308153613749023,0.015317768870572537,0.13797620148523304,0.06367755090132123,0.01283886155908749,0.12626442399651855,0.062631888850593,0.01204296202796608,0.09886737862135359,0.02208700689551324,0.7482158152547023,0.6451992899803948,1.0,success,
PAT_242_369_337.png,0.6738764298086988,0.4801092986214094,0.8165609381007305,0.011281482391599632,0.07380128210324058,0.06711107581893049,0.009909181021735483,0.06200109974750369,0.05996094194502794,0.017504397094365094,0.025927913011211112,0.0013028023260954757,0.8644669235550524,0.8117551324160596,0.9682539682539683,success,
PAT_780_1473_791.png,0.9718458261003382,0.10130988905023156,0.6694702624109868,0.3652316280022213,0.0653765241201498,0.08326121694865539,0.3548560344857912,0.06329481467046846,0.08329558495199688,0.05084140354031742,0.021329509114653367,0.050320633168784434,0.8697447460394104,0.7721848946887263,1.0,success,
PAT_58_91_143.png,0.6997158539279036,0.3451949159110284,0.5742664496628691,0.014456948124209156,0.09029283435609851,0.07139309487894417,0.013464085734150075,0.08589503908258361,0.06650501650524784,0.010748586041584613,0.13458851118697662,0.03502771845482833,0.863579097283085,0.8551777965753374,1.0,success,
PAT_320_681_724.png,0.05599648021466227,0.6899511387583247,0.4444151642996203,0.044289308478569905,0.10489983262472205,0.16238353722185728,0.01026459931497686,0.08833007199256006,0.1582413767618643,0.012633383074848995,0.18392205241044823,0.21343093129009422,0.8247713497278006,0.705971148662444,1.0,success,
PAT_368_1652_525.png,0.010506067420004362,0.3814411653676193,0.722148646548087,0.2026232635290247,0.07738560884328732,0.06312672394369641,0.21026892180762596,0.07243910643728507,0.059825328625574256,0.00663192972143398,0.07357508005182845,0.046545098830428566,0.7865865348677341,0.7052574653434329,0.9661016949152542,success,
PAT_152_230_707.png,0.6515467934276215,0.5299851511823526,0.5155468354742778,0.008929125765313878,0.10994334684593605,0.07552023892343449,0.0067075646227236696,0.09759909282622849,0.06806309089297734,0.011197419746409547,0.06658247303792403,0.059384417514722565,0.8952288330062891,0.8757372364776957,1.0,success,
PAT_108_161_575.png,0.609247572719358,0.29446388198885426,0.6152404441860602,0.0705281847602135,0.12952189368692285,0.06858409901370616,0.06461292832232476,0.11437150049024727,0.06729171014265721,0.008588700051463387,0.11830323470165319,0.0010485839043773426,0.8521587852088268,0.7828385989511656,1.0,success,
PAT_1754_3308_783.png,0.612211825018349,0.21456965918597815,0.6072128764430265,0.004781668857729417,0.0331906276897913,0.018859968406870948,0.004013800685213337,0.03261602226940717,0.01853088090007427,0.0013961558449591867,0.05357471065985753,0.014638979588087242,0.6118516780127121,0.2373292937559278,0.9612403100775194,success,
PAT_1071_314_500.png,,,,,,,,,,,,,,,,failed,Failed to load image or mask
PAT_573_1090_660.png,0.0345587516742784,0.26747118606364784,0.5402190183565745,0.011611758284867053,0.04732577327530018,0.019515289668326035,0.010562481950339488,0.04863129776984441,0.01782114573517517,0.03179496966820911,0.07567620402332143,0.011889115897584013,0.708079595244661,0.6922936582013415,0.8351648351648352,success,
PAT_753_1427_496.png,0.6200788776195817,0.32743637332233505,0.4006349779175474,0.016443492642262452,0.08212560276822758,0.03773293411844803,0.014160327591571712,0.08126148058516207,0.035210940164820174,0.006833374998424486,0.064757213162696,0.04775648486225481,0.8262684485874143,0.7057627614516905,0.9871794871794872,success,
PAT_988_1858_944.png,0.6477665361187602,0.5793390672195771,0.7049592996467516,0.012919799276453961,0.1491252930550643,0.06938111607338529,0.01258693832298534,0.14150971724462433,0.06963529687902979,0.020275778329109862,0.018099558600310983,0.0365221115162816,0.8365466043842819,0.7510188008728707,0.9423076923076923,success,
PAT_1624_2807_679.png,0.6732506481610088,0.2519959573990963,0.554996882036537,0.03677279154995457,0.09459550627408819,0.05049840363086721,0.0355630574833236,0.0909751762609055,0.04840653778747356,0.05695186339058233,0.004275300508889246,0.0179589296006607,0.8745930262874873,0.8099198667087337,0.989247311827957,success,
PAT_1264_907_674.png,0.6092126885613761,0.3065518090081221,0.5069259168102388,0.007988795649022107,0.07076787516263293,0.040675333770955224,0.006670581001530998,0.06897449861189221,0.03739399903774127,0.044678180209607475,0.1752830340886836,0.09486555186636825,0.8826822744246405,0.8874404819539254,1.0,success,
PAT_1882_3718_982.png,0.13120217713320467,0.1932159823435208,0.4522521431359091,0.03001428948629985,0.05737295946288843,0.04114493163357427,0.026451785772091934,0.05495879853397488,0.04149063240224985,0.04127824720738279,0.03504411684695288,0.11866337225784074,0.8778375696407386,0.8490691798632749,1.0,success,
PAT_1300_1056_532.png,0.6734062388670863,0.25059589519453895,0.6520372581561668,0.03432830454011175,0.07182360117647356,0.07172317454203803,0.02780097080193257,0.071493833466336,0.07918799610197981,0.006878832623664898,0.06519832314016075,0.04781744987011538,0.5768197167224556,0.4920895623844507,1.0,success,
PAT_897_1704_988.png,0.6002409482803033,0.16887254901960785,0.556681510632422,0.022020974006986972,0.01926957683494048,0.09845177443889329,0.021259187907505864,0.018257404983759218,0.09821304503457155,0.016654222346578804,0.017309220985691598,0.046199705297675475,0.5221454763354976,0.4189995039946479,0.8428571428571429,success,
PAT_72_110_944.png,,,,,,,,,,,,,,,,failed,Failed to load image or mask
PAT_1396_1360_4.png,0.5763383364704266,0.36132533280870877,0.6177913305790543,0.010721486868569293,0.048579470254010604,0.04605256001682782,0.009786387416794304,0.04739959555473494,0.04495598988045738,0.006724586017408127,0.07112771323953221,0.04365717102580158,0.9049692946058091,0.8946368496621817,1.0,success,
PAT_321_682_236.png,0.06987861106801489,0.3806876029544609,0.42688346883468836,0.14845667492867068,0.14931667437551902,0.06393567049081683,0.15182380385001826,0.13859756808324103,0.058375329834649034,0.03673170131264302,0.07184250012115156,0.05608311633238583,0.9058503441445566,0.8744998650006521,0.9795918367346939,success,
PAT_1259_892_793.png,,,,,,,,,,,,,,,,failed,Failed to load image or mask
PAT_200_304_139.png,0.6019835998990218,0.6399760263709919,0.3491817823923096,0.011465389494568027,0.12546682907643247,0.07215486916486571,0.00876317203542375,0.10661556540815222,0.06534864544516354,0.0011130072899476317,0.01135955407190603,0.11221504990807823,0.8248084335670831,0.5736821200046729,1.0,success,
PAT_601_1147_889.png,0.0380048113884602,0.48575964074045064,0.5861128081947382,0.06757860115440598,0.09661098577333525,0.07288594018326432,0.008141559867387155,0.07712764722250023,0.057136373954402214,0.005347575573310968,0.0019641842318560143,0.06748394875200225,0.7478432925588983,0.2712117275915997,1.0,success,
PAT_1950_3932_655.png,,,,,,,,,,,,,,,,failed,Failed to load image or mask
PAT_934_1777_423.png,,,,,,,,,,,,,,,,failed,Failed to load image or mask
PAT_898_1706_496.png,0.020746971024864735,0.5541662882342849,0.6197743533852038,0.00805710777754078,0.08864239461033746,0.10756017555772485,0.0071779463109104035,0.09056632491396184,0.1076495260919577,0.00782227957431428,0.2564443120760556,0.20761195894931306,0.7630231847148883,0.49040585020276295,0.7395833333333334,success,
PAT_1631_2837_667.png,0.6567555796741527,0.3008330165446341,0.8058509495396923,0.014392077132658923,0.04656039406519711,0.03462340804549394,0.013788119803536673,0.04568468830212032,0.027010867316062226,0.024610983182926167,0.06317070579492737,0.025844874002153184,0.4184924594606977,0.42410679477243945,0.9019607843137255,success,
PAT_1267_912_371.png,0.6042575268223553,0.2841653418124006,0.8717064122946476,0.005443905889759832,0.03191565556461913,0.023653109090246434,0.000921266292484114,0.02487550702343979,0.0041351170017575,0.001276449097463228,0.03738415603551909,0.019042615068440072,0.9240867579908676,0.8624125877334347,1.0,success,
PAT_616_1169_3.png,0.0783232355245883,0.3992494894314832,0.2627118985100454,0.01108448727833105,0.07507194906769099,0.053811966310459106,0.007455001615943006,0.06777749940853953,0.0530486177169723,8.180812794684497e-05,0.049155491350350744,0.21443708213008783,0.88546714112659,0.8824093737116732,1.0,success,
PAT_1582_2574_905.png,0.634797755487001,0.29776138251910933,0.3628235294117647,0.019503739997689007,0.1081921827840202,0.10871290866529416,0.0166192137588108,0.10153868578971877,0.1079893262542217,0.0013844878003038414,0.05864378665886272,0.30829020322805506,0.7567029751833052,0.7975655675113509,1.0,success,
PAT_324_1464_266.png,0.017767274916568987,0.35023042133165666,0.655575005418176,0.18967978121549262,0.061819792302069146,0.030407270355241652,0.11504260932458002,0.05809134940250554,0.027982873953497498,0.029356389156472425,0.04246049374748756,0.007901307284142844,0.7221527051069888,0.47601552666601643,0.8492063492063492,success,
PAT_1064_273_980.png,0.7896738414815475,0.17115644598948962,0.7340509661614776,0.2935489562777613,0.05291447796884969,0.1371246556515129,0.2861167570325399,0.04734104720505988,0.12485559401327381,0.09235439754314348,0.06391976490929055,0.10290141896395788,0.7858948668124038,0.7857433743347043,0.9622641509433962,success,
PAT_313_669_935.png,0.6473413626254048,0.277327046785459,0.793192638385561,0.015736681720444966,0.0676514037015619,0.04810899688074786,0.01436981754733841,0.06038297580299981,0.045780821930104,0.013139035794943747,0.02444912142176514,0.004602382832208263,0.729339070340699,0.5557736255377317,1.0,success,
PAT_1158_570_376.png,0.6320415250362069,0.1628522447230258,0.6600592878317082,0.01783911752796387,0.00937986451319096,0.02983128053273867,0.016618241644262066,0.007935541530031934,0.029678784939853296,0.0037114754107909517,0.003572887223568466,0.001727763339992694,0.801827731092437,0.7688841132632952,0.975609756097561,success,
PAT_115_177_622.png,0.04231395837999113,0.4838583557243207,0.9652448944847852,0.1013626010321284,0.15445853561410494,0.04794051949268957,0.10890555457526509,0.1411604922742639,0.046497504280992384,0.012105270933121713,0.019202282027236228,0.001980997376646254,0.7284700475939178,0.6841637702839255,0.9622641509433962,success,
PAT_544_1028_226.png,0.042308627196264235,0.4056520537569474,0.6318474771150848,0.01999588469465818,0.093471686255811,0.042852034686653204,0.007326564990555608,0.0869087438895684,0.04026789644233437,0.014722293725175096,0.040114886714344045,0.007587857553034927,0.7565070401785581,0.6308103936504618,1.0,success,
PAT_53_82_657.png,0.6546263083035402,0.15318367891786064,0.84911898193468,0.04723953304624076,0.009843115115295346,0.10639122032415622,0.046377728303478506,0.008134766026746962,0.10492620272716034,0.006979267272698861,0.011165697196221347,0.0241589340922167,0.9386392811296533,0.8506872670729476,1.0,success,
PAT_1547_1875_436.png,,,,,,,,,,,,,,,,failed,Failed to load image or mask
PAT_611_1158_156.png,0.6189074432879528,0.47669592708438435,0.3718445681718813,0.014154030726799913,0.07145884569781262,0.10307070155963988,0.012048967423154125,0.05709405834568568,0.10315671883025067,0.017083236653207715,0.10201805593592495,0.19465753266845487,0.8678723944896324,0.7082937903861899,1.0,success,
PAT_185_285_97.png,0.651642217655023,0.5094466617761034,0.7525594638616385,0.012579226603390394,0.09598344871638541,0.05104926229673493,0.010992610761366284,0.08707303637567829,0.04199861830063439,0.02822595032026432,0.08264241528288685,0.0249379080134563,0.8171418577872178,0.7535767230389543,0.9921259842519685,success,
PAT_267_1258_693.png,0.6663345322949157,0.13367633966978626,0.5110285701461049,0.031379808409464235,0.039992471171007224,0.06623862575216485,0.02247061506328765,0.03537791072627322,0.06288908147232287,0.009507051557464842,0.0039353581368749835,0.13356931774991465,0.9207860043502687,0.8750537536461817,1.0,success,
PAT_112_171_863.png,0.7289253570665778,0.1806231327358088,0.5614680357845229,0.024162405374853004,0.011277278433610833,0.019196009499805013,0.024350836390752095,0.008937996387050066,0.01784464476653406,0.021153017051572614,0.003331575908212203,0.007907456623280962,0.8223699610991977,0.8224042120027529,1.0,success,
PAT_1480_1673_701.png,0.5951315715844885,0.25915683591362654,0.38360060460249173,0.020885332749134136,0.08567308911635485,0.09243344316576756,0.01533990388057419,0.07658411228548193,0.08013219630657947,0.01366513360590831,0.0826528323227318,0.12335126705526228,0.8765432571745522,0.848290903599072,0.9805825242718447,success,
PAT_1494_1707_125.png,0.621477443176165,0.3111950280614903,0.48608245825976515,0.011995664110258023,0.06097838205888704,0.07437655146229395,0.0116934050510495,0.058791454433022236,0.07743725018258467,0.03389925926876198,0.09813600270599121,0.1970918273416985,0.5311850072339774,0.3912211500434799,1.0,success,
PAT_1527_1794_662.png,0.6190724244450542,0.530110177404295,0.5308155262104842,0.009350487809926394,0.0723328616814325,0.06408942706585768,0.0088346185447298,0.05860071068579369,0.055786502516678715,0.003673814515445015,0.017868664509904097,0.17586298150567337,0.8124555259347073,0.8436791939691085,0.9901960784313726,success,
PAT_1946_3924_627.png,0.06443357137731949,0.4795116702896164,0.7769038783859943,0.0045538728775458975,0.0824187761760743,0.057345649692086983,0.003821274501488136,0.08032659811569194,0.055182684553616475,0.01220786253320632,0.12386397802622062,0.06279552560467683,0.8514167242570836,0.6660308288344113,1.0,success,
PAT_2162_4820_913.png,0.6433802109300012,0.6027735901526572,0.4896467270660441,0.014585515004886697,0.1169132138888581,0.07168151093631002,0.013083396776393775,0.10621831872898792,0.06842174691297208,0.02024187663110592,0.23609695339625975,0.17583516060427823,0.8355814773857795,0.73828965726225,0.9727272727272728,success,
PAT_229_349_256.png,0.6648426138351773,0.6256626344608816,0.7066991663317299,0.008469810092880045,0.11232454510917661,0.057895534495001476,0.006845798346707097,0.10338123271408506,0.053788422363083274,0.005316620781197577,0.13084899981243914,0.03966506717350393,0.8285170444151884,0.7155560545957077,1.0,success,
PAT_338_710_93.png,,,,,,,,,,,,,,,,failed,Failed to load image or mask
PAT_830_1564_54.png,0.6686018210276174,0.48462465102271707,0.6478743925963909,0.010348619552435141,0.0952503522751668,0.13500897448434895,0.008933027067404693,0.09014763638908416,0.13869106790970315,0.008792094491883359,0.09334388339651767,0.09934653832917073,0.5660933659102565,0.4424547519058773,0.9108910891089109,success,
PAT_1374_1286_494.png,0.6739777219466387,0.16961262865054905,0.6268486437855324,0.04057861375489051,0.04898957409847477,0.07253926694766158,0.036320313041626716,0.04454368079140932,0.06875436132782599,0.019298286204170425,0.04244768860045495,0.021212061978254537,0.8027661638492589,0.769463882975898,1.0,success,
PAT_1572_2496_418.png,0.6649658506806803,0.141792185327509,0.8804519328669491,0.03639580226312142,0.0489918621346678,0.07169324779041125,0.03524436391524942,0.04719255874445736,0.07032189380462224,0.05814234813434961,0.02689681666135796,0.058145078008074,0.6465112274660014,0.3473388693227413,0.8837209302325582,success,
PAT_1404_1393_369.png,0.6038289048846104,0.17255397812673356,0.49752414953653346,0.03179178334051684,0.0970517993627482,0.04134372015202049,0.020971127201862352,0.09437565539317332,0.03980782145023441,0.007006307972901658,0.001182775183313639,0.1334109247220029,0.9532328250622264,0.8804752341097654,1.0,success,
PAT_707_1327_245.png,0.6405872903524614,0.5340024101830233,0.732398132108157,0.0072246147822625515,0.11707984371876831,0.0850191839323825,0.005466410410873803,0.11133752108161354,0.07057840195566562,0.010012196106499182,0.07693351057703335,0.0005848205230674086,0.8786758330830696,0.8503903339167568,1.0,success,
PAT_639_1208_986.png,0.6159927590254369,0.17315211799005314,0.6952638198136397,0.050816197279790025,0.051317276937119655,0.04559842079375185,0.020848008735101425,0.04584633304701938,0.03404737854179546,0.03322590123046286,0.023842033778302935,0.011763450827518285,0.6058404152794814,0.46109500741477094,1.0,success,
PAT_271_418_92.png,0.6449791789321387,0.4710239651416122,0.7411049748639048,0.01903600391892327,0.1199629074470342,0.0791563310670612,0.016175096160475754,0.11041361474237053,0.07688747511452056,0.019008084557216955,0.08289636091022806,0.05916953909263811,0.8940538913618823,0.8708075172318438,0.9895833333333334,success,
PAT_1376_1297_686.png,0.6123886980930754,0.2862921110993769,0.5858027950857183,0.022493610197011234,0.08208370225378375,0.035443681938964494,0.017614326740183525,0.07663856716426772,0.03158920195160119,0.007426860224457164,0.0058401392903187355,0.008692285609961492,0.750002635379442,0.8466343085661923,1.0,success,
PAT_566_178_625.png,0.6414235329624566,0.4243090509937478,0.5535872586582525,0.016020237559632687,0.04602749128256654,0.04727557999683834,0.01521298319494186,0.042222786073915976,0.04343034351722398,0.024444510904495568,0.02360538750892599,0.018703123185881743,0.8408040165485725,0.8492218084252073,0.9830508474576272,success,
PAT_309_662_76.png,0.6241991228803194,0.7515682300191128,0.6430592137352454,0.016821557308429456,0.15124952435398809,0.06884506586625502,0.013770217392024294,0.1421128361155984,0.059785484912947696,0.006730933953924279,0.22803591510913934,0.03384045937059743,0.6421524315496758,0.5053501865257373,0.9065420560747663,success,
PAT_572_1086_130.png,0.9907260252446515,0.31727141627706834,0.43176069360128394,0.4724625027809066,0.09483011188592046,0.06463305702322573,0.47373833561141915,0.08501622102653557,0.057556163291692004,0.03310994922119066,0.010293754029777336,0.06207258787714942,0.6873036461938766,0.5201345897251342,0.9518072289156626,success,
PAT_459_892_804.png,0.976899218210221,0.44023107279080653,0.5637153769531466,0.2644581944215038,0.15183229419234112,0.08996019382266682,0.15431241094471077,0.12988628076774072,0.080229478429845,0.017097006206410647,0.08469456630565636,0.08244094395172663,0.7251516478098763,0.5793539228581255,0.9527896995708155,success,
PAT_386_1554_280.png,0.0018438905267254993,0.35255593029377785,0.6064993199852289,0.48484127759471723,0.06684209479606397,0.05393983126999273,0.48253425536620687,0.05703716680450315,0.04558346608201797,0.021215458271519775,0.049563396523116254,0.0012071521854442047,0.6442654211398742,0.2542493112080729,1.0,success,
PAT_330_697_575.png,0.6525180513881045,0.5834805255270548,0.5758924890757687,0.010109538575972504,0.12270557755932626,0.06635988378197154,0.008598328107609538,0.11555454482903886,0.06196488063506602,0.02160566700534198,0.03242297199452304,0.013925759968103413,0.7669236357942079,0.5948496951448569,0.975609756097561,success,
PAT_1918_3837_15.png,0.6472297593582699,0.214620968945954,0.6278761695033344,0.017689828293843503,0.06123619374077983,0.06281910853716303,0.010722593658301355,0.05399245089112032,0.054962302220467676,0.015936072553134846,0.020067630497343975,0.01581384265140806,0.5619425805765907,0.3849290843426539,0.9723502304147466,success,
PAT_262_402_14.png,0.9213351350235451,0.11310292820201596,0.5222869356244632,0.3807440649611303,0.06637451043749716,0.08264428863046504,0.3616325602162088,0.05417753078820521,0.07520697499414473,0.3347521898004082,0.017789415370895997,0.04029765718359224,0.8258938354607218,0.7651974152854057,0.9883720930232558,success,
PAT_1075_324_177.png,0.07496039384972203,0.1527540390493419,0.616328779656083,0.011281716451427228,0.031404723432085425,0.026097925589014692,0.010691297214279425,0.02997678795408346,0.022306747314474747,0.0170585453962235,0.000606837073682559,0.04244884510619651,0.7014014014014014,0.8253125796295836,1.0,success,
PAT_918_1742_629.png,0.027265368015373347,0.47926026656686,0.39762776287609425,0.3607850260231695,0.12789720497323812,0.13969632392454542,0.3454492657636098,0.09656757675776668,0.12961506900984612,0.002516042442197793,0.010345818913261251,0.07629639693661561,0.6977750425047757,0.36696646451464743,0.9547738693467337,success,
PAT_1866_3659_398.png,0.6543347457632538,0.3617369307826151,0.6184968391477407,0.022462668149036455,0.05130582032402935,0.02820745171170334,0.023140344619363876,0.04647720236862033,0.024156829658488588,0.019572021670740094,0.05754709189548457,0.01676664668643635,0.8537730807424551,0.8042966128527571,1.0,success,
PAT_460_893_883.png,0.618383206580144,0.1377467652855711,0.9699871032081924,0.03755619997990507,0.025434614889910955,0.027456339839648795,0.0338661798331595,0.022933076519022974,0.029555363922844163,0.015499142953163887,0.013285545782307423,0.015226178852653316,0.6189193668485342,0.31200912688554183,0.8917525773195877,success,
PAT_304_653_446.png,0.013907533705391377,0.4785803467551999,0.6851933827076416,0.3738647068669302,0.07690192485539317,0.033508547738909544,0.4109845059452588,0.07507797593278079,0.02878651049301503,0.020548473014054658,0.006066634566973261,0.021909650242323497,0.8236422112073858,0.5501467916602204,1.0,success,
PAT_851_1623_506.png,,,,,,,,,,,,,,,,failed,Failed to load image or mask
PAT_359_741_973.png,0.03018962612503674,0.4135826939471441,0.6239322250639385,0.006901936166927505,0.0504306347408577,0.03874003810320528,0.00659123803111602,0.04876544784752566,0.03602807088885581,0.011045739367363798,0.03189820196853449,0.019149325738200607,0.7466222914003939,0.6058111337518028,0.9056603773584906,success,
PAT_1754_3306_816.png,0.6373681013768168,0.3115471899612869,0.5423614219416241,0.01849532174905236,0.1087687742466899,0.07149464416012936,0.0223646167818555,0.11344682954985741,0.07321695250078337,0.01593500690434608,0.17950242090507468,0.09190184428373782,0.5150611154047574,0.36235785344669225,0.9166666666666666,success,
PAT_281_432_813.png,0.9607255322889224,0.3467576459459272,0.5525530538572293,0.43261944993917373,0.15412672292774562,0.07367700802518622,0.4276965726856103,0.15071325841326882,0.07031806628922703,0.02792106404159019,0.018689720956616807,0.015817845904544492,0.8605642607503524,0.7578039612016875,0.967741935483871,success,
PAT_20_29_850.png,0.044881732339080896,0.44498233782915864,0.5116990630548944,0.012818086098297708,0.038888343730673035,0.05178013603837824,0.012527552825643986,0.0346057218335119,0.048602819180167726,0.027823107839782365,0.06710184603091707,0.037211685484503376,0.6977701861967642,0.5906011254937348,0.9626865671641791,success,
PAT_479_917_41.png,0.6706383727143395,0.36407568749258734,0.7468940625130223,0.03634695970959835,0.1587304468843884,0.08910061878356687,0.01810071519852015,0.13606966643224738,0.07001083059435013,0.031036637488379093,0.026332423620825995,0.02746241484368306,0.7704151956000489,0.5507978295254307,0.8930817610062893,success,
PAT_904_1739_546.png,0.6744654697962883,0.15422253587391202,0.6203868985844162,0.04003314333587902,0.03803267955297386,0.03532709370298089,0.026470286516789246,0.03501298637359015,0.03284657052430887,0.06462044881010184,0.05549936038894271,0.07174063124274987,0.7937133766709394,0.7635748664838364,0.9411764705882353,success,
PAT_1620_2779_319.png,0.6114856271749605,0.15913142116350673,0.729946524064171,0.06162512473827835,0.05720898184977968,0.03273602887148695,,,,0.028093933451279755,0.0066774023659050274,0.007356654783125305,0.8659474206349207,0.8277726558090055,1.0,success,
PAT_206_312_595.png,0.6544100727275819,0.19594935783171077,0.519401435166141,0.06200655139250183,0.08613045227049207,0.052478305726366255,0.04723600056231564,0.07227653429773985,0.038127337771031285,0.020441393350854833,0.016975374156196182,0.025469142520212706,0.6777302861176598,0.4778653263692684,0.9712230215827338,success,
PAT_290_445_686.png,0.7001465087987591,0.27497950824937495,0.5229648929418446,0.04213940531716318,0.09383965064063361,0.0999520231928485,0.039828984472463996,0.09071270402660135,0.09891116052800127,0.0038400164849158435,0.10608056405631311,0.15977324373294377,0.8948103699476169,0.8399474146490622,1.0,success,
PAT_154_237_2.png,0.011421358275425664,0.6643979081338758,0.6857991681521093,0.1688318196379084,0.09652642774074861,0.08232173578142202,0.1909230443712694,0.09939726508879847,0.08576658891288119,0.020622132253914436,0.12282950464455311,0.0058302648889541064,0.8493710285402365,0.7996295074290507,0.9655172413793104,success,
PAT_523_988_851.png,0.05886686776858746,0.35776441335639125,0.650650870264736,0.00984085166014548,0.038567067932337815,0.04260859571501142,0.008810277099605942,0.03685918522383211,0.03930210138361502,0.007090592612479392,0.007884715355893468,0.0019169551729143475,0.8524729778798874,0.7774996561894014,0.9879518072289156,success,
PAT_70_107_591.png,0.03830977653661168,0.126926116220363,0.338388264197007,0.27854888580807213,0.06871432897990488,0.08583082993454941,0.2836372686486651,0.05446514336555861,0.08763505056406225,0.4677245357647774,0.04572589364933545,0.21023603092553161,0.7106176549198426,0.27224448442651017,0.9514563106796117,success,
PAT_155_238_413.png,0.004014167343808078,0.4834038604787201,0.6919751779027432,0.45985965554424263,0.13890568449470445,0.1942082385094332,0.4708575215115288,0.12756318625164628,0.19037230376238323,0.01999248015951757,0.042464361684550034,0.013681212995862224,0.49892042931116576,0.5302762930863839,1.0,success,
PAT_2109_4598_112.png,0.1088966348534374,0.21934584870463658,0.33201854509611284,0.041563113729411204,0.08355926627149089,0.05530887956531278,0.03803844335031188,0.07758178593794504,0.056543146776953795,0.08424135544152504,0.10717022373766866,0.13451070811460542,0.9370844148657894,0.8310868200507199,0.9866666666666667,success,
PAT_892_1691_881.png,0.6309690086111568,0.7398829357286744,0.5520074495445388,0.010133771285303845,0.05575955986252119,0.1141778930209804,0.009303201354586708,0.0384619475131287,0.10994834079884386,0.02268140437217904,0.058184000648034195,0.20685515570314028,0.6687091216527137,0.6174892939923292,0.9591836734693877,success,
PAT_135_202_695.png,0.7132058394215502,0.345217948193871,0.4812301571080135,0.03218920578710575,0.10981585932268628,0.10881158546227836,0.026839418320025947,0.09748609961930167,0.09770198381844539,0.05660662211245706,0.11353342511736897,0.06946152221549545,0.7573994252873564,0.7770358986777375,1.0,success,
PAT_311_667_416.png,0.9207228454133006,0.2660971210447573,0.45712980699767425,0.05816072627392351,0.06754855238151952,0.0353338277758761,0.04548701557308537,0.06514099840516333,0.033052386505413395,0.020777527533735924,0.07500733658562281,0.005825574812779566,0.708372121603146,0.7001635734219419,0.9550561797752809,success,
PAT_147_219_206.png,0.03561239553081445,0.4833506433229093,0.8653105906701059,0.012917804977945448,0.15033686032659557,0.026531097645416186,0.012299520131823248,0.1423392003655325,0.02218114007907098,0.01846387986923169,0.13841878314428285,0.018669493510163115,0.8584979797252358,0.6988732405209198,0.9715909090909091,success,
PAT_885_1687_823.png,0.6477554207296053,0.42798259446296333,0.6707252972447887,0.010637985826091219,0.11876341566831407,0.06521033348466936,0.009566825775999644,0.10926377357748886,0.05871471054910295,0.015961354572891967,0.01251015300786179,0.011922503159540576,0.7301076576232488,0.5505912551695469,0.9,success,
PAT_1942_3918_497.png,0.05109002314690643,0.5262366875684283,0.5958719020603165,0.0065410462416048126,0.051205745407945216,0.06694445815442611,0.006248482218592011,0.04866416129342509,0.06591684400497443,0.010623073685142516,0.11375362982920362,0.10406032889658245,0.7779397960835086,0.8319191662840989,1.0,success,
PAT_734_1390_631.png,0.6577611417482888,0.5275653569489067,0.6590795872735602,0.007383446503874711,0.10209955030880813,0.1234301183338286,0.006481040395819039,0.09874620409525221,0.12454967931087714,0.009647927812921609,0.05407943533057624,0.01006063324219153,0.8676279197205288,0.6746613472894732,1.0,success,
PAT_10_18_830.png,0.03801935642037189,0.23052287581699346,0.8590196078431372,0.015547738335608099,0.029614046587857382,0.00859843605854145,0.010043398005849025,0.020296667177878584,0.005444226299738252,0.014540882654210316,0.013813583404376245,4.688832054555725e-05,0.8712191934279313,0.7149187386706698,1.0,success,
PAT_877_4672_612.png,0.03421305426983216,0.49259825703941407,0.932054939778691,0.03978933900763041,0.06959806880541293,0.037630982495819816,0.009135933923200619,0.06911176734476628,0.0350473106384192,0.0036664355310051435,0.0549068723046644,0.022073341961570736,0.8277555493845796,0.7990422419445329,0.9606299212598425,success,
PAT_1026_124_346.png,0.6894355944352737,0.4162825774316882,0.8267775088568522,0.0036522438415701147,0.03265052659607119,0.034963044507037314,0.004237606443170598,0.006114954577598675,0.013549555194998645,0.0004483960491692566,0.0076065406452922035,0.005538570803754861,0.8572248529200746,0.8594374919904687,1.0,success,
PAT_728_1381_63.png,,,,,,,,,,,,,,,,failed,Failed to load image or mask
PAT_271_418_14.png,0.924712811375997,0.1577659384132159,0.6944930388512282,0.29310041249445107,0.07141058236469135,0.06566638003614556,0.23975311653012968,0.0660060106787858,0.06633216373329169,0.06891641871247395,0.07552333846258297,0.12574810398407743,0.8247658446314875,0.8120393457808277,1.0,success,
PAT_208_314_741.png,0.6522188980785149,0.28151647853685896,0.5559891393572015,0.016198485408208174,0.09299589262794153,0.06883091161696277,0.015362931537448226,0.09078959244243483,0.06723680181672,0.029477302850201743,0.09893546799056394,0.033948256366115204,0.8985794535892322,0.7855688487809799,1.0,success,
PAT_2097_4557_241.png,0.010266880756717278,0.35242328205921003,0.19236556646311612,0.3742026599350927,0.1024070665961905,0.03853269995195539,0.43621670555847053,0.09695269353280526,0.03408322847559659,0.017096916750281275,0.08702881083468517,0.11989976520146459,0.9242523002979277,0.87129337831992,1.0,success,
PAT_420_834_450.png,0.6424998372653513,0.24990777434848513,0.5969197241144207,0.060910219265753136,0.1299238914515751,0.17754961688639104,0.04459282714935242,0.12036070148198852,0.17370727305744302,0.012019529209787234,0.014619494048752263,0.13711977174480894,0.8312757372789978,0.8560036271112589,1.0,success,
PAT_1277_964_77.png,0.6178894200781858,0.0887258832963819,0.6482302624337626,0.14535673206054606,0.05905988276730883,0.05189224061356364,0.12358797859054135,0.0567439363150628,0.04838440465522081,0.008457225889986751,0.02302988555628223,0.027066000100421483,0.7305797375340886,0.6446470212560265,0.9206349206349206,success,
PAT_505_3200_856.png,0.6482162917553886,0.24564501167514313,0.6480344176822442,0.03412749413919279,0.10124178724016607,0.04066063343692501,0.029882246049447208,0.09625102341913153,0.03386309678682572,0.03339859002959405,0.02560003806889244,0.004844038082128299,0.7630895519301946,0.7454761007936971,1.0,success,
PAT_826_1615_908.png,0.6539137369646149,0.4719898496342089,0.6736025699862322,0.01088767817023504,0.07777476449133856,0.08029606202629914,0.009867296140535924,0.07105667504913797,0.08893109888209647,0.0020343477921140932,0.07109083390143361,0.03278671805581679,0.5565015897262136,0.23920601586020404,0.9020408163265307,success,
PAT_998_17_641.png,0.6193901329754982,0.44813101070586103,0.7218690960325338,0.01020268188304107,0.05613146207052316,0.05590280950962331,0.008927394118147722,0.049273149098867736,0.048354255099072055,0.0019734825569182293,0.09883709981988975,0.10616081540480038,0.8032359122137218,0.787021758669342,1.0,success,
PAT_809_1527_902.png,0.6378004308477405,0.30133972140892556,0.5757386212403514,0.06619813416974715,0.14347223859472374,0.07541283497047425,0.06913393026790444,0.14190355198388313,0.07000539333309524,0.09875411914446339,0.1013301097211132,0.03790997545322794,0.7167634996582365,0.770357192487564,1.0,success,
PAT_205_311_255.png,0.015666364115699938,0.29073717680528827,0.6748891306166849,0.2303707691737984,0.07189534950176446,0.038979127099065425,0.00909433283778548,0.07010987719759637,0.03629901973650386,0.019358881354723103,0.07718452170069326,0.016882098016410718,0.7895967182457093,0.7812056412638773,1.0,success,
PAT_1568_2454_468.png,0.6361634171770164,0.39536395179096706,0.6754952086832987,0.007493179335799519,0.08276966000566253,0.07050894915021172,0.007120686972068215,0.08326112353873741,0.06913617261362472,0.011921052209545972,0.15802947347409285,0.015787459128351555,0.7328766094933694,0.7703347371820275,1.0,success,
PAT_85_129_980.png,0.5884451279319215,0.5864881910517448,0.7869908597140248,0.019317679258731422,0.09743935792833754,0.12320668261514903,0.01830516675021415,0.09147606275588166,0.11849563581634079,0.004315283623751674,0.07106410141589048,0.12237384616832814,0.7352394628685126,0.740036068320148,0.896551724137931,success,
PAT_1722_3214_672.png,0.609210207813397,0.12184873949579833,0.6077421444768384,0.04470436216754383,0.039809946980578145,0.05649727393943222,0.03704310017875192,0.03659975766123849,0.05792535228394523,0.04519526054888495,0.002541216264530244,0.018634181646867254,0.6505607186049085,0.6645436979604719,0.8148148148148148,success,
PAT_1021_112_40.png,0.6316946086293374,0.4655982037434915,0.7303137642026208,0.007569860566340222,0.027023979993011517,0.03593826579822998,0.006691449257104836,0.024185300139446433,0.032187971207609425,0.009856590154560823,0.040833972791595174,0.03336084058739208,0.7150193117977528,0.6460072647902856,1.0,success,
PAT_363_745_516.png,0.9858282371146162,0.24512527896852138,0.6546945563504466,0.31535431086982574,0.03538016852882598,0.022747125133240894,0.2184470425050042,0.03567370003878934,0.020700863334027996,0.0018098565082127038,0.057861984545693884,0.01444888609790973,0.6505105232121003,0.49132475943193343,0.9659090909090909,success,
PAT_178_276_465.png,0.7301680524549324,0.3563558605466699,0.5581929276476819,0.031140492567169498,0.08490663813424039,0.0454319682462722,0.028965993576397456,0.08036302979724463,0.043027188997045746,0.045720917536095286,0.07959771682791394,0.011158081745797133,0.7187532191000334,0.6332712374038462,1.0,success,
PAT_2142_4733_13.png,0.6360638930700232,0.5449504532995995,0.6649096914751563,0.01027699392556298,0.0904159989858972,0.09429317984094529,0.008891676467820365,0.07853607830435946,0.08798212459558005,0.01572442503130718,0.08775555348174885,0.12143982100743234,0.5997295654683306,0.6579521955555351,0.9777777777777777,success,
PAT_1582_2574_989.png,0.6152387636673475,0.48973651960784315,0.47572621641249097,0.006515722860505143,0.06224509222937331,0.12010966333045145,0.005206246036025768,0.055453037869114395,0.11903937874238986,0.0057742619522290145,0.021994504562831474,0.24658232964744248,0.534756473299565,0.6141730573499018,0.970873786407767,success,
PAT_563_1070_63.png,0.9760242718328234,0.4072836934216584,0.4934778368171781,0.36951780680891794,0.13931236289381033,0.1310351815109895,0.3211281104720514,0.1182155750361938,0.11732715897891265,0.004906914709051572,0.15494029330093484,0.14452749838542328,0.5891209685984352,0.22786076514026782,1.0,success,
PAT_423_839_596.png,0.6510084555697447,0.36867183822784655,0.7880967701574705,0.0097556052846159,0.06379902073433032,0.06593690311047562,0.0072647620508761055,0.055725143352298404,0.05936562931981275,0.011440398651657328,0.09019256573223539,0.02806802481878312,0.5905304729770979,0.4262269587817562,0.7692307692307693,success,
PAT_1064_272_668.png,0.21789024033410614,0.08732495644760739,0.38649245709626007,0.2209684289337474,0.04583282068137689,0.08629779346914129,0.22276395483667588,0.03922812471678758,0.088764173807784,0.2986948088907946,0.024251506935173375,0.17721186707713915,0.8409587295683328,0.7927314166009506,0.9545454545454546,success,
PAT_742_1470_425.png,0.6415234422273072,0.1961777512924658,0.5581246308174029,0.06452387448664058,0.07136621139134036,0.06199078379276214,0.06097970227383917,0.06563407651722766,0.06066228582426074,0.10356403838302555,0.03184157237903176,0.07164785766995124,0.46902701408965225,0.591380940007378,0.9772727272727273,success,
PAT_1071_312_841.png,0.60360834472366,0.36486869115877396,0.43232250300842356,0.007672068435793332,0.0456488852249572,0.04953650924275166,0.006775321206352062,0.03859106066692408,0.0484036425564243,0.006142844234559498,0.050962958149877724,0.11400376223175002,0.6804263565891473,0.6481776544602359,0.9753086419753086,success,
PAT_433_2650_417.png,0.5928279832266378,0.708887844656139,0.6277889320821527,0.004366784665363342,0.0814453014381469,0.08985265048697619,0.0035582653596723606,0.0720813328047826,0.08496005044323242,0.007538983058194996,0.0956621622263043,0.17210621314171226,0.8658173753110462,0.8639439963691763,0.972972972972973,success,
PAT_980_1851_351.png,0.6313366732628634,0.6321722548592049,0.3977141000316393,0.011678517989212175,0.09705351758531465,0.13001025061890908,0.010953656882379967,0.08545837245052497,0.13384407524880523,0.0026208413949561304,0.004900461765944053,0.08139677130674206,0.6273898450684937,0.5311867932045994,0.9811320754716981,success,
PAT_513_964_447.png,0.7678532150936419,0.26509977142383745,0.4554129621889086,0.09208323671397471,0.08763732923277855,0.10063114788186028,0.06416078876158005,0.0712319898612491,0.0884638272942134,0.06302007085594173,0.03186137600111058,0.009946092989005062,0.8172784424497974,0.7515513553313945,1.0,success,
PAT_1707_3146_743.png,0.6437562293679848,0.1643014480193551,0.77585430734602,0.008857619596369291,0.008195525029879658,0.00758725652836532,0.0061359874690277835,0.004561988098616363,0.006197169531186851,0.0023935445241486755,0.00022034931977971128,0.00421988449287769,0.695465244598672,0.726122827307296,0.9433962264150944,success,
PAT_262_402_265.png,0.6880211922853255,0.18459802053492996,0.6229528280492859,0.08033285528033218,0.09031448618417512,0.11899578862488958,0.04626535256926523,0.078350113810898,0.1143336941958432,0.05695170322388145,0.05225829199594062,0.12277755549253155,0.7397395540477281,0.7209125193605915,1.0,success,
PAT_718_1358_919.png,0.6711195977950644,0.27610793533714423,0.6508117980734613,0.014415663642336317,0.151038849830658,0.07588651701956205,0.012942668801582097,0.13479747687458882,0.06739189541994821,0.03171252247817446,0.09272020147399704,0.07070242884770517,0.7300312110631144,0.6000745030755759,1.0,success,
PAT_758_1441_891.png,0.9656669830578732,0.18907150602065856,0.6376228217703791,0.2962361616205152,0.08795518968883356,0.04730143133341021,0.3564805365587813,0.08091574602671515,0.04721615259153409,0.060804565869130696,0.041432109323086275,0.054458929410392876,0.6973487047786251,0.5334879085993692,0.9857142857142858,success,
PAT_1244_840_975.png,0.03526992736350919,0.31379435159926194,0.6964642317980771,0.12905286855254453,0.1098224064987607,0.05575718683000957,0.09694185646324602,0.10627671072503941,0.05293738648020161,0.02195452692255208,0.1344836944778499,0.036975671905748686,0.8327072799506492,0.8305516810706178,1.0,success,
PAT_1174_628_915.png,0.6928419394502499,0.15654998195597256,0.5437507518344761,0.031464799738182614,0.01878575741868931,0.015255608355567375,0.017751205528635274,0.010868504183365605,0.016197374024734677,0.05858176159042306,0.005641545186769487,0.0032758462759224782,0.7787323701410389,0.7819021216498324,1.0,success,
PAT_46_881_14.png,,,,,,,,,,,,,,,,failed,Failed to load image or mask
PAT_1306_1086_124.png,0.36062019471537676,0.1525319992091532,0.22300762479476666,0.1953063442840806,0.11972235448869953,0.09813493423659982,0.19179427496811396,0.11047172949514894,0.11226192631363134,0.20759558359203925,0.19575663614423247,0.2995315168064582,0.8714934141787849,0.8569543308800892,1.0,success,
PAT_83_126_513.png,0.023143303092013085,0.42444406333962154,0.5236386991771499,0.3059693984379873,0.1846133608620653,0.11582333942764794,0.30018992522236626,0.17597096743708251,0.11038098316171548,0.02945469016606254,0.0006809026438500121,0.0985501032978211,0.8735265891102186,0.8606550059481682,1.0,success,
PAT_994_1866_730.png,0.7020824736157061,0.2499267052512592,0.48532147835707923,0.034852080152433934,0.10091147782388145,0.04365636598988714,0.023477418304797153,0.09261969852588059,0.04245376585551982,0.06934318804655722,0.04986050513777332,0.018681606974442544,0.7533449621905495,0.6541285783865124,0.9550561797752809,success,
PAT_132_198_114.png,0.6535209822165099,0.5358320429345224,0.844788716628421,0.016323028390547733,0.12397291502742964,0.0570763552888377,0.01439357559849086,0.11499900005847255,0.05329693059330985,0.017083039068033025,0.10163158984491999,0.015989273186362785,0.6877334251472246,0.6472550046807897,0.9838709677419355,success,
PAT_737_1394_308.png,0.6804017354463477,0.4241382309454092,0.5352854202301917,0.027612754068801114,0.09484422146690975,0.048943009957318026,0.026537909695603615,0.08625596336085002,0.03965971991400805,0.009601553565617217,0.07554484859389671,0.02597105059271776,0.7316549938642962,0.742776991680131,1.0,success,
PAT_45_65_551.png,0.01981520427780776,0.6355861308896207,0.4900633056940413,0.04641206924329719,0.07552223022654754,0.07293244153451363,0.00702242532592263,0.06747730590431711,0.06906752846553173,0.01184470708767998,0.05612779990022787,0.05755618838985305,0.6941734003256885,0.723928207240587,1.0,success,
PAT_1715_3184_989.png,0.650204041975681,0.16516930071917282,0.5197543008284696,0.0353234221171282,0.07525236765676584,0.04340114445609678,0.0,0.0,0.0,0.04109808812916522,0.08268408900272903,0.0076692053523707004,0.8412327542991652,0.805191051553656,1.0,success,
PAT_141_209_438.png,0.6368979455503911,0.41995256404590386,0.8100234233437927,0.00501376465312464,0.043060275586906616,0.04471877974514615,0.0037027319477328903,0.038998403479041745,0.0381562497749103,0.0020187569212530496,0.04350735813182305,0.05023420721652194,0.8880886139979767,0.8356935538628686,1.0,success,
PAT_964_1821_83.png,0.6095109123311909,0.3267534814857544,0.6872013036643929,0.016127797104127498,0.07476201670498198,0.055195918976608555,0.014308669874699398,0.06546599612155814,0.0441809743017433,0.004722204163159047,0.06074536781922579,0.029636425387004284,0.5999220377996786,0.6141924073887896,0.967391304347826,success,
PAT_489_932_138.png,0.6621307318844935,0.6882258300424163,0.2764089283512147,0.027103377867987662,0.16929608192490153,0.10112878192783319,0.01718919175851956,0.13194032784451926,0.09943248351719698,0.028369588390322775,0.16476853712957829,0.2217982818370579,0.8364236728272885,0.7391853685570592,1.0,success,
PAT_1022_114_756.png,0.6621666914422428,0.19891984864121087,0.6425180598555211,0.042272446230378305,0.059956468813147215,0.020662251328899203,0.028905722596098603,0.06221910741862646,0.018210881606061092,0.05801897456561215,0.006488476092191275,0.0026749226006191895,0.7702398272868072,0.706466345779888,0.9,success,
PAT_815_1534_411.png,0.9900839290724399,0.3840764253299573,0.7274644355558817,0.4257200758692202,0.07936763337210513,0.07454111103801747,0.32516014140043764,0.0758403608332646,0.0724805731946733,0.0019309069631614445,0.060437209643682765,0.00877894535980328,0.7981220311872481,0.7973038612689346,1.0,success,
PAT_547_1033_445.png,0.6326452361750717,0.3389609488522939,0.49267169004898487,0.013954639512315261,0.05405786896680017,0.02746647497664103,0.012850885395253106,0.05257847121149426,0.02614717705962857,0.00907091295451276,0.0714835375924473,0.021560144297779138,0.6895047206103709,0.6188587294501198,0.9464285714285714,success,
PAT_1913_3816_335.png,0.018013894549435486,0.4797253684082329,0.8162038728534893,0.008326050866424042,0.034626213080458774,0.04115726453159648,0.007337044481070294,0.03187465452948706,0.03802090627819415,0.016948329013083102,0.014483951683440133,0.01377320888829836,0.5525215749730312,0.6562682581831636,0.8571428571428571,success,
PAT_1063_270_593.png,0.6166889678048434,0.46298625669694854,0.7777065263561749,0.013829140650801366,0.05531835632058059,0.0435016715237726,0.012826396573331943,0.05119226604075965,0.03816234227541395,0.019946396245130178,0.05061638896375903,0.03722778961620343,0.36481539578992594,0.5194407581920172,0.7619047619047619,success,
PAT_319_678_357.png,0.6320072193442574,0.5083776251617398,0.6969214690952523,0.010310185545125533,0.12856283304061217,0.0860544647295989,0.00857636735016379,0.11731053523169602,0.07783621425876275,0.014912378766316278,0.042574712356746425,0.03836319139273714,0.7651962031144717,0.7353098852069191,1.0,success,
PAT_1822_3576_145.png,0.05265512938001723,0.3313262401734887,0.5069779524713112,0.023393649477612598,0.07764787557998455,0.0418571937764385,0.021453545988597833,0.06961437024316254,0.03741402867031637,0.02549221023496476,0.09492933247810714,0.0054811156629848146,0.7432850471973649,0.8069957670850842,1.0,success,
PAT_978_1844_599.png,0.5546631178016423,0.3192283569324337,0.5456682188222624,0.030503466137795948,0.11171696993646117,0.13696573480567792,0.03057999006686371,0.10284171101832057,0.1302417279330484,0.07608231348535138,0.05750878538288362,0.013116593520979047,0.6246598432232647,0.3131885219564133,0.9864864864864865,success,
PAT_1614_2747_533.png,0.6825273049801469,0.3863564317643497,0.46475619312211713,0.04209927986552298,0.17670212389770437,0.058887141112528095,0.03770003455199486,0.17355549173561383,0.055466202856791894,0.04402614399707679,0.1214294341991981,0.04428544020519365,0.7620390935204722,0.8163611232014316,0.9652173913043478,success,
PAT_191_293_391.png,0.8569567345221171,0.17699589182601907,0.48812009387391764,0.3309635709475545,0.13233537829300526,0.16163955292357546,0.3483777997414005,0.09907723216133378,0.13454621692447966,0.060918293058780965,0.06395838595757651,0.15372001787282075,0.6193298632990609,0.5703009161094138,0.9787234042553191,success,
PAT_1427_1485_119.png,0.6385747286340566,0.31468247776564207,0.5640401518697664,0.01377276842631632,0.06311436524963167,0.03948407763819185,0.012289247885312694,0.0576102816794794,0.035090731892210264,0.027705298161567842,0.0021996994594915553,0.014772627854669484,0.545133861264946,0.5840963742369308,0.9625,success,
PAT_272_420_25.png,0.6130048723417357,0.3457958602655898,0.5630947822016951,0.05981534024302369,0.14524466869611455,0.10028414618539959,0.047072945921344575,0.11072800462164059,0.09206326426729144,0.0072909486167764236,0.0010458719647802317,0.05720916276531329,0.8017267106006943,0.7576035066986967,0.983957219251337,success,
PAT_1673_3011_440.png,0.6121145234921739,0.44426810468893096,0.5268838489849087,0.0077383302720902955,0.051483967910160765,0.03776414846275715,0.006089654959028461,0.04182756154024455,0.03039990216928384,0.005337350458414471,0.03324618336286833,0.019163220747017373,0.37139978704326804,0.44227210556856233,0.6168831168831169,success,
PAT_154_236_800.png,0.6092245549353791,0.5373386849146817,0.5773957099618371,0.012464285692696166,0.07437639038694749,0.09408579787987308,0.010788053046396767,0.060136444662350005,0.08526725106570833,0.0004004565014957014,0.0005436359744421804,0.05341753074106448,0.8086255624739505,0.8415969293170039,1.0,success,
PAT_1453_1565_529.png,0.6045033668672569,0.452807300746863,0.4217042250489658,0.008229982788807337,0.09676209023133936,0.09924690911774149,0.006722417912032226,0.08816327184147152,0.10009682104684316,0.004398492975526914,0.04437752811251461,0.15233804825201375,0.8760462974087869,0.8527273452376516,1.0,success,
PAT_114_173_213.png,0.6421936426073683,0.49279855418013957,0.7678344274967066,0.013647728097723686,0.11688160940315524,0.09800853298779073,0.01073338444687237,0.10683200852776224,0.08394479758570353,0.009807061299817833,0.11676200363759243,0.10848386681130784,0.5426591954753968,0.589340828519064,0.930379746835443,success,
PAT_441_861_542.png,0.6522170332126986,0.4203535434047151,0.46613056544508796,0.011970804342312702,0.09919368960047399,0.06765725342738674,0.010683007716155652,0.09163610252780718,0.06355084506313352,0.013194309626147236,0.190440689374214,0.11444314552077989,0.8296440352599721,0.6713534641344404,0.9574468085106383,success,
PAT_1899_3779_475.png,0.014364940077798942,0.3408102540627146,0.6674971934299012,0.22887523935581752,0.0475974644062118,0.030762011740142543,0.23891571090701177,0.04538328627955909,0.027402058518307043,0.00444304400188887,0.048602298106747543,0.04162507751526234,0.5460194423722491,0.6640014384797464,0.9230769230769231,success,
PAT_120_183_623.png,0.6855597746590165,0.3461968262969253,0.6974610580859367,0.024647037254359124,0.10646237863119178,0.06377283654472908,0.02229664005679095,0.09626768980423472,0.057113208465732306,0.021428973090028888,0.013785526120872416,0.004266290229459457,0.902401158102693,0.8259275771931446,0.9821428571428571,success,
PAT_228_348_2.png,,,,,,,,,,,,,,,,failed,Failed to load image or mask
PAT_711_1334_344.png,0.6715696252893643,0.28243378714872425,0.5512703597106793,0.018591816079321206,0.04491572996998451,0.044351980348765245,0.020790098472686588,0.04015667565519827,0.04386352031070088,0.059578474280452945,0.07967017526620299,0.09028143697365965,0.7996646468092146,0.8234535362359976,1.0,success,
PAT_62_97_868.png,0.7180603839975607,0.15147725463338646,0.7224276815706225,0.13703868994917742,0.07857826191571375,0.09157489880251994,0.07976586452769058,0.07105808651344798,0.07767604415039775,0.016287992311157497,0.03245581997256562,0.020190757109197155,0.8650812790003598,0.7254911868335164,1.0,success,
PAT_9_17_80.png,0.011445244531278109,0.38547274102519347,0.6237505091057194,0.38567956311031176,0.05955073596734228,0.053914910450046954,0.3795308263979572,0.05447231691037876,0.050702881488831765,0.022343990447321112,0.03325399017361513,0.021186199755040103,0.3272275865726607,0.43253726991719404,0.7916666666666666,success,
PAT_328_692_681.png,0.6647521904217243,0.4392703791333146,0.6675538392271687,0.017471706762742806,0.16576613323128067,0.14437787759342033,0.013636907123726715,0.15913360521974868,0.14406443584552606,0.015044987626379857,0.006260796299821569,0.052055300725108444,0.8817507445213184,0.863232714910069,1.0,success,
PAT_59_46_537.png,0.0895773073993939,0.2524235786895373,0.6024762080753949,0.039873304759296554,0.06376693658811221,0.09289566622496265,0.019583014790322727,0.05554213510722902,0.09385796921200115,0.0008780621483109702,0.09654747028439181,0.18993578857039717,0.8302629319876549,0.6968788042553233,1.0,success,
PAT_1482_1677_382.png,0.6196652396189262,0.20144751493066101,0.6023103076639098,0.09429318351157559,0.041863524099574966,0.21577247799561583,0.09298203959138021,0.041841505736977445,0.21483598515770078,0.07983760657321205,0.022465227862122877,0.14546007680905526,0.8032583865161185,0.7218707342115214,1.0,success,
PAT_1753_3305_385.png,0.6329578634498757,0.3498768634970767,0.5665294305641719,0.00802368586510843,0.0873153185807204,0.058072751105621614,0.006907531402376186,0.08437082154145743,0.055282539815315924,0.008878218161371857,0.16455284955921973,0.11113082386357176,0.8282659533791257,0.8572560211491035,1.0,success,
PAT_971_1847_99.png,0.6206192126623404,0.1860820808865001,0.7061875850170863,0.02211213027703701,0.08630602162175065,0.060721066021568446,0.016699545188470943,0.08232893713269618,0.05346022852266146,0.015741313330156874,0.11153166604204426,0.06533598786014116,0.6164478514993978,0.7159753156286188,0.9876543209876543,success,
PAT_618_1174_596.png,0.6627796983029791,0.5498928868694312,0.6546490737329494,0.006703373001067034,0.11847663303960759,0.02827227767493879,0.0055966889114847365,0.11069246589386876,0.02366641869741381,0.000896829349530353,0.007575048146902019,0.010004047262840321,0.762881182437938,0.6598678017809051,1.0,success,
PAT_1814_3564_609.png,0.002631148997498472,0.2765019029724912,0.6311027605145252,0.4785826976036381,0.06621788648621985,0.07594808261070689,0.490551920972652,0.06450503572952451,0.07253483452264706,0.018768332331428675,0.12643184628478743,0.07893401422813184,0.882411858974359,0.8084932714171341,0.9591836734693877,success,
PAT_1309_1096_393.png,0.709685774221375,0.16055157022158456,0.5187406344651682,0.03700836685291047,0.030347239549592724,0.09030976903160644,0.03072239881449956,0.027571860389032237,0.08231227564069377,0.037499420016455946,0.004922127348058192,0.035784863159882274,0.7464076630719729,0.7228228573004887,1.0,success,
PAT_341_715_180.png,0.5772877786680258,0.4628789880732167,0.6265334813170552,0.005743394839484041,0.07181641538120784,0.06194853544595657,0.004322323963190771,0.06345046864784529,0.052207717499676363,0.0017415786073245146,0.06509263089221795,0.0733946072777959,0.8464159748645188,0.8438127469937016,0.96875,success,
PAT_1586_2623_989.png,0.6577100359760758,0.5096627016457553,0.6641410026614525,0.006748664516783421,0.03773000874617214,0.02947868453455161,,,,0.009200042016456836,0.024638508199885,0.004161041560491574,0.7289057118355756,0.7903347428772044,1.0,success,
PAT_312_668_480.png,0.6569237145906268,0.5038139527655723,0.8366964261432729,0.01157758628527391,0.09389732460478582,0.11232407737577964,0.010847504796075142,0.09016281367648757,0.11062918438449845,0.013805620233569805,0.05184896209744738,0.057583243455378574,0.7943658881493094,0.7642744258569184,0.96,success,
PAT_799_1515_723.png,0.6039931046447355,0.2379483964128287,0.7465724274205806,0.034935863322733345,0.09704049185816382,0.08278798552273514,0.033576721055085655,0.09312625443128703,0.0779285398075463,0.007357356505961753,0.07019504114237354,0.04411703084753693,0.8916921800968776,0.8397690269202472,1.0,success,
PAT_1331_1173_380.png,0.610446985881895,0.33910450778249446,0.43417222559126745,0.02307248373098966,0.07217779030952444,0.06733621520199848,0.02224940803557833,0.0669652763288656,0.06720727353949113,0.03420981544812452,0.008927381169767601,0.17171741651092665,0.8390261734708874,0.7441710332658587,0.9661016949152542,success,
PAT_1371_1278_533.png,0.049641445089699955,0.27663222995291303,0.4135169958066859,0.016074992548535175,0.039265278446076884,0.028991344486023942,0.013255823175533131,0.03226085983327931,0.026141885584321397,0.001989792744390151,0.0849004042983158,0.06912464980861543,0.7088111074327104,0.6439063379077395,0.8974358974358975,success,
PAT_1498_1719_816.png,0.6377001500720618,0.3309132425235944,0.5483541204261824,0.011792873554558674,0.0747508898608222,0.093212325561719,0.008728674571379278,0.0638256237716058,0.07629266538900573,0.0041340907020416436,0.06174852806699482,0.01738864726913114,0.5226175594315488,0.5410068550900371,0.9047619047619048,success,
PAT_1648_2902_292.png,0.6023021877597953,0.3007953977769452,0.5970912170600724,0.011267630551184096,0.06344391973372634,0.05618868444466085,0.010324345260413634,0.06135931236344745,0.049842841379009205,0.012979102475559914,0.025054373900989857,0.013398730164323913,0.8727935967283527,0.8369375676020037,1.0,success,
PAT_1881_3713_718.png,0.6724559645837078,0.2250536440991491,0.6341916389197189,0.03682982924753872,0.06119381165085879,0.03653950712936592,0.02468605356408992,0.06283173952870347,0.031899362885153895,0.047717788628177105,0.04446540880503147,0.02078385127635962,0.8059796437659033,0.7285513539683184,0.9666666666666667,success,
PAT_796_1510_361.png,0.05288941521272008,0.3843010931588223,0.3254804907506686,0.15782057513952663,0.16233670151467547,0.09947506871950694,0.17170476359878134,0.1289086060092489,0.08513105610273576,1.9852717231276055e-05,0.05557338448206528,0.08744840327059944,0.8084916611776016,0.7951346197849113,0.9748743718592965,success,
PAT_230_350_872.png,0.6599844037465366,0.25746839377965347,0.8813850624221204,0.012871601754377423,0.04375172835403614,0.027136689052551496,0.011267007971401306,0.03770490756939967,0.02122610766946808,0.023219977741432668,0.025167535663430107,0.001871651558394749,0.6746782831493575,0.6548923146214368,0.8360655737704918,success,
PAT_158_243_947.png,0.6226018643971408,0.5703735113677373,0.7711067003488511,0.009171669226678244,0.10849628282490763,0.03797110939324542,0.008032206873385099,0.09681533202270778,0.031111828243851745,0.01563889672455782,0.012807643342583996,0.00782349148430972,0.8678242142809072,0.7595094504742097,1.0,success,
PAT_1418_1448_307.png,0.6112747693229803,0.3648889676352469,0.5828102325267457,0.009902192221856534,0.04208861874656631,0.07645041867122386,0.00880559425066819,0.03792515397563716,0.07548286725446678,0.008088089043153938,0.06808581658642399,0.11536153411890682,0.8547462235108243,0.6259263765888035,0.9798657718120806,success,
PAT_872_1708_841.png,0.6571840251567627,0.10974012571535792,0.7374162679425837,0.0783253871779579,0.04609079141016329,0.08061937558026948,0.030613833898760993,0.02754643372856713,0.06221552341846199,0.0033966965651293732,0.03048029653932273,0.079309774780985,0.6916999033115785,0.6984831290108322,1.0,success,
PAT_1102_408_613.png,0.9964576981827655,0.2859514515188227,0.6684255395522053,0.48953005250354903,0.04055983065811467,0.024356972448059774,,,,0.00016633809620793095,0.07357293489478176,0.004652039305424682,0.8504176710165405,0.7961926578152402,0.9583333333333334,success,
PAT_478_1829_281.png,0.6853242523660461,0.059732497565898414,0.7277103809990831,0.2571710988931769,0.06428809372988002,0.05559480700284108,0.24679624897079222,0.059081919900848934,0.053084969733597005,0.1095996434664396,0.07982371264031654,0.02986756051062922,0.6568826972548281,0.6184780574214171,0.7981651376146789,success,
PAT_1374_1286_775.png,0.6378165395115297,0.3255807029766052,0.54712968090364,0.015713326439337812,0.0920937750723149,0.058902042358621585,0.014130241039627638,0.09186395632888156,0.05583277825467621,0.018824887631675342,0.01009356107934789,0.03660008514608204,0.7036779413316636,0.6012526179353883,1.0,success,
PAT_1584_2610_223.png,0.6933016012141802,0.2559328619162328,0.6572098324138109,0.013518755968712033,0.044772398137554306,0.0315923735894025,0.01244776984327273,0.04220952204482084,0.023633062720000025,0.006869934917429611,0.06584389347866254,0.021532321185856018,0.8478318499720008,0.8038228177700907,0.9615384615384616,success,
PAT_1000_31_620.png,0.6159448256191865,0.6931140098996362,0.4393770339377034,0.005802024596286826,0.08966093035577584,0.08301604696003698,0.004762980925073853,0.08108942317875675,0.08556534158577767,0.005839591143389731,0.09822058005999124,0.1531863816392684,0.5244434678076711,0.5404583240144663,0.9065420560747663,success,
PAT_683_1297_839.png,0.6683234266134215,0.41460938019946947,0.8471044600157825,0.012578122968407475,0.06919598115956249,0.047579368647206535,0.0119263247920292,0.06481418952842852,0.04386665324631905,0.010142725955533964,0.014550618947087979,0.021748681142753523,0.9147522095959596,0.8104161415884782,1.0,success,
PAT_1731_3237_919.png,0.6051974730501704,0.3775000663323516,0.9029805336658795,0.012914531068101044,0.11116163338404106,0.08408590654765331,0.011038506152046228,0.11162156560537242,0.08504989129805922,0.015725137524550566,0.04283414435504512,0.011850830721707006,0.9329837935466436,0.8646760638504265,1.0,success,
PAT_267_411_513.png,0.9905279021336085,0.39989280707247654,0.7244972510655823,0.4799403179768379,0.11016683889587289,0.07166910232432173,0.4738636026649363,0.10748228787540338,0.07544025760105913,0.00572975781263807,0.10171034280827729,0.011220782431265452,0.6662069067490259,0.5911182605241859,0.9378531073446328,success,
PAT_101_1041_658.png,0.5888035841468949,0.3130583252134527,0.4290460363859635,0.04960641033553849,0.13777267223966524,0.09729920746883847,0.042018636158813454,0.12748267449256603,0.08628884488371574,0.0017311458772139884,0.08124894291073365,0.034339673360559264,0.7997914317416333,0.7879243552726576,0.9341317365269461,success,
PAT_1633_2855_594.png,0.6361921531341712,0.3055379932092261,0.6477434106765291,0.00934248882892096,0.046848180571588086,0.03147450656677774,0.008490998094637646,0.047123510517213106,0.025188954342785206,0.010578049913309446,0.047740590951711015,0.014431297952651634,0.6616484395670854,0.6461699040759643,1.0,success,
PAT_1765_3337_365.png,0.7138874075652489,0.29239064722306674,0.5524253829138143,0.060817329937669556,0.12167069054761125,0.12473332235402158,0.04557081729174754,0.11660511175082047,0.11602066916428232,0.014896941260468645,0.06771442829996549,0.0667752925716909,0.8553546942263685,0.8403055975310665,0.9782608695652174,success,
PAT_1721_3219_130.png,0.02783337365369786,0.24190343955659407,0.42557711628116995,0.02086666169433779,0.09658485575857445,0.08201237180645878,0.011282489833031728,0.09301251158055857,0.08665061279897891,0.008340867791240032,0.02126230725244141,0.16978848936391683,0.7054022229878474,0.6170617776289964,0.9540229885057471,success,
PAT_1468_3656_337.png,0.6701702868609767,0.18461168279322174,0.6634515947371116,0.012237767818467665,0.0065946614745335756,0.016646937757817594,0.010915660401395647,0.0038800497253520818,0.016153764709022994,0.007404531643639306,0.002878348282322085,0.0018037659001068906,0.8717030740505043,0.8105826697634324,1.0,success,
PAT_561_1068_909.png,0.014951642339615474,0.5233188606381496,0.5477450908531704,0.41294534475210687,0.10612494431859333,0.13677189697228145,0.4522121814916369,0.09196168632872789,0.1372313143805438,0.016912038325618856,0.13180876066320024,0.10995343571192728,0.8771915105171348,0.7612709590922809,0.9863945578231292,success,
PAT_380_1540_432.png,0.011670905231725063,0.3618729533611114,0.5821788748789695,0.28425075268506234,0.056631476083709484,0.022863996248830315,0.15780830686479624,0.052661813436209744,0.02153978310624557,0.027434882662170076,0.009203280519599122,0.013731523562752312,0.7246540088574851,0.578688415028114,1.0,success,
PAT_164_255_130.png,0.6896877519430636,0.2735637932112271,0.7508928757475359,0.017537615957151854,0.07542564639074575,0.07025351891867633,0.015471975529921815,0.06880583985510834,0.052811066811116594,0.017102310728561086,0.021729716080565453,0.0272671415952761,0.8042713670757864,0.6758499873037402,0.9801980198019802,success,
PAT_302_650_477.png,0.6911864405566256,0.17293320811633797,0.6463160590796551,0.06083082188488362,0.11103997562621766,0.12373058285246705,0.010438581958192989,0.09796690748950207,0.10216524446161368,0.00640723297912405,0.06152653322700788,0.004152243198692784,0.639925321849086,0.32231519263409814,0.9454545454545454,success,
PAT_177_274_371.png,0.7166525003385129,0.3051802029470083,0.6245423324650415,0.07728000615621346,0.09528208665590972,0.07495136244834015,0.08915866454956052,0.0885770736590065,0.07166192925581828,0.0321181116801248,0.12009820286681264,0.012332540572824513,0.7988653573442973,0.7623972315151364,1.0,success,
PAT_874_1671_176.png,0.7939552779252476,0.1630513835752989,0.6668894197838181,0.3028779777216598,0.10185613885180923,0.11609926142761726,0.2736726459605374,0.08931536827417796,0.1065755346624927,0.05792901197296408,0.09495524474024436,0.10310241261237973,0.600038714672861,0.4417543168397406,0.9746835443037974,success,
PAT_274_423_374.png,0.7194840410139544,0.200282815354603,0.6352893008405327,0.041572617206346085,0.04941744732437092,0.06401786771049991,0.03967893905568196,0.04527893312207131,0.06024262915444959,0.009473658156615746,0.018077832749732348,0.040607811657504045,0.8871301872083696,0.8415453080006439,1.0,success,
PAT_727_1373_776.png,0.6757653813129643,0.3092078273204921,0.6429029691029424,0.020828365750546203,0.06926679139898864,0.0442853989608834,0.010633405655040465,0.06246113931582986,0.04137483766270352,0.012444185231046213,0.05230476703095577,0.03419433710926212,0.6713825111650206,0.6638347839682773,1.0,success,
PAT_933_1766_191.png,0.9588325597982394,0.22275265934594699,0.6988400268082693,0.39275777539175,0.07719770392262548,0.03301585787826397,0.37485539902249604,0.07388072956532904,0.03023821182444418,0.04201315414612594,0.07259170955739327,0.0383907214579885,0.8380405405405404,0.8113719437874749,0.9649122807017544,success,
PAT_1554_2393_541.png,0.6257547788648407,0.1617251271812402,0.4765618461321273,0.05956888706322394,0.06559029152424695,0.061132794447515494,0.05468063899976086,0.06545933346862245,0.05596798530704589,0.02277905312790583,0.07457478138322185,0.008930381847147284,0.8414669267930137,0.8262793064453887,0.9873417721518988,success,
PAT_1317_1130_656.png,0.6162755116685693,0.31218868074613215,0.7623598350766947,0.01836251567072689,0.041424348409938874,0.06547606105962543,0.01842604614156447,0.034697832465967283,0.05246238859795061,0.006720043049737256,0.014508831779518505,0.0500684996235945,0.8081034566914882,0.825415661941929,1.0,success,
PAT_615_1168_968.png,0.5725123909704111,0.2224367301145603,0.23084756917783308,0.040217367278530945,0.10518706017387623,0.06922905936897299,0.03414497148699821,0.10929467964135828,0.09135507222718685,0.03199319988789742,0.1919029730988485,0.2664656936953743,0.8967073479199197,0.8284606562220689,1.0,success,
PAT_406_1542_301.png,0.6289608563587602,0.5219367454209497,0.5738040650844052,0.011405222122989498,0.06458871511925197,0.04962015938867549,0.011309190061959386,0.058268801313619036,0.04586112525746454,0.01966997557785564,0.01101914880114585,0.04976332797451333,0.893345573821327,0.8448717297912781,1.0,success,
PAT_976_1837_503.png,0.01379569532667742,0.23612297688098202,0.39178531385539356,0.45275886406142374,0.08612004375386619,0.09417863480614659,0.45809377418276387,0.06894147943377517,0.08966604097655818,0.026817605389327356,0.006504223252802838,0.11357611429795728,0.7471701157722299,0.6117111042152608,0.9903381642512077,success,
PAT_677_1348_51.png,0.7082677725605646,0.3371724467751777,0.6433879186662049,0.11743873477199204,0.135051899603795,0.07217726770987623,0.11590458680628024,0.1299194394841882,0.06670871835339545,0.07549409948712472,0.11214153350897033,0.03672866850920575,0.8485810906975737,0.8494416477893375,1.0,success,
PAT_296_640_206.png,0.6259061354973718,0.5056126942829655,0.7224236757591772,0.018371752716342962,0.11453697530395227,0.06258123490554623,0.016916903285993556,0.09957990750804059,0.04998653673764328,0.0072853573265766,0.021493622925609024,0.036751180624054025,0.9428928286437914,0.8671244132012713,0.9838709677419355,success,
PAT_794_1507_723.png,0.6195718300519607,0.4629782867955201,0.8834447087250349,0.005730161838618734,0.07239226905330522,0.05460361543936909,0.003980704190837558,0.06346188954253502,0.04534433197801038,5.567788944363075e-06,0.019928862318421003,0.02227969289052245,0.867344264417329,0.804697492063918,1.0,success,
PAT_91_356_273.png,0.8455190120262949,0.11410636196924813,0.5757887807401137,0.33140639732565585,0.047647439653827166,0.10281890829686338,0.37328098341001287,0.03436027924999023,0.0869253787569653,0.11912449097842896,0.001081408054015423,0.012412243684613578,0.9350452196382428,0.8455748359449677,1.0,success,
PAT_2018_4167_11.png,0.5536471674887774,0.09966988967926056,0.5484048217404268,0.07477105858210002,0.04028562211874238,0.09386760593579509,0.05870085204090881,0.03330827425487286,0.09118777745845501,0.037983177031005115,0.02677902485444844,0.0006708263022136007,0.5931223848280718,0.3943278920138773,0.9797979797979798,success,
PAT_237_363_344.png,0.6564837446497616,0.3469340917028389,0.6398493239535,0.018927296076654603,0.06760661727816789,0.05708698876444493,0.0169932756953932,0.06455645737606408,0.057702250210106235,0.013827026669017074,0.04390039337502294,0.05385579445750077,0.7444170409816708,0.7041832579560885,1.0,success,
PAT_858_1632_977.png,0.6770280101867142,0.2120564802636552,0.671732008146358,0.02717543434106527,0.09854734637839475,0.05100488513441827,0.023586845035692406,0.0814485920798596,0.04536151703604467,0.06581352004579068,0.014075235591873458,0.03029500899887294,0.7563199584820911,0.6224502641150551,1.0,success,
PAT_1299_1055_591.png,0.7272792329219783,0.24080642437084465,0.5814669799008091,0.033573692646423146,0.07954768397448343,0.02917472143959081,0.023196642141771032,0.07110507215384884,0.024714631001303326,0.0018771990218573995,0.13850392660825414,0.02307292734839761,0.8941190430552133,0.8047579319812034,1.0,success,
PAT_306_658_825.png,0.6488121268901749,0.41415424634952325,0.5393888523400104,0.03913771524646274,0.13552448093167177,0.18640441577205744,0.018417374234188627,0.1250219415407617,0.17281115596939078,0.0026988606631683687,0.03071437192461951,0.18671313291587044,0.8864545316301704,0.8082000249128821,1.0,success,
PAT_55_85_884.png,0.7530913501732088,0.22700125032712046,0.47274222260992055,0.2106504661112216,0.11426915398549513,0.11309686823740128,0.19249695351363927,0.11076906953772069,0.11322056532746348,0.21027096574339735,0.03308141018806601,0.07182236793217872,0.7757626013584085,0.7838945838087432,0.9852941176470589,success,
PAT_1247_852_178.png,0.7448736143475129,0.1414714018387438,0.5099991863965504,0.027148740772034736,0.03639410969063476,0.02093225066347607,0.025811685576811468,0.035404097361783855,0.018697728813707848,0.04649389356025095,0.0652643944456226,0.006926219504875708,0.8810516123600236,0.8546513889497244,1.0,success,
PAT_342_716_845.png,0.9493609419233269,0.23411578555472823,0.522356043683296,0.17681591398252072,0.06201361434165789,0.0355517265076776,0.02527330518459317,0.057418913193800644,0.03274738120039345,0.009245058579926833,0.06848783117949034,0.010028206196994294,0.6647636121842622,0.6034411560878639,1.0,success,
PAT_41_57_2.png,0.030808501746938666,0.5226086533787069,0.40303224760978773,0.11854556213114724,0.1201293145086259,0.10310204636148985,0.015986734410832426,0.10878889188328458,0.09813374074056834,0.001014719899216986,0.08278706850311002,0.04916727962158063,0.7034782707783659,0.7622438127916955,0.9864864864864865,success,
PAT_168_261_38.png,0.03955241687384216,0.5569861572682423,0.5829873384990142,0.022164694003800205,0.09033040812724835,0.09542998274302127,0.008004418148589217,0.08371132920147112,0.089675719124539,0.010301733249294332,0.07033122697827282,0.14976187401708962,0.6175747995178094,0.5326395582904623,0.991304347826087,success,
PAT_1596_2664_323.png,0.6498636233239234,0.39418464873386544,0.7590915361119321,0.009062885151296897,0.058109697685217544,0.061753558608367266,0.008146860855928854,0.054269369542154874,0.05140364284661835,0.017329015186819813,0.044693989296001435,0.01165876124539833,0.5641011396463604,0.5297213206505652,1.0,success,
PAT_946_1809_687.png,0.6128519695798964,0.3903645047762695,0.8728267973856209,0.034010647162558194,0.14531502135261531,0.06524579149392937,0.010474803492711288,0.13615746638283863,0.05741266058181011,0.005916383874770679,0.00854777808559326,0.0115927037481659,0.72482020351432,0.7552008373601373,1.0,success,
PAT_2115_4613_260.png,0.029353213500045102,0.22789915966386554,0.671735845853493,0.1515297965848768,0.03199990560678566,0.017559824545728325,0.1663843017076037,0.029581284817336854,0.015154498252352077,0.03807613830516405,0.06032515674162947,0.02201381592474183,0.7147487739855418,0.7892476760509851,0.967741935483871,success,
PAT_1784_3416_507.png,0.6713486968649204,0.3499051233396584,0.5429312191181167,0.038022281754030406,0.14063276800694885,0.1555935765928365,0.029562243816806125,0.13118715829175176,0.15045368811600743,0.04063069782897273,0.02253811214335949,0.052546240463841876,0.8676406670426817,0.8717903955863486,1.0,success,
PAT_460_894_401.png,0.6267014142346751,0.5434913801034019,0.583566837343758,0.013218872783352549,0.15225959269231504,0.11793371598107259,0.011607756156152718,0.13421501878882663,0.11200731127940515,0.008127566953980252,0.04921845078053927,0.039393996360000516,0.8283109819980661,0.7284907883559878,0.9780701754385965,success,
PAT_1783_3413_850.png,0.5528178083440802,0.18655234858104902,0.30695042503286013,0.05140013629586881,0.09368292876814298,0.10175975321108365,0.04360553577492186,0.09782547501558815,0.11568916472957023,0.03893599792906094,0.1311431965014746,0.31228310418495947,0.7600567241073131,0.8243160454633001,1.0,success,
PAT_2080_4484_997.png,0.6013276407448043,0.3300960784313725,0.547978431372549,0.006502942709949772,0.051980691673015236,0.029221083788818585,0.005653549591718852,0.0503593208651946,0.027500244965091323,0.013893894374712406,0.11780070156502964,0.014604767044432476,0.8257603029212165,0.8339508279337073,1.0,success,
PAT_468_4775_268.png,0.6197586531823819,0.1672389569402041,0.8031329699351898,0.021941808288686984,0.036355151316341976,0.03794932584505718,0.02085875073941438,0.03318888486705967,0.03597430343515201,0.02810752163336948,0.019796062256557445,0.03548134176887319,0.6275336116904702,0.6554164335744149,0.9885057471264368,success,
PAT_308_661_184.png,0.6669929618811289,0.17564914057445072,0.7244755769357002,0.02383031046875351,0.012390483951371082,0.04673930500725423,0.021806889602621355,0.011044363512045198,0.044986263708408754,0.007302652791067585,0.003930288016926048,0.038392474575333235,0.41539645564053407,0.2936629767770747,1.0,success,
PAT_145_216_924.png,0.8144061493842909,0.26215444202372307,0.5069765190026627,0.3126236707462175,0.13031277669882985,0.1307720257704839,,,,0.16606330447327716,0.005589578661474082,0.2004572237251977,0.712093462093462,0.6633042277011117,1.0,success,
PAT_891_1701_36.png,0.6240874185403663,0.4354515949376812,0.7731040310345489,0.01329958577951496,0.08422007172333748,0.09876217845158922,0.012056904490877962,0.07902912837564888,0.09342946302204319,0.010923886351455378,0.12122900449305263,0.1471389957536311,0.7466944509165796,0.730167355584528,1.0,success,
PAT_978_1844_715.png,0.60376059015575,0.33618864953688293,0.5931956398835471,0.03718285518768214,0.10030922820928416,0.13331786383357824,0.035823239983910855,0.08540418235241219,0.12152746021460853,0.03694035395444675,0.017801209016626518,0.052304888066407096,0.8200409969769759,0.7354594703041094,0.9864864864864865,success,
PAT_1940_3901_900.png,0.49139519629257633,0.11726533750755204,0.591552699511177,0.066007347410329,0.06484889849666522,0.09572965381885758,0.06266084436958233,0.06455063770463595,0.09753363679949802,0.04610065603502262,0.004411403364235275,0.156194696660914,0.9213623659593886,0.8710411583098847,1.0,success,
PAT_1680_3038_587.png,0.6219479699170891,0.2826643215425705,0.4713332774970453,0.030848007804930258,0.08623197135634166,0.1233584550686119,0.027880607105614442,0.07433031069818889,0.12583366277379374,0.061627272461319965,0.19876276898064577,0.23244870541028823,0.8590376936526436,0.8241457872564757,1.0,success,
PAT_1810_3484_347.png,0.663753361777466,0.31474935257121717,0.46002867184609697,0.2042931078771679,0.1948501668482711,0.1271470603475406,0.20681315161733688,0.19050391507892142,0.1273673526570824,0.01842562252593325,0.12694416598045183,0.08333809421516625,0.9232572679639388,0.84914820014812,1.0,success,
PAT_684_1302_934.png,0.6751781471049485,0.23330173699367873,0.6221834479455335,0.013203455132313073,0.06496460472260766,0.024803840920539357,0.012714717262915056,0.06271129278351895,0.021451107657175467,0.011108346438427771,0.09614411095213413,0.005242680934408828,0.7879333998399163,0.7850225383103754,1.0,success,
PAT_906_1722_328.png,0.6272208231754252,0.1857998864431913,0.5721796843561715,0.10288586800185916,0.08431008197969725,0.06948488066092585,0.08843846318254275,0.0773323287234345,0.06355772956199154,0.032363979290925,0.05666471282066965,0.06571603258982472,0.7896984363385213,0.820080062225097,1.0,success,
PAT_541_3303_228.png,0.6390584506927233,0.18323757059914736,0.6161408182539951,0.03687723403379198,0.009609156582905468,0.03542902683333999,0.03589578599852761,0.007377672099763304,0.03362583486054751,0.0023482024031121146,0.005048935173517954,0.007945419880216908,0.44858341380230365,0.5197063790441746,0.9619047619047619,success,
PAT_325_1506_999.png,0.8654647058965218,0.04857590638386793,0.5886337199178072,0.35116982854026607,0.02506834363597224,0.0405159658046814,0.29636386914228513,0.026145824822066118,0.04081460079751839,0.22173742221983123,0.04706883126196922,0.02927265461941375,0.6546873313219811,0.6669957493022338,0.9886363636363636,success,
PAT_1443_1536_166.png,0.6230271634516736,0.5125153370108544,0.7473260656911487,0.012528367824990883,0.05155082222081144,0.051370291651116326,0.01208584129292856,0.050110641142210914,0.04928194164907366,0.024728934030280512,3.888821906050666e-05,0.03139161607182195,0.848950661369757,0.7942349988084414,1.0,success,
PAT_1594_2656_679.png,0.6514831755297958,0.492695561733704,0.5848117553719889,0.018174508427276494,0.05193455930403279,0.10403636284347555,0.017788381911834,0.03694108489525022,0.10200384304475006,0.028171362393822758,0.05583178914658815,0.03185550011879601,0.8121290427235379,0.763334251857954,1.0,success,
PAT_217_1291_419.png,0.6476808126123591,0.7063455188334649,0.62601472779872,0.011782657392096694,0.11201037494420363,0.08934363208993054,0.010319711573821343,0.09830977049624824,0.07543226214769826,0.003764931941345632,0.1810394573225661,0.11385787098698708,0.7639997269086054,0.8052696507099548,1.0,success,
PAT_567_1077_64.png,0.667518761842481,0.507485179443409,0.7514396697381944,0.010988508463789709,0.11545924944446499,0.07458542855946097,0.008824496834908005,0.10239138330409703,0.06462329305131187,0.011248225573403105,0.11956130864860937,0.08080565299886189,0.6782714048693907,0.7521919285788632,0.9864864864864865,success,
PAT_165_256_460.png,0.027855635722549107,0.49664600748435855,0.7764654418197725,0.008167250420423433,0.02963774404837046,0.017220844428593396,0.007747621957342433,0.026315126532478667,0.01440596949147653,0.013761744676743199,0.05422103749636337,0.02286762474018489,0.8159898444914349,0.7043151156708438,1.0,success,
PAT_1222_767_519.png,0.6140995725095152,0.3318667767058444,0.7995503571530208,0.013190339684539863,0.06125539781832022,0.030665916383530008,0.01170248369275476,0.057599558976741835,0.021246932101121354,0.006613211990371879,0.10813322329415559,0.01688031305882809,0.7939146823640495,0.7114732906863879,0.9137931034482759,success,
PAT_990_1860_636.png,0.04705715554238186,0.3525343233940519,0.4960281548516843,0.04326028952156979,0.11473303115598806,0.0840344335809594,0.019669844683554316,0.10633528426679079,0.08685811112069586,0.02046299665494186,0.05462332133821263,0.05962319249672521,0.889282208951694,0.7841632545302137,0.9830508474576272,success,
PAT_1018_107_68.png,0.6262403346787032,0.5741380344186604,0.7578461353960544,0.0032433977348546466,0.02578011533589982,0.02283708657412625,0.0021894548071548447,0.00523518445741565,0.013835881751076922,0.0014299380007857267,0.0211056855592906,0.018055600708283603,0.71731561099673,0.6269123485627951,1.0,success,
PAT_1869_3663_335.png,0.0014096522991048155,0.15657952890918903,0.6016218413486767,0.4535168943438959,0.06268393518976104,0.06505308891859976,0.44339764500737716,0.060991080493435275,0.06074653371478586,0.04560597586551184,0.081514982801492,0.015808482482638664,0.5888064315633875,0.6278300487213125,0.8597560975609756,success,
PAT_579_1099_551.png,0.015765767614020945,0.28879875366317337,0.636208624156698,0.3686599555004017,0.09184926324078475,0.06165116746997066,0.3517641924164737,0.08411601302733879,0.05981374704545661,0.012970507380044478,0.03546909898430506,0.02682427127146403,0.8720943352438977,0.866423440022181,0.9767441860465116,success,
PAT_513_965_496.png,0.02380839020064673,0.544786595409788,0.7063972570982345,0.0525660396463427,0.11545227489226537,0.08615278562373752,0.008041580621658571,0.10667452500281455,0.08219710761446174,0.01262388509840165,0.05549517731864195,0.06692968797301524,0.8340692711183992,0.758581639553648,0.9347826086956522,success,
PAT_303_652_943.png,0.6686187585963463,0.35496493335774826,0.7264185577047614,0.023466295117022615,0.07707395847882201,0.11384929847955712,0.020129744485322027,0.0722874157245286,0.11364597859006878,0.028922887224770714,0.016642476855647126,0.07246305565815503,0.881740428397769,0.8020596913202885,1.0,success,
PAT_385_783_22.png,0.6410689943486312,0.26204433663499765,0.8094557868966601,0.023013725420018494,0.07440021443085235,0.043179779875351675,0.021243931662946813,0.06117368980995139,0.035471253926336085,0.007821894665049614,0.01493456124123127,6.297847162073378e-05,0.09015312698404657,0.7455468873728768,0.3105263157894737,success,
PAT_31_42_680.png,0.025019578491291543,0.35389364141458685,0.4875168298203839,0.4278549453575133,0.09423587806576185,0.11660029188127195,0.4287371265353939,0.08773568901920382,0.1146527857061755,0.026851062976040257,0.1233880115482004,0.09236159717378545,0.5999541220107163,0.5946486576089721,0.8990825688073395,success,
PAT_779_1472_741.png,0.6471533673110111,0.38762261813919024,0.6632151111995841,0.010053409617214385,0.0890493482229208,0.09465249673827908,0.009413755394865782,0.08669756974354315,0.09045152908366305,0.01654938656071181,0.015680059864164486,0.03056706243683205,0.9064759926672135,0.8784636302103918,1.0,success,
PAT_2016_4155_600.png,0.6068650861933637,0.18553256930640424,0.5220062660024377,0.14215605820372904,0.0970632898813745,0.07357543901028014,0.11427731626529743,0.08458812543266163,0.06844850883105943,0.04663983578561878,0.03922258802746048,0.05142461388720665,0.6406344847962455,0.7015434688172859,0.9484536082474226,success,
PAT_460_893_307.png,0.6469175002961965,0.3496879941957308,0.4948371236211898,0.0316952931734386,0.11942445593317771,0.06977862731315343,0.020084739506859958,0.12272105297364083,0.07163461817195926,0.02921484399725145,0.16125600953922514,0.09887204370859337,0.7204365338102369,0.5193805625385637,0.9777777777777777,success,
PAT_380_1540_525.png,0.8007995954015213,0.19566252578584345,0.6774023621498654,0.06293464068504401,0.067968644730059,0.058157925864909706,0.05300652377349321,0.060437228362773834,0.05594039644502974,0.01821335417021746,0.055629226974899415,0.040607613048976976,0.8137330259351385,0.8245106438074766,0.971830985915493,success,
PAT_1798_3455_379.png,0.04482886113272773,0.3706476224986915,0.4746038456450342,0.006231869217680982,0.09227564549027133,0.06836973200623529,0.00474869078719029,0.09073360558227536,0.06754342871916905,0.0017899906127734017,0.03921613979324978,0.09384735505996689,0.8171723941097979,0.7953794455922416,0.9712918660287081,success,
PAT_867_1650_825.png,0.6686906896277766,0.20451125481905236,0.6099842473987481,0.01834410136988474,0.04792507844798317,0.027278253862515773,0.016952706269594275,0.04486966157023992,0.024245198408667578,0.01745434451820671,0.02579469607031487,0.0029948382824932507,0.7706454067332462,0.6404977560169296,1.0,success,
PAT_503_950_552.png,0.05249020659468665,0.4172606753015764,0.6693846192463818,0.0929145533298003,0.10326517810239172,0.12136026457972787,0.021653380655348702,0.0845120163730915,0.11632724074985569,0.0033702916779348334,0.0647595320551298,0.14688634416039936,0.6849660998235448,0.6316619567827317,0.9751243781094527,success,
PAT_591_1126_21.png,0.055621793974733255,0.44259903961584635,0.7744917967186874,0.024965116209571873,0.09229509870656494,0.05114182881796477,0.02254532540495546,0.08433147333602868,0.045307883225894394,0.0026766887867823307,0.05947190915767986,0.0032318443612395775,0.7441217372725819,0.7214053687263525,1.0,success,
PAT_1572_2494_224.png,0.6690807203299843,0.27327583679739215,0.584903934662672,0.08094723556774447,0.09673591230445618,0.09910727941180268,0.050437062786108086,0.09438858119524096,0.08750586573089447,0.057771991364975385,0.03649758386622495,0.003599897469551472,0.7230109270332095,0.5702124304042834,0.9849624060150376,success,
PAT_2056_4364_112.png,0.639018121677132,0.1594840118960644,0.32875644800637605,0.23849157744719732,0.09481944924799734,0.08749168415525467,0.21529393016305334,0.08867910312620972,0.08398854991219334,0.030071060689049904,0.07350264811447446,0.22655320060554396,0.9051016721717589,0.8690182069370341,1.0,success,
PAT_1538_1830_693.png,0.652184867389157,0.48294955589073235,0.7786827551533434,0.006567691414542363,0.02738168362238573,0.03362761926368355,0.005643318816372139,0.021881434601544198,0.027918385549213776,0.0027510465443516493,0.015905123438852475,0.0374403254597534,0.8236859338740301,0.7081827148286649,0.9508196721311475,success,
PAT_270_417_728.png,0.6295421516293244,0.6341692740926158,0.5585481852315394,0.010131879879776892,0.0687160506908097,0.13446655876014244,0.009272196088364165,0.06986351721205365,0.13045672929062757,0.013422374451939037,0.1985142518302931,0.23790618844857625,0.5320369292043936,0.2481803850415613,0.8536585365853658,success,
PAT_1833_3599_827.png,0.6191456771848721,0.47659903874782017,0.6817200459359449,0.012264506153377049,0.07081084266544962,0.049021085499057974,0.0114199151840519,0.06509269698062922,0.03204269652214816,0.008143630241492082,0.05446570541448681,0.025485182822225005,0.7890556137847429,0.8027339889779999,1.0,success,
PAT_714_1337_914.png,0.6199864086068817,0.6188455271710355,0.521751747095974,0.01324256520774467,0.06081201143913102,0.05146229438798798,0.011731826695267395,0.05280481960582207,0.046470263960090206,0.0036251664997451706,0.03032874813705222,0.007168101933074267,0.7993624766869112,0.7806509106405551,1.0,success,
PAT_1379_1300_924.png,0.5983994066510896,0.38522922719740615,0.7857007494959203,0.010833544508621753,0.07140257390365852,0.05079412989052434,0.011074050887450568,0.08059896774657599,0.050155858181502797,0.014554692317951555,0.22708020052208183,0.08624267531712282,0.7976389057154978,0.676532525206381,0.9611111111111111,success,
PAT_1151_551_241.png,0.7202601376945,0.15128584096955366,0.5275396590797122,0.1357275467984723,0.04283986626732477,0.039403283915935026,0.13972139510908535,0.038754560646574975,0.035053286692988024,0.06661611131881884,0.002507779020136214,0.003918141431796696,0.7315909090909091,0.820039079845198,1.0,success,
PAT_295_639_240.png,0.6299823634558384,0.5525349309587805,0.6094175095919079,0.022245563274009915,0.12179215554396007,0.05157216945501708,0.01855863051073611,0.11474531346529479,0.047632318572501914,0.028629510735409505,0.10448683720640245,0.10837667146990881,0.864831715210356,0.8531271369351932,1.0,success,
PAT_539_1023_928.png,0.6366078510293914,0.258053786460526,0.6347280072376141,0.06629721283455675,0.0660435657919624,0.04730859953299723,0.057949447863685076,0.06286615653955778,0.04161758241919841,0.0021742936777228135,0.02504603840812547,0.0047297723716025475,0.8558221579972852,0.8404572454559116,1.0,success,
PAT_747_1408_742.png,0.6874854389640948,0.3846105400341087,0.6409600952799628,0.015045531337072846,0.11213443123146372,0.10559599538823537,0.013122586180223392,0.0922918712648224,0.07408744458802174,0.015161808303085028,0.13146047598838995,0.09832062203208769,0.8948221610422837,0.8635956197512222,1.0,success,
PAT_323_686_356.png,0.04322445646167929,0.09183915027488358,0.5474442835116572,0.3722356677347853,0.04161521303083875,0.041965904011565046,0.3999246434178396,0.03852727140896125,0.03734807376308731,0.0807347171741267,0.0006182313031772024,0.056164637720065635,0.5773490152686342,0.5023654784441239,0.9577464788732394,success,
PAT_798_1772_469.png,0.6539707002077557,0.4316509910197141,0.48911631861416655,0.017023740890614755,0.046783445887416494,0.03845309086503642,0.016662250763859042,0.041527088256192946,0.03680705787229813,0.023077116059700604,0.017585264428174763,0.01667153327776516,0.7036796549690533,0.6927843671463475,0.9137931034482759,success,
PAT_631_1207_982.png,0.6533154335055599,0.2944371208135077,0.6987136183703067,0.02360774799127351,0.09551605140335154,0.1169626345160103,0.02010921184383,0.0837879229905869,0.1124746946946699,0.027556686363511083,0.030485862076574444,0.06835819458200365,0.8457491537754724,0.8313846920264976,1.0,success,
PAT_334_703_907.png,0.013295356199941797,0.5201019555625179,0.6535508211273857,0.27363070391567457,0.08281227569907212,0.06801091167135782,0.291986168285826,0.07460768890157936,0.06567851688257814,0.021604889649287577,0.0820501426585854,0.131313348003954,0.8777346990911558,0.8017884355469563,1.0,success,
PAT_1906_3798_588.png,0.6232838151793927,0.41718108419838523,0.6409452774573882,0.0038314544749575266,0.03625741919399464,0.056498311356651294,0.0020823319864972495,0.027746808637462456,0.046959750129578495,0.0022740181744840666,0.04310798709706343,0.08257827247080429,0.8414387031408308,0.8054542297444802,1.0,success,
PAT_38_53_198.png,0.6713855076689016,0.44388475696792123,0.5472685498209501,0.016996639811369167,0.07366136305309075,0.12569965057359175,0.015530267559777848,0.06445199086151382,0.11809527089063356,0.026893061050376192,0.014423994925712225,0.09986510600394238,0.8681124504599469,0.7989744803570868,1.0,success,
PAT_721_1365_819.png,0.6666217240528584,0.16475014733547969,0.8467618363791245,0.009494187131331875,0.015862793501866472,0.0243797569669539,0.007330237757481839,0.014254205597374947,0.024125679313310368,0.00218510331312937,0.005043846211306102,0.010489756241045978,0.8221739238259318,0.8549562120926526,1.0,success,
PAT_361_743_82.png,0.6827569882721578,0.39613286543205584,0.5889695748352501,0.01519122871567446,0.11340619231461102,0.020853748001146463,0.012416498437125759,0.09884395691246083,0.01769273270683326,0.008343449626318587,0.06173924221095528,0.011763604342461265,0.7879445091645403,0.6194371735267402,0.9902912621359223,success,
PAT_800_1513_509.png,0.011249354576672452,0.3481199368143414,0.6053939683781865,0.349795529372642,0.08832818412781972,0.04240156189620859,0.3771965601821019,0.08155998714855232,0.0407152709263596,0.02531771585922531,0.04409265633693299,0.007881393940654013,0.7318196126245662,0.822806519421852,0.9423076923076923,success,
PAT_333_702_840.png,0.5792959565626227,0.6115899652955448,0.14002708131006708,0.026514880185017384,0.1397943853988257,0.09325512071147027,0.016915990902597808,0.1019245501783441,0.10088703658101283,0.008780275199977202,0.2829740093302951,0.31900424260619614,0.6743410858606702,0.5497503177917091,1.0,success,
PAT_1439_1522_320.png,0.5944013647023194,0.34566757625211153,0.5085956925733339,0.011063625967666305,0.09615886538565335,0.1089337551828762,0.009682301213748608,0.095681664617312,0.1140561731959543,0.010948127217358126,0.07969147976803814,0.07745043968988752,0.745582153186249,0.6840511428715264,1.0,success,
PAT_423_839_717.png,0.6843194907214014,0.22136686057657554,0.6313547922775457,0.039141434488554616,0.10210408211433931,0.06647151205198969,0.028836915415256948,0.09230789910339392,0.06523480478843502,0.005290927467674085,0.11169138471035152,0.025121569738507987,0.5990345432507735,0.6493180225848527,0.9014084507042254,success,
PAT_837_1583_124.png,0.8111555258441985,0.18970216388935904,0.6942027870525663,0.057923385051202904,0.039351628784136984,0.04767889307562328,0.05565804705166992,0.036158751460781464,0.04226062144303419,0.04634126253574604,0.038479992911202965,0.004948667728428946,0.7893068779664894,0.7411297487633858,0.9487179487179487,success,
PAT_38_1002_668.png,0.015499146953820616,0.38817066627646085,0.7650790166812994,0.05471448743399715,0.055200645511378744,0.02816462010230246,0.005927060721017422,0.05451944463786959,0.02577522157380881,0.002767067858211779,0.10247906518702454,0.008389591674395569,0.7147793183506904,0.6016758278201598,0.9915966386554622,success,
PAT_568_1066_235.png,0.6176822500652224,0.20769268331954172,0.8149783491507931,0.030455815999416557,0.06105410533165339,0.03683197488256925,0.029337409389972466,0.05737893817726373,0.025892641099059244,0.022244955187997958,0.038078819596700564,0.010759895053791158,0.8692026472960064,0.8274274249637966,1.0,success,
PAT_451_878_634.png,0.6712708147302245,0.2070274716004949,0.5622129587972856,0.059848728044651286,0.06797332052652015,0.04331172386562358,0.048679143993937496,0.06397885067836294,0.03643342766106309,0.07412420979827393,0.08435813528466289,0.013203847999891383,0.4961758723019124,0.4718611644963751,1.0,success,
PAT_166_257_586.png,0.03104390797818506,0.42157063234291675,0.5642668110188861,0.014215941119189014,0.04403191026539181,0.031692512094951227,0.013309101325545695,0.0406730250005192,0.027644394277429804,0.001712005278988693,0.06057738258399681,0.025181919292910804,0.8972855523365664,0.8348041453572037,1.0,success,
PAT_815_1533_460.png,0.6576073899931785,0.4274603158726507,0.6793749228989334,0.01166365600569159,0.07440431845822364,0.061571830937687956,0.009518841699226371,0.05940902097600584,0.056282879892703336,0.024283665293970025,0.016274651963980202,0.03568702910370103,0.6253208194754507,0.48895920902558543,0.9736842105263158,success,
PAT_257_396_494.png,0.845533153073001,0.22409326465492235,0.4688565358170457,0.2630460242241864,0.1019939691311114,0.11872956814911174,0.21040326518753633,0.09137890520189056,0.1126507137516153,0.20490817660165878,0.14902930236817535,0.15592599240801447,0.8749412103711869,0.8045213137430476,1.0,success,
PAT_660_1249_373.png,0.6594389545989312,0.2554973919846416,0.634660504087248,0.011769547363433849,0.05054354567195672,0.03440825630442633,0.010410218060523299,0.04550982264795552,0.02900455854760065,0.013248957854531005,0.039272357909708955,0.007038880725259489,0.8625122811305059,0.860729233216221,1.0,success,
PAT_1320_1135_471.png,0.6857242590528456,0.17294266191325014,0.7988710635769459,0.009831062237050473,0.015572298273149307,0.022774737910143946,0.008348068946200472,0.011411938942042007,0.019047018430597112,0.000824094818152648,0.03826369228618362,0.014634231589248925,0.847296629811163,0.7492417101710749,1.0,success,
PAT_860_1641_998.png,0.6700938405806138,0.3433808746659098,0.5315310201281961,0.01754702229228314,0.09452850422024205,0.031030652046381512,0.010473611419250408,0.11344767742894002,0.03297189522495742,0.011331144815246337,0.046700927786759716,0.016457418275053648,0.836284292947133,0.8118953175051001,1.0,success,
PAT_857_1627_310.png,0.7608119102506764,0.22760871107327801,0.6474719276942529,0.14428048416571973,0.09719468840007305,0.13265050122476896,0.15521168020289333,0.09315429678701073,0.12720747455884618,0.06292591618524833,0.012000789583003574,0.026689205290409523,0.9244739114664223,0.8840913678885648,1.0,success,
PAT_1636_2869_739.png,0.6326883820870639,0.32284615980779663,0.5550507633883592,0.009040415507786337,0.042228130769130415,0.04940788070883597,0.009726599251509658,0.0454986138733873,0.04739420808056537,0.009884877059001538,0.055057169734779976,0.050961214624603235,0.8190514596562544,0.7943466406072698,1.0,success,
PAT_829_1566_135.png,0.6777359458960966,0.3946726912671185,0.6499428220790451,0.011722451604194079,0.08615597336073524,0.04958026804268822,0.011570807322939844,0.07263356114434394,0.04282571128610609,0.004464650541479484,0.07876604042234253,0.05314809728581893,0.6007162309368191,0.6629568664564446,0.9523809523809523,success,
PAT_50_76_728.png,0.6636479907332267,0.3545797933131606,0.6533724110543713,0.04273826846892907,0.11527138215160262,0.12972565367934183,0.031162328081321626,0.11201020906957554,0.11969643015391045,0.012464504183626622,0.16515583829499111,0.1274293234288164,0.5606644913756239,0.5527452836925395,0.8780487804878049,success,
PAT_1786_3420_346.png,0.6573626499050355,0.16311895165216037,0.5038475767665557,0.025284826458509397,0.026615624729949862,0.026809944943891974,0.020955872151042852,0.023764916972285523,0.026001204694067373,0.01975983175246038,0.013515777048985766,0.005785018409879661,0.6388319241124012,0.6600973036194594,1.0,success,
PAT_51_78_959.png,0.7197339323439186,0.2287965821011063,0.6229920333950671,0.0769986892578751,0.10721185592879232,0.05610463838443079,0.04901699669911691,0.09583246420725633,0.04814347846593993,0.041588710658967264,0.11982976808181485,0.05745074768232472,0.5668353382628849,0.4843346488042843,1.0,success,
PAT_937_1768_126.png,0.6543510295047092,0.3368844606246408,0.5390010857763301,0.014294900584238856,0.09711877060118307,0.0738786005141732,0.01204957739163406,0.08952624215099932,0.06315341043796756,0.0019877458218395027,0.07835993644546763,0.07613892917393161,0.8341126280172749,0.7383801199459287,1.0,success,
PAT_626_1186_898.png,0.9892955046549896,0.38072930245414766,0.765944107124347,0.44853240196234806,0.054734895700404754,0.06451227964393146,0.38035831632404754,0.05368558418287492,0.06317825078733619,0.006053789320307759,0.0734157982392109,0.09989527558905864,0.8176546743644862,0.8181933305041311,1.0,success,
PAT_263_403_382.png,0.7088482642111803,0.2554451182944314,0.4741307533748764,0.0494606423926034,0.08856754323664502,0.0816215815246556,0.042560436221320365,0.08251373437176457,0.07849918152960991,0.019361432605196585,0.051635324605779714,0.011229091084786202,0.8276546263258904,0.7361595922153902,0.9950248756218906,success,
PAT_1498_1715_345.png,0.6708690246497544,0.2057271475925614,0.7279833136693072,0.04327255757812059,0.09951157523743284,0.13051838174713792,0.04125626009575101,0.09310888715847919,0.12409171293277756,0.004077619360915621,0.005426095601897385,0.01701550241836991,0.5470940497347323,0.5672864738671378,0.9741379310344828,success,
PAT_1534_1810_719.png,0.6746841054140001,0.3340227268342562,0.469284046842745,0.01671456870256453,0.05944790566325493,0.07062576667947125,0.017533742566326588,0.05987050278702983,0.07892451612307295,0.04188968669877605,0.14993125649297107,0.2382133601805177,0.8879124026110761,0.8818927641631734,1.0,success,
PAT_368_1652_733.png,0.6613725858017531,0.2453811158509763,0.6208100054510886,0.015146219597602295,0.0905544010705171,0.04776986500062135,0.012559712104809913,0.08418461625815532,0.04173261802950742,0.009709372243597632,0.0837643359444247,0.047925584518510145,0.7266238726631022,0.7495472943142424,0.9870967741935484,success,
PAT_1364_1246_238.png,0.5780052226389955,0.4368149310811591,0.6653093295052329,0.007116938116559454,0.0544552007783616,0.02426875011172642,0.006407718776782607,0.05492202719242766,0.020722824852047975,0.009902996003577158,0.12816999814926316,0.03886259793387703,0.8044758556265208,0.7326538053816464,1.0,success,
PAT_360_742_782.png,0.8208847136917152,0.13924554782887835,0.6067561766758863,0.12154325873577333,0.04318412380171393,0.11546789156132578,0.10212652705940638,0.037850995468471774,0.10830413389027561,0.009587234931883081,0.003906854983459912,0.03654604394667804,0.8237007581811782,0.6853047344542139,0.9724137931034482,success,
PAT_650_1230_636.png,0.6357541601379008,0.2814941480468156,0.5965957175568403,0.04308191940764876,0.07450807404535892,0.0527975969264245,0.027236018312075276,0.05915527336317916,0.0377355729606763,0.028911282959831572,0.04823231621933033,0.023568560670680028,0.746476615564938,0.39706230053861075,0.9761904761904762,success,
PAT_756_1496_599.png,,,,,,,,,,,,,,,,failed,Failed to load image or mask
PAT_514_969_995.png,0.6212857804976738,0.11366047026747031,0.6000823585762369,0.08620249012514788,0.04633209619390275,0.02422390653437911,0.07262699410993692,0.04249899382726747,0.01901466747504826,0.023626547890331452,0.028019701201642266,0.017574555941209602,0.8966671437891243,0.8294276952870087,1.0,success,
PAT_1653_2916_994.png,0.5952150022594092,0.39486666418099037,0.5864503714014657,0.004236990867211463,0.04338303537956372,0.05983674031204583,0.0031562276610090398,0.0368592282541696,0.05399616314912085,0.007847601783916898,0.07149366270269863,0.10121427870365296,0.8445573339463395,0.737022293733563,1.0,success,
PAT_1326_1156_783.png,0.7619725205347111,0.2393148974908284,0.4466826930939181,0.06485203460175962,0.09102247430098667,0.06669663845256368,0.06353344267363231,0.08274900586289204,0.0653729512991027,0.12659341006109154,0.15625315326543615,0.1571177735050739,0.8313953488372093,0.8046306573818183,1.0,success,
PAT_686_1355_168.png,0.6160337305603424,0.27201390627172856,0.5037138089278264,0.049877052178141146,0.06878229120291597,0.0915439809990526,0.043098947154951474,0.050887031971195214,0.08200686839342516,0.0034975090752982713,0.01015753461143537,0.10180340443252422,0.8744676008776707,0.8361650816636266,1.0,success,
PAT_1811_3487_560.png,0.6603242597167703,0.316507616535495,0.7044541185048573,0.013659600330671418,0.06176089277999113,0.02450622686039101,0.012234294876649494,0.05619405107865137,0.023144325276193395,0.005323589329794724,0.007688718897699731,0.00995975382985348,0.7445796743303473,0.7205792001301152,1.0,success,
PAT_1282_978_328.png,0.6386103970146922,0.41377531048717126,0.6519216397992954,0.014274736931345294,0.0876075254233321,0.09452134982918858,0.012157201030567109,0.07799121386270048,0.08264398227105933,0.016917316949797843,0.05144274326152487,0.022635280904272914,0.5535722748397024,0.5473013887842884,1.0,success,
PAT_874_1672_743.png,0.6527236375810402,0.5575757575757576,0.7078709225133263,0.0051412103694326505,0.06557207834746362,0.06954186977185808,0.004234746810961859,0.060444587298700996,0.06661816051756912,0.005961960501972088,0.00986666607958342,0.03007565455023331,0.9196918911836365,0.8793883868299283,1.0,success,
PAT_883_1682_256.png,0.6549168245498921,0.7470925913419328,0.33643396891860455,0.016162203910117055,0.19924990517099525,0.11333023725012946,0.014889241283943722,0.18813912478932862,0.10815870205472884,0.012719716315572466,0.12554369731039516,0.06661932925336322,0.7799059937933145,0.8167580998793351,0.953125,success,
PAT_599_1140_399.png,0.7463727175152509,0.11761983209571299,0.70401033143942,0.2558975992868341,0.07497458766203972,0.09059233640772404,0.2146263612138182,0.06463016849239805,0.07875999848085352,0.028743204192505957,0.014300550839095885,0.015447653322233745,0.8010967429512996,0.7742727740491693,1.0,success,
PAT_628_1191_564.png,,,,,,,,,,,,,,,,failed,Failed to load image or mask
PAT_1245_844_471.png,0.632135034172177,0.43465077225099935,0.6567689238944472,0.011365672513436774,0.04109780310811691,0.11938767511797957,0.010390743977493504,0.03538126928224726,0.11446318718198736,0.031693403756995135,0.16402604181737074,0.2577860012905169,0.7467702638621659,0.6749716605033823,0.8970588235294118,success,
PAT_375_764_705.png,0.665478792686141,0.45331005710163275,0.533843777010978,0.018946471675562262,0.10975283513999962,0.14562647032039114,0.016838957950994906,0.093145648049044,0.13457285433861715,0.020710416068375932,0.08923991493818434,0.10802902226547251,0.6765562572054893,0.7057432663715274,0.8571428571428571,success,
PAT_1161_578_233.png,0.6037191207879936,0.47398782695789515,0.448176932855657,0.0044927854691931175,0.1363526593325922,0.07305072888676513,0.0025982614442051485,0.14178965010352712,0.07136791478335958,0.0001435117805081,0.33023171279856545,0.10180180050319626,0.7161875351182944,0.5366705484483866,0.9913793103448276,success,
PAT_2159_4792_718.png,0.9630077648833475,0.12601605059201593,0.8140514283422982,0.42871362636179516,0.038056182994006996,0.12658808589075896,0.4246870093526969,0.0367329974552512,0.1263191925350888,0.08573067361029053,0.02867225231535392,0.26363087391363016,0.8630841556507168,0.8581327648024358,1.0,success,
PAT_830_1565_911.png,0.013058118281498467,0.4803817456186014,0.7797050147492625,0.041440459687941654,0.032292281833023934,0.0283469235190872,0.0008253671227478831,0.0184820641378563,0.020872916800697316,0.004818096818526094,0.047256540229183075,0.03273884547639205,0.6917199006299353,0.6163262953905403,0.967741935483871,success,
PAT_269_415_906.png,0.6251885352319101,0.3631385408243257,0.5786131327294445,0.033879243842471145,0.138313594482095,0.10191779592907287,0.021223540392855626,0.1299396638934479,0.08873491345632853,0.009844894588548828,0.08297645847825241,0.12420339142837977,0.8988247825778921,0.8003931442285939,0.9819819819819819,success,
PAT_369_755_733.png,0.6798378603698942,0.33278075145805985,0.7176191837734415,0.015836346426771095,0.05775295800037526,0.03339750695147105,0.015122549070294937,0.05576030381422087,0.0276635532015732,0.026634007789572756,0.08708631277927148,0.027267601804115804,0.805332474066359,0.7414213051743055,0.9028571428571428,success,
PAT_187_287_482.png,0.9905806015886717,0.30571762223638854,0.5625623146544511,0.40311741070126256,0.06304754600961027,0.08561865088516996,0.4296678810987992,0.06532051650270776,0.0933361208427112,0.032910257643958905,0.12036888664187217,0.08732116705763959,0.62767199329791,0.5589990523180267,0.863849765258216,success,
PAT_567_1078_978.png,0.6764981562727701,0.5823268198555744,0.6747501200738137,0.016660555613601594,0.1396399662698875,0.08660804416128161,0.016136124144189575,0.11718765085135154,0.07536271358223649,0.010529439260207675,0.19540433457989514,0.1290671403069641,0.8485326358900224,0.8132127735693,0.993421052631579,success,
PAT_912_1729_244.png,0.6429400849258382,0.43012905628034087,0.5788142559065905,0.008062886733043116,0.03121093311555596,0.05191995248796656,0.00696282309435417,0.02355475165124804,0.04353799104231106,0.009351328296937803,0.032098848791526025,0.06302581856117517,0.8164661864969638,0.7466537197597903,1.0,success,
PAT_63_1075_331.png,0.6263308788458993,0.4338335756444608,0.7711242568791662,0.02179776203657031,0.12027278763114839,0.06386090020765507,0.021127315606176686,0.10480420587202682,0.05241117680907229,0.04166323335532564,0.11683403370929252,0.06221930508633222,0.854110553809489,0.7934115558422596,0.9936305732484076,success,
PAT_188_289_859.png,0.8069332659106608,0.1759928809068754,0.5756717127284127,0.10894275542560004,0.04782263191564156,0.07963009831425756,0.07727170500970844,0.04304201302724547,0.07827980452844571,0.00965091838146432,0.0471278198341783,0.04707160379183539,0.7116918627048323,0.6738390039657599,1.0,success,
PAT_480_921_1.png,0.6319896128611285,0.493480548587291,0.8678487118665278,0.012304170067954234,0.09867593085467835,0.060478355665881264,0.011499973490889846,0.0931338971970676,0.05103369887039036,0.019336360765130758,0.10743457157579678,0.05316143012130181,0.9244666948350833,0.8718282183955371,1.0,success,
PAT_1730_3236_201.png,0.5710416139952769,0.1558872689476937,0.3495709028597112,0.0904065044276193,0.12497948869636867,0.10526036330295743,0.05914424832109072,0.11637137557358246,0.09738299427702153,0.042523681226437064,0.2677262790356022,0.1957590239828207,0.8301507264529989,0.7924867141852342,0.9887640449438202,success,
PAT_299_1455_759.png,0.6510974937542522,0.5132209405501331,0.39269794874471525,0.008814255360342195,0.1219895733234844,0.058254058617611404,0.008119881664609736,0.11962157733517483,0.05721249583458502,0.020689604362432275,0.1929737112236199,0.11683710273407028,0.7374897681442835,0.6645202627511677,0.90625,success,
PAT_1718_3202_152.png,0.6161171484234911,0.4478953110287782,0.5245848904110685,0.009099733935819006,0.06964142289202836,0.08873279063037147,0.008575913299411299,0.06251145419756751,0.0815375332832013,0.008437630676058126,0.1104697174051244,0.06955517801025068,0.7517191933675994,0.7231979537932358,1.0,success,
PAT_1694_3110_213.png,0.6886513763222945,0.547207801002212,0.594773749868328,0.022773574104741585,0.15025057219330684,0.07740424742583467,0.022080566219896215,0.15589847686183714,0.08384656790491081,0.03710131758352359,0.3882685731371529,0.1843518134004578,0.8410476690218475,0.7976397891898115,1.0,success,
PAT_453_883_719.png,0.002974904377749166,0.4504017192034895,0.8540450494988459,0.42377767112760056,0.11571437421182867,0.05141887809967701,0.4624613828659321,0.1068895590476026,0.048750967892700836,0.00797842143893427,0.06892748009821975,0.013331132581615668,0.8338688650885564,0.8147930567304013,1.0,success,
PAT_59_93_573.png,0.6432683532645862,0.41730038975222183,0.6684070255593295,0.008486134203866682,0.040358906865665935,0.03447568567977617,0.00756022462988939,0.03461162537184826,0.033601767045165994,0.022241983724351638,0.004606151839229189,0.008850660737677152,0.7737295334806338,0.6923535966534253,1.0,success,
PAT_1581_2570_738.png,0.619528935694773,0.25124912737303706,0.662918832701879,0.014802051247477545,0.06611144159293159,0.058738663774676764,0.011127281389301422,0.05641034159439165,0.05658542763364156,0.01269088876954443,0.01784421796216229,0.04941056806073274,0.8402749842251814,0.7278635142933049,0.9227272727272727,success,
PAT_1136_517_92.png,0.02939759897708216,0.33540212976031913,0.47690329933933695,0.07995483071646159,0.07972667892177826,0.05912882553669017,0.10636465889741774,0.07648686101405239,0.056597290544664336,0.012451444392377916,0.046453210563121405,0.08440231051789904,0.7853409805738238,0.8244420776416144,0.9859154929577465,success,
PAT_662_1251_43.png,0.13222541726360698,0.18963765947306,0.3467584433434199,0.17449054109041756,0.11318050274044593,0.09396727546844585,0.18794782085072845,0.10916963607764388,0.10407720474491995,0.12872937210156574,0.03527849119773463,0.2707241417958991,0.8445907334514813,0.824186270833962,0.9646017699115044,success,
PAT_1278_966_295.png,0.6547452133328018,0.26851660498118124,0.6318798103719291,0.013836267113485347,0.038676553326881725,0.03648825511445347,0.013642106824108734,0.0361596075998981,0.02923019523174129,0.01474358377094739,0.07111315507052882,0.010377340473530006,0.7320227737447735,0.6642754330055667,1.0,success,
PAT_656_1246_489.png,0.04307509317063404,0.2611338851854565,0.3493659560960125,0.31571211720968667,0.12320133604231909,0.0810244381166775,0.36385853718686983,0.12852115154051413,0.08691687114097528,0.4056929919059721,0.19085172028752997,0.22134530749461334,0.7801138521807003,0.6152415929863553,1.0,success,
PAT_1324_1146_143.png,0.6141202826068013,0.5039171173577263,0.5794618414902851,0.011779457787258791,0.0853439559122093,0.04803055879314851,0.011065816232275262,0.07746204426789853,0.04465479248805934,0.0094178085283605,0.024863626272907113,0.018794004757562432,0.8944011567869458,0.8804914441776959,1.0,success,
PAT_56_88_274.png,0.971181387731067,0.4616128141397404,0.889400300302391,0.3418631644742689,0.10676379426608848,0.07356083113602269,0.3979098348079725,0.08890743992068026,0.06438920409253265,0.045073295214658374,0.11642144898163442,0.02997422797881444,0.804575468300168,0.5450469911746987,0.96875,success,
PAT_193_297_295.png,0.6435360190529933,0.2793728945322622,0.7673922432409087,0.015619490921925576,0.12040298063279223,0.05879636366629099,0.012333849004400812,0.10824311621964924,0.03658442013541929,0.019395169045686424,0.13551785251545548,0.04739417132491763,0.8331309733458074,0.5997539929658716,0.735632183908046,success,
PAT_771_1489_70.png,0.9964562107480871,0.10506645108892956,0.6689002915539187,0.4185210193252769,0.07325538254516545,0.07633489955409568,0.42792447280912843,0.07145013082634318,0.07522554758318038,0.05642518015540266,0.034409455688216684,0.0064838930969806086,0.7359264883224357,0.6077683035242957,1.0,success,
PAT_260_400_566.png,0.647591345168209,0.5002065452515526,0.7436305910264462,0.007173560839840719,0.0393740925313392,0.053008458859631784,0.005925012259717556,0.03634481083051159,0.05226117517300692,0.003741442434418237,0.02061784586647314,0.029173678610402543,0.9362714143485555,0.8648552666503271,0.9880952380952381,success,
PAT_419_833_148.png,0.6234068246346275,0.5935874133782133,0.6337962217138684,0.01041445030103348,0.07065638948370298,0.07378108248299727,0.009208072736359232,0.06169139484987093,0.06926516160028769,0.005334993838319946,0.07314969568387875,0.07346315290230587,0.7326429429593084,0.46979713352003033,1.0,success,
PAT_757_1431_907.png,0.6549153741287275,0.47286036838978013,0.8043683897801546,0.00714360370728226,0.024012101732614206,0.035598683176894706,0.003036239142554117,0.012741583045650354,0.01723564663974303,0.0015241368093181034,0.01212706248000367,0.0257459664518489,0.8292682926829268,0.8620492748730703,1.0,success,
PAT_1547_4231_928.png,0.6516714940709142,0.40569180650316555,0.7995267072346179,0.006701044228802708,0.05886244409737226,0.05159319699272809,0.004374551017989581,0.04618000973685004,0.03416065742230056,0.01134597736922487,0.048152928883152035,0.02055442866801893,0.9263123883377048,0.8981573929744384,1.0,success,
PAT_445_871_524.png,0.6499542699509266,0.5513933709512038,0.6051620776639177,0.013969142987177914,0.21399000474356517,0.10011911395891432,0.011184414913334648,0.18243104777289282,0.08701967141128777,0.004221552421206809,0.19887567828643193,0.056523767932800784,0.6089481516290727,0.40406758660574715,0.7608695652173914,success,
PAT_904_1737_511.png,0.6476065170683627,0.3477209900353584,0.6983767277402765,0.01163759617236536,0.10643576083733648,0.0506305484018324,0.01038734360531766,0.09761882637354806,0.048454890014503656,0.0007190969668627645,0.014547528483160155,0.011108209221757925,0.8522623737995567,0.8007249468158514,1.0,success,
PAT_325_1506_440.png,0.7002466964625321,0.14271814341830613,0.7041807055317236,0.014470822308659733,0.02191734618614586,0.012890243655522842,0.012904380485060873,0.021575603048767517,0.011747536350561942,0.026230971935628764,0.011052332989331032,0.002112891506550141,0.6304813172035033,0.6414891112772342,0.9787234042553191,success,
PAT_866_1649_674.png,0.006329143766118411,0.3443816365384993,0.586068421362539,0.41477713338006605,0.05204200417822583,0.013992210560382154,0.45061533772073276,0.04792165809830917,0.011236375006476394,0.028184297422660837,0.014284854235834643,0.018638717903423863,0.8951248413697672,0.8337982442314693,1.0,success,
PAT_471_909_344.png,0.6454517648919984,0.20216665256610142,0.41486683023322335,0.038662414406802854,0.09594694035942523,0.15934194462502346,0.012812996804349915,0.07969659220096587,0.17413741086137258,0.010027215047099485,0.027335135225707463,0.3382264585238891,0.7669054707510883,0.4445281232219112,1.0,success,
PAT_1575_2516_618.png,0.693400094860213,0.2716396436279121,0.6523933373914006,0.008611976187182423,0.054954978458951025,0.020899311072785094,0.007506102775752888,0.05291206465977646,0.016936988911762575,0.003288698245282973,0.0900322314322646,0.012808127810064684,0.6520112333097905,0.7478602734903199,0.9130434782608695,success,
PAT_300_1689_862.png,0.6532134163829127,0.395817451323787,0.5452285292400673,0.014054489415714026,0.054304507248476866,0.04793388973948249,0.012866621230838562,0.05098151184951402,0.04284461245768182,0.02804161376681083,0.03581653560431758,0.02818800636425023,0.7710607368841579,0.80926468782479,1.0,success,
PAT_753_1834_712.png,0.6066445697021156,0.7337532595076027,0.8454468488604422,0.003851292230028317,0.05629650796196926,0.0729450597844185,0.0030667654502058795,0.044158614068839946,0.06208584656871207,0.004001670431093156,0.03774075737100713,0.06707726414715198,0.4806381628415527,0.4608924589173204,0.9811320754716981,success,
PAT_263_1480_753.png,0.6411071933299222,0.534909032255308,0.67817286862446,0.014575097210901135,0.07425060177483085,0.08314274988685932,0.014796740839429497,0.06895334535195335,0.0817874443965162,0.029179074555280397,0.08609696174228276,0.08198209258202371,0.616027816827426,0.5675186362828905,1.0,success,
PAT_1312_1102_578.png,0.0399452600493075,0.1822528491347271,0.6151549548244096,0.08971678234012483,0.03842062937216235,0.03508367168991034,0.017032625014050947,0.03465498803886719,0.033848891665816276,0.011611418548592538,0.05044871272025156,0.06824188441402501,0.8769738520740256,0.7282154430193786,0.897196261682243,success,
PAT_1033_153_301.png,0.7469013420706536,0.22182290783748657,0.6358591851726281,0.015706843389399178,0.024810477443203135,0.013395471262893519,,,,0.00523487106395698,0.01413060014517889,0.013536409908676439,0.8847252674240914,0.8945219417027679,1.0,success,
PAT_972_1843_756.png,0.6410165503254188,0.27276111093436833,0.3847156385539613,0.05822424311948817,0.07754919314426735,0.07407082565300643,0.051978403835681274,0.0654041869663455,0.07384579261313032,0.06113443435967388,0.09286753981398863,0.13561419509098815,0.7212518786480724,0.6042000730352135,0.978021978021978,success,
PAT_1245_845_32.png,0.6145420257074611,0.5240315774237009,0.5443832047299328,0.016655663129123997,0.07290188472467403,0.07629407336078795,0.01626466039413835,0.06861099604151462,0.07532903804368549,0.016917923064683295,0.1703689803093834,0.1076084095258324,0.8192011677282378,0.6735756183434065,1.0,success,
PAT_716_1345_460.png,0.6601925633069267,0.559296218487395,0.7233368347338935,0.0053905096060565694,0.0877987745371096,0.10630216204504223,,,,0.001844909884109648,0.06893674136321193,0.10329715219421098,0.8423149355352746,0.8433652200789503,1.0,success,
PAT_2088_4525_507.png,0.054477988968759335,0.48753776020212003,0.3936288240786511,0.009943575752910324,0.054336452771229664,0.0795530554074509,,,,0.026476722908187353,0.042994452683034035,0.18793046630416865,0.8892215568862276,0.8162218821187435,1.0,success,
PAT_161_250_197.png,,,,,,,,,,,,,,,,failed,Failed to load image or mask
PAT_665_1261_17.png,0.6383261767771697,0.3817372761796391,0.48076035320946026,0.02121451757453372,0.09674540071739843,0.07765179690471907,0.02238629143293236,0.10890899710693334,0.08030999183540788,0.051649164594275335,0.25314607395009264,0.1388872145862557,0.7132093567145441,0.7349502588781,0.937984496124031,success,
PAT_417_828_723.png,0.9642992950663596,0.16402402849045222,0.44200589970501475,0.4066027602305372,0.08353514089898632,0.06936818298434962,0.4155836117679193,0.07211694208035938,0.06626274836127902,0.11103532947073581,0.022158212505339142,0.07372804230563706,0.8114575075313144,0.6818059703310532,0.9807692307692307,success,
PAT_1332_1174_839.png,0.5749978945577018,0.3411217492827199,0.4393180076197544,0.011357114801881766,0.06538188361274373,0.05225047687784165,0.01060691961750882,0.06310720158743578,0.046943115170622295,0.00824323506812961,0.019326768664209848,0.05843826660710805,0.8304248527023577,0.8826131555440856,0.9844961240310077,success,
PAT_14_22_850.png,0.6393835778065569,0.6073847035449442,0.669846296526686,0.008436622105613717,0.09321360586867876,0.13458418719518897,0.007286981796515316,0.08260725819046529,0.12342992287103431,0.004617773600662645,0.03513720821243482,0.0627893236579099,0.7471396558477641,0.6866184564039445,1.0,success,
PAT_272_420_10.png,0.6154424001072113,0.3680187171079501,0.6881411640236336,0.029179150135839643,0.12028179258386455,0.0982943679688931,0.023363852157791472,0.08494734563573277,0.08202144463270125,0.023087176929561318,0.04058396871419878,0.060285462206864926,0.7553126739539071,0.6420977390590386,1.0,success,
PAT_1223_770_120.png,0.6140635950764001,0.5532794878136843,0.5925565818613947,0.007852616226187135,0.05388466185972213,0.036768032478333434,0.007750405357508923,0.04973814627657008,0.035744881488890795,0.013592516768494139,0.12189547221914238,0.08684371626955367,0.9423673443457714,0.8894154444540849,1.0,success,
PAT_1726_3228_674.png,0.7616264380640505,0.07869081474829118,0.49108416903657137,0.20818090172719422,0.03907787985657521,0.07760020720324404,0.16890166689618083,0.04267366961590378,0.0775745227014918,0.01152532196177592,0.018650242886884105,0.009554571308051263,0.7565468381002362,0.7443540942300028,1.0,success,
PAT_73_111_609.png,0.6413850694787026,0.5070363717391111,0.7435845983619702,0.01396508315327311,0.15910063391963009,0.07999156619532728,0.012257034596124844,0.17020547468094005,0.08449277048508705,0.004979022971798328,0.09446929540191185,0.01598190436860092,0.7782331574344963,0.6931213877584761,0.9530516431924883,success,
PAT_677_1348_657.png,0.701704789337796,0.3509198541542471,0.5812701889617502,0.12389898503990054,0.14587530440007268,0.09133793341486689,0.12470524734855878,0.1394107533939359,0.08920692789686356,0.046220632106701014,0.10499143342761486,0.02501522893232866,0.9085642919714376,0.8375082793233168,0.9863013698630136,success,
PAT_100_393_898.png,0.023493948736010795,0.38553567768570846,0.5313442450150792,0.18053788170677257,0.06736105919838002,0.09444931529410094,0.17966535994237026,0.063174805040656,0.09427253447295685,0.03216256295950784,0.14683239149318267,0.21032412965186076,0.7540073272728582,0.6574756909774913,0.9841269841269841,success,
PAT_1492_1705_728.png,0.6470452310913449,0.40324190389180736,0.6267900029761286,0.01071858593011555,0.06374089989115027,0.044567202459552965,0.01017376641484109,0.05964136823255494,0.038899234564040396,0.009236142222196026,0.09167199031225409,0.051609458565289756,0.7248251309969499,0.79664704665535,1.0,success,
PAT_720_1362_700.png,0.6328360845506305,0.2323957463048344,0.46074202432156447,0.14783181226987707,0.14602177441769643,0.09402644982408331,0.14184095940432584,0.13588557440180618,0.08821595594438378,0.08361943778844494,0.08911972820528688,0.0762353512440464,0.8825461888846017,0.8287698880667662,1.0,success,
PAT_439_859_84.png,0.5991455398691369,0.4495744687140648,0.7730834833556519,0.013097370290425982,0.08193842988924564,0.06374002771487161,0.010818229068375894,0.057874792301353686,0.03831383532377059,0.017850214835019862,0.07429503858995523,0.05532806103738619,0.6332495095360648,0.5377342824472664,0.9936708860759493,success,
PAT_1547_1876_839.png,0.7927278713081916,0.19234993638798853,0.549826425516408,0.1162755488904182,0.04546164083730397,0.06462773891287316,0.0975199806412828,0.0402743675709613,0.06115433709960723,0.018127693817231873,0.01911065167520351,0.012976913641037147,0.7591644046781274,0.8463885262301579,1.0,success,
PAT_2079_4480_586.png,0.7864598486226447,0.09668239616728504,0.6276334906283395,0.10228628472753716,0.022256960681485295,0.05535860692529764,0.09742530010539459,0.020027905114258147,0.05278087182918879,0.1388280765859605,0.01672453523272595,0.027384502144056855,0.7414572547761946,0.5005959257787566,1.0,success,
PAT_876_1665_569.png,0.6716183145856153,0.31296581459809053,0.6835776010434972,0.014517098920462549,0.07614200573767191,0.032032020213192854,0.013526288082907132,0.06919564391268375,0.02724434661337416,0.027911108025631473,0.0055874502673409765,0.014062034540291979,0.633972768767088,0.784615590348861,0.9272727272727272,success,
PAT_237_363_858.png,0.6535257563327719,0.264133471989872,0.7083353679673253,0.021129344635533422,0.055472348162115596,0.04616836649480944,0.01973133621849305,0.05080736815677517,0.03820519908317179,0.0348547017315311,0.01366280154139915,0.04966767392028926,0.6090098387118592,0.5284487305080353,0.7887323943661971,success,
PAT_388_1592_576.png,0.6443228390553313,0.3657908576414412,0.8029372919542702,0.01581321212341674,0.08681050005059715,0.05647248270539467,0.011150383832869072,0.06941440186998805,0.038191396514010115,0.01909858260842062,0.05900681494408577,0.024490234080067008,0.6157179674299652,0.377178518908316,0.8511904761904762,success,
PAT_58_91_845.png,0.967501990295126,0.34248597510629597,0.5758609780000155,0.07761115788479307,0.08860556205374163,0.069179954486652,0.012722280648470146,0.08163373751837423,0.06322275049331202,0.013371596924653457,0.13617006405678328,0.03282884138038733,0.8686419834472063,0.7976312021299734,0.9934640522875817,success,
PAT_36_50_14.png,0.01791819754469143,0.5198342214328004,0.5264122522899035,0.008325069212383377,0.054947869986860146,0.06141748730576138,0.006661294090059297,0.04367337219658468,0.05413209048099056,0.0036724334590180875,0.011666330695314753,0.06623151357873258,0.7784556769541675,0.6587330560340522,0.8796992481203008,success,
PAT_201_306_781.png,0.6557116581431834,0.43907914924763874,0.5520257684313256,0.009128239954571704,0.10687341556539343,0.09388092741008755,0.00802052317873807,0.10666078558803736,0.09400860938925516,0.015177561553378795,0.020883746391661906,0.019576277930385744,0.7384651132259992,0.7945424202988158,0.9130434782608695,success,
PAT_771_1490_334.png,0.6510517368862104,0.21728937481341287,0.3334527490973408,0.18349881384030625,0.16111705163623302,0.09561340361209321,0.1884836819223099,0.14920515309467242,0.09114930339507211,0.02153837417601881,0.021860950974063736,0.08986142838484856,0.8946435753446613,0.8613003720859186,1.0,success,
PAT_84_128_233.png,0.6548125816142957,0.4968448617231909,0.658985331374678,0.008982297561223833,0.09938704944888099,0.08566701021705016,0.007911211896787104,0.0943578826751403,0.08270228445174897,0.019251314365650054,0.07543780449541682,0.04076134247288743,0.7453161230318971,0.7258640997454163,1.0,success,
PAT_1301_1063_739.png,0.6557909832967073,0.210107687386715,0.7038013584792058,0.013810657571564865,0.04147317879695158,0.03134441604009598,0.011304613621495485,0.035937260480198546,0.026040948721451816,0.03031848773227155,0.053613625314189534,0.0031703368397807408,0.8166914670551869,0.6577992095837221,0.9919354838709677,success,
PAT_1401_1374_593.png,0.6261103226070586,0.2589102302923548,0.5511001546074247,0.03404763689671374,0.10581457211812541,0.1173233688653147,0.03577053895444647,0.10277947344268744,0.12576746712498896,0.0881685025469453,0.1811781350676301,0.2311077166078872,0.7982211770661118,0.821493804416181,0.9754601226993865,success,
PAT_1184_678_86.png,0.6344731416311868,0.23206470458981218,0.6138883503302442,0.014276143364487974,0.06260158243272533,0.05542549488746063,0.013084971826617357,0.05763973604222556,0.05267042904391281,0.01801697783066029,0.04032084169032166,0.054781558578200995,0.9348422503650555,0.8867879601907406,1.0,success,
PAT_478_1829_141.png,0.19453620654241682,0.07332486522589571,0.7984083536090836,0.25012577366247474,0.06009656087014179,0.07140844349496644,0.22866996848281065,0.05574301766447247,0.06560933035921611,0.10507032388956342,0.08009760077798958,0.06336630799412868,0.6707524602333925,0.5619905512776746,0.9752066115702479,success,
PAT_181_280_417.png,0.7106532947486149,0.1637738711749998,0.5704976661015768,0.035856899747365494,0.026862884600346425,0.07429183788540214,0.044603580129408,0.029846609402953944,0.07851159608595994,0.08096515288630428,0.05368972574037886,0.10981073670066188,0.7645076722864543,0.6403092947080348,0.956989247311828,success,
PAT_364_748_278.png,,,,,,,,,,,,,,,,failed,Failed to load image or mask
PAT_251_382_576.png,,,,,,,,,,,,,,,,failed,Failed to load image or mask
PAT_1249_861_810.png,0.6058640580882572,0.4241880847402947,0.4893877477865003,0.008492323107299625,0.04876665380190125,0.059099794433867876,0.007876807515737017,0.045483181832214115,0.05389618166737602,1.7661487423323606e-05,0.008199881043417512,0.05113220236007576,0.8164802379475202,0.8246229184242734,1.0,success,
PAT_191_293_314.png,0.6427697661621994,0.19471496247559536,0.5287335114545892,0.042005226959568494,0.07411860716407916,0.11129513264914262,0.03912972130063979,0.06475659130989485,0.10346124898536585,0.01431789538509294,0.014781486374078057,0.15185457195848173,0.6992342888125391,0.6437312412397085,1.0,success,
PAT_573_1090_164.png,0.6066634246594604,0.38193479491534144,0.7808772065256548,0.01605724575555673,0.09826471278014659,0.06251620258993514,0.014416218613364272,0.09261074049675597,0.05743009888633902,0.009937340355835999,0.011326183765046016,0.0025884649698798556,0.9123815135191132,0.8709566176724302,0.989247311827957,success,
PAT_1928_3876_437.png,0.6753438136538722,0.209385204079483,0.43805635537983295,0.03578030021221085,0.0800889128461986,0.1039299189376065,0.021159251980454246,0.05633350071273164,0.09089116485081487,0.053680108647830675,0.0231909236975682,0.14158585553819641,0.8228996013811928,0.7034862804214471,1.0,success,
PAT_834_1572_430.png,0.631976987518861,0.45320828021611126,0.6639197474655496,0.02469670971023137,0.060074816022809695,0.06101085921341577,0.023188493894480536,0.05164566947936136,0.05226710745922214,0.010151201863164596,0.01482024931991105,0.06266391515032055,0.3873952157023104,0.6477733732474704,0.7894736842105263,success,
PAT_1310_1097_774.png,0.7929617117098745,0.10707398206240262,0.2867840049405589,0.24423527547063273,0.10476175673547267,0.07015357817749643,0.15766421626452706,0.10466491642925016,0.06892391105832335,0.11315041368492468,0.07699535581767697,0.16336660602846637,0.8093551699623476,0.8016801793326426,0.9701492537313433,success,
PAT_318_677_278.png,0.6848150257752069,0.4637134778510839,0.6434107667572213,0.005588226147012571,0.09478269883637329,0.05657929784054305,0.004726979481581924,0.08799590384802515,0.04632644363239905,0.000317844658318399,0.08320466105205304,0.03138620008443527,0.7081113221277577,0.6163997040067745,0.7777777777777778,success,
PAT_46_879_386.png,0.9995266647027272,0.42085636903280715,0.5653809951422173,0.48544820089754387,0.05098579849907219,0.023789844998165253,0.4849259051776394,0.04597127566738118,0.020218512221237623,0.024776667359026148,0.03805454390023838,0.005072821604607314,0.7450103974401678,0.6599465689870994,1.0,success,
PAT_1411_1415_723.png,0.6115458095725438,0.3650794861042278,0.29943959437307005,0.013628991302449564,0.08333540985840976,0.06560203179457659,0.011556609616710655,0.07456323931356944,0.06425051851404032,0.03924387629790797,0.21057128938291633,0.1924560983302408,0.7125344286594448,0.7158501645726464,0.9347826086956522,success,
PAT_641_3704_317.png,0.6222855769509298,0.4267955496805464,0.4814022912535801,0.012092861262118317,0.14351586662260096,0.1021711312387099,0.011231130764606603,0.14617316325045412,0.10368120531853146,0.021399285527680927,0.2967992033159136,0.19261630169084415,0.8181143714903438,0.8640094255778727,1.0,success,
PAT_242_369_930.png,0.6723108223360377,0.520318932552274,0.7625189162802051,0.009121490559224073,0.06637619608219489,0.054108807713853915,0.008555539141778732,0.06133655234488953,0.04719399839346604,0.006364155198990397,0.01646511460232991,0.019658670201542106,0.8244212025725564,0.8664049850955042,1.0,success,
PAT_13_21_350.png,0.6471730015760061,0.6343465679617252,0.49085603458223487,0.005647927954398774,0.10493209355343171,0.10255861803775136,0.00433793855448164,0.09064924539415636,0.09539070101703137,0.0007485371957302947,0.06413700683402401,0.06848204929488305,0.6928861600222458,0.75436298693295,0.9457364341085271,success,
PAT_1495_1708_278.png,0.5345051405118666,0.1447405380756954,0.5468724122207022,0.03329895537714554,0.04828328446743116,0.0519124847759295,0.02868708094563165,0.04411205548085721,0.046422108906316054,0.020058952043237432,0.021160935800061176,0.05076412653473117,0.8321543599394002,0.7337251075045779,0.9627329192546584,success,
PAT_248_379_695.png,0.9663656796281911,0.1944871884544543,0.6909922827632837,0.4119720536668576,0.059996128080023046,0.04527141872903387,0.39024938212501203,0.056561759364134684,0.04815885768540344,0.020966514252750795,0.018246675861347594,0.017862932694839406,0.6605047890603262,0.5971872665025477,0.9920634920634921,success,
PAT_1345_1223_175.png,0.6138385622388323,0.3652788147395064,0.4895140664961637,0.015639756501415532,0.10356160033304039,0.10276835110625288,0.013232666229053135,0.09947049809255196,0.09851055791775261,0.0013448946426236495,0.08416960859982359,0.10422454839584039,0.8846283903250568,0.8210139197402259,1.0,success,
PAT_392_792_22.png,0.6280032990047986,0.6218884254135807,0.7183400017025623,0.007607828610038239,0.08692129751111195,0.08003488725378888,0.006738976930608589,0.07734583736881309,0.07259842210831396,0.0067129817220821526,0.05159576289402734,0.06846199182212032,0.7588317787278145,0.5388591339095544,1.0,success,
PAT_146_217_187.png,0.6395165612760414,0.48389625746492365,0.5311612534287071,0.01435409065520487,0.09216892609106472,0.09057438144772988,0.011403381551373992,0.07697056534772816,0.07448399390101543,0.0024074134464708015,0.023555448610595275,0.03365895462435575,0.8118239680385884,0.713151740839597,0.9861751152073732,success,
PAT_367_753_130.png,0.6222601366396953,0.4090936013720186,0.6283005357237574,0.008308788241694709,0.06325996404567737,0.07907802458319271,0.006217213135267295,0.06038656219636165,0.07769289971871494,0.012062126190081004,0.09737874981441397,0.08844640097954537,0.7042897963132893,0.5047638862561701,1.0,success,
PAT_570_1084_637.png,0.6833212319708246,0.2839656862745098,0.718671568627451,0.008150766361757072,0.04796306464325531,0.036569652182982464,0.003177919339826967,0.04138459054761462,0.033421394431705866,0.0030561933748422298,0.052506632064590525,0.029569492502883543,0.881901115118777,0.7816285492860896,1.0,success,
PAT_570_1085_344.png,0.9871566442495469,0.2753365949861569,0.7183486934425607,0.3337967899127445,0.050351908575690045,0.03409724808588087,0.28433094419380217,0.04860380974873061,0.0288387510887437,0.00047096066092693593,0.06073964509508939,0.038055976687599635,0.5179864253393665,0.4758004201248731,0.8928571428571429,success,
PAT_986_1855_702.png,0.9526943437180171,0.23688763746913957,0.48769663952990144,0.19860437652107688,0.07619779978754417,0.05987980905161817,0.17023791834524385,0.07358363427781825,0.0595945143492037,0.006262718907666296,0.0020753125391675953,0.0008389346997904057,0.654822017847031,0.46400664227149097,0.7941176470588235,success,
PAT_1671_3008_622.png,0.6947516591263593,0.1495599147606316,0.5723182255454279,0.06980462148109089,0.06841019491096473,0.11973160789218368,0.050453319764719694,0.0624696363564531,0.1243545831479415,0.110785617192942,0.05211800740643027,0.21612537308310614,0.6564185280019477,0.4759504325409078,0.9948717948717949,success,
PAT_370_758_322.png,0.043221321935405385,0.3922901056109505,0.8619648160166774,0.01463783081575378,0.045764518942718546,0.05274533366739394,0.013628087333576911,0.04069172125114246,0.04991909367900099,0.008421192375240007,0.0155798101854136,0.04165180462092022,0.7835789554180037,0.7819427128214219,0.9553571428571429,success,
PAT_1063_268_919.png,0.6468217174227114,0.2521470236840256,0.7930353503408533,0.013535911821719492,0.026558806147716114,0.02465003007547827,0.012083345118726852,0.023963620971865048,0.020239935452186296,0.024388288409535382,0.03652567616514485,0.002884520778258959,0.7308644788065497,0.813116000913456,1.0,success,
PAT_422_837_617.png,0.03646493449467481,0.4127625525796428,0.5135457602748484,0.20673449509164016,0.16855631726595482,0.07759699837516805,0.14299062799727422,0.15558658254722316,0.07307909264627638,0.04374281924698089,0.10516096121846064,0.039086379537598304,0.7385982029600497,0.7975974948300738,0.9621212121212122,success,
PAT_662_1251_380.png,0.04255573895451403,0.5056141836579593,0.5046207630338957,0.017152090789345452,0.08332842050328776,0.14738557895471385,0.016113662603229616,0.07530130034180663,0.14977970237974458,0.020197662315375137,0.025228681981684153,0.2542718139374953,0.8442979417364367,0.6692075506219094,0.9315068493150684,success,
PAT_575_1087_29.png,0.02104143903287857,0.3688041977354322,0.48229770781552056,0.14974438591936712,0.09478786776831634,0.13322915005954128,0.12040903717423905,0.08829975182375656,0.12493761786192939,0.016459503323868734,0.04157946608791252,0.1821164570971488,0.7852720355743673,0.6663536921910145,0.9285714285714286,success,
PAT_383_777_129.png,0.6810587192613061,0.2815055027797547,0.653882889294592,0.0397654030425038,0.07728280036108033,0.07222227782759391,0.0358152355926757,0.07040342894322549,0.06516447196858108,0.0270448663508328,0.05985905539853434,0.046663239858699246,0.8692179152847053,0.8352667379010501,0.975609756097561,success,
PAT_1089_375_60.png,0.6285633571794645,0.2801569952305247,0.7355782988871225,0.01869311469836127,0.08567529164316373,0.08740718554713844,0.017847973551155128,0.07736184626848217,0.08216513188695194,0.03272515851968012,0.06715500298977811,0.03571770614590686,0.8943039479634903,0.8257115011664301,1.0,success,
PAT_388_1589_976.png,0.9506786701715481,0.15798389421455164,0.5242872709505031,0.40439998763789625,0.08172102723596245,0.07239606767425348,0.4010852518974998,0.07826479974782884,0.0715415377311886,0.05264800803237632,0.03321061927479502,0.00207471433173112,0.7554009959218893,0.76026202026554,1.0,success,
PAT_545_1031_428.png,0.6813208252489604,0.24224087199037947,0.6124009586435706,0.03397433780702969,0.09491108912846924,0.05583994964833606,0.024254692903783907,0.08874144775624086,0.05341009654066963,0.02809408041264029,0.13466228500002775,0.03221021916088451,0.7877524545934338,0.7140233702248071,0.9629629629629629,success,
PAT_406_1542_754.png,0.6294436650391356,0.49187567952611255,0.4356195403591647,0.018682543463123216,0.06605720014400504,0.041525992551718016,0.01791972756881231,0.05849187404632315,0.038675048108598446,0.023945581248866116,0.051372183721750675,0.05524689168373792,0.9249487399566078,0.8808122337675683,1.0,success,
PAT_872_1709_526.png,0.6446666336080706,0.17715886354541815,0.9281216486594638,0.0047857603514590424,0.005302058936420792,0.008079993962630204,0.0018499406569935906,0.002006327453392957,0.006808574987941275,0.0024054118851635073,0.0018396359840953391,0.0053388431896753685,0.6249065730816655,0.6189657171440068,0.9629629629629629,success,
PAT_1241_824_82.png,0.6095436507705604,0.40822910717685135,0.7885113268608414,0.006060686637937246,0.04133383894829851,0.030309454813626124,0.005381177763636305,0.04558615461650878,0.03168983976055842,0.004617721465045971,0.11328014964019056,0.05720631576432633,0.922019436826344,0.8824295943315845,1.0,success,
PAT_949_1802_582.png,0.038452769702059915,0.13735235934136267,0.41803834293361264,0.25885298403415374,0.07948000529301347,0.07437253127411311,0.30664085642491823,0.07596993656705209,0.07412875994932698,0.015400907633497447,0.060146930229538154,0.1507738196125653,0.922743944598829,0.8644461024933585,1.0,success,
PAT_169_694_411.png,0.7376611844059687,0.3120340637754802,0.5314466518461013,0.037439596524391584,0.08781409232747114,0.024389621200424327,0.032338906732140044,0.08042576772315997,0.020384101903440765,0.06784218565421757,0.10743984186716285,0.015353422101373138,0.8880896499289279,0.8390020086746314,1.0,success,
PAT_537_1014_452.png,0.4412514845298627,0.07208175029477269,0.61242225175148,0.18095636283511377,0.038580770227199475,0.07308875248249466,0.18198469966090314,0.03833436631347964,0.07275612859882086,0.27736370378742614,0.007586385027687437,0.02640797744780332,0.9158423558405808,0.8921465339784413,1.0,success,
PAT_632_1206_634.png,0.6766999338461973,0.4074502802509617,0.5797877016309401,0.010359444868731192,0.07912533983617362,0.06890456939210236,0.00940178626776482,0.07208549539582432,0.07241096051832235,0.005008066003463874,0.04863928553343999,0.02235752175521799,0.5878949291387036,0.6856025108253397,0.9690721649484536,success,
PAT_1184_676_904.png,0.6493054894420442,0.22261904761904763,0.7443977591036415,0.0038665030297430703,0.02885553465596374,0.031228724446367012,,,,0.0008928304959251282,0.024253034547152164,0.01928104575163403,0.7366120218579235,0.8059788611879676,1.0,success,
PAT_1946_3924_929.png,0.05454170429055775,0.4501171377641966,0.6690450725744843,0.007226559114359322,0.06270739699837014,0.05735276466991095,0.006658902260206552,0.05559234197105911,0.05577277104984482,0.005414071519841328,0.14149567391147994,0.0852432076230909,0.8885536742810508,0.8165977543840788,0.9791666666666666,success,
PAT_632_1206_637.png,0.6462383949009706,0.5528808031803787,0.6054023313792871,0.006585410695611645,0.06793980906378069,0.08404622200718329,0.00551651264402706,0.06503072737284739,0.08312626321843057,0.01117791422564941,0.04957119908396301,0.015525190372513431,0.5559678384436799,0.7034164338240765,1.0,success,
PAT_822_1551_573.png,0.008125310041655905,0.448202614379085,0.6028601129167621,0.3707380590472445,0.11975163647638117,0.09860446666839444,0.35428304961208507,0.11483702801677992,0.09570422268250492,0.011239174001001488,0.039972714283254995,0.08583367305533818,0.8734688627595767,0.8673554334272366,0.9923664122137404,success,
PAT_683_1297_195.png,0.6692470387102815,0.15054916011789463,0.667818179993376,0.08221887635041987,0.06768247409762233,0.057420444627149354,0.06461793167368017,0.062023711378740645,0.048257905596851676,0.05402506012166389,0.028109890476329433,0.00307428368563456,0.9243138398262232,0.8613596756881637,1.0,success,
PAT_982_1852_526.png,0.6148031080494392,0.1707704297828634,0.6613236713479812,0.06764913359309205,0.10394452518553954,0.08141454880935595,0.0570116850086932,0.08930982863215957,0.07433301181459931,0.016233018509956548,0.03555421879803017,0.0008340867324199142,0.7505180302334961,0.7203183615855616,0.9745762711864406,success,
PAT_574_1081_628.png,0.6665303917572278,0.3170689950350967,0.7114152492018893,0.037119889282164795,0.13685833651085813,0.12557417382701944,0.0336070904394928,0.13048417635416182,0.11878642859360847,0.004467398633666796,0.05749393981626316,0.06174035989132631,0.728053081251471,0.7101517038637942,0.8870967741935484,success,
PAT_1408_1406_950.png,0.610711165050636,0.4269424770206858,0.5214397441079809,0.00786122828173318,0.05560124906900095,0.06721568844907366,0.006285438877761079,0.04864027175434872,0.06427595499829493,0.002715718176040443,0.022011530729125706,0.07249716978801224,0.7583250769848708,0.84197128219461,0.9866666666666667,success,
PAT_736_1392_562.png,,,,,,,,,,,,,,,,failed,Failed to load image or mask
PAT_691_1312_389.png,0.05116056257970639,0.274200138347459,0.4666408073285364,0.19173794136670336,0.09204505886968826,0.1378947933861786,0.19337601805360372,0.09076840231636077,0.13805468302433105,0.053211878752648024,0.11096448875767384,0.18134224375991925,0.8855382004316608,0.827689704628511,1.0,success,
PAT_687_1304_898.png,0.6449557577640079,0.38196864316869034,0.6573028409760697,0.01495901730208416,0.13067843323862224,0.10178293829635048,0.011893162522212257,0.11427960995226966,0.09452888309066239,0.004033609610124245,0.07087243486995282,0.09664108186994169,0.7982657726096662,0.7996038424604969,0.9888888888888889,success,
PAT_838_1585_979.png,0.05620140154813131,0.31802225288942554,0.6655353343683514,0.06325068961127277,0.05447287850722927,0.02410106641115244,0.01728255199586464,0.05179756478627636,0.02034028892019542,0.015448356203787532,0.022602607668350594,0.003500417144909229,0.9226539210866322,0.8763362309340963,1.0,success,
PAT_1414_1426_124.png,0.6089450638549725,0.5213943790197058,0.3800226131391149,0.010140539819020354,0.07330801700121582,0.06892925875300038,0.009136374248934714,0.06532054201290581,0.0687062028851564,0.012025783711950547,0.12136894301337992,0.1437788533019454,0.7727668603262502,0.6715925189395396,0.9652173913043478,success,
PAT_719_1361_160.png,0.6516059106386175,0.11877054070725762,0.5567756103644828,0.17366598278100062,0.06071373244076177,0.09787788372883877,0.12969968017333292,0.04704522346468589,0.09198629450596382,0.06573911552935796,0.02660216511021346,0.1171464719111408,0.7849913735528937,0.7631184287022401,1.0,success,
PAT_1107_427_352.png,0.6120945251229505,0.3648081841432225,0.41617182300690264,0.017838458738497605,0.07186992175114684,0.04544117842079355,0.018399201686224144,0.07165667909648636,0.04497891696265919,0.04811568178245077,0.20796839284624447,0.09289492841226027,0.8481321237435933,0.8236972532889115,0.9371069182389937,success,
PAT_992_1864_653.png,0.04607260726507123,0.34664994355951334,0.7241255905347214,0.008126618724923266,0.08165549140264868,0.06865075439476644,0.0069958149527044955,0.07674637838959289,0.06366787872006781,0.007330809425621768,0.04424100931286368,0.00666216316324908,0.9332425828970332,0.8690586607200851,1.0,success,
PAT_1051_220_356.png,,,,,,,,,,,,,,,,failed,Failed to load image or mask
PAT_1209_737_590.png,0.022301896710592635,0.4966536430070183,0.5673938209970335,0.14591059784580132,0.045977939247323824,0.046090742121095055,0.1166674023944675,0.04157247592201517,0.042485674468181425,0.015426367938831767,0.05290216651280616,0.052418762670971786,0.8304452730862031,0.742312989553723,1.0,success,
PAT_2152_4781_332.png,0.5861423589733383,0.2406878691619784,0.4480360263819256,0.011159972880477681,0.04267685921293524,0.07344962729618595,0.009267904661165779,0.03973585423766011,0.06966858015347749,0.007095669947322768,0.030790998449810925,0.10982702854659204,0.8768816808865352,0.884517022632235,1.0,success,
PAT_323_687_169.png,0.9042264002500816,0.11025580655687596,0.5227555483958909,0.32370674545592437,0.05327305204943891,0.051217820690502076,0.36230071002567077,0.04830660725446881,0.045767321321791246,0.13966582941179473,0.03258254046468351,0.009390749827410394,0.7679277267777462,0.4159538322755668,0.9438202247191011,success,
PAT_833_1571_134.png,0.6381076403038521,0.615996980058221,0.560565077567495,0.01079346628088647,0.13966235370063732,0.12031895030401633,0.007616611989343973,0.11829518020454173,0.10243909745728579,0.010785287013205015,0.0202193347019598,0.13929020463221564,0.7816521529863718,0.8601572079384097,1.0,success,
PAT_233_354_828.png,0.6261706045348999,0.2277451541792514,0.569228523629341,0.02365316355468141,0.056152200047699,0.06606861183085376,0.023588754801572156,0.05450686068341328,0.06103129646476311,0.02806241740230683,0.05959900202781174,0.10433901920456012,0.8303639911715444,0.7031569799827583,1.0,success,
PAT_1536_1819_562.png,0.6155202773599509,0.513087584551915,0.45636069303153154,0.0048975005451595225,0.03487146685918407,0.05271817665722481,0.0036114527161285282,0.02992664355620211,0.050315845049785736,0.005024638291981552,0.0033532165017141624,0.00737062619500406,0.6413667045680149,0.7453311762091744,0.9671052631578947,success,
PAT_387_1614_866.png,0.6634153774493764,0.4585496516334853,0.595985132349179,0.015678176437161385,0.14308195309300498,0.05154782408068072,0.014164595521262577,0.1370795959984914,0.05041818893271113,0.012186845628536483,0.09325885734967015,0.04674002551057499,0.8596773586326331,0.8547642480226278,1.0,success,
PAT_1707_3148_237.png,0.6576247724322074,0.2995629057752348,0.5612472730597902,0.010515252962414227,0.05064875485290429,0.04203255711587847,0.01077117576921963,0.04660819580023836,0.04255021649569825,0.028863222842389843,0.056528759601427864,0.07221632096677755,0.46659055620951473,0.30955762499750233,0.9559748427672956,success,
PAT_851_4520_743.png,0.5976258895429396,0.49716833026456053,0.8293400523306522,0.007549724739395329,0.1094435759999548,0.08456087791831493,0.006568146535999789,0.09672098841442235,0.07436468517247721,0.007398199352685708,0.09049475990441785,0.07141055512669048,0.7164359683631043,0.4981791948130105,0.6022727272727273,success,
PAT_167_258_479.png,0.6495208938661761,0.7381336968543429,0.5807985459159615,0.007135976700769007,0.1456342349495475,0.07480435420324916,0.005509622860689034,0.13697671007816475,0.06317207666863867,0.0013257538261890367,0.14479551577839922,0.06456356769981675,0.802950588212804,0.8150864176797857,0.9302325581395349,success,
PAT_1755_3309_828.png,0.6401586866489347,0.23354071343142743,0.566048476469491,0.02745467634180029,0.0857237156787094,0.03208088391706228,0.02527113416343085,0.08575697213670021,0.030146164071367075,0.011498002311880542,0.12580684381520488,0.034770695643798755,0.8367014687000258,0.7639058503111263,1.0,success,
PAT_710_1330_243.png,0.12077406489390001,0.32950491470518717,0.33216223856595345,0.059992548285438624,0.12039740882792596,0.14356908704686547,0.049589846487696314,0.10977772824210955,0.14165476336502267,0.03403123007453638,0.10508537710774052,0.21356871204213784,0.9113949305160414,0.8715858393073518,1.0,success,
PAT_145_216_110.png,0.640326112202595,0.6210422946037919,0.49150607681088965,0.04900700322689253,0.1920840496979591,0.18703290342280462,0.029917566125357977,0.15801348977631569,0.16783751592136342,0.02756586563030186,0.10491786052615426,0.13228088530977022,0.6130440485040036,0.777063207939886,0.9904761904761905,success,
PAT_317_675_144.png,,,,,,,,,,,,,,,,failed,Failed to load image or mask
PAT_324_1465_43.png,0.7762031226584186,0.2302679528403001,0.5782434903221738,0.08737121716503102,0.11248875346763004,0.018896413525048315,0.07941430750863133,0.10658126778369727,0.017832431601753365,0.12263743873227481,0.14080611358522938,0.029433669494407066,0.664990507845503,0.7084068209896933,1.0,success,
PAT_894_1679_640.png,0.7391262906595863,0.1823505372725306,0.19567137030537593,0.31541822086708204,0.0947215517756558,0.0774083149519549,0.3313842273197946,0.08072480707469479,0.07239035762407353,0.25987582799956166,0.03334583136501451,0.21147527213538417,0.8106703013804831,0.8152230658830205,0.9838709677419355,success,
PAT_373_2598_235.png,0.6190680778601045,0.3302983064507577,0.5546421489093204,0.00843902053973244,0.09477192091792011,0.08841339131559804,0.006970061459352175,0.09633150813963133,0.08251275401050007,0.010583138258127336,0.00865640977701393,0.08369264148242017,0.7068656313741946,0.8003882222725692,0.9901960784313726,success,
PAT_31_43_129.png,0.6787106841722937,0.27904477656898724,0.7824125997586882,0.02403280920623792,0.099174721521562,0.10702959301745585,0.021473264508230006,0.09238280950588722,0.10642871851204412,0.021719760831272656,0.019081443275858645,0.010554790190935304,0.8255569481924527,0.832986227275773,0.9960474308300395,success,
PAT_220_338_339.png,0.6325821900843134,0.6236835691755144,0.6051086506562184,0.011380915745174917,0.14027452252595812,0.11103377183297754,0.00947697696791611,0.14184358026478366,0.11709303146443216,0.001784446316912004,0.05347631900006067,0.0314080820430902,0.7835378423311998,0.6862198982469992,1.0,success,
PAT_1980_4018_929.png,0.6462855317051747,0.41376443564860077,0.7478925741354507,0.013346239305092563,0.07919143812153169,0.06931842720761822,0.01288682809681616,0.07244710958057497,0.0558227604948394,0.00953113601885565,0.026963746660610854,0.04339833452644959,0.7522077333398087,0.6648269904507527,0.7910447761194029,success,
PAT_69_1053_332.png,0.9424865293628659,0.2701909891570182,0.57077060095848,0.3658488204161078,0.09672385830945904,0.05355265157566335,0.3806684991237343,0.08967563893138926,0.04830121644178653,0.09013948085712795,0.018619739527378054,0.0354944282563302,0.8529822890877927,0.8497312247319229,1.0,success,
PAT_1074_322_864.png,0.6443790388735255,0.3748307540378643,0.7193232760300939,0.011673818109125484,0.07058499702218843,0.05192031493097429,0.010927678398910958,0.06883007047668113,0.05028777218806051,0.008288068879474192,0.019386694060932352,0.006282260302086007,0.9185157691999037,0.898305085956105,1.0,success,
PAT_213_328_117.png,0.08007454087262196,0.3626308293587705,0.5406746820349762,0.006184226981792853,0.05623488348538459,0.07101129942481302,0.005199474921442703,0.0530540954675226,0.0683685621453852,0.0010671854414915632,0.07422227253772584,0.11179237035975231,0.9217082006495578,0.8859791641111001,1.0,success,
PAT_980_1849_295.png,0.032265026352087944,0.4677871148459384,0.5875759458713062,0.036014945719388534,0.09948057576999013,0.18174567923817356,0.009661263746284555,0.09462706655197684,0.18073956395971147,0.008291087935529016,0.020351570806391883,0.0011121569818048904,0.9419458221297785,0.8754593839148973,1.0,success,
PAT_369_756_130.png,,,,,,,,,,,,,,,,failed,Failed to load image or mask
PAT_1303_1077_501.png,0.5988684362800979,0.557699488790597,0.7420924448486351,0.006125594826874524,0.04741283424722687,0.07016524629506954,0.005310722832900555,0.03994892033299827,0.06214856015504839,0.0013929069631029418,0.051973791586396145,0.06600911443139978,0.8364813880912052,0.835472508853096,1.0,success,
PAT_742_1470_834.png,0.6782840914215653,0.24246456440035066,0.6088690987683254,0.07341695274664,0.08911911920333374,0.08035355950713048,0.06156839286294107,0.08087235417494712,0.07253449735719239,0.02893773522740896,0.027381752504789775,0.03836846608281874,0.6615844936599523,0.6478672722494294,1.0,success,
PAT_215_330_341.png,0.9459992637163098,0.38108819639779073,0.5932802159633255,0.32807742975788157,0.20955834297620257,0.1898901626996313,0.26454365527687457,0.2036170548066122,0.18460171457206534,0.042608172948543514,0.12350978015215652,0.060262339409586585,0.8499781549027106,0.8255533902640656,1.0,success,
PAT_1185_679_115.png,0.622996278530246,0.3278396243404948,0.4609608487912684,0.008700829111725494,0.05031341778515392,0.08730693504688361,0.00755491575866264,0.04461379716184585,0.09088298667368762,0.000877162319061379,0.05260345766559643,0.17739610944122697,0.8247184319451482,0.8232605432094448,1.0,success,
PAT_404_805_575.png,0.6359499747961976,0.24770902559497082,0.5641395000748392,0.03174094780605957,0.12525728591282112,0.023377917309772647,0.026430907539260327,0.1204841538852769,0.019803523248658802,0.0342269724097826,0.10889671274556312,0.0065633396671732624,0.9350959315765142,0.8914535931095013,1.0,success,
PAT_890_1693_904.png,0.9490742033300421,0.43631540134779767,0.29751852487427205,0.17400047833997262,0.03916217086313624,0.07112320404283025,0.16148830121888347,0.03620102036858155,0.07542653156278542,0.08383545092395303,0.10043671309151164,0.23352704886239012,0.701248284811117,0.6112238083299816,0.8771929824561403,success,
PAT_756_1495_858.png,,,,,,,,,,,,,,,,failed,Failed to load image or mask
PAT_1554_2392_767.png,0.7323649163499831,0.18714640170933045,0.49758854370712435,0.20982661932994434,0.11280904664958294,0.12421060727515039,0.18784824492378077,0.10824540844256104,0.11642001061273968,0.04636663966515558,0.10152180253468163,7.031296602699744e-05,0.7971813499432308,0.6869477995264252,0.934640522875817,success,
PAT_1969_3980_995.png,0.0687766436176404,0.27301108154267784,0.5875420688194252,0.007712760388086928,0.058178337504244226,0.028392276708698514,0.006196165194599721,0.05436535401287882,0.02583902542024731,0.0049897679755833675,0.04856386083362857,0.0008202518049114094,0.9112244209207238,0.8790234028291819,1.0,success,
PAT_1202_722_827.png,0.5979627719990529,0.5218185402544622,0.6212310631909377,0.011355673287640847,0.08573333478585185,0.10505528382181549,0.010793918558699605,0.07540947518848733,0.10181792261007802,0.014461267686925005,0.15923801162540563,0.1738137920080508,0.758401329404522,0.7836408415179819,1.0,success,
PAT_101_1041_898.png,0.6308863922255372,0.5238557218965119,0.7296168610809388,0.0108860214222336,0.08289385181274163,0.09539038925349039,0.008981651012871697,0.07135871971155847,0.08228928532748774,0.007848978090271746,0.04005075909489175,0.05743454030493356,0.581178198786817,0.7725752232035279,0.8947368421052632,success,
PAT_388_4500_103.png,0.610798508488467,0.44081054428409094,0.8304224421450991,0.009198249842334158,0.05278609837304507,0.036810997409721144,0.008767337629267149,0.05115043535761419,0.032990556981237644,0.012261447492750537,0.0013365371117828317,0.008602509260203006,0.7894030469662545,0.8126192036136644,1.0,success,
PAT_455_885_115.png,0.6524350915708484,0.32440220571557093,0.7270703362515415,0.017968554849198924,0.03374061738158807,0.06096085647576232,0.01711579841876205,0.030657137734083205,0.05702175902668377,0.02048426621149054,0.018744443772424124,0.01852695810768057,0.9307971105943806,0.8859051733350891,1.0,success,
PAT_2013_4148_303.png,0.5959500473105356,0.32441817848634785,0.4564069085578156,0.02116697581266915,0.086816420815179,0.03777722687415262,0.020743376580583686,0.08324559209193917,0.03504775969016744,0.045076155919463824,0.1504926082582566,0.05552052908390781,0.7653029216705503,0.8001458255594861,0.9411764705882353,success,
PAT_307_1685_651.png,0.629696833049582,0.350258330106,0.7605026033822453,0.012220335511183147,0.049704927925082125,0.08055911183769511,0.010951068994678643,0.04803220281069356,0.08000299068311623,0.012535678994700166,0.03741222840636754,0.03887453007807751,0.9235219370534419,0.864156532983684,1.0,success,
PAT_844_1605_308.png,0.6346301021467913,0.5336909895923179,0.7020378356621241,0.01988254576025812,0.08608613566672235,0.16451927738269892,0.01903126397438293,0.08200139196268914,0.16590770066417604,0.009166525974433565,0.0019173710539934774,0.025919297337703373,0.8753886560408739,0.8109527756768267,1.0,success,
PAT_172_267_557.png,0.9878631878119662,0.16589277417996914,0.5882445346249509,0.4041074393171199,0.08440472649054931,0.10227395695445425,0.4096938312395282,0.0705176428071621,0.0975899787494299,0.16471292187582567,0.026487716382202153,0.060200781912598256,0.9287833391915737,0.8769071874197298,1.0,success,
PAT_1415_1440_629.png,0.6596394196843828,0.26526408843807103,0.7182066319439697,0.029377319078631132,0.06944140824392181,0.06590973319036654,0.02790919336580666,0.06541134913091365,0.06278821914681774,0.040682919213103234,0.0660728787113038,0.008455920261739136,0.9369206593652806,0.7987474367208199,1.0,success,
PAT_1414_1433_570.png,0.7865477384724118,0.12548246815745287,0.6592274889174587,0.23367398611825116,0.08376894388204571,0.10815168840196525,0.19455916455210145,0.08014363847254018,0.09862158161781578,0.19883354916657234,0.044300973920284564,0.031074112763371797,0.7606871150827195,0.7711923125341809,0.9702970297029703,success,
PAT_355_732_102.png,0.025972798513247977,0.5596489504535481,0.7410173579206709,0.11390983932177473,0.1226108436193829,0.05477727326056758,0.14367184202878952,0.11686794235858206,0.05131060318490036,0.023643828555295003,0.04656305399888783,0.017627798312256915,0.7927310928202373,0.7798013614655143,1.0,success,
PAT_2062_4397_39.png,0.6084045091848622,0.4148650913356796,0.5126026478967655,0.006295264898571039,0.09803611167073435,0.06560527749161399,,,,0.005494903447349013,0.16481840599487663,0.1086858675093969,0.9551560489060489,0.8916664823444056,1.0,success,
PAT_561_1068_557.png,0.6695323106953863,0.2978499615143508,0.5973863483070282,0.05393366187105007,0.11809538883776757,0.10176471157929225,0.036767734786609066,0.1046401420282684,0.09280410510137783,0.05155287719742666,0.12326427314647692,0.0982324152126145,0.8445804763386043,0.8232088417757316,0.9585798816568047,success,
PAT_781_1474_517.png,0.6385826145399527,0.5144654413489534,0.8513767575995915,0.008592227685980754,0.040316044444798055,0.05856024739988816,0.007505255396183339,0.031186426219821,0.049362413109592496,0.005872877196024085,0.00981535294929825,0.026050679165780743,0.7290575342885459,0.6958200410471834,0.9253731343283582,success,
PAT_2123_4647_95.png,,,,,,,,,,,,,,,,failed,Failed to load image or mask
PAT_1571_2484_488.png,0.6706901054416468,0.19871171793215583,0.6490034226488779,0.0218147872709975,0.05705691920519824,0.04943383529126727,0.019393034726276088,0.05084266221407168,0.04362231996995258,0.0235850603649739,0.007093303462905237,0.005883071826212727,0.8846460675875917,0.8541883672071922,1.0,success,
PAT_1520_1777_935.png,0.6627579854915152,0.2779000191429431,0.3957067848059726,0.059542709092504045,0.09788045083915943,0.12783076256253714,0.03991056680711905,0.0903393525679911,0.131035450810926,0.05844829392636876,0.18538187637431985,0.2591941257457146,0.8693765816024714,0.7778744747631453,1.0,success,
PAT_247_1294_292.png,,,,,,,,,,,,,,,,failed,Failed to load image or mask
PAT_406_808_560.png,0.044302599792142495,0.383837814266811,0.7208964874293275,0.01057431824575266,0.06664455421852103,0.05429587971427585,0.009289096040878669,0.06011741084724203,0.04890536764129594,0.0002027307682536339,0.054815708083957526,0.005052698390166199,0.9240156353238147,0.8705157711878869,1.0,success,
PAT_78_118_164.png,0.7372753538749035,0.3045842072858947,0.44030482869039045,0.15919015888065752,0.1234484893578623,0.16350246977764693,0.11824326187757828,0.11452414798474986,0.15163406727808013,0.12155013233077222,0.025036989737889537,0.018757682747411908,0.9297656802978616,0.8814544106077834,1.0,success,
PAT_81_123_52.png,0.554532618281362,0.4090902608977475,0.6850487765354075,0.021106980053241103,0.1088473057069182,0.1110866569314324,0.02018207522861224,0.10388454532473167,0.1000105227663216,0.024964419501049977,0.104495173275922,0.00360084998186605,0.9545824484842828,0.8985807780341316,1.0,success,
PAT_2077_4463_77.png,0.6579620987104969,0.18223470292639668,0.7593978294835523,0.01666400908966946,0.006552428958620463,0.020569676771982112,0.01586587668745196,0.004041085916028403,0.020924047368650087,0.0021459240376658154,0.0004237441000296549,0.013117138877163925,0.8983885299587739,0.8971231664163448,1.0,success,
PAT_798_1770_256.png,0.6026366375060348,0.5666169120474026,0.5572664359861591,0.00830866278483903,0.05068074206870662,0.046084277410057856,0.0074774207667071945,0.044868533373208286,0.03849336031627152,0.003289595951307689,0.06008970223299559,0.017835797420572397,0.9279098315100505,0.8775135331098558,1.0,success,
PAT_377_768_643.png,,,,,,,,,,,,,,,,failed,Failed to load image or mask
PAT_920_1748_942.png,0.6231568769534364,0.4893353751784765,0.7947374929058564,0.011061443986459108,0.051999034134705774,0.04421593951044938,0.010359731668379968,0.04356774222234282,0.03671629759590803,0.0066642068274048605,0.00543308797633274,0.023080365945000958,0.6830415763487672,0.7701441473074134,0.9893048128342246,success,
PAT_118_180_500.png,0.661766766073163,0.37647432276616705,0.40959338739066775,0.014917122136075829,0.11389591138626384,0.12084968716080571,0.010882682547987303,0.10028532678348377,0.11461586245310512,0.0025283065271617983,0.06876070694375325,0.1189901964768233,0.8240905202598818,0.8268929529214608,1.0,success,
PAT_684_1303_368.png,0.6303752282087451,0.2493056947079236,0.48863836260683,0.046932454544739245,0.11801773563351257,0.11142444680231639,0.02501765184981314,0.10851906456723236,0.10871263139694334,0.013342154552689639,0.016926978900793005,0.039046164897020286,0.822483403145224,0.8046597373847459,1.0,success,
PAT_1787_3421_516.png,0.8835205282171714,0.07318897752841821,0.5722982963677274,0.3484748470591747,0.025503648402639592,0.053832282012109586,0.3646790500432701,0.024923511748844777,0.05153743996050024,0.19659019710374062,0.01406254543428731,0.0928236854629172,0.7490148379330611,0.796058651476147,1.0,success,
PAT_1421_1464_297.png,0.6404631696054888,0.16769253548236984,0.5725024853522854,0.03268549186476863,0.03807907445064407,0.030738691970243953,0.03157932684101114,0.033056020447286776,0.021587188591514758,0.05281630460222209,0.004523874972855196,0.011796685645679927,0.27075549185080205,0.4788743816203761,0.7719298245614035,success,
PAT_70_107_155.png,,,,,,,,,,,,,,,,failed,Failed to load image or mask
PAT_464_1794_271.png,0.6294492089908625,0.4167143543093185,0.7322065894455736,0.013408331540549148,0.06258531042026294,0.04080602989819981,0.012281309818824226,0.05286896606033456,0.03543615248180697,0.01907364365198766,0.004858466975877884,0.003868317265841026,0.692448864964675,0.4671717104505887,0.9463087248322147,success,
PAT_636_1204_666.png,0.65215469361353,0.38573007926574887,0.6435106382978724,0.01597210870673015,0.08403553398469987,0.10695702848046933,0.012815114467062398,0.07602492200457285,0.0968568139285177,0.00545652639089877,0.04753537615313508,0.0404086381316473,0.9178931867319886,0.882564979478653,1.0,success,
PAT_943_1793_256.png,0.7007997239661904,0.26712304505517354,0.5231194925934767,0.05162194688135333,0.10693375005530674,0.08585700336145663,0.038642880932544615,0.09907068172167086,0.08129178441362109,0.07610872158924885,0.1316543718469101,0.07403847171584266,0.862939315046819,0.7599440074218053,1.0,success,
PAT_522_3168_747.png,0.05209819503870593,0.21652301946419594,0.6342957695898873,0.011530234972373897,0.05357657814354105,0.029302732401629214,0.011313935669215899,0.05022775837581845,0.025738072237295656,0.04002956794979798,0.08106960273310684,0.014044474512532656,0.9212763829473144,0.8697564193676356,1.0,success,
PAT_562_1110_360.png,0.011756385081455175,0.49256284645893983,0.7968392682571146,0.1841503120606919,0.09097404550743834,0.04106129664869636,0.23038999263746376,0.08042921366621969,0.03377267846561915,0.01077824876087623,0.009760056814217877,0.024394163663139623,0.928148077304323,0.8903141899096249,0.9916666666666667,success,
PAT_689_1307_354.png,0.03879698087659004,0.5360397592700447,0.6476517957678121,0.011466669216618208,0.07086395662118537,0.05315908296163349,0.010000244613805812,0.06598454441488538,0.05063349392364263,0.01424862018012699,0.08793572066372923,0.006488017868738205,0.7863353277161046,0.8346242276578659,0.9708029197080292,success,
PAT_1260_894_63.png,0.634068893943409,0.3928582246921347,0.6512023347663486,0.009857932957399177,0.04201660407225722,0.04675383982025508,0.009386306604280836,0.032991378555851616,0.03312214002474436,0.0060943084241716385,0.0065158444536186355,0.05096578999591839,0.8079854620976117,0.793955542828044,0.8867924528301887,success,
PAT_1148_542_708.png,0.6423975458766765,0.3454067017520485,0.4578229298514423,0.023055308044958107,0.08332500879739868,0.14656823485418816,0.022684314585989275,0.07363093268670484,0.15079663200295926,0.047807439836923274,0.03174360874242421,0.2706717852959473,0.929627343795159,0.8684804197743471,1.0,success,
PAT_983_1854_274.png,0.6092854390804522,0.3773267742903993,0.6081479941800041,0.03657435524864058,0.1231058392472218,0.15142402641170535,0.03190015899934663,0.09820180566451372,0.13726750554627598,0.006948184995946762,0.005662847321028841,0.05730429182866337,0.757491515417001,0.6945492665759326,0.8641304347826086,success,
PAT_75_113_647.png,0.6509476809837872,0.36263727749908,0.6842504535564637,0.016743657211929608,0.058842247790894156,0.041745443233594255,0.013657034553310195,0.04993786581259188,0.03120124242223291,0.00512339980724524,0.0031401409865033925,0.011304573628217685,0.7592960963517615,0.7751665688333497,1.0,success,
PAT_159_245_181.png,0.6531206113563283,0.18784785294589215,0.7055609314432844,0.05159663180960303,0.0796084748512106,0.07362747279278048,0.04718393912166778,0.07254840670658569,0.06556817361991595,0.06292455150219235,0.008387581032248653,0.05608057068602257,0.7398478863455616,0.6555639830215412,0.9440559440559441,success,
PAT_1850_3631_519.png,0.6105941727329499,0.3760203207666293,0.7869308235816167,0.01046021554299965,0.06099513389506388,0.09952709487255372,0.008511816733579553,0.04535662488164926,0.08090730063158796,0.009643870009754904,0.015522257930414618,0.0062317098316884145,0.5416778957977519,0.5087344866919917,1.0,success,
PAT_78_118_685.png,0.7750642517866094,0.19839597877400894,0.5897114046037591,0.09430385506310102,0.055360490153445845,0.06291075382831961,0.06678532108628961,0.04907346773874166,0.05669715951158172,0.11706223730949984,0.018074490600142212,0.019721678743911508,0.9483230753035969,0.884397368761734,1.0,success,
PAT_217_332_906.png,0.7238182053570408,0.21134321947159834,0.602005080656257,0.03288901567625475,0.09854452273483934,0.11090263328334075,0.031820235168767766,0.09980382060694354,0.11110893614270378,0.018053856187788615,0.06041243127893281,0.05559474387500818,0.9036317791863984,0.8816494594724474,1.0,success,
PAT_1633_2855_460.png,0.6213132532452235,0.38361486955446356,0.6789545680545355,0.010296505874432498,0.0790909571662875,0.06685312996317179,0.008870068683504106,0.07396285260939742,0.0626464542311302,0.008494732752909802,0.05331802326078222,0.05400304898536934,0.8083111150103873,0.6765972170562112,0.9953703703703703,success,
PAT_202_308_692.png,0.6846636480074575,0.23494089961195136,0.6117562215047714,0.015372047687326083,0.0944225698135527,0.045873554353188024,0.013782183226982533,0.08778396829927317,0.0437192044944559,0.024793509908588064,0.08725783695492026,0.0351471897936978,0.8359695292576899,0.8534215955105868,1.0,success,
PAT_767_1501_691.png,0.6972000324660099,0.26917642915592016,0.3849466041038708,0.03883571751574007,0.09970482228603347,0.0616016474863046,0.039016395572013626,0.09522829115917178,0.05880552229944147,0.07421315162356126,0.0694272271495362,0.045092155586051674,0.8339574405761041,0.8810103468203138,1.0,success,
PAT_139_207_342.png,0.657707805649609,0.282784473241234,0.4514555811620302,0.14852388146929776,0.17092206845148764,0.10385076301403978,0.13334413218638938,0.14616097478631437,0.08744447476328489,0.03745265370890291,0.1371820670870319,0.07325261480072065,0.8063667061842832,0.7822237579795382,1.0,success,
PAT_1563_2425_443.png,0.6074511290519827,0.3641975093211417,0.3458902635512823,0.012637256088535982,0.14838848932849735,0.11045574285510978,0.009300252726716059,0.14501518544381808,0.1157517159774139,0.0019291085982590377,0.06123419080520959,0.22585151191785535,0.9001752019044804,0.77493438293339,1.0,success,
PAT_842_1606_971.png,0.835362766126189,0.1516365776208558,0.5501473919125974,0.2767588371859958,0.06646690940119361,0.054265868069901815,0.243461050476968,0.05794482590658579,0.046818911225961504,0.10820871954674374,0.10191155094433935,0.021535198451120285,0.7669895062141338,0.7964662437846567,0.9875,success,
PAT_775_1463_616.png,0.6654811142169454,0.25511521559704653,0.7528983470521314,0.024695355123278633,0.06987006436979173,0.10931481068709006,0.023059755929025517,0.0686944389891867,0.10457877489028615,0.04929466967741681,0.02549437089489287,0.053362588692843715,0.9029709037269433,0.8529979914632085,1.0,success,
PAT_531_1004_792.png,0.03294053037205498,0.4106595136448927,0.8017368745828454,0.01681224203085808,0.06392136818582729,0.059767737701821116,0.006498030355412576,0.0618324994809924,0.05715184004840001,0.010929058027341777,0.02542973764105405,0.03650823436173367,0.9504514221003348,0.8879204829817019,1.0,success,
PAT_1180_650_843.png,0.6520617179453664,0.331530291603821,0.5900848416289592,0.017363877619448662,0.06157651875158928,0.047309615870975666,0.016841874282926595,0.059621714436406736,0.03764044003432534,0.02362524918093219,0.08098441797239864,0.04267224849859297,0.7235772106640217,0.746345240827584,1.0,success,
PAT_1063_271_448.png,0.6290696439051638,0.2985562193627451,0.756897212009804,0.025779545959945496,0.058706122895375204,0.03418281244296672,0.019830245717968254,0.05749988221968283,0.04968649012716162,0.028641115725041685,0.05543887090051758,0.019493750466557214,0.9166666666666666,0.8601511306693557,1.0,success,
PAT_416_824_540.png,0.6868016933181351,0.727965254683894,0.5824398044667357,0.007978642260320414,0.14145765799477766,0.053267041051240464,0.0072460150470478515,0.13364930816245058,0.05172356218425968,0.014380123448844036,0.18138551447546802,0.032386298597553376,0.8972206600020851,0.8514947242116582,1.0,success,
PAT_520_983_932.png,0.6483056319444582,0.515454436410389,0.5440992799337284,0.01807223785281861,0.10011112173014663,0.07319845874317041,0.014266382785857401,0.07610715105462128,0.06143223280534442,0.02788041420830238,0.0851781852993988,0.08506471128718174,0.8417248129038827,0.8535116163585699,0.9664804469273743,success,
PAT_1415_1437_743.png,0.6050474106187227,0.31949963109531154,0.6732358530641447,0.012288569661139021,0.06076494328332917,0.101116074910756,0.011142083855050404,0.06384242223917562,0.10069914712128729,0.007132798839763173,0.06656277489233303,0.04429270699066101,0.8173579543373969,0.7401469899753119,1.0,success,
PAT_624_1179_323.png,0.03550941958276322,0.40865128626121117,0.6809888061132892,0.013183700953339792,0.13692106067537813,0.051163338876991926,0.011340987630156864,0.1361913532424312,0.04732455393386627,0.002355124273621984,0.13314983603833652,0.032763620467318955,0.9499593147280685,0.8973886014819206,1.0,success,
PAT_517_971_88.png,0.6539818522550034,0.16828001093792727,0.6052758438995953,0.10807569317423496,0.031485892532380086,0.12502645831656714,0.08185467701939844,0.019079301988014958,0.1146667851024657,0.04053857173420915,0.0006977601190816529,0.032660039965518806,0.7727312077111975,0.7227829080146536,0.9543568464730291,success,
PAT_1734_3240_299.png,0.07967573826207809,0.4964025075081761,0.8970486806885257,0.0035535256523934354,0.04109368660888085,0.037629845094451185,0.002824120006671561,0.035596509080291994,0.03263233858746486,0.0058813226798285516,0.020738974768347518,0.04800221095526047,0.7147439035438938,0.7581211009831861,0.9444444444444444,success,
PAT_21_31_965.png,0.0392771329979225,0.4816285016575752,0.760303592932157,0.006309069968077282,0.05129923082873971,0.03916026277348075,0.005470128546353185,0.049694429278643065,0.03785865924172564,0.008513579251946958,0.009479889737559644,0.010975792505055426,0.7308678567744598,0.7016811214471231,1.0,success,
PAT_149_221_679.png,0.9741288577851274,0.3148143230204045,0.5154091975390608,0.3279432233851272,0.08243346800704023,0.0359749187369817,0.3154206802249333,0.07831166007346818,0.036770256163435065,0.03500734575200476,0.11174089067717022,0.013734415351639995,0.4239761774041293,0.5537212848471946,0.9926470588235294,success,
PAT_148_220_174.png,0.6311693983856447,0.2369819546116528,0.9006175875826639,0.02017438256020171,0.12319565407716039,0.0926613165451246,0.01580612805045511,0.1356612426731161,0.10434367948636311,0.007355627875175546,0.1406309524130189,0.1496454389634564,0.364684935415542,0.5044493124887882,0.8141025641025641,success,
PAT_85_129_896.png,0.545632904744574,0.28814797021378813,0.6101047039041415,0.06762409527488292,0.1116756977917106,0.14219054321103516,0.063126311196779,0.1016153246975368,0.12721337927759843,0.048265135420986933,0.03174586675286112,0.017194916288471584,0.5351325072295675,0.450467859672707,0.9507389162561576,success,
PAT_1577_3527_831.png,0.6197614345109815,0.6367585153799593,0.49735963609017037,0.005051397781137143,0.06118367564255423,0.07631598308826389,0.004770117383308999,0.05340108901073394,0.07517868999527015,0.0075198728035413215,0.09575561809179467,0.11890081625636911,0.6982628161742146,0.8088065882513129,0.9883040935672515,success,
PAT_645_1461_111.png,0.7040817116873097,0.1299822663021951,0.580168911022186,0.14551553769862546,0.0693032014255831,0.04670436711387825,0.11008041019693864,0.05889324376750574,0.04054399265037709,0.09307558485167777,0.0010318907564555724,0.03996787716355543,0.600093558635606,0.7112836093129837,1.0,success,
PAT_2140_4726_85.png,0.644164748200507,0.4449445865302643,0.8489940323955669,0.016437530833221668,0.08366556223642392,0.029652879505231784,,,,0.02163391050721144,0.06322534811025865,0.009723879890120357,0.832785688207375,0.6380088725160229,1.0,success,
PAT_990_1860_478.png,0.044563892000928855,0.4070081731322666,0.5662852538275583,0.014054112558668693,0.08662875995419819,0.09726342318327501,0.012983377203176147,0.07941722944664469,0.09711772989970771,0.01431335117300553,0.02107688553923981,0.07467712765883172,0.8996376946263052,0.8619574991193119,1.0,success,
PAT_553_1049_461.png,0.6215187196690574,0.16279181505061682,0.7813472960363095,0.07093167961723368,0.07822577868918172,0.043053153736883475,0.05556308039659632,0.0741455947049084,0.03564468055063299,0.08465340511443102,0.06670715105151431,0.017089561224077232,0.7494622958057855,0.7134331182213547,1.0,success,
PAT_1455_1585_690.png,0.680185713270643,0.2745491771005591,0.46807753891382525,0.015244440174263916,0.04107990549390673,0.040053537727780475,0.013660711151732547,0.03776818693704995,0.03910437982153912,0.019454561363148788,0.009145116431270917,0.07902140980618128,0.9712007040979951,0.8883141113884436,1.0,success,
PAT_744_1404_951.png,0.020948472778751646,0.3755790650469331,0.8536917972654117,0.242683335171431,0.07844059494268292,0.07735585932106168,0.2521297472235883,0.0725832582644602,0.07313448587663136,0.028089903495518233,0.02179363665429246,0.033252162708515054,0.9226822993824799,0.8780803791689936,1.0,success,
PAT_488_931_321.png,0.6755843157473251,0.3315194183719905,0.7085639289004096,0.019962569568292423,0.05127604947470849,0.059460393496022786,0.018188009500976994,0.04467844458022465,0.050610174696727954,0.019392856073682747,0.024081857796429462,0.07519660192789124,0.9149585036440708,0.7706399974167834,1.0,success,
PAT_2082_4491_519.png,0.6796264275369251,0.24435917901572923,0.7033936281722105,0.02211852143177714,0.06897552201683482,0.027149169845864636,0.01692364014760459,0.06690412258558258,0.02239941647418683,0.010155752952168168,0.08610745612853302,0.014464657688379678,0.8871477673779317,0.8764802437131836,1.0,success,
PAT_1701_3136_33.png,0.6252631147703676,0.3655771624395842,0.5153772968379438,0.020051059329678936,0.05654904189610188,0.04283187864245554,0.01801541777184307,0.04860852217756572,0.03606903241555006,0.01599759751883201,0.011173603954352074,0.03292552275248206,0.6490468143610135,0.7000004740614086,0.9736842105263158,success,
PAT_409_2614_24.png,0.6817991961307556,0.3268861088930293,0.7411232366249667,0.01510155176434879,0.051529114481651817,0.028830755259197774,0.014941287610998335,0.04523578133124112,0.027553693143683475,0.027440564466983453,0.024545817937937642,0.003257956712583332,0.9501259219284044,0.898635842776144,1.0,success,
PAT_763_1439_668.png,0.6508308189900099,0.24252717963527848,0.42694759810439464,0.06211231735701694,0.11175909123094739,0.07374286592195499,0.05533961044716097,0.10544290958039627,0.06686073671818402,0.049861221948660196,0.08310152350491445,0.07119934529658334,0.8406103051287188,0.8377791876226579,1.0,success,
PAT_2070_4430_290.png,0.6388729674831207,0.33342576338651786,0.5666454226625073,0.00814848756669582,0.06673718133388469,0.04598954055958698,0.007050303037222407,0.06095426186090845,0.043831197747259305,0.013502038300542472,0.00034628897004485015,0.028274128271322696,0.9075922024790866,0.827443369631728,0.9425287356321839,success,
PAT_857_1628_916.png,0.6535550948416755,0.445261618630704,0.6026668401599856,0.0684797420602034,0.15555306676782762,0.07722019360662176,0.06527791714113844,0.15018295940831097,0.0695628507686074,0.027577754476088737,0.06063157356509086,0.0037296975303520163,0.8983289020421166,0.8665935539934176,1.0,success,
PAT_1304_1081_84.png,0.5897865430893058,0.3813683632845928,0.5821283067306618,0.007065412648414122,0.042448820562255934,0.05751959710350687,0.006487296699910802,0.042230000648609885,0.06058347720858781,0.007577793248218888,0.08698669277690702,0.13234599573281125,0.8952570421024875,0.8166674037910856,0.9719626168224299,success,
PAT_115_1138_970.png,0.681337000879307,0.20898136344321008,0.6905451344624537,0.08529226581932667,0.0672750650871054,0.19025945694542504,0.08360563473987953,0.06464335435657394,0.1885200381486102,0.04495415525637741,0.032332821093480846,0.015770033745297618,0.9267837652913615,0.8981612916660742,1.0,success,
PAT_267_1061_324.png,0.7261351615283701,0.21786009256683814,0.7146225977754546,0.07857004009374242,0.09157164274827115,0.06464841480155428,0.06747648879649747,0.08873706958443273,0.06062341991871164,0.07197522871062176,0.10629493353745566,0.03648256747006018,0.8273181381177063,0.8257912562866688,1.0,success,
PAT_389_2600_833.png,0.642292621059494,0.36746360300803355,0.6464127167506392,0.014032586064852366,0.09127761113290721,0.06551100243073088,0.01298489126211042,0.08849937164594476,0.06181711705027103,0.016547083253171262,0.01490989146313021,0.03968914537786006,0.8361890756431967,0.8508300488872498,1.0,success,
PAT_653_1234_311.png,0.9183589200330888,0.16185020639618014,0.6410170069793143,0.28530352655077784,0.08266747003328137,0.13366474563700365,0.2774473766654492,0.07889905788787431,0.1405332930483012,0.06358987978285897,0.07522173505645727,0.13227891667276914,0.8581273156500131,0.7766107131196308,1.0,success,
PAT_106_158_270.png,0.007898605923638478,0.25940419800289943,0.6635787079047085,0.4613919977484247,0.08160646058269333,0.07981548962331217,0.4556735007973529,0.07079169704470104,0.07460940025931927,0.05718354178379899,0.0030109229036240914,0.03429498179317969,0.6486324159923605,0.6935189109123987,0.8776595744680851,success,
PAT_113_172_610.png,0.012467299442869909,0.4101856508150079,0.6561149280298253,0.26663217211652906,0.12746286956744715,0.09029765252267555,0.3021894523767672,0.11601636967817794,0.08822190534642083,0.004788568617210191,0.08397384499176119,0.01816051690757825,0.8407073446377877,0.8477618899796163,1.0,success,
PAT_486_929_317.png,0.7616979629060358,0.1164569914704831,0.5190828958772834,0.21949970222383217,0.05570998613077811,0.08034039712595037,0.18640601921332728,0.053741844748212746,0.07791112772879374,0.1435417344576192,0.08045725089067897,0.12347412251993217,0.6959754402384684,0.4624320341025312,0.8015267175572519,success,
PAT_849_1613_824.png,0.5692202704830888,0.5543312449482828,0.6973720812870031,0.013775057534766336,0.07752512657782702,0.025153294249306082,0.012701489760979881,0.05933093327619701,0.01753907947696872,0.01441651756508517,0.025852423455787643,0.01447039409977613,0.8921553472585806,0.8770303386138312,1.0,success,
PAT_104_1756_151.png,0.7364204063412896,0.12371746974048912,0.6756948205223122,0.04399008394045889,0.030487747940911244,0.044859610815092515,0.03802790136219331,0.02915201058245084,0.04484841648523866,0.05189698938624379,0.04710488905377484,0.056073970523938144,0.7824214663903934,0.6752370040584523,1.0,success,
PAT_682_1292_642.png,0.7046915252682889,0.28572096116173323,0.6339841894594686,0.06011224234009681,0.11929460943585793,0.037843572331521615,0.044139229432562065,0.11839862779592104,0.0373780332571966,0.051062244309288865,0.1734470627382213,0.03266500919549453,0.9412902980550681,0.8702010456074829,1.0,success,
PAT_443_864_894.png,0.624904095591279,0.5540107935065919,0.5462850004866812,0.009303657969115229,0.07401319273306957,0.033915874827196185,0.004959826402707231,0.06283462729965543,0.017587179069689103,0.002455650051312751,0.06873887900349829,0.014167746288928917,0.8881201391442066,0.8592747540195043,1.0,success,
PAT_730_1385_585.png,0.006883934041151969,0.21856392577666642,0.633542116805451,0.4714263385450858,0.03624154475950598,0.024155771466286845,0.47066434421620273,0.034041720521017046,0.021476211516348303,0.04646267847251405,0.006339449779370954,0.006079248982243324,0.9659462211361383,0.8979322811013232,1.0,success,
PAT_838_1586_622.png,0.6665741064808746,0.370444150741812,0.8997341778348156,0.016031836988808487,0.07072260066874633,0.0676429576701297,0.014744495932865007,0.062275032271952975,0.06115632122339144,0.017286272320191167,0.04810471009807049,0.03652547735057321,0.8942406155655188,0.8545322945142756,0.9727272727272728,success,
PAT_913_1730_815.png,0.671067314685922,0.4219565524051347,0.5653970940894343,0.01837775005624753,0.1290560047715231,0.07861343775543976,0.016996662365578927,0.12312874735149218,0.0754638174191012,0.002636403213912549,0.07623759815676867,0.06167106650813803,0.5390710382513662,0.48874212787020177,0.8852459016393442,success,
PAT_320_681_410.png,0.10094000539791481,0.3291167278711164,0.2109109822753707,0.07300832355487634,0.14672886101413465,0.08746882506999375,0.05023900519472611,0.13730240314907696,0.08631399628688718,0.031855060963015505,0.1590293631833311,0.16227087415818986,0.9198483964991705,0.8468677898509694,1.0,success,
PAT_309_662_737.png,,,,,,,,,,,,,,,,failed,Failed to load image or mask
PAT_82_125_907.png,0.668199775102969,0.36626407560871166,0.3745547373055651,0.13722535302269315,0.19477261929232653,0.16701197596710077,0.1069143616282741,0.18563270833599016,0.16646957988811334,0.059608362609437096,0.095172614631224,0.14811641254611208,0.8741352109842854,0.7875687355122407,0.9696969696969697,success,
PAT_191_293_699.png,0.5931565145589499,0.44769020060318443,0.6293663431468265,0.018699607030465068,0.160629612208022,0.16176324846648749,0.015099106767596964,0.1185558961449168,0.12589338295534305,0.008975785755921587,0.004029044931784687,0.08176996916477819,0.6479165651641311,0.14746886504890191,0.8958333333333334,success,
PAT_619_1175_767.png,0.9887377947857932,0.1975425204231954,0.6802180574921812,0.42444387816595053,0.051432381321766085,0.03575427514932031,0.45172844154809805,0.047598827964835375,0.03271480639104799,0.056557294621546655,0.033881685968282865,0.02294787465007908,0.8365352396155821,0.8505924194594393,0.9915966386554622,success,
PAT_693_1313_304.png,0.5998752499080564,0.5760053471151366,0.7954121471439072,0.012617145169154938,0.10850865301619676,0.07075215371904671,0.010462645474398418,0.09401389870136496,0.0528449635666888,0.000159762037466038,0.03472854826842453,0.022035229223430597,0.7807651188528472,0.7464982204505187,0.9084507042253521,success,
PAT_387_786_782.png,0.6540631746339773,0.3345625478117325,0.7849627571767928,0.017329423086890547,0.09735705046567708,0.04888866367903232,0.014760866941978862,0.08661856533441147,0.03364154557079658,0.030175782657735243,0.0667788924738737,0.020105521345370247,0.8859172204054839,0.8604366681326483,1.0,success,
PAT_337_1697_721.png,0.6289756567253753,0.5823335754054708,0.4079974582425563,0.007466179799780333,0.04172001915427001,0.037341468476200686,0.0057571944358761045,0.03415978948003223,0.03416560583956241,0.0022024043039257733,0.001942635078722943,0.0040383746091028905,0.8720290858048906,0.8468588496135576,0.9896907216494846,success,
PAT_40_56_499.png,0.026591740462794,0.48000193227152654,0.5637291426605494,0.02650727591507584,0.04307544772706835,0.052407047229361826,0.014038797311925534,0.03776679169560746,0.05077702473614764,0.03121215262312777,0.027106677276107383,0.017609684302380857,0.8697504464352706,0.6921140362235956,1.0,success,
PAT_460_894_429.png,0.6848193051311274,0.18439672781226504,0.4968969773182432,0.1392300113134959,0.11950611170377742,0.08174228988718864,0.11489492924699596,0.10391786302703426,0.07061646941876669,0.048446933459637145,0.06087665489454776,0.020044811780707494,0.8858158352267647,0.861778723519731,1.0,success,
PAT_650_3858_329.png,0.5662336076633763,0.18682032145931188,0.45223292391073927,0.0343064921289949,0.06475648462688269,0.08968785543375435,0.031812755690323526,0.06052038052643967,0.08127376730690951,0.0332861575701973,0.06032022381830013,0.09032206353529487,0.9177604896197202,0.8852538333754829,1.0,success,
PAT_223_1067_569.png,0.6057203719987162,0.5786752867272493,0.5808020444697001,0.011681900882172804,0.04231632173491273,0.0561971052616899,0.011097846221319688,0.029575041253216822,0.056069125127025964,0.0017675386272270228,0.04082087590928962,0.005207706303591353,0.5755630201015468,0.5352487917391322,0.9815950920245399,success,
PAT_581_1114_116.png,0.75470243443991,0.2539322955808806,0.6167068124504601,0.22951245519934954,0.16288070549678862,0.12987613345686125,0.18736896295192038,0.15431059943097594,0.12859979534857852,0.07972303638653189,0.021122706863051094,0.0869590340504347,0.6882372210441718,0.7255966169979311,0.9171597633136095,success,
PAT_973_1839_34.png,0.6432011780382553,0.2661478129713424,0.5679034690799396,0.011232681412360685,0.039520570948230124,0.09889698318228075,0.007370974925799782,0.026261529189895393,0.06834671184186651,0.015453512522427342,0.05327418022775651,0.1723757788660255,0.5097100411669948,0.4059414112541113,0.8235294117647058,success,
PAT_479_917_598.png,0.9962493580984921,0.3845972252487833,0.7327016010152154,0.4847878372501531,0.14841778156332497,0.08498433953419535,0.4720860092290062,0.13687075627083442,0.07350203517132273,0.020444587574004913,0.019096296456213635,0.043857325713370754,0.8575124971504973,0.855976986436334,1.0,success,
PAT_202_308_721.png,,,,,,,,,,,,,,,,failed,Failed to load image or mask
PAT_43_61_210.png,0.6508138339635169,0.46864389122012073,0.6567443226225611,0.016037787264251185,0.0817905470832812,0.09271624565008481,0.012914473641804473,0.06741695046591034,0.08069220031276055,0.011363745874961022,0.030628981863132176,0.07493750784316278,0.6175083303535146,0.3544462557857743,0.9951923076923077,success,
PAT_876_1665_386.png,,,,,,,,,,,,,,,,failed,Failed to load image or mask
PAT_785_1479_108.png,0.023159185249297234,0.30475327135176566,0.693856012617413,0.36457155360117766,0.08432787575212833,0.09995765069767948,0.37809149191207925,0.07734074682127258,0.10443258433794206,0.0500048984988234,0.013645121754100376,0.09236813326722149,0.8945854228896624,0.8519681083342655,1.0,success,
PAT_214_329_300.png,0.6919598863920222,0.37297896229034155,0.5925853313383993,0.015474054603381547,0.0747582530559881,0.07628287733657244,0.012681969502280666,0.06727915157942974,0.07260818286716458,0.049611191815078434,0.010447577438004174,0.03071832564697563,0.7223614209686273,0.5747394327424009,0.8956521739130435,success,
PAT_383_779_429.png,0.6756378922600128,0.2825644135528914,0.5957503382003079,0.028434360828587253,0.09832827862443519,0.03668277816242572,0.02596759914163537,0.09403137073314312,0.031244110359626518,0.009199278464104153,0.044092966579941634,0.014797822669879612,0.7944303205367692,0.7311261930176437,1.0,success,
PAT_131_197_260.png,0.6469490486548889,0.5260227108427036,0.664807536173857,0.01712334008599313,0.2089775579989485,0.1278362348741979,0.014774995685607747,0.19490546371260914,0.12090556771588663,0.03187280831367995,0.17234968213380686,0.0838352764574779,0.8307331675199637,0.7820687221467707,1.0,success,
PAT_564_1079_31.png,0.6959917973223134,0.39469125771855706,0.5801234969125771,0.01958311773615535,0.09754229062104777,0.04970920042610875,0.01788948597950099,0.09255018361660307,0.03977364315038948,0.010839663968103253,0.18787248172331047,0.02024251615931827,0.9108837598233285,0.7722199430395696,1.0,success,
PAT_695_1314_822.png,0.6699296432706551,0.3211114462879169,0.5734245014245015,0.029760171496992793,0.06254821825956358,0.04009985132709029,0.029846767745519722,0.054844362410537806,0.03419462130227909,0.052074498199696964,0.03415082956259424,0.030337523043405534,0.8775295396133879,0.8515266028129953,1.0,success,
PAT_527_1360_225.png,0.6419864573011297,0.4699107147627877,0.5036602850786968,0.012286605186562449,0.09700566340315848,0.1213301454711373,0.01101271989759887,0.08111815290056269,0.10996323904966011,0.0018872699043835754,0.06158403785169375,0.024538677149587074,0.9226731015647651,0.8696474484919164,1.0,success,
PAT_726_1371_397.png,0.6553447074359514,0.4553702625332618,0.6166384676873321,0.014086192256998205,0.055258243494619566,0.047057914748719634,0.014339539388474067,0.04873280177855899,0.04260171555362894,0.025404932833908194,0.05891978181902341,0.02524899039691486,0.9105414925891868,0.8804855226041068,1.0,success,
PAT_774_1462_821.png,0.6173936153587843,0.28253609492819987,0.7242990472108022,0.013036285624216798,0.05099288471837772,0.05090700461159947,0.012427539632233737,0.0468270355889941,0.04899023460678986,0.019827672698591117,0.009454588632523908,0.005612704995392681,0.9016996689803617,0.8621078089381358,1.0,success,
PAT_715_1338_761.png,0.6410807631788603,0.6065953225042525,0.833700124781475,0.009600112249290905,0.0589051955740967,0.034379031235643835,0.008387672289942454,0.0459447643637791,0.022618936590109332,0.007700154631001353,0.0038871199215705365,0.010949717049858254,0.7753272366288251,0.8342178584166624,1.0,success,
PAT_503_950_368.png,0.023644710222726805,0.3396851776450091,0.42747923297020457,0.37298908041750367,0.10207475670214942,0.10785120361899367,0.3908684413099833,0.08723148060694422,0.10416195475226477,0.010918714719951237,0.013087895798842397,0.15481437511026513,0.7212516297262059,0.6892062553048182,0.992,success,
PAT_575_1088_134.png,0.6348448126241315,0.25206199959513886,0.7655784278823669,0.06487079842989422,0.1497260923323211,0.10693483948299932,0.019690840494213137,0.1313535244049314,0.07229966012727901,0.020861755743724487,0.060308841323585244,0.03615556135525988,0.857299026153644,0.7660090389531263,1.0,success,
PAT_30_41_815.png,0.6317338723520411,0.500548929249119,0.5515925725128761,0.006974449748780808,0.04546154349498321,0.040594895459892893,0.006300339989404947,0.03803093246398225,0.032617738644212524,0.006925550316381961,0.06907534744998711,0.05427481260911171,0.7499272221679104,0.5530721961226309,1.0,success,
PAT_698_1319_166.png,0.003278724837675029,0.17776916458438136,0.7857104372661724,0.46978317077785414,0.0701413453139099,0.0774791024902091,0.4683963968095408,0.06144848949336524,0.0729853136107525,0.03589032606247533,0.02416922904386931,0.030468351307264663,0.8712623086236668,0.8456883776628159,1.0,success,
PAT_627_1188_503.png,,,,,,,,,,,,,,,,failed,Failed to load image or mask
PAT_886_1684_103.png,0.5914904971498804,0.6141211417730682,0.8301419103605796,0.016375648128370397,0.054580769812937115,0.11402641606036662,0.01647013276680909,0.05344751964796235,0.11783290382952309,0.03661848401752066,0.09659916009338287,0.188096226107497,0.728727670663444,0.8211257968840988,1.0,success,
PAT_856_1626_630.png,0.6137722660193465,0.5640540906017579,0.8714401622718052,0.010822687364719263,0.10968579776586192,0.06465337422981253,0.010191895537274226,0.10527440863717391,0.06040880495707892,0.010209086472502567,0.04988296760710553,0.03754285677313329,0.9307112017668895,0.8952310124892511,1.0,success,
PAT_645_1500_364.png,0.02791460813003908,0.44985852254000236,0.7047086600788957,0.011632736849441678,0.04992143013679269,0.07837150115855279,0.011138247203263332,0.043709487085762576,0.07726696319061932,0.020063753983372717,0.008466287761664248,0.01626579030731945,0.8232679002281997,0.8475714337484612,1.0,success,
PAT_135_202_593.png,0.7026558751122385,0.41064772399252003,0.7206624915808013,0.04110181382563507,0.12427330071207297,0.1010446558536574,0.03200632818256993,0.11275519591763397,0.08919107509736157,0.04437192554288995,0.12800685888153535,0.05542196610665617,0.7746704341166327,0.6797476133507835,0.9888888888888889,success,
PAT_215_330_224.png,0.6370220365534319,0.5849128274122668,0.5500330598469473,0.02273537786067631,0.1744010950352601,0.16353002357876573,0.017126814469056537,0.1673366151335608,0.16435367505205986,0.01570419634624361,0.139308243012085,0.040442338904978614,0.7084511951144169,0.6373244146672505,0.946969696969697,success,
PAT_715_1339_508.png,0.04690182839924058,0.53092426914128,0.7258396106059498,0.01634990235287118,0.0687595890825756,0.04326777467774152,0.014614840686807662,0.058288445287415,0.04171009314979387,0.009073419531016175,0.0448064745857521,0.07181334808575446,0.8931383117793045,0.8705500577175304,1.0,success,
PAT_90_138_605.png,0.6507705293581889,0.7217183211898106,0.5465527161267,0.016561956035244903,0.16538480148321866,0.09455243503902132,0.01590204099121028,0.16040559638474786,0.08372126614286259,0.03048038393920933,0.37896944072132976,0.07507197232946106,0.81119082810584,0.7696173371409687,1.0,success,
PAT_943_1793_787.png,0.6645746087970953,0.4268168469181395,0.7296883847709488,0.017241943902703668,0.14339181582356073,0.11046312670051041,0.015091397666605975,0.1266321168725085,0.1043694674799164,0.02968217684712913,0.13374234270447966,0.08050992976512938,0.7674964057525607,0.6199258896140434,0.9833333333333333,success,
PAT_482_2928_201.png,0.5924138979953066,0.4601046308854873,0.6035484839159457,0.011424365657106193,0.060694772955202925,0.058698781130887806,0.0101825144611466,0.05550512468267214,0.05551136733439696,0.005512332854347493,0.09479346737791872,0.05163417217616317,0.9162532504154415,0.8479444791712194,0.9858156028368794,success,
PAT_474_912_879.png,0.9858230057178202,0.33266482837239236,0.5647485368196754,0.44827106910726366,0.10387036103485539,0.08426675229456379,0.44446355054626124,0.1021095553668937,0.08117451618839075,0.021958268464618413,0.14610110951543145,0.017774215176928343,0.8530394136390063,0.8753756543511709,0.992,success,
PAT_279_430_356.png,0.6445774286486323,0.4556664641854509,0.7764798914262886,0.01200683285799996,0.06669960047340293,0.03932118919490185,0.01137444378373415,0.06285862996676013,0.034907181493799476,0.02438936996197943,0.07776872807327068,0.01935142739245377,0.9048628310392619,0.8438339358699192,1.0,success,
PAT_45_66_822.png,0.06613623262012742,0.47871668060141426,0.44209852575094116,0.009629936442649244,0.09338388224514008,0.11242299201263882,0.008360746316815357,0.07344561242846903,0.11169090764328535,0.007799415637671083,0.10988166542379507,0.21916326766935584,0.49753737737235004,0.42581473614991594,1.0,success,
PAT_229_349_141.png,0.6657243715009831,0.6348129577741729,0.7124057704485718,0.008797853761084993,0.12156443847021722,0.05512408181130768,0.007913554518386746,0.10391399406862922,0.046617115801832684,0.0025303718810690944,0.1474622106437542,0.03791871741488928,0.8650938071801302,0.837739393168109,1.0,success,
PAT_219_337_358.png,0.6970967339473985,0.3201275999859005,0.9400581281703726,0.028835076683057043,0.09619370186164002,0.08014120482299454,0.025790123630290943,0.09328189168741384,0.09347048505041085,0.0449327325425557,0.06806623067696393,0.03589337528901304,0.6950702356046177,0.5400705384827761,1.0,success,
PAT_738_1552_502.png,0.5914435234466902,0.5408110784140827,0.6982946444111711,0.00719799103270727,0.06698470791555902,0.03916444984687098,0.006204966937395134,0.060369441216791414,0.031649876654469646,0.0045632302359904665,0.0681780251927942,0.024720317671222958,0.6122562814654937,0.6074447113914461,0.9953271028037384,success,
PAT_739_1398_331.png,0.02003540170203173,0.3873398858184451,0.41496303891250064,0.11983254427541959,0.05846393840301359,0.08793270273625452,0.01142485375334535,0.05419908014585812,0.09014784722684663,0.01348130321755386,0.04963726523827122,0.07405669295241485,0.7728497226187966,0.7808285428978045,0.9653465346534653,success,
PAT_160_249_76.png,0.02852218456060386,0.4853520817093402,0.4884641522256201,0.20183352873157745,0.06957998561168653,0.04611963784917342,0.22664566769444483,0.06805936530748721,0.04325951531528239,0.015322154401307388,0.06681178383687836,0.03207234550293103,0.8291036390482007,0.81954680055663,0.990909090909091,success,
PAT_336_705_711.png,,,,,,,,,,,,,,,,failed,Failed to load image or mask
PAT_181_281_54.png,0.020843354128365386,0.3140341371632513,0.6367532495538771,0.35533712086570596,0.1035165088210705,0.09993664870622984,0.3316230138243858,0.09977797703606571,0.10115460653753736,0.04679896821957249,0.06858560663384847,0.0944788112787951,0.8741362977209821,0.7326388704861788,1.0,success,
PAT_126_192_208.png,0.7697825409517584,0.14158792315768565,0.6201167201082073,0.13440452623325425,0.056788882228521166,0.037216833087790925,0.11316310496393346,0.05484583193993186,0.03248545953384426,0.08107913337967274,0.01784829047332065,0.03835503381421623,0.7147887677800473,0.7113039509509007,1.0,success,
PAT_172_266_950.png,,,,,,,,,,,,,,,,failed,Failed to load image or mask
PAT_987_1859_724.png,0.6226652635580623,0.23561974344496672,0.7120973612065388,0.03885309162440834,0.08519343227953409,0.07059217653931973,0.03343661151553123,0.07518069878918976,0.059604709820662745,0.027163459691509927,0.04948100065231406,0.041863876467721606,0.7770481751274971,0.7268716467587922,1.0,success,
PAT_190_291_366.png,0.6687080860290874,0.4356246876881879,0.5469422271195562,0.007965022038308683,0.08576293480057993,0.03402734225687417,0.007102843125541212,0.07821349236981055,0.030235348948847943,0.02875331827917604,0.07975997676525831,0.010476661601313442,0.7814699792960662,0.6640962045477365,0.9555555555555556,success,
PAT_830_1564_740.png,0.6462612367717635,0.6033118659579025,0.5505563993223904,0.009702178395496575,0.08418891072804542,0.14710117341715928,0.008771838039159801,0.07749126104084057,0.14506138485476447,0.010136356733872276,0.059284408679969536,0.07513666753500181,0.8882605066255626,0.8102955850276703,1.0,success,
PAT_360_742_768.png,0.046243176444789605,0.315891825017881,0.8917534940364579,0.0399055013906061,0.13612556205632054,0.12990900736602215,0.03497313371703981,0.13288469914666579,0.14575396060341195,0.014355656460002258,0.09805618409230515,0.18156998137905844,0.8929960278976666,0.8386945446257453,1.0,success,
PAT_681_1299_458.png,0.9938199112441923,0.26628718842723437,0.442563635243051,0.4461500280011118,0.11763414900867311,0.0954281710905074,0.45001961481502667,0.11065003052152039,0.09452592117204368,0.04227741553474639,0.0015813060742931873,0.07645807748828426,0.7947379664912269,0.8208782851885972,0.9464285714285714,success,
PAT_747_1409_466.png,0.6615399553207052,0.21353611684969737,0.6721430901380885,0.06821091766719228,0.0798612881632625,0.12251844244126547,0.05943078749001726,0.06028086168875135,0.08192756649145914,0.0028946536816150115,0.07979649294698887,0.032596074900620775,0.841314442161019,0.8253722333634058,1.0,success,
PAT_136_203_436.png,0.6249526852546768,0.41030524980910243,0.6392221200715845,0.009340463783376511,0.15472598685476177,0.06947237891850357,0.008103780266698378,0.1494854469678277,0.06557001823861605,0.006676844760902551,0.0004958190125181616,0.015318080805814316,0.8584973523840016,0.7940732994543915,1.0,success,
PAT_498_944_488.png,0.7168913104845611,0.25572696289078,0.6615947842673222,0.020478787227754727,0.06730331977453517,0.03382497563548717,0.019889661318526087,0.06226801240643763,0.027808450727921073,0.013732918954365264,0.02643196569623321,0.018636471785330233,0.9118706181464651,0.8711413869463218,1.0,success,
PAT_492_937_43.png,0.7338302043775029,0.233827524851636,0.5178086521694351,0.12617220229327808,0.09273924951285666,0.09923352269512394,0.11143063204191452,0.07755696134334224,0.09116588654646729,0.044242250507439,0.035315390712134104,0.07838629009977749,0.9049354176395473,0.8212432207464266,1.0,success,
PAT_414_822_420.png,0.593319055869118,0.476935219012946,0.5639136762690361,0.016726989903508155,0.10500511222035117,0.10521549893419485,0.015225670194575719,0.09214589568344213,0.09468407147534391,0.0005949241283151392,0.04777526920918851,0.06983308865617333,0.7336356814150511,0.6751544049437982,0.9841269841269841,success,
PAT_754_1429_380.png,0.5804801496686255,0.29493606272409323,0.4293219536642982,0.05244667389625957,0.122905722457918,0.1011055233015534,0.0259325325097696,0.10832037124523587,0.10523220464140347,0.031082603192340248,0.06777955569787211,0.14946173523325162,0.8207872922411585,0.8165053535403433,0.9838709677419355,success,
PAT_386_785_536.png,0.093910681186563,0.36073345031916787,0.5116030329122571,0.033317700388812994,0.08441265409706908,0.13027474408816192,0.030503934075872922,0.07213834753706591,0.12118101848488792,0.053414384384496,0.05981643704921341,0.1351804885771467,0.7596553963216667,0.7819275815961194,0.9479166666666666,success,
PAT_273_421_905.png,0.016464858875557202,0.6296591706362394,0.6453202805848572,0.0377832643146848,0.06168209840989095,0.06133620468902573,0.008964741322550542,0.05407222719630755,0.05528757028589203,0.00627334666311963,0.00017509331736864642,0.007202780649092633,0.8949209920047198,0.8526912433814577,1.0,success,
PAT_491_934_46.png,0.6326207088503732,0.3877659902004768,0.7714063283456046,0.013966917088316875,0.0816732228164133,0.054217886613132836,0.01199198493349681,0.07371122602563347,0.046577904986554515,0.012672104509649056,0.02080230671863509,0.029083571899345406,0.9217682509119614,0.8778965944255134,1.0,success,
PAT_46_880_140.png,0.9603893570362723,0.3704962069394354,0.619994196410065,0.25516516578322285,0.07112902727611739,0.028308333114036043,0.2812300338145265,0.07080916791465558,0.02723625473155964,0.06426272351853252,0.11414134306974322,0.038158204235669735,0.7792896578596484,0.780869205915164,0.9908256880733946,success,
PAT_326_690_823.png,0.6628965947313583,0.3833715363018622,0.698235429749488,0.020176416420591266,0.10526759021353355,0.03193102353775236,0.02112819110988135,0.10536665741694297,0.030374801191922637,0.024231658366651487,0.10299441283473165,0.020756044167570598,0.8987726955524817,0.8514554912953709,1.0,success,
